[{"poolId":225,"poolName":"ETC/BUSD","updateTime":1686037748000,"liquidity":{"ETC":"4807.15184252","BUSD":"82155.68239548"},"share":{"shareAmount":"8.00754783","sharePercentage":"0.00040293","asset":{"BUSD":"33.10339357","ETC":"1.93696935"}}},{"poolId":42,"poolName":"DOGE/USDT","updateTime":1686038614000,"liquidity":{"DOGE":"20314633.08570904","USDT":"1353214.05844592"},"share":{"shareAmount":"208.1863457","sharePercentage":"0.0000411","asset":{"DOGE":"835.09746374","USDT":"55.62815844"}}},{"poolId":245,"poolName":"XRP/BUSD","updateTime":1686038566000,"liquidity":{"XRP":"447203.74572141","BUSD":"226531.8655409"},"share":{"shareAmount":"68.4983973","sharePercentage":"0.00021521","asset":{"BUSD":"48.75199177","XRP":"96.24285432"}}},{"poolId":293,"poolName":"RDNT/USDT","updateTime":1686038753000,"liquidity":{"USDT":"206837.37241845","RDNT":"757169.90393888"},"share":{"shareAmount":"37.63532211","sharePercentage":"0.0000951","asset":{"USDT":"19.67043814","RDNT":"72.00760475"}}},{"poolId":248,"poolName":"HFT/USDT","updateTime":1686038843000,"liquidity":{"HFT":"1561839.34825115","USDT":"632534.8832831"},"share":{"shareAmount":"15.18481672","sharePercentage":"0.00001527","asset":{"HFT":"23.86084742","USDT":"9.66348962"}}},{"poolId":298,"poolName":"BTC/TUSD","updateTime":1686038352000,"liquidity":{"BTC":"5.63237303","TUSD":"145027.25399618"},"share":{"shareAmount":"3.60221656","sharePercentage":"0.00397117","asset":{"TUSD":"575.92900572","BTC":"0.02236715"}}},{"poolId":234,"poolName":"LDO/USDT","updateTime":1686038768000,"liquidity":{"LDO":"165176.84902343","USDT":"362891.0296821"},"share":{"shareAmount":"17.48108082","sharePercentage":"0.0000714","asset":{"LDO":"11.79382502","USDT":"25.91085453"}}},{"poolId":265,"poolName":"STG/USDT","updateTime":1686038773000,"liquidity":{"STG":"1238857.19950217","USDT":"764090.71881889"},"share":{"shareAmount":"38.11184308","sharePercentage":"0.00003917","asset":{"USDT":"29.93104922","STG":"48.52865622"}}},{"poolId":288,"poolName":"ARB/USDT","updateTime":1686038842000,"liquidity":{"ARB":"619057.28626964","USDT":"702888.27609039"},"share":{"shareAmount":"49.39401708","sharePercentage":"0.00007488","asset":{"ARB":"46.35510206","USDT":"52.6323791"}}},{"poolId":86,"poolName":"MATIC/USDT","updateTime":1686038801000,"liquidity":{"MATIC":"1570503.49301106","USDT":"1297461.78259565"},"share":{"shareAmount":"24.91085439","sharePercentage":"0.00001748","asset":{"USDT":"22.68017757","MATIC":"27.45306149"}}},{"poolId":151,"poolName":"DOT/BUSD","updateTime":1686038543000,"liquidity":{"DOT":"25837.99395842","BUSD":"131055.51194083"},"share":{"shareAmount":"6.4727825","sharePercentage":"0.00011123","asset":{"BUSD":"14.57778835","DOT":"2.87405544"}}},{"poolId":98,"poolName":"TRX/USDT","updateTime":1686038583000,"liquidity":{"USDT":"316636.2104897","TRX":"4034257.17860671"},"share":{"shareAmount":"56.48380433","sharePercentage":"0.00004997","asset":{"TRX":"201.61607055","USDT":"15.8242139"}}},{"poolId":285,"poolName":"STX/USDT","updateTime":1686038824000,"liquidity":{"STX":"845123.69351375","USDT":"456086.4118414"},"share":{"shareAmount":"48.24501717","sharePercentage":"0.0000777","asset":{"USDT":"35.44185824","STX":"65.67341926"}}},{"poolId":275,"poolName":"BETH/USDT","updateTime":1686038805000,"liquidity":{"BETH":"519.50752698","USDT":"937022.02764241"},"share":{"shareAmount":"5.84681225","sharePercentage":"0.00026639","asset":{"BETH":"0.13839177","USDT":"249.61360141"}}},{"poolId":122,"poolName":"KSM/USDT","updateTime":1686038791000,"liquidity":{"KSM":"11446.61074871","USDT":"299905.24917052"},"share":{"shareAmount":"5.92198447","sharePercentage":"0.00010007","asset":{"KSM":"1.14555452","USDT":"30.01393366"}}},{"poolId":252,"poolName":"APT/BUSD","updateTime":1686038750000,"liquidity":{"APT":"95705.67982832","BUSD":"767351.42686624"},"share":{"shareAmount":"14.26026635","sharePercentage":"0.00005262","asset":{"BUSD":"40.3790181","APT":"5.03615585"}}},{"poolId":44,"poolName":"FRONT/BUSD","updateTime":1686036775000,"liquidity":{"FRONT":"932672.26112099","BUSD":"151057.01610483"},"share":{"shareAmount":"24.07476014","sharePercentage":"0.00006469","asset":{"BUSD":"9.77306472","FRONT":"60.34189347"}}},{"poolId":268,"poolName":"GMX/USDT","updateTime":1686038822000,"liquidity":{"GMX":"16526.14026145","USDT":"867092.56240358"},"share":{"shareAmount":"7.49074081","sharePercentage":"0.00006257","asset":{"GMX":"1.03413831","USDT":"54.25910887"}}},{"poolId":267,"poolName":"AGIX/USDT","updateTime":1686038778000,"liquidity":{"USDT":"879760.93373772","AGIX":"3386936.39659506"},"share":{"shareAmount":"67.93295019","sharePercentage":"0.00003935","asset":{"USDT":"34.62258429","AGIX":"133.29131403"}}},{"poolId":85,"poolName":"VET/USDT","updateTime":1686038407000,"liquidity":{"VET":"20559319.37920292","USDT":"379810.95701286"},"share":{"shareAmount":"180.57267778","sharePercentage":"0.00006477","asset":{"USDT":"24.60126922","VET":"1331.67656661"}}},{"poolId":260,"poolName":"CRV/USDT","updateTime":1686038782000,"liquidity":{"CRV":"876926.29327097","USDT":"679258.84665879"},"share":{"shareAmount":"35.36095249","sharePercentage":"0.00004581","asset":{"USDT":"31.12148204","CRV":"40.17797637"}}},{"poolId":221,"poolName":"LINK/BUSD","updateTime":1686038729000,"liquidity":{"LINK":"33303.61197138","BUSD":"202830.88332636"},"share":{"shareAmount":"6.94565189","sharePercentage":"0.00009356","asset":{"BUSD":"18.97702212","LINK":"3.11591297"}}},{"poolId":208,"poolName":"ELF/USDT","updateTime":1686038678000,"liquidity":{"USDT":"506906.67572428","ELF":"1748986.68426953"},"share":{"shareAmount":"73.70164677","sharePercentage":"0.00007827","asset":{"ELF":"136.90101037","USDT":"39.67785272"}}},{"poolId":253,"poolName":"OP/BUSD","updateTime":1686038758000,"liquidity":{"OP":"651396.261678","BUSD":"923874.58703056"},"share":{"shareAmount":"33.96524412","sharePercentage":"0.00004378","asset":{"OP":"28.52010573","BUSD":"40.45003395"}}},{"poolId":126,"poolName":"AVAX/USDT","updateTime":1686038227000,"liquidity":{"AVAX":"14438.0111625","USDT":"203619.60722129"},"share":{"shareAmount":"3.91420108","sharePercentage":"0.00007219","asset":{"USDT":"14.69944688","AVAX":"1.04229048"}}},{"poolId":150,"poolName":"ADA/BUSD","updateTime":1686038751000,"liquidity":{"BUSD":"282613.53387395","ADA":"801229.88469528"},"share":{"shareAmount":"17.20662546","sharePercentage":"0.00003615","asset":{"BUSD":"10.21914314","ADA":"28.97201266"}}},{"poolId":149,"poolName":"SOL/BUSD","updateTime":1686038551000,"liquidity":{"SOL":"16067.18528651","BUSD":"322764.83374831"},"share":{"shareAmount":"4.20006989","sharePercentage":"0.00005832","asset":{"BUSD":"18.82480239","SOL":"0.93709585"}}},{"poolId":186,"poolName":"NEAR/BUSD","updateTime":1686038564000,"liquidity":{"BUSD":"199759.34174164","NEAR":"133194.91334747"},"share":{"shareAmount":"14.45557533","sharePercentage":"0.00008862","asset":{"BUSD":"17.70295906","NEAR":"11.80392405"}}},{"poolId":163,"poolName":"ILV/USDT","updateTime":1686038560000,"liquidity":{"ILV":"3645.21775081","USDT":"184001.23078696"},"share":{"shareAmount":"2.51567906","sharePercentage":"0.00009713","asset":{"ILV":"0.35409119","USDT":"17.87361418"}}},{"poolId":153,"poolName":"RUNE/BNB","updateTime":1686038707000,"liquidity":{"BNB":"199.87983933","RUNE":"51324.22141422"},"share":{"shareAmount":"0.62996674","sharePercentage":"0.00019668","asset":{"BNB":"0.03931351","RUNE":"10.09474218"}}},{"poolId":33,"poolName":"BTC/USDT","updateTime":1686038750000,"liquidity":{"BTC":"116.02577371","USDT":"2985068.15267721"},"share":{"shareAmount":"3.45172683","sharePercentage":"0.00018916","asset":{"BTC":"0.02194816","USDT":"564.6742449"}}},{"poolId":179,"poolName":"UNI/BUSD","updateTime":1686038353000,"liquidity":{"UNI":"18888.81245306","BUSD":"89531.80092717"},"share":{"shareAmount":"8.37845463","sharePercentage":"0.00020373","asset":{"BUSD":"18.24104092","UNI":"3.84837116"}}},{"poolId":180,"poolName":"UNI/USDT","updateTime":1686038822000,"liquidity":{"UNI":"41991.56270602","USDT":"198804.04676973"},"share":{"shareAmount":"8.47709484","sharePercentage":"0.00009277","asset":{"UNI":"3.89596421","USDT":"18.44497804"}}},{"poolId":2,"poolName":"BUSD/USDT","updateTime":1686038487000,"liquidity":{"USDT":"3796200.31051759","BUSD":"14352179.99831992"},"share":{"shareAmount":"0","sharePercentage":"0","asset":{"BUSD":"0","USDT":"0"}}},{"poolId":3,"poolName":"BUSD/DAI","updateTime":1686028671000,"liquidity":{"BUSD":"1214614.97947655","DAI":"3181634.44657125"},"share":{"shareAmount":"0","sharePercentage":"0","asset":{"BUSD":"0","DAI":"0"}}},{"poolId":4,"poolName":"USDT/DAI","updateTime":1686032945000,"liquidity":{"USDT":"612524.88728834","DAI":"2102900.27433453"},"share":{"shareAmount":"0","sharePercentage":"0","asset":{"DAI":"0","USDT":"0"}}},{"poolId":9,"poolName":"ETH/BUSD","updateTime":1686038070000,"liquidity":{"ETH":"807.91313813","BUSD":"1466332.62439987"},"share":{"shareAmount":"0","sharePercentage":"0","asset":{"ETH":"0","BUSD":"0"}}},{"poolId":10,"poolName":"WBTC/ETH","updateTime":1686038297000,"liquidity":{"WBTC":"61.50572409","ETH":"874.33253096"},"share":{"shareAmount":"0","sharePercentage":"0","asset":{"ETH":"0","WBTC":"0"}}},{"poolId":13,"poolName":"BTC/ETH","updateTime":1686038652000,"liquidity":{"BTC":"403.01639673","ETH":"5719.24498635"},"share":{"shareAmount":"0","sharePercentage":"0","asset":{"ETH":"0","BTC":"0"}}},{"poolId":14,"poolName":"ETH/DAI","updateTime":1686038379000,"liquidity":{"ETH":"2091.3856868","DAI":"3793621.56533185"},"share":{"shareAmount":"0","sharePercentage":"0","asset":{"ETH":"0","DAI":"0"}}},{"poolId":15,"poolName":"BTC/WBTC","updateTime":1686038519000,"liquidity":{"BTC":"1645.20918354","WBTC":"216.0830702"},"share":{"shareAmount":"0","sharePercentage":"0","asset":{"BTC":"0","WBTC":"0"}}},{"poolId":16,"poolName":"BTC/BUSD","updateTime":1686038173000,"liquidity":{"BTC":"116.00633227","BUSD":"2987335.66011026"},"share":{"shareAmount":"0","sharePercentage":"0","asset":{"BUSD":"0","BTC":"0"}}},{"poolId":17,"poolName":"BNB/BUSD","updateTime":1686038728000,"liquidity":{"BNB":"12298.88864358","BUSD":"3411581.07014644"},"share":{"shareAmount":"0","sharePercentage":"0","asset":{"BNB":"0","BUSD":"0"}}},{"poolId":18,"poolName":"BNB/BTC","updateTime":1686038814000,"liquidity":{"BTC":"362.48730079","BNB":"33651.10154322"},"share":{"shareAmount":"0","sharePercentage":"0","asset":{"BNB":"0","BTC":"0"}}},{"poolId":19,"poolName":"BNB/ETH","updateTime":1686038376000,"liquidity":{"BNB":"19125.99433531","ETH":"2923.27609441"},"share":{"shareAmount":"0","sharePercentage":"0","asset":{"BNB":"0","ETH":"0"}}},{"poolId":21,"poolName":"LINK/BTC","updateTime":1686038750000,"liquidity":{"BTC":"30.48542341","LINK":"128978.93168524"},"share":{"shareAmount":"0","sharePercentage":"0","asset":{"BTC":"0","LINK":"0"}}},{"poolId":22,"poolName":"LINK/ETH","updateTime":1686038786000,"liquidity":{"ETH":"483.5777326","LINK":"144126.62201494"},"share":{"shareAmount":"0","sharePercentage":"0","asset":{"ETH":"0","LINK":"0"}}},{"poolId":23,"poolName":"DOT/BNB","updateTime":1686038128000,"liquidity":{"BNB":"1060.50404655","DOT":"57999.24923056"},"share":{"shareAmount":"0","sharePercentage":"0","asset":{"BNB":"0","DOT":"0"}}},{"poolId":24,"poolName":"DOT/BTC","updateTime":1686038723000,"liquidity":{"BTC":"27.24756759","DOT":"138383.81299372"},"share":{"shareAmount":"0","sharePercentage":"0","asset":{"BTC":"0","DOT":"0"}}},{"poolId":25,"poolName":"ETH/BETH","updateTime":1686038217000,"liquidity":{"ETH":"11968.61594235","BETH":"12031.44523751"},"share":{"shareAmount":"0","sharePercentage":"0","asset":{"BETH":"0","ETH":"0"}}},{"poolId":26,"poolName":"CHR/BNB","updateTime":1686038353000,"liquidity":{"BNB":"688.80250368","CHR":"1379899.19022306"},"share":{"shareAmount":"0","sharePercentage":"0","asset":{"BNB":"0","CHR":"0"}}},{"poolId":27,"poolName":"UNI/BNB","updateTime":1686037347000,"liquidity":{"UNI":"105448.25497278","BNB":"1801.63591573"},"share":{"shareAmount":"0","sharePercentage":"0","asset":{"BNB":"0","UNI":"0"}}},{"poolId":28,"poolName":"UNI/BTC","updateTime":1686038443000,"liquidity":{"BTC":"25.06147649","UNI":"136136.00756456"},"share":{"shareAmount":"0","sharePercentage":"0","asset":{"UNI":"0","BTC":"0"}}},{"poolId":29,"poolName":"COMP/BTC","updateTime":1686038565000,"liquidity":{"COMP":"5004.26371419","BTC":"6.43357807"},"share":{"shareAmount":"0","sharePercentage":"0","asset":{"BTC":"0","COMP":"0"}}},{"poolId":30,"poolName":"SUSHI/BNB","updateTime":1686038825000,"liquidity":{"BNB":"486.23907539","SUSHI":"180437.45468737"},"share":{"shareAmount":"0","sharePercentage":"0","asset":{"BNB":"0","SUSHI":"0"}}},{"poolId":31,"poolName":"SUSHI/BTC","updateTime":1686038750000,"liquidity":{"BTC":"5.51556564","SUSHI":"190098.53414914"},"share":{"shareAmount":"0","sharePercentage":"0","asset":{"SUSHI":"0","BTC":"0"}}},{"poolId":32,"poolName":"BNB/USDT","updateTime":1686038794000,"liquidity":{"BNB":"5870.80895204","USDT":"1628198.28500064"},"share":{"shareAmount":"0","sharePercentage":"0","asset":{"BNB":"0","USDT":"0"}}},{"poolId":34,"poolName":"ETH/USDT","updateTime":1686038609000,"liquidity":{"ETH":"1041.67568908","USDT":"1889575.50781074"},"share":{"shareAmount":"0","sharePercentage":"0","asset":{"ETH":"0","USDT":"0"}}},{"poolId":35,"poolName":"LINK/USDT","updateTime":1686038775000,"liquidity":{"USDT":"471808.57973029","LINK":"77516.94878548"},"share":{"shareAmount":"0","sharePercentage":"0","asset":{"USDT":"0","LINK":"0"}}},{"poolId":36,"poolName":"DOT/USDT","updateTime":1686038541000,"liquidity":{"DOT":"83504.67973765","USDT":"423204.30401402"},"share":{"shareAmount":"0","sharePercentage":"0","asset":{"USDT":"0","DOT":"0"}}},{"poolId":37,"poolName":"COS/BNB","updateTime":1686038373000,"liquidity":{"COS":"12131283.31749296","BNB":"236.10746836"},"share":{"shareAmount":"0","sharePercentage":"0","asset":{"BNB":"0","COS":"0"}}},{"poolId":38,"poolName":"INJ/BNB","updateTime":1686038826000,"liquidity":{"INJ":"42287.38666427","BNB":"1090.6249024"},"share":{"shareAmount":"0","sharePercentage":"0","asset":{"BNB":"0","INJ":"0"}}},{"poolId":39,"poolName":"CTSI/BNB","updateTime":1686038464000,"liquidity":{"BNB":"581.01229825","CTSI":"1001608.61448834"},"share":{"shareAmount":"0","sharePercentage":"0","asset":{"BNB":"0","CTSI":"0"}}},{"poolId":43,"poolName":"DOGE/BTC","updateTime":1686038744000,"liquidity":{"BTC":"46.53112423","DOGE":"18002935.87635759"},"share":{"shareAmount":"0","sharePercentage":"0","asset":{"DOGE":"0","BTC":"0"}}},{"poolId":45,"poolName":"AAVE/BNB","updateTime":1686038551000,"liquidity":{"AAVE":"2849.5962072","BNB":"618.34309281"},"share":{"shareAmount":"0","sharePercentage":"0","asset":{"BNB":"0","AAVE":"0"}}},{"poolId":46,"poolName":"AAVE/BTC","updateTime":1686038576000,"liquidity":{"BTC":"14.66502811","AAVE":"6275.29027474"},"share":{"shareAmount":"0","sharePercentage":"0","asset":{"BTC":"0","AAVE":"0"}}},{"poolId":47,"poolName":"AAVE/USDT","updateTime":1686038379000,"liquidity":{"AAVE":"5070.67388401","USDT":"304723.85599377"},"share":{"shareAmount":"0","sharePercentage":"0","asset":{"AAVE":"0","USDT":"0"}}},{"poolId":48,"poolName":"ADA/ETH","updateTime":1686038381000,"liquidity":{"ETH":"174.30193913","ADA":"897313.52367163"},"share":{"shareAmount":"0","sharePercentage":"0","asset":{"ETH":"0","ADA":"0"}}},{"poolId":49,"poolName":"ADA/BNB","updateTime":1686038670000,"liquidity":{"BNB":"1166.89407578","ADA":"917516.71845432"},"share":{"shareAmount":"0","sharePercentage":"0","asset":{"BNB":"0","ADA":"0"}}},{"poolId":50,"poolName":"ADA/BTC","updateTime":1686038656000,"liquidity":{"BTC":"19.30906936","ADA":"1410303.32342548"},"share":{"shareAmount":"0","sharePercentage":"0","asset":{"BTC":"0","ADA":"0"}}},{"poolId":51,"poolName":"ADA/USDT","updateTime":1686038723000,"liquidity":{"USDT":"645036.6151104","ADA":"1829744.15196301"},"share":{"shareAmount":"0","sharePercentage":"0","asset":{"USDT":"0","ADA":"0"}}},{"poolId":52,"poolName":"FIL/BNB","updateTime":1686038743000,"liquidity":{"BNB":"691.19035389","FIL":"45344.67339434"},"share":{"shareAmount":"0","sharePercentage":"0","asset":{"BNB":"0","FIL":"0"}}},{"poolId":53,"poolName":"FIL/BTC","updateTime":1686038743000,"liquidity":{"BTC":"10.29151307","FIL":"62622.21621395"},"share":{"shareAmount":"0","sharePercentage":"0","asset":{"BTC":"0","FIL":"0"}}},{"poolId":54,"poolName":"FIL/USDT","updateTime":1686038818000,"liquidity":{"FIL":"83840.9994107","USDT":"354545.57170319"},"share":{"shareAmount":"0","sharePercentage":"0","asset":{"USDT":"0","FIL":"0"}}},{"poolId":56,"poolName":"BCH/BNB","updateTime":1686038373000,"liquidity":{"BCH":"1961.44738781","BNB":"773.23762017"},"share":{"shareAmount":"0","sharePercentage":"0","asset":{"BNB":"0","BCH":"0"}}},{"poolId":57,"poolName":"BCH/BTC","updateTime":1686038636000,"liquidity":{"BTC":"15.40432231","BCH":"3626.93774239"},"share":{"shareAmount":"0","sharePercentage":"0","asset":{"BCH":"0","BTC":"0"}}},{"poolId":58,"poolName":"BCH/USDT","updateTime":1686038617000,"liquidity":{"BCH":"3637.27792357","USDT":"397241.08218983"},"share":{"shareAmount":"0","sharePercentage":"0","asset":{"BCH":"0","USDT":"0"}}},{"poolId":59,"poolName":"LTC/ETH","updateTime":1686038795000,"liquidity":{"ETH":"345.64721097","LTC":"7168.09004335"},"share":{"shareAmount":"0","sharePercentage":"0","asset":{"ETH":"0","LTC":"0"}}},{"poolId":60,"poolName":"LTC/BNB","updateTime":1686038216000,"liquidity":{"BNB":"1503.0246598","LTC":"4766.23539705"},"share":{"shareAmount":"0","sharePercentage":"0","asset":{"BNB":"0","LTC":"0"}}},{"poolId":61,"poolName":"LTC/BTC","updateTime":1686038795000,"liquidity":{"BTC":"24.42517822","LTC":"7186.8970446"},"share":{"shareAmount":"0","sharePercentage":"0","asset":{"BTC":"0","LTC":"0"}}},{"poolId":62,"poolName":"LTC/USDT","updateTime":1686038837000,"liquidity":{"USDT":"1019112.02897619","LTC":"11645.95431706"},"share":{"shareAmount":"0","sharePercentage":"0","asset":{"USDT":"0","LTC":"0"}}},{"poolId":63,"poolName":"SHIB/USDT","updateTime":1686038173000,"liquidity":{"SHIB":"292335368314.31458054","USDT":"2344255.7379424"},"share":{"shareAmount":"0","sharePercentage":"0","asset":{"SHIB":"0","USDT":"0"}}},{"poolId":64,"poolName":"POND/BUSD","updateTime":1686038399000,"liquidity":{"POND":"17439840.18461336","BUSD":"137871.70613086"},"share":{"shareAmount":"0","sharePercentage":"0","asset":{"BUSD":"0","POND":"0"}}},{"poolId":65,"poolName":"AAVE/ETH","updateTime":1686037271000,"liquidity":{"AAVE":"2912.92481227","ETH":"96.57429441"},"share":{"shareAmount":"0","sharePercentage":"0","asset":{"ETH":"0","AAVE":"0"}}},{"poolId":66,"poolName":"NEO/BNB","updateTime":1686038775000,"liquidity":{"BNB":"530.62858527","NEO":"15713.89666661"},"share":{"shareAmount":"0","sharePercentage":"0","asset":{"BNB":"0","NEO":"0"}}},{"poolId":67,"poolName":"NEO/BTC","updateTime":1686038775000,"liquidity":{"BTC":"4.86284198","NEO":"13361.89368818"},"share":{"shareAmount":"0","sharePercentage":"0","asset":{"NEO":"0","BTC":"0"}}},{"poolId":68,"poolName":"NEO/ETH","updateTime":1686038756000,"liquidity":{"ETH":"66.13674985","NEO":"12811.87185815"},"share":{"shareAmount":"0","sharePercentage":"0","asset":{"ETH":"0","NEO":"0"}}},{"poolId":69,"poolName":"NEO/USDT","updateTime":1686038839000,"liquidity":{"NEO":"59291.4631284","USDT":"554853.39644725"},"share":{"shareAmount":"0","sharePercentage":"0","asset":{"NEO":"0","USDT":"0"}}},{"poolId":70,"poolName":"XRP/BNB","updateTime":1686038638000,"liquidity":{"XRP":"1080425.07795362","BNB":"1973.72964375"},"share":{"shareAmount":"0","sharePercentage":"0","asset":{"BNB":"0","XRP":"0"}}},{"poolId":71,"poolName":"XRP/BTC","updateTime":1686038586000,"liquidity":{"BTC":"26.58788683","XRP":"1351370.16388739"},"share":{"shareAmount":"0","sharePercentage":"0","asset":{"XRP":"0","BTC":"0"}}},{"poolId":72,"poolName":"XRP/ETH","updateTime":1686038583000,"liquidity":{"XRP":"1529797.39145592","ETH":"426.90992908"},"share":{"shareAmount":"0","sharePercentage":"0","asset":{"ETH":"0","XRP":"0"}}},{"poolId":73,"poolName":"XRP/USDT","updateTime":1686038750000,"liquidity":{"XRP":"2137215.14734587","USDT":"1082185.83316597"},"share":{"shareAmount":"0","sharePercentage":"0","asset":{"XRP":"0","USDT":"0"}}},{"poolId":74,"poolName":"DUSK/USDT","updateTime":1686038803000,"liquidity":{"DUSK":"5206926.70432094","USDT":"701060.9946593"},"share":{"shareAmount":"0","sharePercentage":"0","asset":{"USDT":"0","DUSK":"0"}}},{"poolId":75,"poolName":"THETA/BNB","updateTime":1686038236000,"liquidity":{"BNB":"437.5830684","THETA":"155508.31404854"},"share":{"shareAmount":"0","sharePercentage":"0","asset":{"BNB":"0","THETA":"0"}}},{"poolId":76,"poolName":"THETA/BTC","updateTime":1686038813000,"liquidity":{"BTC":"7.31754293","THETA":"241359.17230438"},"share":{"shareAmount":"0","sharePercentage":"0","asset":{"THETA":"0","BTC":"0"}}},{"poolId":77,"poolName":"THETA/ETH","updateTime":1686038826000,"liquidity":{"ETH":"83.16916838","THETA":"193369.62881657"},"share":{"shareAmount":"0","sharePercentage":"0","asset":{"ETH":"0","THETA":"0"}}},{"poolId":78,"poolName":"THETA/USDT","updateTime":1686038528000,"liquidity":{"USDT":"155567.91704774","THETA":"199512.93476249"},"share":{"shareAmount":"0","sharePercentage":"0","asset":{"THETA":"0","USDT":"0"}}},{"poolId":79,"poolName":"CHZ/BNB","updateTime":1686038665000,"liquidity":{"CHZ":"2786518.54183948","BNB":"939.37800698"},"share":{"shareAmount":"0","sharePercentage":"0","asset":{"BNB":"0","CHZ":"0"}}},{"poolId":80,"poolName":"CHZ/BTC","updateTime":1686037859000,"liquidity":{"BTC":"8.69485857","CHZ":"2393265.74477628"},"share":{"shareAmount":"0","sharePercentage":"0","asset":{"CHZ":"0","BTC":"0"}}},{"poolId":81,"poolName":"CHZ/USDT","updateTime":1686038545000,"liquidity":{"CHZ":"3300729.79894735","USDT":"308486.23554812"},"share":{"shareAmount":"0","sharePercentage":"0","asset":{"CHZ":"0","USDT":"0"}}},{"poolId":82,"poolName":"VET/BNB","updateTime":1686038552000,"liquidity":{"VET":"13976237.59887132","BNB":"931.82992943"},"share":{"shareAmount":"0","sharePercentage":"0","asset":{"BNB":"0","VET":"0"}}},{"poolId":83,"poolName":"VET/BTC","updateTime":1686038493000,"liquidity":{"BTC":"8.11656465","VET":"11311886.65504524"},"share":{"shareAmount":"0","sharePercentage":"0","asset":{"BTC":"0","VET":"0"}}},{"poolId":84,"poolName":"VET/ETH","updateTime":1686038541000,"liquidity":{"VET":"11809813.24759366","ETH":"120.28238414"},"share":{"shareAmount":"0","sharePercentage":"0","asset":{"ETH":"0","VET":"0"}}},{"poolId":87,"poolName":"MATIC/BTC","updateTime":1686038511000,"liquidity":{"BTC":"13.45365343","MATIC":"419264.00349208"},"share":{"shareAmount":"0","sharePercentage":"0","asset":{"BTC":"0","MATIC":"0"}}},{"poolId":88,"poolName":"MATIC/BNB","updateTime":1686038815000,"liquidity":{"MATIC":"318414.5040963","BNB":"948.87398401"},"share":{"shareAmount":"0","sharePercentage":"0","asset":{"BNB":"0","MATIC":"0"}}},{"poolId":89,"poolName":"CAKE/BNB","updateTime":1686038833000,"liquidity":{"CAKE":"80876.04971844","BNB":"458.24782664"},"share":{"shareAmount":"0","sharePercentage":"0","asset":{"BNB":"0","CAKE":"0"}}},{"poolId":90,"poolName":"CAKE/BTC","updateTime":1686038833000,"liquidity":{"BTC":"4.15444175","CAKE":"68086.60584779"},"share":{"shareAmount":"0","sharePercentage":"0","asset":{"BTC":"0","CAKE":"0"}}},{"poolId":91,"poolName":"CAKE/USDT","updateTime":1686038824000,"liquidity":{"CAKE":"96708.38750979","USDT":"151812.56706937"},"share":{"shareAmount":"0","sharePercentage":"0","asset":{"CAKE":"0","USDT":"0"}}},{"poolId":92,"poolName":"SXP/USDT","updateTime":1686038836000,"liquidity":{"USDT":"657227.07548964","SXP":"1621022.63564874"},"share":{"shareAmount":"0","sharePercentage":"0","asset":{"SXP":"0","USDT":"0"}}},{"poolId":93,"poolName":"SXP/BTC","updateTime":1686038836000,"liquidity":{"BTC":"3.42202973","SXP":"217355.02706912"},"share":{"shareAmount":"0","sharePercentage":"0","asset":{"BTC":"0","SXP":"0"}}},{"poolId":94,"poolName":"SXP/BNB","updateTime":1686038837000,"liquidity":{"BNB":"357.74068211","SXP":"244615.05150617"},"share":{"shareAmount":"0","sharePercentage":"0","asset":{"BNB":"0","SXP":"0"}}},{"poolId":95,"poolName":"TRX/BNB","updateTime":1686038549000,"liquidity":{"BNB":"928.7863289","TRX":"3281082.66078338"},"share":{"shareAmount":"0","sharePercentage":"0","asset":{"BNB":"0","TRX":"0"}}},{"poolId":96,"poolName":"TRX/BTC","updateTime":1686038747000,"liquidity":{"BTC":"6.74829161","TRX":"2211677.37951851"},"share":{"shareAmount":"0","sharePercentage":"0","asset":{"TRX":"0","BTC":"0"}}},{"poolId":97,"poolName":"TRX/ETH","updateTime":1686038583000,"liquidity":{"ETH":"199.44157815","TRX":"4609663.82959601"},"share":{"shareAmount":"0","sharePercentage":"0","asset":{"ETH":"0","TRX":"0"}}},{"poolId":99,"poolName":"BAKE/BNB","updateTime":1686038421000,"liquidity":{"BAKE":"497517.7854837","BNB":"209.10740572"},"share":{"shareAmount":"0","sharePercentage":"0","asset":{"BNB":"0","BAKE":"0"}}},{"poolId":100,"poolName":"BAKE/BTC","updateTime":1686038724000,"liquidity":{"BTC":"10.48887713","BAKE":"2317986.45244226"},"share":{"shareAmount":"0","sharePercentage":"0","asset":{"BAKE":"0","BTC":"0"}}},{"poolId":101,"poolName":"BAKE/USDT","updateTime":1686038587000,"liquidity":{"BAKE":"713347.39882176","USDT":"83044.81924121"},"share":{"shareAmount":"0","sharePercentage":"0","asset":{"BAKE":"0","USDT":"0"}}},{"poolId":102,"poolName":"AVA/USDT","updateTime":1686038369000,"liquidity":{"USDT":"101432.77720244","AVA":"217491.0292089"},"share":{"shareAmount":"0","sharePercentage":"0","asset":{"AVA":"0","USDT":"0"}}},{"poolId":103,"poolName":"XVS/BTC","updateTime":1686038545000,"liquidity":{"BTC":"4.121642","XVS":"24869.67966385"},"share":{"shareAmount":"0","sharePercentage":"0","asset":{"XVS":"0","BTC":"0"}}},{"poolId":104,"poolName":"XVS/USDT","updateTime":1686038381000,"liquidity":{"XVS":"30213.56708321","USDT":"128672.08730254"},"share":{"shareAmount":"0","sharePercentage":"0","asset":{"XVS":"0","USDT":"0"}}},{"poolId":105,"poolName":"SOL/USDT","updateTime":1686038824000,"liquidity":{"SOL":"14213.24039137","USDT":"285328.90138612"},"share":{"shareAmount":"0","sharePercentage":"0","asset":{"USDT":"0","SOL":"0"}}},{"poolId":106,"poolName":"SOL/BTC","updateTime":1686038698000,"liquidity":{"BTC":"8.80167881","SOL":"11284.67437255"},"share":{"shareAmount":"0","sharePercentage":"0","asset":{"BTC":"0","SOL":"0"}}},{"poolId":107,"poolName":"SOL/BNB","updateTime":1686038582000,"liquidity":{"SOL":"10699.57087443","BNB":"774.83739085"},"share":{"shareAmount":"0","sharePercentage":"0","asset":{"BNB":"0","SOL":"0"}}},{"poolId":108,"poolName":"PHA/USDT","updateTime":1686038767000,"liquidity":{"PHA":"1153609.84237681","USDT":"134142.75252048"},"share":{"shareAmount":"0","sharePercentage":"0","asset":{"PHA":"0","USDT":"0"}}},{"poolId":109,"poolName":"AVA/BTC","updateTime":1686037868000,"liquidity":{"BTC":"4.61252076","AVA":"254489.39524173"},"share":{"shareAmount":"0","sharePercentage":"0","asset":{"AVA":"0","BTC":"0"}}},{"poolId":110,"poolName":"ONE/USDT","updateTime":1686038750000,"liquidity":{"ONE":"9023953.18561789","USDT":"118087.9203865"},"share":{"shareAmount":"0","sharePercentage":"0","asset":{"USDT":"0","ONE":"0"}}},{"poolId":111,"poolName":"ICP/USDT","updateTime":1686038543000,"liquidity":{"ICP":"75131.17386269","USDT":"325863.11526115"},"share":{"shareAmount":"0","sharePercentage":"0","asset":{"ICP":"0","USDT":"0"}}},{"poolId":112,"poolName":"ICP/BNB","updateTime":1686038543000,"liquidity":{"ICP":"40042.02540589","BNB":"626.1737962"},"share":{"shareAmount":"0","sharePercentage":"0","asset":{"BNB":"0","ICP":"0"}}},{"poolId":118,"poolName":"NEAR/USDT","updateTime":1686038421000,"liquidity":{"USDT":"539631.14798926","NEAR":"359942.23291557"},"share":{"shareAmount":"0","sharePercentage":"0","asset":{"NEAR":"0","USDT":"0"}}},{"poolId":119,"poolName":"NEAR/BTC","updateTime":1686038666000,"liquidity":{"BTC":"6.11643261","NEAR":"104962.1547609"},"share":{"shareAmount":"0","sharePercentage":"0","asset":{"NEAR":"0","BTC":"0"}}},{"poolId":120,"poolName":"DYDX/USDT","updateTime":1686038763000,"liquidity":{"USDT":"553031.07129565","DYDX":"282781.32210399"},"share":{"shareAmount":"0","sharePercentage":"0","asset":{"DYDX":"0","USDT":"0"}}},{"poolId":121,"poolName":"DYDX/BTC","updateTime":1686038773000,"liquidity":{"BTC":"7.71605274","DYDX":"101551.17920136"},"share":{"shareAmount":"0","sharePercentage":"0","asset":{"DYDX":"0","BTC":"0"}}},{"poolId":123,"poolName":"KSM/BTC","updateTime":1686038546000,"liquidity":{"BTC":"1.36598736","KSM":"1342.40638033"},"share":{"shareAmount":"0","sharePercentage":"0","asset":{"BTC":"0","KSM":"0"}}},{"poolId":124,"poolName":"FTM/USDT","updateTime":1686038774000,"liquidity":{"USDT":"605637.37722895","FTM":"2077723.92247162"},"share":{"shareAmount":"0","sharePercentage":"0","asset":{"FTM":"0","USDT":"0"}}},{"poolId":125,"poolName":"FTM/BTC","updateTime":1686038774000,"liquidity":{"BTC":"7.84284754","FTM":"692689.4824573"},"share":{"shareAmount":"0","sharePercentage":"0","asset":{"FTM":"0","BTC":"0"}}},{"poolId":127,"poolName":"AVAX/BNB","updateTime":1686038658000,"liquidity":{"AVAX":"6820.03511083","BNB":"346.88217328"},"share":{"shareAmount":"0","sharePercentage":"0","asset":{"BNB":"0","AVAX":"0"}}},{"poolId":128,"poolName":"PERP/USDT","updateTime":1686038789000,"liquidity":{"PERP":"257620.21185769","USDT":"136802.19777386"},"share":{"shareAmount":"0","sharePercentage":"0","asset":{"PERP":"0","USDT":"0"}}},{"poolId":129,"poolName":"TLM/USDT","updateTime":1686038175000,"liquidity":{"TLM":"13893111.77489197","USDT":"189026.04248258"},"share":{"shareAmount":"0","sharePercentage":"0","asset":{"TLM":"0","USDT":"0"}}},{"poolId":130,"poolName":"TLM/BTC","updateTime":1686038519000,"liquidity":{"BTC":"1.53721173","TLM":"2907302.76505008"},"share":{"shareAmount":"0","sharePercentage":"0","asset":{"TLM":"0","BTC":"0"}}},{"poolId":131,"poolName":"ALICE/USDT","updateTime":1686038593000,"liquidity":{"ALICE":"117171.54917445","USDT":"132759.04830011"},"share":{"shareAmount":"0","sharePercentage":"0","asset":{"ALICE":"0","USDT":"0"}}},{"poolId":132,"poolName":"ALICE/BTC","updateTime":1686038659000,"liquidity":{"BTC":"2.65299366","ALICE":"60278.78780416"},"share":{"shareAmount":"0","sharePercentage":"0","asset":{"BTC":"0","ALICE":"0"}}},{"poolId":133,"poolName":"AXS/BTC","updateTime":1686038414000,"liquidity":{"BTC":"3.43147525","AXS":"13422.73478606"},"share":{"shareAmount":"0","sharePercentage":"0","asset":{"AXS":"0","BTC":"0"}}},{"poolId":134,"poolName":"AXS/BNB","updateTime":1686038107000,"liquidity":{"BNB":"211.14976847","AXS":"8895.57314827"},"share":{"shareAmount":"0","sharePercentage":"0","asset":{"BNB":"0","AXS":"0"}}},{"poolId":135,"poolName":"SAND/BTC","updateTime":1686038824000,"liquidity":{"BTC":"12.87160827","SAND":"642307.56503146"},"share":{"shareAmount":"0","sharePercentage":"0","asset":{"BTC":"0","SAND":"0"}}},{"poolId":136,"poolName":"SAND/BNB","updateTime":1686038824000,"liquidity":{"SAND":"255105.22467152","BNB":"474.81418507"},"share":{"shareAmount":"0","sharePercentage":"0","asset":{"BNB":"0","SAND":"0"}}},{"poolId":137,"poolName":"GALA/USDT","updateTime":1686038776000,"liquidity":{"USDT":"219413.46247746","GALA":"8299863.57055208"},"share":{"shareAmount":"0","sharePercentage":"0","asset":{"GALA":"0","USDT":"0"}}},{"poolId":138,"poolName":"GALA/BNB","updateTime":1686038802000,"liquidity":{"BNB":"631.78389067","GALA":"6629003.3037751"},"share":{"shareAmount":"0","sharePercentage":"0","asset":{"BNB":"0","GALA":"0"}}},{"poolId":139,"poolName":"MANA/USDT","updateTime":1686038751000,"liquidity":{"MANA":"562219.09189986","USDT":"256753.02275413"},"share":{"shareAmount":"0","sharePercentage":"0","asset":{"MANA":"0","USDT":"0"}}},{"poolId":140,"poolName":"MANA/BTC","updateTime":1686038751000,"liquidity":{"BTC":"14.39991237","MANA":"811530.93854574"},"share":{"shareAmount":"0","sharePercentage":"0","asset":{"MANA":"0","BTC":"0"}}},{"poolId":141,"poolName":"SANTOS/USDT","updateTime":1686038757000,"liquidity":{"SANTOS":"111664.2941169","USDT":"415901.08612369"},"share":{"shareAmount":"0","sharePercentage":"0","asset":{"SANTOS":"0","USDT":"0"}}},{"poolId":142,"poolName":"SANTOS/BTC","updateTime":1686038684000,"liquidity":{"BTC":"11.33653914","SANTOS":"78363.0391503"},"share":{"shareAmount":"0","sharePercentage":"0","asset":{"SANTOS":"0","BTC":"0"}}},{"poolId":143,"poolName":"DAR/BNB","updateTime":1686038402000,"liquidity":{"DAR":"380763.05124667","BNB":"164.91340924"},"share":{"shareAmount":"0","sharePercentage":"0","asset":{"BNB":"0","DAR":"0"}}},{"poolId":144,"poolName":"DAR/USDT","updateTime":1686038427000,"liquidity":{"DAR":"1720022.0847348","USDT":"206350.80516908"},"share":{"shareAmount":"0","sharePercentage":"0","asset":{"DAR":"0","USDT":"0"}}},{"poolId":147,"poolName":"ALGO/BNB","updateTime":1686038808000,"liquidity":{"BNB":"283.26400224","ALGO":"576533.79726784"},"share":{"shareAmount":"0","sharePercentage":"0","asset":{"BNB":"0","ALGO":"0"}}},{"poolId":148,"poolName":"ALGO/USDT","updateTime":1686038750000,"liquidity":{"USDT":"75372.64699509","ALGO":"552895.56492887"},"share":{"shareAmount":"0","sharePercentage":"0","asset":{"ALGO":"0","USDT":"0"}}},{"poolId":152,"poolName":"RUNE/USDT","updateTime":1686037804000,"liquidity":{"USDT":"116477.09990185","RUNE":"107888.55826435"},"share":{"shareAmount":"0","sharePercentage":"0","asset":{"RUNE":"0","USDT":"0"}}},{"poolId":154,"poolName":"ZEN/USDT","updateTime":1686037300000,"liquidity":{"ZEN":"7647.45688807","USDT":"55100.47131218"},"share":{"shareAmount":"0","sharePercentage":"0","asset":{"ZEN":"0","USDT":"0"}}},{"poolId":156,"poolName":"LIT/USDT","updateTime":1686038815000,"liquidity":{"LIT":"487465.31741706","USDT":"381365.63442328"},"share":{"shareAmount":"0","sharePercentage":"0","asset":{"LIT":"0","USDT":"0"}}},{"poolId":157,"poolName":"LIT/BNB","updateTime":1642057087000,"liquidity":{"LIT":"202675","BNB":"1088"},"share":{"shareAmount":"0","sharePercentage":"0","asset":{"BNB":"0","LIT":"0"}}},{"poolId":158,"poolName":"LOKA/USDT","updateTime":1686038330000,"liquidity":{"USDT":"224373.70795052","LOKA":"745689.51074741"},"share":{"shareAmount":"0","sharePercentage":"0","asset":{"USDT":"0","LOKA":"0"}}},{"poolId":159,"poolName":"LOKA/BNB","updateTime":1686038569000,"liquidity":{"BNB":"686.40528466","LOKA":"632310.02965984"},"share":{"shareAmount":"0","sharePercentage":"0","asset":{"BNB":"0","LOKA":"0"}}},{"poolId":160,"poolName":"MBOX/USDT","updateTime":1686038145000,"liquidity":{"USDT":"70274.38816838","MBOX":"193007.22859276"},"share":{"shareAmount":"0","sharePercentage":"0","asset":{"USDT":"0","MBOX":"0"}}},{"poolId":161,"poolName":"MBOX/BNB","updateTime":1686038215000,"liquidity":{"BNB":"175.61513636","MBOX":"133777.85871043"},"share":{"shareAmount":"0","sharePercentage":"0","asset":{"BNB":"0","MBOX":"0"}}},{"poolId":162,"poolName":"ILV/BTC","updateTime":1686038560000,"liquidity":{"BTC":"1.54848933","ILV":"787.4710514"},"share":{"shareAmount":"0","sharePercentage":"0","asset":{"ILV":"0","BTC":"0"}}},{"poolId":164,"poolName":"ALPINE/USDT","updateTime":1686038697000,"liquidity":{"ALPINE":"192037.02442125","USDT":"412073.65727933"},"share":{"shareAmount":"0","sharePercentage":"0","asset":{"ALPINE":"0","USDT":"0"}}},{"poolId":165,"poolName":"ALPINE/BTC","updateTime":1686038681000,"liquidity":{"BTC":"13.22772148","ALPINE":"158659.0521128"},"share":{"shareAmount":"0","sharePercentage":"0","asset":{"ALPINE":"0","BTC":"0"}}},{"poolId":166,"poolName":"SAND/USDT","updateTime":1686038824000,"liquidity":{"SAND":"545645.48325115","USDT":"281298.36181541"},"share":{"shareAmount":"0","sharePercentage":"0","asset":{"USDT":"0","SAND":"0"}}},{"poolId":167,"poolName":"AXS/USDT","updateTime":1686038800000,"liquidity":{"USDT":"230494.3205624","AXS":"35051.61074005"},"share":{"shareAmount":"0","sharePercentage":"0","asset":{"AXS":"0","USDT":"0"}}},{"poolId":168,"poolName":"WOO/USDT","updateTime":1686038750000,"liquidity":{"WOO":"2383439.25458728","USDT":"509509.40673325"},"share":{"shareAmount":"0","sharePercentage":"0","asset":{"USDT":"0","WOO":"0"}}},{"poolId":169,"poolName":"WOO/BNB","updateTime":1686038750000,"liquidity":{"WOO":"717525.49075245","BNB":"552.48655227"},"share":{"shareAmount":"0","sharePercentage":"0","asset":{"BNB":"0","WOO":"0"}}},{"poolId":170,"poolName":"ATA/USDT","updateTime":1686037887000,"liquidity":{"USDT":"307758.0626605","ATA":"2852698.64685578"},"share":{"shareAmount":"0","sharePercentage":"0","asset":{"ATA":"0","USDT":"0"}}},{"poolId":171,"poolName":"ATA/BTC","updateTime":1686037889000,"liquidity":{"BTC":"9.48009877","ATA":"2257994.85324811"},"share":{"shareAmount":"0","sharePercentage":"0","asset":{"ATA":"0","BTC":"0"}}},{"poolId":172,"poolName":"GMT/BUSD","updateTime":1686038310000,"liquidity":{"BUSD":"126862.90207796","GMT":"535143.08526696"},"share":{"shareAmount":"0","sharePercentage":"0","asset":{"GMT":"0","BUSD":"0"}}},{"poolId":173,"poolName":"ATOM/USDT","updateTime":1686038716000,"liquidity":{"USDT":"182353.67657972","ATOM":"18231.20955008"},"share":{"shareAmount":"0","sharePercentage":"0","asset":{"USDT":"0","ATOM":"0"}}},{"poolId":174,"poolName":"ATOM/BTC","updateTime":1686038379000,"liquidity":{"BTC":"4.40048044","ATOM":"11322.03728625"},"share":{"shareAmount":"0","sharePercentage":"0","asset":{"BTC":"0","ATOM":"0"}}},{"poolId":175,"poolName":"GMT/USDT","updateTime":1686038413000,"liquidity":{"USDT":"187305.3413972","GMT":"790532.05393335"},"share":{"shareAmount":"0","sharePercentage":"0","asset":{"GMT":"0","USDT":"0"}}},{"poolId":176,"poolName":"GMT/BTC","updateTime":1686038654000,"liquidity":{"BTC":"5.91165498","GMT":"642511.0640944"},"share":{"shareAmount":"0","sharePercentage":"0","asset":{"GMT":"0","BTC":"0"}}},{"poolId":177,"poolName":"APE/USDT","updateTime":1686038840000,"liquidity":{"APE":"45952.28818341","USDT":"136153.21105928"},"share":{"shareAmount":"0","sharePercentage":"0","asset":{"USDT":"0","APE":"0"}}},{"poolId":178,"poolName":"APE/BTC","updateTime":1686038768000,"liquidity":{"BTC":"2.88575908","APE":"25081.95589579"},"share":{"shareAmount":"0","sharePercentage":"0","asset":{"BTC":"0","APE":"0"}}},{"poolId":181,"poolName":"SUSHI/BUSD","updateTime":1686038838000,"liquidity":{"SUSHI":"399185.74664739","BUSD":"298708.01099977"},"share":{"shareAmount":"0","sharePercentage":"0","asset":{"BUSD":"0","SUSHI":"0"}}},{"poolId":182,"poolName":"SUSHI/USDT","updateTime":1686038750000,"liquidity":{"USDT":"328394.22320258","SUSHI":"439675.35713034"},"share":{"shareAmount":"0","sharePercentage":"0","asset":{"SUSHI":"0","USDT":"0"}}},{"poolId":183,"poolName":"BDOT/DOT","updateTime":1686038140000,"liquidity":{"DOT":"53090.6304804","BDOT":"59082.0081184"},"share":{"shareAmount":"0","sharePercentage":"0","asset":{"BDOT":"0","DOT":"0"}}},{"poolId":187,"poolName":"ATOM/BUSD","updateTime":1686038743000,"liquidity":{"BUSD":"145890.90305873","ATOM":"14576.8582279"},"share":{"shareAmount":"0","sharePercentage":"0","asset":{"BUSD":"0","ATOM":"0"}}},{"poolId":188,"poolName":"AVAX/BUSD","updateTime":1686038319000,"liquidity":{"AVAX":"5025.10055176","BUSD":"70830.621387"},"share":{"shareAmount":"0","sharePercentage":"0","asset":{"BUSD":"0","AVAX":"0"}}},{"poolId":189,"poolName":"MULTI/USDT","updateTime":1686038795000,"liquidity":{"USDT":"263390.81431966","MULTI":"68030.53326506"},"share":{"shareAmount":"0","sharePercentage":"0","asset":{"USDT":"0","MULTI":"0"}}},{"poolId":190,"poolName":"MULTI/BTC","updateTime":1686038796000,"liquidity":{"BTC":"1.300133","MULTI":"8640.49071003"},"share":{"shareAmount":"0","sharePercentage":"0","asset":{"BTC":"0","MULTI":"0"}}},{"poolId":192,"poolName":"FTM/BNB","updateTime":1686038774000,"liquidity":{"BNB":"757.23381524","FTM":"720896.69649314"},"share":{"shareAmount":"0","sharePercentage":"0","asset":{"BNB":"0","FTM":"0"}}},{"poolId":193,"poolName":"ANT/USDT","updateTime":1686038572000,"liquidity":{"ANT":"118565.04324202","USDT":"396944.66883626"},"share":{"shareAmount":"0","sharePercentage":"0","asset":{"ANT":"0","USDT":"0"}}},{"poolId":194,"poolName":"ANT/BNB","updateTime":1686037708000,"liquidity":{"ANT":"12458.5411515","BNB":"150.30864305"},"share":{"shareAmount":"0","sharePercentage":"0","asset":{"BNB":"0","ANT":"0"}}},{"poolId":197,"poolName":"GMT/ETH","updateTime":1686037302000,"liquidity":{"ETH":"28.66506042","GMT":"219459.46789755"},"share":{"shareAmount":"0","sharePercentage":"0","asset":{"ETH":"0","GMT":"0"}}},{"poolId":198,"poolName":"GMT/BNB","updateTime":1686038129000,"liquidity":{"BNB":"258.31960779","GMT":"302259.87690565"},"share":{"shareAmount":"0","sharePercentage":"0","asset":{"BNB":"0","GMT":"0"}}},{"poolId":199,"poolName":"BSW/USDT","updateTime":1686037913000,"liquidity":{"BSW":"245496.97656942","USDT":"26843.37978514"},"share":{"shareAmount":"0","sharePercentage":"0","asset":{"USDT":"0","BSW":"0"}}},{"poolId":200,"poolName":"BSW/BNB","updateTime":1686038049000,"liquidity":{"BSW":"253830.65806707","BNB":"100.07564346"},"share":{"shareAmount":"0","sharePercentage":"0","asset":{"BNB":"0","BSW":"0"}}},{"poolId":201,"poolName":"HARD/USDT","updateTime":1686038723000,"liquidity":{"USDT":"277510.72200091","HARD":"2138711.77808463"},"share":{"shareAmount":"0","sharePercentage":"0","asset":{"USDT":"0","HARD":"0"}}},{"poolId":202,"poolName":"HARD/BNB","updateTime":1686038808000,"liquidity":{"BNB":"86.83187963","HARD":"185592.07245741"},"share":{"shareAmount":"0","sharePercentage":"0","asset":{"BNB":"0","HARD":"0"}}},{"poolId":203,"poolName":"SC/USDT","updateTime":1686037888000,"liquidity":{"SC":"26713800.11262417","USDT":"79434.49926855"},"share":{"shareAmount":"0","sharePercentage":"0","asset":{"SC":"0","USDT":"0"}}},{"poolId":204,"poolName":"IDEX/BNB","updateTime":1686038677000,"liquidity":{"BNB":"233.73914488","IDEX":"968569.96682838"},"share":{"shareAmount":"0","sharePercentage":"0","asset":{"BNB":"0","IDEX":"0"}}},{"poolId":205,"poolName":"IDEX/USDT","updateTime":1686038751000,"liquidity":{"USDT":"325569.16628902","IDEX":"4862621.51401055"},"share":{"shareAmount":"0","sharePercentage":"0","asset":{"IDEX":"0","USDT":"0"}}},{"poolId":206,"poolName":"GAL/USDT","updateTime":1686038842000,"liquidity":{"GAL":"207608.9408825","USDT":"244503.34981804"},"share":{"shareAmount":"0","sharePercentage":"0","asset":{"USDT":"0","GAL":"0"}}},{"poolId":207,"poolName":"ENJ/USDT","updateTime":1686038742000,"liquidity":{"ENJ":"958336.09007797","USDT":"305826.57123772"},"share":{"shareAmount":"0","sharePercentage":"0","asset":{"ENJ":"0","USDT":"0"}}},{"poolId":209,"poolName":"ELF/BTC","updateTime":1686038185000,"liquidity":{"BTC":"18.85438342","ELF":"1674770.15331981"},"share":{"shareAmount":"0","sharePercentage":"0","asset":{"ELF":"0","BTC":"0"}}},{"poolId":213,"poolName":"TKO/USDT","updateTime":1686037702000,"liquidity":{"USDT":"387456.48898527","TKO":"1440142.03904112"},"share":{"shareAmount":"0","sharePercentage":"0","asset":{"TKO":"0","USDT":"0"}}},{"poolId":214,"poolName":"WRX/USDT","updateTime":1686038609000,"liquidity":{"USDT":"68252.92612279","WRX":"634171.24941525"},"share":{"shareAmount":"0","sharePercentage":"0","asset":{"USDT":"0","WRX":"0"}}},{"poolId":215,"poolName":"PAXG/USDT","updateTime":1686037847000,"liquidity":{"PAXG":"72.69429492","USDT":"140272.28141981"},"share":{"shareAmount":"0","sharePercentage":"0","asset":{"PAXG":"0","USDT":"0"}}},{"poolId":216,"poolName":"OP/USDT","updateTime":1686038777000,"liquidity":{"OP":"494185.48199164","USDT":"700607.91302479"},"share":{"shareAmount":"0","sharePercentage":"0","asset":{"OP":"0","USDT":"0"}}},{"poolId":217,"poolName":"OOKI/USDT","updateTime":1686037839000,"liquidity":{"USDT":"343418.23112581","OOKI":"121752403.84523262"},"share":{"shareAmount":"0","sharePercentage":"0","asset":{"USDT":"0","OOKI":"0"}}},{"poolId":219,"poolName":"MATIC/BUSD","updateTime":1686038551000,"liquidity":{"MATIC":"202366.17802453","BUSD":"167276.57048238"},"share":{"shareAmount":"0","sharePercentage":"0","asset":{"BUSD":"0","MATIC":"0"}}},{"poolId":220,"poolName":"SHIB/BUSD","updateTime":1686038557000,"liquidity":{"SHIB":"88387258836.91","BUSD":"708539.59961158"},"share":{"shareAmount":"0","sharePercentage":"0","asset":{"BUSD":"0","SHIB":"0"}}},{"poolId":222,"poolName":"DOGE/BUSD","updateTime":1686037312000,"liquidity":{"DOGE":"5769653.60243472","BUSD":"384261.89258059"},"share":{"shareAmount":"0","sharePercentage":"0","asset":{"BUSD":"0","DOGE":"0"}}},{"poolId":223,"poolName":"LTC/BUSD","updateTime":1686038795000,"liquidity":{"LTC":"1871.29984393","BUSD":"163860.16082414"},"share":{"shareAmount":"0","sharePercentage":"0","asset":{"BUSD":"0","LTC":"0"}}},{"poolId":224,"poolName":"IOTX/USDT","updateTime":1686038751000,"liquidity":{"IOTX":"13496847.88077675","USDT":"305017.19685166"},"share":{"shareAmount":"0","sharePercentage":"0","asset":{"IOTX":"0","USDT":"0"}}},{"poolId":226,"poolName":"ETC/USDT","updateTime":1686037743000,"liquidity":{"ETC":"5161.71027459","USDT":"88158.55655878"},"share":{"shareAmount":"0","sharePercentage":"0","asset":{"ETC":"0","USDT":"0"}}},{"poolId":227,"poolName":"ETC/BTC","updateTime":1686038278000,"liquidity":{"BTC":"4.47858377","ETC":"6746.18538687"},"share":{"shareAmount":"0","sharePercentage":"0","asset":{"ETC":"0","BTC":"0"}}},{"poolId":228,"poolName":"FTM/BUSD","updateTime":1686038789000,"liquidity":{"BUSD":"301172.53965167","FTM":"1032772.54469428"},"share":{"shareAmount":"0","sharePercentage":"0","asset":{"FTM":"0","BUSD":"0"}}},{"poolId":229,"poolName":"FIL/BUSD","updateTime":1686038743000,"liquidity":{"FIL":"67842.04607251","BUSD":"287046.00878422"},"share":{"shareAmount":"0","sharePercentage":"0","asset":{"BUSD":"0","FIL":"0"}}},{"poolId":232,"poolName":"MANA/BUSD","updateTime":1686038751000,"liquidity":{"MANA":"184289.01505032","BUSD":"84220.66715684"},"share":{"shareAmount":"0","sharePercentage":"0","asset":{"MANA":"0","BUSD":"0"}}},{"poolId":233,"poolName":"SAND/BUSD","updateTime":1686038824000,"liquidity":{"SAND":"478653.81605314","BUSD":"247019.44360143"},"share":{"shareAmount":"0","sharePercentage":"0","asset":{"BUSD":"0","SAND":"0"}}},{"poolId":235,"poolName":"LDO/BTC","updateTime":1686038705000,"liquidity":{"BTC":"14.45088179","LDO":"169388.11669555"},"share":{"shareAmount":"0","sharePercentage":"0","asset":{"LDO":"0","BTC":"0"}}},{"poolId":236,"poolName":"KDA/USDT","updateTime":1686038684000,"liquidity":{"KDA":"105794.68784322","USDT":"70020.76043511"},"share":{"shareAmount":"0","sharePercentage":"0","asset":{"KDA":"0","USDT":"0"}}},{"poolId":237,"poolName":"KDA/BTC","updateTime":1686038824000,"liquidity":{"BTC":"2.21856912","KDA":"86217.33754086"},"share":{"shareAmount":"0","sharePercentage":"0","asset":{"KDA":"0","BTC":"0"}}},{"poolId":238,"poolName":"FUN/USDT","updateTime":1686037361000,"liquidity":{"USDT":"39706.83452215","FUN":"8680350.12658511"},"share":{"shareAmount":"0","sharePercentage":"0","asset":{"FUN":"0","USDT":"0"}}},{"poolId":240,"poolName":"LEVER/USDT","updateTime":1686038727000,"liquidity":{"LEVER":"125746475.06670497","USDT":"179154.22529663"},"share":{"shareAmount":"0","sharePercentage":"0","asset":{"LEVER":"0","USDT":"0"}}},{"poolId":241,"poolName":"HOOK/USDT","updateTime":1686038777000,"liquidity":{"HOOK":"732399.07540007","USDT":"931303.99440603"},"share":{"shareAmount":"0","sharePercentage":"0","asset":{"USDT":"0","HOOK":"0"}}},{"poolId":242,"poolName":"MDX/USDT","updateTime":1686038688000,"liquidity":{"MDX":"2628789.72753505","USDT":"168081.56837482"},"share":{"shareAmount":"0","sharePercentage":"0","asset":{"MDX":"0","USDT":"0"}}},{"poolId":243,"poolName":"XMR/USDT","updateTime":1686037815000,"liquidity":{"USDT":"120693.20492353","XMR":"847.3048714"},"share":{"shareAmount":"0","sharePercentage":"0","asset":{"USDT":"0","XMR":"0"}}},{"poolId":244,"poolName":"XMR/ETH","updateTime":1686038518000,"liquidity":{"ETH":"56.83597618","XMR":"723.5192643"},"share":{"shareAmount":"0","sharePercentage":"0","asset":{"ETH":"0","XMR":"0"}}},{"poolId":246,"poolName":"PROM/BUSD","updateTime":1686038626000,"liquidity":{"PROM":"66335.97051154","BUSD":"273186.0472775"},"share":{"shareAmount":"0","sharePercentage":"0","asset":{"BUSD":"0","PROM":"0"}}},{"poolId":247,"poolName":"PROM/BTC","updateTime":1686037791000,"liquidity":{"BTC":"13.00488946","PROM":"81223.40370092"},"share":{"shareAmount":"0","sharePercentage":"0","asset":{"BTC":"0","PROM":"0"}}},{"poolId":249,"poolName":"HFT/BTC","updateTime":1686038843000,"liquidity":{"BTC":"25.51485988","HFT":"1622744.37024164"},"share":{"shareAmount":"0","sharePercentage":"0","asset":{"BTC":"0","HFT":"0"}}},{"poolId":250,"poolName":"APT/USDT","updateTime":1686038750000,"liquidity":{"APT":"138662.07380743","USDT":"1110057.6153418"},"share":{"shareAmount":"0","sharePercentage":"0","asset":{"USDT":"0","APT":"0"}}},{"poolId":251,"poolName":"APT/BTC","updateTime":1686038681000,"liquidity":{"BTC":"47.56020442","APT":"152869.36282901"},"share":{"shareAmount":"0","sharePercentage":"0","asset":{"BTC":"0","APT":"0"}}},{"poolId":254,"poolName":"HOOK/BUSD","updateTime":1686038777000,"liquidity":{"HOOK":"602703.32451251","BUSD":"766475.76838155"},"share":{"shareAmount":"0","sharePercentage":"0","asset":{"BUSD":"0","HOOK":"0"}}},{"poolId":255,"poolName":"OP/BTC","updateTime":1686038773000,"liquidity":{"BTC":"36.64348798","OP":"665764.44272155"},"share":{"shareAmount":"0","sharePercentage":"0","asset":{"OP":"0","BTC":"0"}}},{"poolId":256,"poolName":"HOOK/BTC","updateTime":1686038777000,"liquidity":{"BTC":"30.99617829","HOOK":"627765.21153594"},"share":{"shareAmount":"0","sharePercentage":"0","asset":{"BTC":"0","HOOK":"0"}}},{"poolId":257,"poolName":"ARPA/USDT","updateTime":1686038592000,"liquidity":{"USDT":"290202.26631866","ARPA":"5601431.80587883"},"share":{"shareAmount":"0","sharePercentage":"0","asset":{"ARPA":"0","USDT":"0"}}},{"poolId":259,"poolName":"MAGIC/USDT","updateTime":1686038750000,"liquidity":{"MAGIC":"878946.28113504","USDT":"763873.38246292"},"share":{"shareAmount":"0","sharePercentage":"0","asset":{"USDT":"0","MAGIC":"0"}}},{"poolId":261,"poolName":"GRT/USDT","updateTime":1686038725000,"liquidity":{"GRT":"6145291.75517431","USDT":"713181.30684012"},"share":{"shareAmount":"0","sharePercentage":"0","asset":{"USDT":"0","GRT":"0"}}},{"poolId":262,"poolName":"FET/USDT","updateTime":1686038799000,"liquidity":{"FET":"2729853.01543608","USDT":"655128.77433507"},"share":{"shareAmount":"0","sharePercentage":"0","asset":{"FET":"0","USDT":"0"}}},{"poolId":263,"poolName":"MAGIC/BTC","updateTime":1686038750000,"liquidity":{"BTC":"27.65504269","MAGIC":"819048.92768274"},"share":{"shareAmount":"0","sharePercentage":"0","asset":{"BTC":"0","MAGIC":"0"}}},{"poolId":264,"poolName":"RPL/USDT","updateTime":1686037787000,"liquidity":{"USDT":"44443.36669663","RPL":"941.47790927"},"share":{"shareAmount":"0","sharePercentage":"0","asset":{"RPL":"0","USDT":"0"}}},{"poolId":266,"poolName":"STG/BTC","updateTime":1686038750000,"liquidity":{"BTC":"22.59401924","STG":"942860.57667165"},"share":{"shareAmount":"0","sharePercentage":"0","asset":{"BTC":"0","STG":"0"}}},{"poolId":269,"poolName":"MKR/USDT","updateTime":1686037258000,"liquidity":{"MKR":"718.00709337","USDT":"457958.41850326"},"share":{"shareAmount":"0","sharePercentage":"0","asset":{"USDT":"0","MKR":"0"}}},{"poolId":271,"poolName":"SNX/USDT","updateTime":1686038654000,"liquidity":{"USDT":"942956.5146644","SNX":"418569.55528873"},"share":{"shareAmount":"0","sharePercentage":"0","asset":{"USDT":"0","SNX":"0"}}},{"poolId":272,"poolName":"LQTY/USDT","updateTime":1686038595000,"liquidity":{"LQTY":"415506.00358679","USDT":"440577.46197611"},"share":{"shareAmount":"0","sharePercentage":"0","asset":{"LQTY":"0","USDT":"0"}}},{"poolId":274,"poolName":"GLMR/USDT","updateTime":1686038800000,"liquidity":{"USDT":"132171.14974901","GLMR":"503462.99581566"},"share":{"shareAmount":"0","sharePercentage":"0","asset":{"GLMR":"0","USDT":"0"}}},{"poolId":280,"poolName":"USDC/USDT","updateTime":1686037260000,"liquidity":{"USDT":"959006.97727205","USDC":"3187707.17097282"},"share":{"shareAmount":"0","sharePercentage":"0","asset":{"USDT":"0","USDC":"0"}}},{"poolId":281,"poolName":"BTC/USDC","updateTime":1686038645000,"liquidity":{"BTC":"2.9910722","USDC":"77010.4672629"},"share":{"shareAmount":"0","sharePercentage":"0","asset":{"BTC":"0","USDC":"0"}}},{"poolId":282,"poolName":"ETH/USDC","updateTime":1686037948000,"liquidity":{"ETH":"83.30298986","USDC":"151092.83328002"},"share":{"shareAmount":"0","sharePercentage":"0","asset":{"ETH":"0","USDC":"0"}}},{"poolId":283,"poolName":"BNB/USDC","updateTime":1686038551000,"liquidity":{"BNB":"397.58334685","USDC":"110218.0431048"},"share":{"shareAmount":"0","sharePercentage":"0","asset":{"BNB":"0","USDC":"0"}}},{"poolId":284,"poolName":"GNS/USDT","updateTime":1686038433000,"liquidity":{"USDT":"357542.35050422","GNS":"82041.71835743"},"share":{"shareAmount":"0","sharePercentage":"0","asset":{"USDT":"0","GNS":"0"}}},{"poolId":286,"poolName":"CFX/USDT","updateTime":1686038746000,"liquidity":{"CFX":"1646240.06809591","USDT":"374204.10349377"},"share":{"shareAmount":"0","sharePercentage":"0","asset":{"CFX":"0","USDT":"0"}}},{"poolId":287,"poolName":"GMX/BTC","updateTime":1686038594000,"liquidity":{"BTC":"29.35222405","GMX":"14412.77103183"},"share":{"shareAmount":"0","sharePercentage":"0","asset":{"GMX":"0","BTC":"0"}}},{"poolId":289,"poolName":"ARB/BTC","updateTime":1686038839000,"liquidity":{"BTC":"24.30743077","ARB":"551081.53186244"},"share":{"shareAmount":"0","sharePercentage":"0","asset":{"ARB":"0","BTC":"0"}}},{"poolId":290,"poolName":"JOE/USDT","updateTime":1686038727000,"liquidity":{"JOE":"597976.46126497","USDT":"250677.0449754"},"share":{"shareAmount":"0","sharePercentage":"0","asset":{"USDT":"0","JOE":"0"}}},{"poolId":291,"poolName":"BEL/USDT","updateTime":1686038803000,"liquidity":{"BEL":"446395.31214369","USDT":"304641.12898392"},"share":{"shareAmount":"0","sharePercentage":"0","asset":{"BEL":"0","USDT":"0"}}},{"poolId":292,"poolName":"ID/USDT","updateTime":1686038740000,"liquidity":{"USDT":"282210.428861","ID":"758245.97276875"},"share":{"shareAmount":"0","sharePercentage":"0","asset":{"USDT":"0","ID":"0"}}},{"poolId":294,"poolName":"TUSD/USDT","updateTime":1686038416000,"liquidity":{"TUSD":"5737901.56121818","USDT":"1323004.98967158"},"share":{"shareAmount":"0","sharePercentage":"0","asset":{"TUSD":"0","USDT":"0"}}},{"poolId":295,"poolName":"SHIB/DOGE","updateTime":1686038808000,"liquidity":{"SHIB":"39044468114.49","DOGE":"4701945.12989244"},"share":{"shareAmount":"0","sharePercentage":"0","asset":{"SHIB":"0","DOGE":"0"}}},{"poolId":296,"poolName":"SYN/USDT","updateTime":1686038811000,"liquidity":{"SYN":"307066.87469702","USDT":"219460.85958676"},"share":{"shareAmount":"0","sharePercentage":"0","asset":{"SYN":"0","USDT":"0"}}},{"poolId":297,"poolName":"ID/BTC","updateTime":1686038810000,"liquidity":{"BTC":"9.05129417","ID":"626067.43335905"},"share":{"shareAmount":"0","sharePercentage":"0","asset":{"BTC":"0","ID":"0"}}},{"poolId":299,"poolName":"RDNT/BTC","updateTime":1686038740000,"liquidity":{"BTC":"6.57293349","RDNT":"619063.14099819"},"share":{"shareAmount":"0","sharePercentage":"0","asset":{"BTC":"0","RDNT":"0"}}},{"poolId":300,"poolName":"EDU/USDT","updateTime":1686038836000,"liquidity":{"EDU":"485691.52417921","USDT":"470077.65791224"},"share":{"shareAmount":"0","sharePercentage":"0","asset":{"EDU":"0","USDT":"0"}}},{"poolId":301,"poolName":"EDU/BTC","updateTime":1686038827000,"liquidity":{"BTC":"16.41040892","EDU":"436644.28468738"},"share":{"shareAmount":"0","sharePercentage":"0","asset":{"EDU":"0","BTC":"0"}}},{"poolId":302,"poolName":"PEPE/USDT","updateTime":1686038759000,"liquidity":{"USDT":"234486.70651298","PEPE":"232337317948.54"},"share":{"shareAmount":"0","sharePercentage":"0","asset":{"PEPE":"0","USDT":"0"}}},{"poolId":303,"poolName":"FLOKI/USDT","updateTime":1686038701000,"liquidity":{"FLOKI":"8991446935.41","USDT":"251064.03153909"},"share":{"shareAmount":"0","sharePercentage":"0","asset":{"FLOKI":"0","USDT":"0"}}},{"poolId":304,"poolName":"SUI/USDT","updateTime":1686038795000,"liquidity":{"SUI":"319204.30688004","USDT":"256718.7759468"},"share":{"shareAmount":"0","sharePercentage":"0","asset":{"USDT":"0","SUI":"0"}}},{"poolId":305,"poolName":"SUI/BTC","updateTime":1686038746000,"liquidity":{"BTC":"10.27626729","SUI":"329005.51094527"},"share":{"shareAmount":"0","sharePercentage":"0","asset":{"BTC":"0","SUI":"0"}}},{"poolId":306,"poolName":"WBETH/ETH","updateTime":1686038032000,"liquidity":{"WBETH":"5483.19534001","ETH":"5490.29564425"},"share":{"shareAmount":"0","sharePercentage":"0","asset":{"WBETH":"0","ETH":"0"}}}]
