[{"symbol":"ETHBTC","price":"0.06991000"},{"symbol":"LTCBTC","price":"0.00336700"},{"symbol":"BNBBTC","price":"0.01036900"},{"symbol":"NEOBTC","price":"0.00034790"},{"symbol":"QTUMETH","price":"0.00131000"},{"symbol":"EOSETH","price":"0.00047380"},{"symbol":"SNTETH","price":"0.00001235"},{"symbol":"BNTETH","price":"0.00021270"},{"symbol":"BCCBTC","price":"0.07908100"},{"symbol":"GASBTC","price":"0.00009890"},{"symbol":"BNBETH","price":"0.14840000"},{"symbol":"BTCUSDT","price":"26650.21000000"},{"symbol":"ETHUSDT","price":"1863.14000000"},{"symbol":"HSRBTC","price":"0.00041400"},{"symbol":"OAXETH","price":"0.00017780"},{"symbol":"DNTETH","price":"0.00002801"},{"symbol":"MCOETH","price":"0.00577200"},{"symbol":"ICNETH","price":"0.00166300"},{"symbol":"MCOBTC","price":"0.00021140"},{"symbol":"WTCBTC","price":"0.00000614"},{"symbol":"WTCETH","price":"0.00023700"},{"symbol":"LRCBTC","price":"0.00000962"},{"symbol":"LRCETH","price":"0.00013666"},{"symbol":"QTUMBTC","price":"0.00009250"},{"symbol":"YOYOBTC","price":"0.00000008"},{"symbol":"OMGBTC","price":"0.00003080"},{"symbol":"OMGETH","price":"0.00079100"},{"symbol":"ZRXBTC","price":"0.00000771"},{"symbol":"ZRXETH","price":"0.00010880"},{"symbol":"STRATBTC","price":"0.00003085"},{"symbol":"STRATETH","price":"0.00105300"},{"symbol":"SNGLSBTC","price":"0.00000013"},{"symbol":"SNGLSETH","price":"0.00005306"},{"symbol":"BQXBTC","price":"0.00008703"},{"symbol":"BQXETH","price":"0.00126350"},{"symbol":"KNCBTC","price":"0.00002152"},{"symbol":"KNCETH","price":"0.00039410"},{"symbol":"FUNBTC","price":"0.00000029"},{"symbol":"FUNETH","price":"0.00000246"},{"symbol":"SNMBTC","price":"0.00001311"},{"symbol":"SNMETH","price":"0.00004986"},{"symbol":"NEOETH","price":"0.00498200"},{"symbol":"IOTABTC","price":"0.00000684"},{"symbol":"IOTAETH","price":"0.00009800"},{"symbol":"LINKBTC","price":"0.00023110"},{"symbol":"LINKETH","price":"0.00330500"},{"symbol":"XVGBTC","price":"0.00000015"},{"symbol":"XVGETH","price":"0.00000097"},{"symbol":"SALTBTC","price":"0.00004250"},{"symbol":"SALTETH","price":"0.00113800"},{"symbol":"MDABTC","price":"0.00000382"},{"symbol":"MDAETH","price":"0.00181150"},{"symbol":"MTLBTC","price":"0.00007012"},{"symbol":"MTLETH","price":"0.00100410"},{"symbol":"SUBBTC","price":"0.00000457"},{"symbol":"SUBETH","price":"0.00012334"},{"symbol":"EOSBTC","price":"0.00003307"},{"symbol":"SNTBTC","price":"0.00000087"},{"symbol":"ETCETH","price":"0.00924000"},{"symbol":"ETCBTC","price":"0.00064700"},{"symbol":"MTHBTC","price":"0.00000023"},{"symbol":"MTHETH","price":"0.00004135"},{"symbol":"ENGBTC","price":"0.00006200"},{"symbol":"ENGETH","price":"0.00186480"},{"symbol":"DNTBTC","price":"0.00000186"},{"symbol":"ZECBTC","price":"0.00110100"},{"symbol":"ZECETH","price":"0.01577000"},{"symbol":"BNTBTC","price":"0.00001494"},{"symbol":"ASTBTC","price":"0.00000425"},{"symbol":"ASTETH","price":"0.00006960"},{"symbol":"DASHBTC","price":"0.00147200"},{"symbol":"DASHETH","price":"0.02095000"},{"symbol":"OAXBTC","price":"0.00000737"},{"symbol":"ICNBTC","price":"0.00005742"},{"symbol":"BTGBTC","price":"0.00091300"},{"symbol":"BTGETH","price":"0.05274500"},{"symbol":"EVXBTC","price":"0.00000274"},{"symbol":"EVXETH","price":"0.00062490"},{"symbol":"REQBTC","price":"0.00000306"},{"symbol":"REQETH","price":"0.00004995"},{"symbol":"VIBBTC","price":"0.00000207"},{"symbol":"VIBETH","price":"0.00003450"},{"symbol":"HSRETH","price":"0.01247400"},{"symbol":"TRXBTC","price":"0.00000289"},{"symbol":"TRXETH","price":"0.00004144"},{"symbol":"POWRBTC","price":"0.00000544"},{"symbol":"POWRETH","price":"0.00007700"},{"symbol":"ARKBTC","price":"0.00001679"},{"symbol":"ARKETH","price":"0.00104600"},{"symbol":"YOYOETH","price":"0.00005828"},{"symbol":"XRPBTC","price":"0.00001975"},{"symbol":"XRPETH","price":"0.00028250"},{"symbol":"MODBTC","price":"0.00004280"},{"symbol":"MODETH","price":"0.00116700"},{"symbol":"ENJBTC","price":"0.00001176"},{"symbol":"ENJETH","price":"0.00016710"},{"symbol":"STORJBTC","price":"0.00001032"},{"symbol":"STORJETH","price":"0.00029910"},{"symbol":"BNBUSDT","price":"276.40000000"},{"symbol":"VENBNB","price":"0.14920000"},{"symbol":"YOYOBNB","price":"0.00059800"},{"symbol":"POWRBNB","price":"0.00385000"},{"symbol":"VENBTC","price":"0.00013928"},{"symbol":"VENETH","price":"0.00325194"},{"symbol":"KMDBTC","price":"0.00000994"},{"symbol":"KMDETH","price":"0.00020970"},{"symbol":"NULSBNB","price":"0.01257000"},{"symbol":"RCNBTC","price":"0.00000074"},{"symbol":"RCNETH","price":"0.00037604"},{"symbol":"RCNBNB","price":"0.00347300"},{"symbol":"NULSBTC","price":"0.00000835"},{"symbol":"NULSETH","price":"0.00051926"},{"symbol":"RDNBTC","price":"0.00000447"},{"symbol":"RDNETH","price":"0.00071530"},{"symbol":"RDNBNB","price":"0.00623000"},{"symbol":"XMRBTC","price":"0.00546300"},{"symbol":"XMRETH","price":"0.07816000"},{"symbol":"DLTBNB","price":"0.00240000"},{"symbol":"WTCBNB","price":"0.00180500"},{"symbol":"DLTBTC","price":"0.00000071"},{"symbol":"DLTETH","price":"0.00016807"},{"symbol":"AMBBTC","price":"0.00000038"},{"symbol":"AMBETH","price":"0.00004100"},{"symbol":"AMBBNB","price":"0.00068500"},{"symbol":"BCCETH","price":"2.47246000"},{"symbol":"BCCUSDT","price":"448.70000000"},{"symbol":"BCCBNB","price":"54.29000000"},{"symbol":"BATBTC","price":"0.00000756"},{"symbol":"BATETH","price":"0.00010810"},{"symbol":"BATBNB","price":"0.00183100"},{"symbol":"BCPTBTC","price":"0.00000048"},{"symbol":"BCPTETH","price":"0.00008181"},{"symbol":"BCPTBNB","price":"0.00116200"},{"symbol":"ARNBTC","price":"0.00000761"},{"symbol":"ARNETH","price":"0.00029362"},{"symbol":"GVTBTC","price":"0.00001792"},{"symbol":"GVTETH","price":"0.00384600"},{"symbol":"CDTBTC","price":"0.00000317"},{"symbol":"CDTETH","price":"0.00005119"},{"symbol":"GXSBTC","price":"0.00004581"},{"symbol":"GXSETH","price":"0.00062460"},{"symbol":"NEOUSDT","price":"9.28000000"},{"symbol":"NEOBNB","price":"0.03357000"},{"symbol":"POEBTC","price":"0.00000005"},{"symbol":"POEETH","price":"0.00000664"},{"symbol":"QSPBTC","price":"0.00000076"},{"symbol":"QSPETH","price":"0.00002249"},{"symbol":"QSPBNB","price":"0.00052350"},{"symbol":"BTSBTC","price":"0.00000043"},{"symbol":"BTSETH","price":"0.00009498"},{"symbol":"BTSBNB","price":"0.00144800"},{"symbol":"XZCBTC","price":"0.00013550"},{"symbol":"XZCETH","price":"0.00310000"},{"symbol":"XZCBNB","price":"0.26750000"},{"symbol":"LSKBTC","price":"0.00003125"},{"symbol":"LSKETH","price":"0.00044500"},{"symbol":"LSKBNB","price":"0.06494000"},{"symbol":"TNTBTC","price":"0.00000261"},{"symbol":"TNTETH","price":"0.00000920"},{"symbol":"FUELBTC","price":"0.00000026"},{"symbol":"FUELETH","price":"0.00002221"},{"symbol":"MANABTC","price":"0.00001667"},{"symbol":"MANAETH","price":"0.00023780"},{"symbol":"BCDBTC","price":"0.00001351"},{"symbol":"BCDETH","price":"0.00251000"},{"symbol":"DGDBTC","price":"0.00393100"},{"symbol":"DGDETH","price":"0.19260000"},{"symbol":"IOTABNB","price":"0.00066100"},{"symbol":"ADXBTC","price":"0.00000566"},{"symbol":"ADXETH","price":"0.00008100"},{"symbol":"ADXBNB","price":"0.00492900"},{"symbol":"ADABTC","price":"0.00001277"},{"symbol":"ADAETH","price":"0.00018280"},{"symbol":"PPTBTC","price":"0.00001855"},{"symbol":"PPTETH","price":"0.00141000"},{"symbol":"CMTBTC","price":"0.00000028"},{"symbol":"CMTETH","price":"0.00000625"},{"symbol":"CMTBNB","price":"0.00057700"},{"symbol":"XLMBTC","price":"0.00000333"},{"symbol":"XLMETH","price":"0.00004760"},{"symbol":"XLMBNB","price":"0.00032100"},{"symbol":"CNDBTC","price":"0.00000006"},{"symbol":"CNDETH","price":"0.00002599"},{"symbol":"CNDBNB","price":"0.00033990"},{"symbol":"LENDBTC","price":"0.00004512"},{"symbol":"LENDETH","price":"0.00137174"},{"symbol":"WABIBTC","price":"0.00000030"},{"symbol":"WABIETH","price":"0.00040308"},{"symbol":"WABIBNB","price":"0.00024130"},{"symbol":"LTCETH","price":"0.04816000"},{"symbol":"LTCUSDT","price":"89.74000000"},{"symbol":"LTCBNB","price":"0.32460000"},{"symbol":"TNBBTC","price":"0.00000007"},{"symbol":"TNBETH","price":"0.00000752"},{"symbol":"WAVESBTC","price":"0.00006150"},{"symbol":"WAVESETH","price":"0.00088100"},{"symbol":"WAVESBNB","price":"0.00513000"},{"symbol":"GTOBTC","price":"0.00000077"},{"symbol":"GTOETH","price":"0.00003197"},{"symbol":"GTOBNB","price":"0.00035200"},{"symbol":"ICXBTC","price":"0.00000844"},{"symbol":"ICXETH","price":"0.00011790"},{"symbol":"ICXBNB","price":"0.00465400"},{"symbol":"OSTBTC","price":"0.00000032"},{"symbol":"OSTETH","price":"0.00000225"},{"symbol":"OSTBNB","price":"0.00052500"},{"symbol":"ELFBTC","price":"0.00001105"},{"symbol":"ELFETH","price":"0.00015620"},{"symbol":"AIONBTC","price":"0.00000139"},{"symbol":"AIONETH","price":"0.00002645"},{"symbol":"AIONBNB","price":"0.00261300"},{"symbol":"NEBLBTC","price":"0.00001200"},{"symbol":"NEBLBNB","price":"0.01356000"},{"symbol":"BRDBTC","price":"0.00000127"},{"symbol":"BRDETH","price":"0.00001688"},{"symbol":"BRDBNB","price":"0.00247000"},{"symbol":"MCOBNB","price":"0.26837000"},{"symbol":"EDOBTC","price":"0.00005609"},{"symbol":"EDOETH","price":"0.00226600"},{"symbol":"WINGSBTC","price":"0.00001193"},{"symbol":"WINGSETH","price":"0.00033460"},{"symbol":"NAVBTC","price":"0.00000277"},{"symbol":"NAVETH","price":"0.00011870"},{"symbol":"NAVBNB","price":"0.00423700"},{"symbol":"LUNBTC","price":"0.00008510"},{"symbol":"LUNETH","price":"0.00489100"},{"symbol":"TRIGBTC","price":"0.00001980"},{"symbol":"TRIGETH","price":"0.00059400"},{"symbol":"TRIGBNB","price":"0.01218000"},{"symbol":"APPCBTC","price":"0.00000055"},{"symbol":"APPCETH","price":"0.00014600"},{"symbol":"APPCBNB","price":"0.00189100"},{"symbol":"VIBEBTC","price":"0.00000042"},{"symbol":"VIBEETH","price":"0.00005720"},{"symbol":"RLCBTC","price":"0.00005185"},{"symbol":"RLCETH","price":"0.00074500"},{"symbol":"RLCBNB","price":"0.03344000"},{"symbol":"INSBTC","price":"0.00000618"},{"symbol":"INSETH","price":"0.00050100"},{"symbol":"PIVXBTC","price":"0.00000860"},{"symbol":"PIVXBNB","price":"0.01660000"},{"symbol":"IOSTBTC","price":"0.00000032"},{"symbol":"IOSTETH","price":"0.00000469"},{"symbol":"CHATBTC","price":"0.00000195"},{"symbol":"CHATETH","price":"0.00006585"},{"symbol":"STEEMBTC","price":"0.00000667"},{"symbol":"STEEMETH","price":"0.00009550"},{"symbol":"STEEMBNB","price":"0.00448000"},{"symbol":"NANOBTC","price":"0.00006280"},{"symbol":"NANOETH","price":"0.00090500"},{"symbol":"NANOBNB","price":"0.05589000"},{"symbol":"VIABTC","price":"0.00000681"},{"symbol":"VIAETH","price":"0.00085600"},{"symbol":"VIABNB","price":"0.00958000"},{"symbol":"BLZBTC","price":"0.00000222"},{"symbol":"BLZETH","price":"0.00004159"},{"symbol":"BLZBNB","price":"0.00062190"},{"symbol":"AEBTC","price":"0.00000292"},{"symbol":"AEETH","price":"0.00021900"},{"symbol":"AEBNB","price":"0.00777000"},{"symbol":"RPXBTC","price":"0.00000224"},{"symbol":"RPXETH","price":"0.00005449"},{"symbol":"RPXBNB","price":"0.00145700"},{"symbol":"NCASHBTC","price":"0.00000005"},{"symbol":"NCASHETH","price":"0.00000013"},{"symbol":"NCASHBNB","price":"0.00006790"},{"symbol":"POABTC","price":"0.00000041"},{"symbol":"POAETH","price":"0.00004891"},{"symbol":"POABNB","price":"0.00092100"},{"symbol":"ZILBTC","price":"0.00000081"},{"symbol":"ZILETH","price":"0.00001146"},{"symbol":"ZILBNB","price":"0.00007740"},{"symbol":"ONTBTC","price":"0.00000754"},{"symbol":"ONTETH","price":"0.00012530"},{"symbol":"ONTBNB","price":"0.00246200"},{"symbol":"STORMBTC","price":"0.00000035"},{"symbol":"STORMETH","price":"0.00001398"},{"symbol":"STORMBNB","price":"0.00006550"},{"symbol":"QTUMBNB","price":"0.09597000"},{"symbol":"QTUMUSDT","price":"2.46700000"},{"symbol":"XEMBTC","price":"0.00000192"},{"symbol":"XEMETH","price":"0.00003593"},{"symbol":"XEMBNB","price":"0.00244100"},{"symbol":"WANBTC","price":"0.00000726"},{"symbol":"WANETH","price":"0.00010380"},{"symbol":"WANBNB","price":"0.00181000"},{"symbol":"WPRBTC","price":"0.00000027"},{"symbol":"WPRETH","price":"0.00004020"},{"symbol":"QLCBTC","price":"0.00000021"},{"symbol":"QLCETH","price":"0.00000603"},{"symbol":"SYSBTC","price":"0.00000463"},{"symbol":"SYSETH","price":"0.00011047"},{"symbol":"SYSBNB","price":"0.00163500"},{"symbol":"QLCBNB","price":"0.00092200"},{"symbol":"GRSBTC","price":"0.00001649"},{"symbol":"GRSETH","price":"0.00076455"},{"symbol":"ADAUSDT","price":"0.34040000"},{"symbol":"ADABNB","price":"0.00123200"},{"symbol":"CLOAKBTC","price":"0.00015550"},{"symbol":"CLOAKETH","price":"0.00414200"},{"symbol":"GNTBTC","price":"0.00000678"},{"symbol":"GNTETH","price":"0.00022071"},{"symbol":"GNTBNB","price":"0.00243900"},{"symbol":"LOOMBTC","price":"0.00000170"},{"symbol":"LOOMETH","price":"0.00003231"},{"symbol":"LOOMBNB","price":"0.00088500"},{"symbol":"XRPUSDT","price":"0.52640000"},{"symbol":"BCNBTC","price":"0.00000022"},{"symbol":"BCNETH","price":"0.00000707"},{"symbol":"BCNBNB","price":"0.00002000"},{"symbol":"REPBTC","price":"0.00034130"},{"symbol":"REPBNB","price":"0.44670000"},{"symbol":"BTCTUSD","price":"26666.02000000"},{"symbol":"TUSDBTC","price":"0.00025971"},{"symbol":"ETHTUSD","price":"1864.64000000"},{"symbol":"TUSDETH","price":"0.00762097"},{"symbol":"TUSDBNB","price":"0.06777000"},{"symbol":"ZENBTC","price":"0.00027730"},{"symbol":"ZENETH","price":"0.00397300"},{"symbol":"ZENBNB","price":"0.03290000"},{"symbol":"SKYBTC","price":"0.00000829"},{"symbol":"SKYETH","price":"0.00222000"},{"symbol":"SKYBNB","price":"0.03022000"},{"symbol":"EOSUSDT","price":"0.88200000"},{"symbol":"EOSBNB","price":"0.00319100"},{"symbol":"CVCBTC","price":"0.00000566"},{"symbol":"CVCETH","price":"0.00009930"},{"symbol":"CVCBNB","price":"0.00211200"},{"symbol":"THETABTC","price":"0.00002904"},{"symbol":"THETAETH","price":"0.00041530"},{"symbol":"THETABNB","price":"0.00280400"},{"symbol":"XRPBNB","price":"0.00190400"},{"symbol":"TUSDUSDT","price":"0.99940000"},{"symbol":"IOTAUSDT","price":"0.18270000"},{"symbol":"XLMUSDT","price":"0.08880000"},{"symbol":"IOTXBTC","price":"0.00000083"},{"symbol":"IOTXETH","price":"0.00001185"},{"symbol":"QKCBTC","price":"0.00000031"},{"symbol":"QKCETH","price":"0.00000447"},{"symbol":"AGIBTC","price":"0.00000668"},{"symbol":"AGIETH","price":"0.00007363"},{"symbol":"AGIBNB","price":"0.00077200"},{"symbol":"NXSBTC","price":"0.00000284"},{"symbol":"NXSETH","price":"0.00077300"},{"symbol":"NXSBNB","price":"0.01087000"},{"symbol":"ENJBNB","price":"0.00136800"},{"symbol":"DATABTC","price":"0.00000095"},{"symbol":"DATAETH","price":"0.00002034"},{"symbol":"ONTUSDT","price":"0.20110000"},{"symbol":"TRXBNB","price":"0.00027940"},{"symbol":"TRXUSDT","price":"0.07722000"},{"symbol":"ETCUSDT","price":"17.25000000"},{"symbol":"ETCBNB","price":"0.06230000"},{"symbol":"ICXUSDT","price":"0.22470000"},{"symbol":"SCBTC","price":"0.00000017"},{"symbol":"SCETH","price":"0.00000161"},{"symbol":"NPXSBTC","price":"0.00000003"},{"symbol":"NPXSETH","price":"0.00000345"},{"symbol":"VENUSDT","price":"0.00010000"},{"symbol":"KEYBTC","price":"0.00000013"},{"symbol":"KEYETH","price":"0.00000227"},{"symbol":"NASBTC","price":"0.00000228"},{"symbol":"NASETH","price":"0.00004047"},{"symbol":"NASBNB","price":"0.02337000"},{"symbol":"MFTBTC","price":"0.00000008"},{"symbol":"MFTETH","price":"0.00000433"},{"symbol":"MFTBNB","price":"0.00001485"},{"symbol":"DENTBTC","price":"0.00000004"},{"symbol":"DENTETH","price":"0.00000043"},{"symbol":"ARDRBTC","price":"0.00000264"},{"symbol":"ARDRETH","price":"0.00018870"},{"symbol":"ARDRBNB","price":"0.00316800"},{"symbol":"NULSUSDT","price":"0.22260000"},{"symbol":"HOTBTC","price":"0.00000002"},{"symbol":"HOTETH","price":"0.00000080"},{"symbol":"VETBTC","price":"0.00000069"},{"symbol":"VETETH","price":"0.00000991"},{"symbol":"VETUSDT","price":"0.01847000"},{"symbol":"VETBNB","price":"0.00006670"},{"symbol":"DOCKBTC","price":"0.00000062"},{"symbol":"DOCKETH","price":"0.00003283"},{"symbol":"POLYBTC","price":"0.00001384"},{"symbol":"POLYBNB","price":"0.00145900"},{"symbol":"PHXBTC","price":"0.00000180"},{"symbol":"PHXETH","price":"0.00005617"},{"symbol":"PHXBNB","price":"0.00045600"},{"symbol":"HCBTC","price":"0.00002000"},{"symbol":"HCETH","price":"0.00513400"},{"symbol":"GOBTC","price":"0.00000043"},{"symbol":"GOBNB","price":"0.00069230"},{"symbol":"PAXBTC","price":"0.00025175"},{"symbol":"PAXBNB","price":"0.20121000"},{"symbol":"PAXUSDT","price":"0.99960000"},{"symbol":"PAXETH","price":"0.00888047"},{"symbol":"RVNBTC","price":"0.00000071"},{"symbol":"DCRBTC","price":"0.00051200"},{"symbol":"DCRBNB","price":"0.78100000"},{"symbol":"USDCBNB","price":"0.21755000"},{"symbol":"MITHBTC","price":"0.00000080"},{"symbol":"MITHBNB","price":"0.00004410"},{"symbol":"BCHABCBTC","price":"0.02933000"},{"symbol":"BCHSVBTC","price":"0.01117900"},{"symbol":"BCHABCUSDT","price":"220.08000000"},{"symbol":"BCHSVUSDT","price":"58.90000000"},{"symbol":"BNBPAX","price":"495.10000000"},{"symbol":"BTCPAX","price":"51529.15000000"},{"symbol":"ETHPAX","price":"3904.41000000"},{"symbol":"XRPPAX","price":"0.88960000"},{"symbol":"EOSPAX","price":"2.58450000"},{"symbol":"XLMPAX","price":"0.04221000"},{"symbol":"RENBTC","price":"0.00000321"},{"symbol":"RENBNB","price":"0.00458500"},{"symbol":"BNBTUSD","price":"276.60000000"},{"symbol":"XRPTUSD","price":"0.52750000"},{"symbol":"EOSTUSD","price":"4.11590000"},{"symbol":"XLMTUSD","price":"0.06833000"},{"symbol":"BNBUSDC","price":"276.50000000"},{"symbol":"BTCUSDC","price":"26660.76000000"},{"symbol":"ETHUSDC","price":"1863.81000000"},{"symbol":"XRPUSDC","price":"0.44090000"},{"symbol":"EOSUSDC","price":"1.15300000"},{"symbol":"XLMUSDC","price":"0.04970000"},{"symbol":"USDCUSDT","price":"0.99980000"},{"symbol":"ADATUSD","price":"0.34140000"},{"symbol":"TRXTUSD","price":"0.05986000"},{"symbol":"NEOTUSD","price":"11.81800000"},{"symbol":"TRXXRP","price":"0.14690000"},{"symbol":"XZCXRP","price":"20.79200000"},{"symbol":"PAXTUSD","price":"0.99950000"},{"symbol":"USDCTUSD","price":"1.00000000"},{"symbol":"USDCPAX","price":"1.00020000"},{"symbol":"LINKUSDT","price":"6.15800000"},{"symbol":"LINKTUSD","price":"28.87000000"},{"symbol":"LINKPAX","price":"3.98340000"},{"symbol":"LINKUSDC","price":"7.77900000"},{"symbol":"WAVESUSDT","price":"1.64200000"},{"symbol":"WAVESTUSD","price":"1.07200000"},{"symbol":"WAVESPAX","price":"0.80290000"},{"symbol":"WAVESUSDC","price":"1.20360000"},{"symbol":"BCHABCTUSD","price":"220.20000000"},{"symbol":"BCHABCPAX","price":"221.20000000"},{"symbol":"BCHABCUSDC","price":"220.30000000"},{"symbol":"BCHSVTUSD","price":"59.17000000"},{"symbol":"BCHSVPAX","price":"58.18000000"},{"symbol":"BCHSVUSDC","price":"57.50000000"},{"symbol":"LTCTUSD","price":"90.41000000"},{"symbol":"LTCPAX","price":"171.13000000"},{"symbol":"LTCUSDC","price":"53.22000000"},{"symbol":"TRXPAX","price":"0.07661000"},{"symbol":"TRXUSDC","price":"0.05982000"},{"symbol":"BTTBTC","price":"0.00000005"},{"symbol":"BTTBNB","price":"0.00000573"},{"symbol":"BTTUSDT","price":"0.00277700"},{"symbol":"BNBUSDS","price":"22.27880000"},{"symbol":"BTCUSDS","price":"9604.59000000"},{"symbol":"USDSUSDT","price":"0.99680000"},{"symbol":"USDSPAX","price":"1.00020000"},{"symbol":"USDSTUSD","price":"1.00000000"},{"symbol":"USDSUSDC","price":"1.00000000"},{"symbol":"BTTPAX","price":"0.00038660"},{"symbol":"BTTTUSD","price":"0.00277000"},{"symbol":"BTTUSDC","price":"0.00277600"},{"symbol":"ONGBNB","price":"0.00545000"},{"symbol":"ONGBTC","price":"0.00000862"},{"symbol":"ONGUSDT","price":"0.23050000"},{"symbol":"HOTBNB","price":"0.00000862"},{"symbol":"HOTUSDT","price":"0.00148100"},{"symbol":"ZILUSDT","price":"0.02138000"},{"symbol":"ZRXBNB","price":"0.01045000"},{"symbol":"ZRXUSDT","price":"0.20560000"},{"symbol":"FETBNB","price":"0.00086300"},{"symbol":"FETBTC","price":"0.00000894"},{"symbol":"FETUSDT","price":"0.23790000"},{"symbol":"BATUSDT","price":"0.20180000"},{"symbol":"XMRBNB","price":"0.52710000"},{"symbol":"XMRUSDT","price":"145.70000000"},{"symbol":"ZECBNB","price":"0.10680000"},{"symbol":"ZECUSDT","price":"29.40000000"},{"symbol":"ZECPAX","price":"42.10000000"},{"symbol":"ZECTUSD","price":"51.48000000"},{"symbol":"ZECUSDC","price":"55.80000000"},{"symbol":"IOSTUSDT","price":"0.00874000"},{"symbol":"CELRBNB","price":"0.00006636"},{"symbol":"CELRBTC","price":"0.00000069"},{"symbol":"CELRUSDT","price":"0.01821000"},{"symbol":"ADAPAX","price":"0.03257000"},{"symbol":"ADAUSDC","price":"0.43520000"},{"symbol":"NEOPAX","price":"11.12200000"},{"symbol":"NEOUSDC","price":"28.27000000"},{"symbol":"DASHBNB","price":"0.14220000"},{"symbol":"DASHUSDT","price":"39.13000000"},{"symbol":"NANOUSDT","price":"2.22400000"},{"symbol":"OMGBNB","price":"0.03938000"},{"symbol":"OMGUSDT","price":"0.68100000"},{"symbol":"THETAUSDT","price":"0.77400000"},{"symbol":"ENJUSDT","price":"0.31340000"},{"symbol":"MITHUSDT","price":"0.00345000"},{"symbol":"MATICBNB","price":"0.00289300"},{"symbol":"MATICBTC","price":"0.00002999"},{"symbol":"MATICUSDT","price":"0.79920000"},{"symbol":"ATOMBNB","price":"0.03621000"},{"symbol":"ATOMBTC","price":"0.00037490"},{"symbol":"ATOMUSDT","price":"9.99900000"},{"symbol":"ATOMUSDC","price":"12.91200000"},{"symbol":"ATOMPAX","price":"3.17800000"},{"symbol":"ATOMTUSD","price":"2.59800000"},{"symbol":"ETCUSDC","price":"4.71000000"},{"symbol":"ETCPAX","price":"4.83800000"},{"symbol":"ETCTUSD","price":"3.79500000"},{"symbol":"BATUSDC","price":"0.63130000"},{"symbol":"BATPAX","price":"0.25560000"},{"symbol":"BATTUSD","price":"0.22220000"},{"symbol":"PHBBNB","price":"0.00013700"},{"symbol":"PHBBTC","price":"0.00002822"},{"symbol":"PHBUSDC","price":"0.00587000"},{"symbol":"PHBTUSD","price":"0.22900000"},{"symbol":"PHBPAX","price":"0.00639000"},{"symbol":"TFUELBNB","price":"0.00012590"},{"symbol":"TFUELBTC","price":"0.00000146"},{"symbol":"TFUELUSDT","price":"0.03910000"},{"symbol":"TFUELUSDC","price":"0.00356500"},{"symbol":"TFUELTUSD","price":"0.00307700"},{"symbol":"TFUELPAX","price":"0.00348700"},{"symbol":"ONEBNB","price":"0.00004750"},{"symbol":"ONEBTC","price":"0.00000049"},{"symbol":"ONEUSDT","price":"0.01315000"},{"symbol":"ONETUSD","price":"0.00472000"},{"symbol":"ONEPAX","price":"0.00496000"},{"symbol":"ONEUSDC","price":"0.00520000"},{"symbol":"FTMBNB","price":"0.00108490"},{"symbol":"FTMBTC","price":"0.00001124"},{"symbol":"FTMUSDT","price":"0.29980000"},{"symbol":"FTMTUSD","price":"0.01095000"},{"symbol":"FTMPAX","price":"0.01028000"},{"symbol":"FTMUSDC","price":"0.01107000"},{"symbol":"BTCBBTC","price":"1.00000000"},{"symbol":"BCPTTUSD","price":"0.02606000"},{"symbol":"BCPTPAX","price":"0.02761000"},{"symbol":"BCPTUSDC","price":"0.02728000"},{"symbol":"ALGOBNB","price":"0.00048200"},{"symbol":"ALGOBTC","price":"0.00000501"},{"symbol":"ALGOUSDT","price":"0.13350000"},{"symbol":"ALGOTUSD","price":"1.01700000"},{"symbol":"ALGOPAX","price":"0.20390000"},{"symbol":"ALGOUSDC","price":"0.23800000"},{"symbol":"USDSBUSDT","price":"0.99970000"},{"symbol":"USDSBUSDS","price":"0.99990000"},{"symbol":"GTOUSDT","price":"0.01233000"},{"symbol":"GTOPAX","price":"0.01361000"},{"symbol":"GTOTUSD","price":"0.01236000"},{"symbol":"GTOUSDC","price":"0.01196000"},{"symbol":"ERDBNB","price":"0.00083273"},{"symbol":"ERDBTC","price":"0.00000168"},{"symbol":"ERDUSDT","price":"0.01971000"},{"symbol":"ERDPAX","price":"0.00125270"},{"symbol":"ERDUSDC","price":"0.00135730"},{"symbol":"DOGEBNB","price":"0.00015270"},{"symbol":"DOGEBTC","price":"0.00000259"},{"symbol":"DOGEUSDT","price":"0.06909000"},{"symbol":"DOGEPAX","price":"0.00216820"},{"symbol":"DOGEUSDC","price":"0.00212770"},{"symbol":"DUSKBNB","price":"0.00118000"},{"symbol":"DUSKBTC","price":"0.00000505"},{"symbol":"DUSKUSDT","price":"0.13530000"},{"symbol":"DUSKUSDC","price":"0.01790000"},{"symbol":"DUSKPAX","price":"0.01890000"},{"symbol":"BGBPUSDC","price":"1.39000000"},{"symbol":"ANKRBNB","price":"0.00008680"},{"symbol":"ANKRBTC","price":"0.00000090"},{"symbol":"ANKRUSDT","price":"0.02383000"},{"symbol":"ANKRTUSD","price":"0.00212800"},{"symbol":"ANKRPAX","price":"0.00209300"},{"symbol":"ANKRUSDC","price":"0.00209700"},{"symbol":"ONTPAX","price":"0.84510000"},{"symbol":"ONTUSDC","price":"0.57080000"},{"symbol":"WINBNB","price":"0.00000026"},{"symbol":"WINBTC","price":"0.00000001"},{"symbol":"WINUSDT","price":"0.00007110"},{"symbol":"WINUSDC","price":"0.00009730"},{"symbol":"COSBNB","price":"0.00001929"},{"symbol":"COSBTC","price":"0.00000020"},{"symbol":"COSUSDT","price":"0.00532000"},{"symbol":"TUSDBTUSD","price":"0.99750000"},{"symbol":"NPXSUSDT","price":"0.00703010"},{"symbol":"NPXSUSDC","price":"0.00017020"},{"symbol":"COCOSBNB","price":"0.00559000"},{"symbol":"COCOSBTC","price":"0.00000003"},{"symbol":"COCOSUSDT","price":"1.75460000"},{"symbol":"MTLUSDT","price":"1.86500000"},{"symbol":"TOMOBNB","price":"0.03255000"},{"symbol":"TOMOBTC","price":"0.00005182"},{"symbol":"TOMOUSDT","price":"1.37880000"},{"symbol":"TOMOUSDC","price":"0.36700000"},{"symbol":"PERLBNB","price":"0.00007180"},{"symbol":"PERLBTC","price":"0.00000113"},{"symbol":"PERLUSDC","price":"0.02447000"},{"symbol":"PERLUSDT","price":"0.01777000"},{"symbol":"DENTUSDT","price":"0.00079100"},{"symbol":"MFTUSDT","price":"0.00525400"},{"symbol":"KEYUSDT","price":"0.00673800"},{"symbol":"STORMUSDT","price":"0.00339700"},{"symbol":"DOCKUSDT","price":"0.01636000"},{"symbol":"WANUSDT","price":"0.19320000"},{"symbol":"FUNUSDT","price":"0.00458200"},{"symbol":"CVCUSDT","price":"0.08220000"},{"symbol":"BTTTRX","price":"0.03945000"},{"symbol":"WINTRX","price":"0.00092100"},{"symbol":"CHZBNB","price":"0.00033440"},{"symbol":"CHZBTC","price":"0.00000347"},{"symbol":"CHZUSDT","price":"0.09230000"},{"symbol":"BANDBNB","price":"0.02248000"},{"symbol":"BANDBTC","price":"0.00004790"},{"symbol":"BANDUSDT","price":"1.27500000"},{"symbol":"BNBBUSD","price":"276.60000000"},{"symbol":"BTCBUSD","price":"26664.50000000"},{"symbol":"BUSDUSDT","price":"0.99950000"},{"symbol":"BEAMBNB","price":"0.02177000"},{"symbol":"BEAMBTC","price":"0.00000716"},{"symbol":"BEAMUSDT","price":"0.06520000"},{"symbol":"XTZBNB","price":"0.00288300"},{"symbol":"XTZBTC","price":"0.00003252"},{"symbol":"XTZUSDT","price":"0.86700000"},{"symbol":"RENUSDT","price":"0.08557900"},{"symbol":"RVNUSDT","price":"0.01903000"},{"symbol":"HCUSDT","price":"0.84230000"},{"symbol":"HBARBNB","price":"0.00017820"},{"symbol":"HBARBTC","price":"0.00000185"},{"symbol":"HBARUSDT","price":"0.04930000"},{"symbol":"NKNBNB","price":"0.00074700"},{"symbol":"NKNBTC","price":"0.00000437"},{"symbol":"NKNUSDT","price":"0.11650000"},{"symbol":"XRPBUSD","price":"0.52690000"},{"symbol":"ETHBUSD","price":"1864.21000000"},{"symbol":"BCHABCBUSD","price":"220.16000000"},{"symbol":"LTCBUSD","price":"89.83000000"},{"symbol":"LINKBUSD","price":"6.16100000"},{"symbol":"ETCBUSD","price":"17.27000000"},{"symbol":"STXBNB","price":"0.00233900"},{"symbol":"STXBTC","price":"0.00002434"},{"symbol":"STXUSDT","price":"0.64910000"},{"symbol":"KAVABNB","price":"0.00426100"},{"symbol":"KAVABTC","price":"0.00004393"},{"symbol":"KAVAUSDT","price":"1.17200000"},{"symbol":"BUSDNGN","price":"462.64000000"},{"symbol":"BNBNGN","price":"43608.00000000"},{"symbol":"BTCNGN","price":"25941597.00000000"},{"symbol":"ARPABNB","price":"0.00019040"},{"symbol":"ARPABTC","price":"0.00000197"},{"symbol":"ARPAUSDT","price":"0.05247000"},{"symbol":"TRXBUSD","price":"0.07726000"},{"symbol":"EOSBUSD","price":"0.88300000"},{"symbol":"IOTXUSDT","price":"0.02214000"},{"symbol":"RLCUSDT","price":"1.38100000"},{"symbol":"MCOUSDT","price":"2.74400000"},{"symbol":"XLMBUSD","price":"0.08890000"},{"symbol":"ADABUSD","price":"0.34040000"},{"symbol":"CTXCBNB","price":"0.00412200"},{"symbol":"CTXCBTC","price":"0.00000597"},{"symbol":"CTXCUSDT","price":"0.15880000"},{"symbol":"BCHBNB","price":"0.40800000"},{"symbol":"BCHBTC","price":"0.00422000"},{"symbol":"BCHUSDT","price":"112.70000000"},{"symbol":"BCHUSDC","price":"114.80000000"},{"symbol":"BCHTUSD","price":"630.00000000"},{"symbol":"BCHPAX","price":"617.72000000"},{"symbol":"BCHBUSD","price":"112.80000000"},{"symbol":"BTCRUB","price":"2186511.00000000"},{"symbol":"ETHRUB","price":"152897.30000000"},{"symbol":"XRPRUB","price":"43.27000000"},{"symbol":"BNBRUB","price":"22688.06000000"},{"symbol":"TROYBNB","price":"0.00001060"},{"symbol":"TROYBTC","price":"0.00000018"},{"symbol":"TROYUSDT","price":"0.00235500"},{"symbol":"BUSDRUB","price":"81.97000000"},{"symbol":"QTUMBUSD","price":"2.46900000"},{"symbol":"VETBUSD","price":"0.01849000"},{"symbol":"VITEBNB","price":"0.00070700"},{"symbol":"VITEBTC","price":"0.00000062"},{"symbol":"VITEUSDT","price":"0.01631000"},{"symbol":"FTTBNB","price":"0.00513000"},{"symbol":"FTTBTC","price":"0.00008560"},{"symbol":"FTTUSDT","price":"1.43220000"},{"symbol":"BTCTRY","price":"616497.00000000"},{"symbol":"BNBTRY","price":"6391.00000000"},{"symbol":"BUSDTRY","price":"23.11000000"},{"symbol":"ETHTRY","price":"43120.00000000"},{"symbol":"XRPTRY","price":"12.17100000"},{"symbol":"USDTTRY","price":"23.13000000"},{"symbol":"USDTRUB","price":"82.02000000"},{"symbol":"BTCEUR","price":"24998.00000000"},{"symbol":"ETHEUR","price":"1747.74000000"},{"symbol":"BNBEUR","price":"259.30000000"},{"symbol":"XRPEUR","price":"0.49390000"},{"symbol":"EURBUSD","price":"1.06710000"},{"symbol":"EURUSDT","price":"1.06640000"},{"symbol":"OGNBNB","price":"0.00038300"},{"symbol":"OGNBTC","price":"0.00000324"},{"symbol":"OGNUSDT","price":"0.08620000"},{"symbol":"DREPBNB","price":"0.00009380"},{"symbol":"DREPBTC","price":"0.00001211"},{"symbol":"DREPUSDT","price":"0.32250000"},{"symbol":"BULLUSDT","price":"1370.28000000"},{"symbol":"BULLBUSD","price":"1368.56000000"},{"symbol":"BEARUSDT","price":"11.16000000"},{"symbol":"BEARBUSD","price":"11.14000000"},{"symbol":"ETHBULLUSDT","price":"79.18000000"},{"symbol":"ETHBULLBUSD","price":"78.46000000"},{"symbol":"ETHBEARUSDT","price":"12.20000000"},{"symbol":"ETHBEARBUSD","price":"12.24000000"},{"symbol":"TCTBNB","price":"0.00041860"},{"symbol":"TCTBTC","price":"0.00000016"},{"symbol":"TCTUSDT","price":"0.00312000"},{"symbol":"WRXBNB","price":"0.00039800"},{"symbol":"WRXBTC","price":"0.00000455"},{"symbol":"WRXUSDT","price":"0.10580000"},{"symbol":"ICXBUSD","price":"0.22540000"},{"symbol":"BTSUSDT","price":"0.00790000"},{"symbol":"BTSBUSD","price":"0.01930000"},{"symbol":"LSKUSDT","price":"0.83100000"},{"symbol":"BNTUSDT","price":"0.39920000"},{"symbol":"BNTBUSD","price":"0.40090000"},{"symbol":"LTOBNB","price":"0.00248000"},{"symbol":"LTOBTC","price":"0.00000285"},{"symbol":"LTOUSDT","price":"0.07600000"},{"symbol":"ATOMBUSD","price":"10.00800000"},{"symbol":"DASHBUSD","price":"39.19000000"},{"symbol":"NEOBUSD","price":"9.28000000"},{"symbol":"WAVESBUSD","price":"1.64300000"},{"symbol":"XTZBUSD","price":"0.86600000"},{"symbol":"EOSBULLUSDT","price":"3.85000000"},{"symbol":"EOSBULLBUSD","price":"3.90000000"},{"symbol":"EOSBEARUSDT","price":"30.21000000"},{"symbol":"EOSBEARBUSD","price":"29.81000000"},{"symbol":"XRPBULLUSDT","price":"8.74000000"},{"symbol":"XRPBULLBUSD","price":"8.78000000"},{"symbol":"XRPBEARUSDT","price":"548.55000000"},{"symbol":"XRPBEARBUSD","price":"547.33000000"},{"symbol":"BATBUSD","price":"0.20200000"},{"symbol":"ENJBUSD","price":"0.31370000"},{"symbol":"NANOBUSD","price":"2.22500000"},{"symbol":"ONTBUSD","price":"0.20190000"},{"symbol":"RVNBUSD","price":"0.01904000"},{"symbol":"STRATBUSD","price":"0.49150000"},{"symbol":"STRATBNB","price":"0.01900000"},{"symbol":"STRATUSDT","price":"0.49040000"},{"symbol":"AIONBUSD","price":"0.07210000"},{"symbol":"AIONUSDT","price":"0.00943000"},{"symbol":"MBLBNB","price":"0.00001202"},{"symbol":"MBLBTC","price":"0.00000005"},{"symbol":"MBLUSDT","price":"0.00258100"},{"symbol":"COTIBNB","price":"0.00021490"},{"symbol":"COTIBTC","price":"0.00000224"},{"symbol":"COTIUSDT","price":"0.05950000"},{"symbol":"ALGOBUSD","price":"0.13360000"},{"symbol":"BTTBUSD","price":"0.00277800"},{"symbol":"TOMOBUSD","price":"1.38050000"},{"symbol":"XMRBUSD","price":"145.80000000"},{"symbol":"ZECBUSD","price":"29.40000000"},{"symbol":"BNBBULLUSDT","price":"57.21000000"},{"symbol":"BNBBULLBUSD","price":"58.37000000"},{"symbol":"BNBBEARUSDT","price":"58.61000000"},{"symbol":"BNBBEARBUSD","price":"57.21000000"},{"symbol":"STPTBNB","price":"0.00067000"},{"symbol":"STPTBTC","price":"0.00000152"},{"symbol":"STPTUSDT","price":"0.04060000"},{"symbol":"BTCZAR","price":"521318.00000000"},{"symbol":"ETHZAR","price":"36518.00000000"},{"symbol":"BNBZAR","price":"5000.00000000"},{"symbol":"USDTZAR","price":"14.02300000"},{"symbol":"BUSDZAR","price":"19.55000000"},{"symbol":"BTCBKRW","price":"42029197.00000000"},{"symbol":"ETHBKRW","price":"1277799.00000000"},{"symbol":"BNBBKRW","price":"44687.00000000"},{"symbol":"WTCUSDT","price":"0.16360000"},{"symbol":"DATABUSD","price":"0.02564000"},{"symbol":"DATAUSDT","price":"0.02549000"},{"symbol":"XZCUSDT","price":"4.44600000"},{"symbol":"SOLBNB","price":"0.07230000"},{"symbol":"SOLBTC","price":"0.00074820"},{"symbol":"SOLUSDT","price":"19.94000000"},{"symbol":"SOLBUSD","price":"19.95000000"},{"symbol":"BTCIDRT","price":"693891182.00"},{"symbol":"BNBIDRT","price":"4286985.00"},{"symbol":"USDTIDRT","price":"14906.00"},{"symbol":"BUSDIDRT","price":"14389.00"},{"symbol":"CTSIBTC","price":"0.00000598"},{"symbol":"CTSIUSDT","price":"0.15960000"},{"symbol":"CTSIBNB","price":"0.00057700"},{"symbol":"CTSIBUSD","price":"0.15960000"},{"symbol":"HIVEBNB","price":"0.00429000"},{"symbol":"HIVEBTC","price":"0.00001231"},{"symbol":"HIVEUSDT","price":"0.32770000"},{"symbol":"CHRBNB","price":"0.00053000"},{"symbol":"CHRBTC","price":"0.00000550"},{"symbol":"CHRUSDT","price":"0.14640000"},{"symbol":"BTCUPUSDT","price":"5.19400000"},{"symbol":"BTCDOWNUSDT","price":"0.00892500"},{"symbol":"GXSUSDT","price":"1.79230000"},{"symbol":"ARDRUSDT","price":"0.07040000"},{"symbol":"ERDBUSD","price":"0.01966100"},{"symbol":"LENDUSDT","price":"0.51431000"},{"symbol":"HBARBUSD","price":"0.04930000"},{"symbol":"MATICBUSD","price":"0.79990000"},{"symbol":"WRXBUSD","price":"0.10570000"},{"symbol":"ZILBUSD","price":"0.02140000"},{"symbol":"MDTBNB","price":"0.00073720"},{"symbol":"MDTBTC","price":"0.00000164"},{"symbol":"MDTUSDT","price":"0.04373000"},{"symbol":"STMXBTC","price":"0.00000016"},{"symbol":"STMXETH","price":"0.00000292"},{"symbol":"STMXUSDT","price":"0.00409700"},{"symbol":"KNCBUSD","price":"0.57600000"},{"symbol":"KNCUSDT","price":"0.57300000"},{"symbol":"REPBUSD","price":"13.67300000"},{"symbol":"REPUSDT","price":"4.73000000"},{"symbol":"LRCBUSD","price":"0.25670000"},{"symbol":"LRCUSDT","price":"0.25650000"},{"symbol":"IQBNB","price":"0.00002243"},{"symbol":"IQBUSD","price":"0.00460000"},{"symbol":"PNTBTC","price":"0.00000864"},{"symbol":"PNTUSDT","price":"0.11580000"},{"symbol":"BTCGBP","price":"21506.08000000"},{"symbol":"ETHGBP","price":"1503.62000000"},{"symbol":"XRPGBP","price":"0.42480000"},{"symbol":"BNBGBP","price":"223.10000000"},{"symbol":"GBPBUSD","price":"1.24100000"},{"symbol":"DGBBTC","price":"0.00000029"},{"symbol":"DGBBUSD","price":"0.00753000"},{"symbol":"BTCUAH","price":"1017665.00000000"},{"symbol":"USDTUAH","price":"38.08000000"},{"symbol":"COMPBTC","price":"0.00123400"},{"symbol":"COMPBNB","price":"5.71900000"},{"symbol":"COMPBUSD","price":"32.96000000"},{"symbol":"COMPUSDT","price":"32.90000000"},{"symbol":"BTCBIDR","price":"397000000.00"},{"symbol":"ETHBIDR","price":"27744695.00"},{"symbol":"BNBBIDR","price":"4116384.00"},{"symbol":"BUSDBIDR","price":"14880.00"},{"symbol":"USDTBIDR","price":"14881.00"},{"symbol":"BKRWUSDT","price":"0.00084530"},{"symbol":"BKRWBUSD","price":"0.00084550"},{"symbol":"SCUSDT","price":"0.00299000"},{"symbol":"ZENUSDT","price":"7.41000000"},{"symbol":"SXPBTC","price":"0.00001522"},{"symbol":"SXPBNB","price":"0.00146700"},{"symbol":"SXPBUSD","price":"0.40560000"},{"symbol":"SNXBTC","price":"0.00008350"},{"symbol":"SNXBNB","price":"0.00808000"},{"symbol":"SNXBUSD","price":"2.22600000"},{"symbol":"SNXUSDT","price":"2.22500000"},{"symbol":"ETHUPUSDT","price":"5.42500000"},{"symbol":"ETHDOWNUSDT","price":"0.22350000"},{"symbol":"ADAUPUSDT","price":"0.24600000"},{"symbol":"ADADOWNUSDT","price":"0.00204900"},{"symbol":"LINKUPUSDT","price":"0.00608000"},{"symbol":"LINKDOWNUSDT","price":"0.00089500"},{"symbol":"VTHOBNB","price":"0.00000673"},{"symbol":"VTHOBUSD","price":"0.00071800"},{"symbol":"VTHOUSDT","price":"0.00111500"},{"symbol":"DCRBUSD","price":"16.03500000"},{"symbol":"DGBUSDT","price":"0.00751000"},{"symbol":"GBPUSDT","price":"1.24000000"},{"symbol":"STORJBUSD","price":"0.27590000"},{"symbol":"SXPUSDT","price":"0.40530000"},{"symbol":"IRISBNB","price":"0.00166200"},{"symbol":"IRISBTC","price":"0.00000090"},{"symbol":"IRISBUSD","price":"0.06080000"},{"symbol":"MKRBNB","price":"6.90300000"},{"symbol":"MKRBTC","price":"0.02375000"},{"symbol":"MKRUSDT","price":"634.00000000"},{"symbol":"MKRBUSD","price":"634.00000000"},{"symbol":"DAIBNB","price":"0.04876000"},{"symbol":"DAIBTC","price":"0.00008966"},{"symbol":"DAIUSDT","price":"1.01890000"},{"symbol":"DAIBUSD","price":"1.01810000"},{"symbol":"RUNEBNB","price":"0.00403000"},{"symbol":"RUNEBTC","price":"0.00004180"},{"symbol":"RUNEBUSD","price":"1.11600000"},{"symbol":"MANABUSD","price":"0.44440000"},{"symbol":"DOGEBUSD","price":"0.06914000"},{"symbol":"LENDBUSD","price":"0.51530000"},{"symbol":"ZRXBUSD","price":"0.20610000"},{"symbol":"DCRUSDT","price":"13.71000000"},{"symbol":"STORJUSDT","price":"0.27510000"},{"symbol":"XRPBKRW","price":"319.76000000"},{"symbol":"ADABKRW","price":"327.55000000"},{"symbol":"BTCAUD","price":"37210.08000000"},{"symbol":"ETHAUD","price":"2565.09000000"},{"symbol":"AUDBUSD","price":"0.72550000"},{"symbol":"FIOBNB","price":"0.00017080"},{"symbol":"FIOBTC","price":"0.00000088"},{"symbol":"FIOBUSD","price":"0.02367000"},{"symbol":"BNBUPUSDT","price":"33.60000000"},{"symbol":"BNBDOWNUSDT","price":"0.01173000"},{"symbol":"XTZUPUSDT","price":"0.00255100"},{"symbol":"XTZDOWNUSDT","price":"2.60010000"},{"symbol":"AVABNB","price":"0.00218800"},{"symbol":"AVABTC","price":"0.00001760"},{"symbol":"AVABUSD","price":"0.47000000"},{"symbol":"USDTBKRW","price":"1125.00000000"},{"symbol":"BUSDBKRW","price":"1097.18000000"},{"symbol":"IOTABUSD","price":"0.18270000"},{"symbol":"MANAUSDT","price":"0.44410000"},{"symbol":"XRPAUD","price":"0.70000000"},{"symbol":"BNBAUD","price":"421.10000000"},{"symbol":"AUDUSDT","price":"0.72520000"},{"symbol":"BALBNB","price":"0.42580000"},{"symbol":"BALBTC","price":"0.00019050"},{"symbol":"BALBUSD","price":"5.09500000"},{"symbol":"YFIBNB","price":"82.19000000"},{"symbol":"YFIBTC","price":"0.22820000"},{"symbol":"YFIBUSD","price":"6125.00000000"},{"symbol":"YFIUSDT","price":"6084.00000000"},{"symbol":"BLZBUSD","price":"0.05910000"},{"symbol":"KMDBUSD","price":"0.46760000"},{"symbol":"BALUSDT","price":"5.08600000"},{"symbol":"BLZUSDT","price":"0.05900000"},{"symbol":"IRISUSDT","price":"0.02425000"},{"symbol":"KMDUSDT","price":"0.26440000"},{"symbol":"BTCDAI","price":"26663.77000000"},{"symbol":"ETHDAI","price":"1865.01000000"},{"symbol":"BNBDAI","price":"277.30000000"},{"symbol":"USDTDAI","price":"1.00050000"},{"symbol":"BUSDDAI","price":"1.00000000"},{"symbol":"JSTBNB","price":"0.00021850"},{"symbol":"JSTBTC","price":"0.00000087"},{"symbol":"JSTBUSD","price":"0.02303000"},{"symbol":"JSTUSDT","price":"0.02301000"},{"symbol":"SRMBNB","price":"0.00084000"},{"symbol":"SRMBTC","price":"0.00001523"},{"symbol":"SRMBUSD","price":"0.06764000"},{"symbol":"SRMUSDT","price":"0.24442000"},{"symbol":"ANTBNB","price":"0.01258000"},{"symbol":"ANTBTC","price":"0.00013045"},{"symbol":"ANTBUSD","price":"3.48900000"},{"symbol":"ANTUSDT","price":"3.47900000"},{"symbol":"CRVBNB","price":"0.00687000"},{"symbol":"CRVBTC","price":"0.00002922"},{"symbol":"CRVBUSD","price":"0.78100000"},{"symbol":"CRVUSDT","price":"0.78000000"},{"symbol":"SANDBNB","price":"0.00185200"},{"symbol":"SANDBTC","price":"0.00001920"},{"symbol":"SANDUSDT","price":"0.51210000"},{"symbol":"SANDBUSD","price":"0.51210000"},{"symbol":"OCEANBNB","price":"0.00127800"},{"symbol":"OCEANBTC","price":"0.00001320"},{"symbol":"OCEANBUSD","price":"0.35190000"},{"symbol":"OCEANUSDT","price":"0.35200000"},{"symbol":"NMRBTC","price":"0.00050900"},{"symbol":"NMRBUSD","price":"13.51000000"},{"symbol":"NMRUSDT","price":"13.57000000"},{"symbol":"DOTBNB","price":"0.01862000"},{"symbol":"DOTBTC","price":"0.00019310"},{"symbol":"DOTBUSD","price":"5.15400000"},{"symbol":"DOTUSDT","price":"5.15000000"},{"symbol":"LUNABNB","price":"0.00000019"},{"symbol":"LUNABTC","price":"0.00000001"},{"symbol":"LUNABUSD","price":"0.79020000"},{"symbol":"LUNAUSDT","price":"0.78930000"},{"symbol":"IDEXBTC","price":"0.00000265"},{"symbol":"IDEXBUSD","price":"0.07068000"},{"symbol":"RSRBNB","price":"0.00000865"},{"symbol":"RSRBTC","price":"0.00000016"},{"symbol":"RSRBUSD","price":"0.00240700"},{"symbol":"RSRUSDT","price":"0.00240400"},{"symbol":"PAXGBNB","price":"6.99300000"},{"symbol":"PAXGBTC","price":"0.07254000"},{"symbol":"PAXGBUSD","price":"1935.00000000"},{"symbol":"PAXGUSDT","price":"1935.00000000"},{"symbol":"WNXMBNB","price":"0.17350000"},{"symbol":"WNXMBTC","price":"0.00067200"},{"symbol":"WNXMBUSD","price":"22.16500000"},{"symbol":"WNXMUSDT","price":"27.98000000"},{"symbol":"TRBBNB","price":"0.51700000"},{"symbol":"TRBBTC","price":"0.00039200"},{"symbol":"TRBBUSD","price":"10.45000000"},{"symbol":"TRBUSDT","price":"10.45000000"},{"symbol":"ETHNGN","price":"805670.00000000"},{"symbol":"DOTBIDR","price":"72297.00"},{"symbol":"LINKAUD","price":"7.98600000"},{"symbol":"SXPAUD","price":"1.86800000"},{"symbol":"BZRXBNB","price":"0.00514000"},{"symbol":"BZRXBTC","price":"0.00000463"},{"symbol":"BZRXBUSD","price":"0.21640000"},{"symbol":"BZRXUSDT","price":"0.21560000"},{"symbol":"WBTCBTC","price":"1.00120000"},{"symbol":"WBTCETH","price":"14.34000000"},{"symbol":"SUSHIBNB","price":"0.00265500"},{"symbol":"SUSHIBTC","price":"0.00002756"},{"symbol":"SUSHIBUSD","price":"0.73500000"},{"symbol":"SUSHIUSDT","price":"0.73500000"},{"symbol":"YFIIBNB","price":"4.42000000"},{"symbol":"YFIIBTC","price":"0.07249000"},{"symbol":"YFIIBUSD","price":"1192.00000000"},{"symbol":"YFIIUSDT","price":"744.70000000"},{"symbol":"KSMBNB","price":"0.09080000"},{"symbol":"KSMBTC","price":"0.00102000"},{"symbol":"KSMBUSD","price":"27.20000000"},{"symbol":"KSMUSDT","price":"27.18000000"},{"symbol":"EGLDBNB","price":"0.13090000"},{"symbol":"EGLDBTC","price":"0.00135900"},{"symbol":"EGLDBUSD","price":"36.23000000"},{"symbol":"EGLDUSDT","price":"36.20000000"},{"symbol":"DIABNB","price":"0.00381300"},{"symbol":"DIABTC","price":"0.00001005"},{"symbol":"DIABUSD","price":"0.26840000"},{"symbol":"DIAUSDT","price":"0.26780000"},{"symbol":"RUNEUSDT","price":"1.11600000"},{"symbol":"FIOUSDT","price":"0.02350000"},{"symbol":"UMABTC","price":"0.00006630"},{"symbol":"UMAUSDT","price":"1.76000000"},{"symbol":"EOSUPUSDT","price":"0.21130000"},{"symbol":"EOSDOWNUSDT","price":"0.00036650"},{"symbol":"TRXUPUSDT","price":"0.03854000"},{"symbol":"TRXDOWNUSDT","price":"1.13900000"},{"symbol":"XRPUPUSDT","price":"0.08550000"},{"symbol":"XRPDOWNUSDT","price":"0.00008172"},{"symbol":"DOTUPUSDT","price":"0.09600000"},{"symbol":"DOTDOWNUSDT","price":"16.73700000"},{"symbol":"SRMBIDR","price":"26748.00"},{"symbol":"ONEBIDR","price":"119.92"},{"symbol":"LINKTRY","price":"142.50000000"},{"symbol":"USDTNGN","price":"761.40000000"},{"symbol":"BELBNB","price":"0.00243900"},{"symbol":"BELBTC","price":"0.00002535"},{"symbol":"BELBUSD","price":"0.67610000"},{"symbol":"BELUSDT","price":"0.67540000"},{"symbol":"WINGBNB","price":"0.04865000"},{"symbol":"WINGBTC","price":"0.00018600"},{"symbol":"SWRVBNB","price":"0.00150400"},{"symbol":"SWRVBUSD","price":"0.56490000"},{"symbol":"WINGBUSD","price":"4.96000000"},{"symbol":"WINGUSDT","price":"4.94000000"},{"symbol":"LTCUPUSDT","price":"0.48010000"},{"symbol":"LTCDOWNUSDT","price":"2.22790000"},{"symbol":"LENDBKRW","price":"579.46000000"},{"symbol":"SXPEUR","price":"0.26540000"},{"symbol":"CREAMBNB","price":"0.07230000"},{"symbol":"CREAMBUSD","price":"22.92000000"},{"symbol":"UNIBNB","price":"0.01714000"},{"symbol":"UNIBTC","price":"0.00017770"},{"symbol":"UNIBUSD","price":"4.73900000"},{"symbol":"UNIUSDT","price":"4.73500000"},{"symbol":"NBSBTC","price":"0.00000031"},{"symbol":"NBSUSDT","price":"0.00166000"},{"symbol":"OXTBTC","price":"0.00000225"},{"symbol":"OXTUSDT","price":"0.06010000"},{"symbol":"SUNBTC","price":"0.00071100"},{"symbol":"SUNUSDT","price":"0.00581000"},{"symbol":"AVAXBNB","price":"0.05245000"},{"symbol":"AVAXBTC","price":"0.00054390"},{"symbol":"AVAXBUSD","price":"14.51000000"},{"symbol":"AVAXUSDT","price":"14.50000000"},{"symbol":"HNTBTC","price":"0.00023570"},{"symbol":"HNTUSDT","price":"4.67000000"},{"symbol":"BAKEBNB","price":"0.00042900"},{"symbol":"BURGERBNB","price":"0.00153600"},{"symbol":"SXPBIDR","price":"19956.00"},{"symbol":"LINKBKRW","price":"16948.99000000"},{"symbol":"FLMBNB","price":"0.00333000"},{"symbol":"FLMBTC","price":"0.00000276"},{"symbol":"FLMBUSD","price":"0.23210000"},{"symbol":"FLMUSDT","price":"0.07320000"},{"symbol":"SCRTBTC","price":"0.00001327"},{"symbol":"SCRTETH","price":"0.00018950"},{"symbol":"CAKEBNB","price":"0.00578000"},{"symbol":"CAKEBUSD","price":"1.60200000"},{"symbol":"SPARTABNB","price":"0.00006570"},{"symbol":"UNIUPUSDT","price":"1.05500000"},{"symbol":"UNIDOWNUSDT","price":"2.17200000"},{"symbol":"ORNBTC","price":"0.00002998"},{"symbol":"ORNUSDT","price":"0.79500000"},{"symbol":"TRXNGN","price":"20.71000000"},{"symbol":"SXPTRY","price":"9.38100000"},{"symbol":"UTKBTC","price":"0.00000304"},{"symbol":"UTKUSDT","price":"0.08100000"},{"symbol":"XVSBNB","price":"0.01500000"},{"symbol":"XVSBTC","price":"0.00015680"},{"symbol":"XVSBUSD","price":"4.17000000"},{"symbol":"XVSUSDT","price":"4.17000000"},{"symbol":"ALPHABNB","price":"0.00029900"},{"symbol":"ALPHABTC","price":"0.00000462"},{"symbol":"ALPHABUSD","price":"0.12290000"},{"symbol":"ALPHAUSDT","price":"0.12300000"},{"symbol":"VIDTBTC","price":"0.00000097"},{"symbol":"VIDTBUSD","price":"0.02564000"},{"symbol":"AAVEBNB","price":"0.22060000"},{"symbol":"BTCBRL","price":"131653.00000000"},{"symbol":"USDTBRL","price":"4.93800000"},{"symbol":"AAVEBTC","price":"0.00228900"},{"symbol":"AAVEETH","price":"0.03270000"},{"symbol":"AAVEBUSD","price":"61.10000000"},{"symbol":"AAVEUSDT","price":"61.10000000"},{"symbol":"AAVEBKRW","price":"164167.00000000"},{"symbol":"NEARBNB","price":"0.00537100"},{"symbol":"NEARBTC","price":"0.00005559"},{"symbol":"NEARBUSD","price":"1.48300000"},{"symbol":"NEARUSDT","price":"1.48200000"},{"symbol":"SXPUPUSDT","price":"0.17426000"},{"symbol":"SXPDOWNUSDT","price":"0.08950000"},{"symbol":"DOTBKRW","price":"13514.98000000"},{"symbol":"SXPGBP","price":"0.40800000"},{"symbol":"FILBNB","price":"0.01566000"},{"symbol":"FILBTC","price":"0.00016220"},{"symbol":"FILBUSD","price":"4.32600000"},{"symbol":"FILUSDT","price":"4.32400000"},{"symbol":"FILUPUSDT","price":"0.15150000"},{"symbol":"FILDOWNUSDT","price":"0.00076660"},{"symbol":"YFIUPUSDT","price":"0.11690000"},{"symbol":"YFIDOWNUSDT","price":"0.90090000"},{"symbol":"INJBNB","price":"0.02618000"},{"symbol":"INJBTC","price":"0.00027110"},{"symbol":"INJBUSD","price":"7.24500000"},{"symbol":"INJUSDT","price":"7.23200000"},{"symbol":"AERGOBTC","price":"0.00000394"},{"symbol":"AERGOBUSD","price":"0.10540000"},{"symbol":"LINKEUR","price":"5.77800000"},{"symbol":"ONEBUSD","price":"0.01317000"},{"symbol":"EASYETH","price":"0.00623000"},{"symbol":"AUDIOBTC","price":"0.00000799"},{"symbol":"AUDIOBUSD","price":"0.21320000"},{"symbol":"AUDIOUSDT","price":"0.21310000"},{"symbol":"CTKBNB","price":"0.00248000"},{"symbol":"CTKBTC","price":"0.00002570"},{"symbol":"CTKBUSD","price":"0.68500000"},{"symbol":"CTKUSDT","price":"0.68500000"},{"symbol":"BCHUPUSDT","price":"0.07240000"},{"symbol":"BCHDOWNUSDT","price":"0.22470000"},{"symbol":"BOTBTC","price":"0.04906000"},{"symbol":"BOTBUSD","price":"2783.23000000"},{"symbol":"ETHBRL","price":"9199.03000000"},{"symbol":"DOTEUR","price":"4.83000000"},{"symbol":"AKROBTC","price":"0.00000013"},{"symbol":"AKROUSDT","price":"0.00455000"},{"symbol":"KP3RBNB","price":"0.20250000"},{"symbol":"KP3RBUSD","price":"60.50000000"},{"symbol":"AXSBNB","price":"0.02382000"},{"symbol":"AXSBTC","price":"0.00024680"},{"symbol":"AXSBUSD","price":"6.58000000"},{"symbol":"AXSUSDT","price":"6.58000000"},{"symbol":"HARDBNB","price":"0.00046800"},{"symbol":"HARDBTC","price":"0.00000485"},{"symbol":"HARDBUSD","price":"0.13000000"},{"symbol":"HARDUSDT","price":"0.12920000"},{"symbol":"BNBBRL","price":"1365.00000000"},{"symbol":"LTCEUR","price":"84.23000000"},{"symbol":"RENBTCBTC","price":"0.99310000"},{"symbol":"RENBTCETH","price":"16.29900000"},{"symbol":"DNTBUSD","price":"0.03600000"},{"symbol":"DNTUSDT","price":"0.03600000"},{"symbol":"SLPETH","price":"0.00000108"},{"symbol":"ADAEUR","price":"0.31930000"},{"symbol":"LTCNGN","price":"78132.00000000"},{"symbol":"CVPETH","price":"0.00032000"},{"symbol":"CVPBUSD","price":"0.34690000"},{"symbol":"STRAXBTC","price":"0.00001689"},{"symbol":"STRAXETH","price":"0.00031880"},{"symbol":"STRAXBUSD","price":"0.45500000"},{"symbol":"STRAXUSDT","price":"0.45300000"},{"symbol":"FORBTC","price":"0.00000073"},{"symbol":"FORBUSD","price":"0.01935000"},{"symbol":"UNFIBNB","price":"0.02654000"},{"symbol":"UNFIBTC","price":"0.00015730"},{"symbol":"UNFIBUSD","price":"4.19700000"},{"symbol":"UNFIUSDT","price":"4.19500000"},{"symbol":"FRONTETH","price":"0.00033040"},{"symbol":"FRONTBUSD","price":"0.16120000"},{"symbol":"BCHABUSD","price":"43.64100000"},{"symbol":"ROSEBTC","price":"0.00000199"},{"symbol":"ROSEBUSD","price":"0.05300000"},{"symbol":"ROSEUSDT","price":"0.05300000"},{"symbol":"AVAXTRY","price":"335.20000000"},{"symbol":"BUSDBRL","price":"4.93400000"},{"symbol":"AVAUSDT","price":"0.46900000"},{"symbol":"SYSBUSD","price":"0.12360000"},{"symbol":"XEMUSDT","price":"0.02930000"},{"symbol":"HEGICETH","price":"0.00001647"},{"symbol":"HEGICBUSD","price":"0.02120000"},{"symbol":"AAVEUPUSDT","price":"0.60080000"},{"symbol":"AAVEDOWNUSDT","price":"0.00467300"},{"symbol":"PROMBNB","price":"0.01443000"},{"symbol":"PROMBUSD","price":"4.20000000"},{"symbol":"XRPBRL","price":"2.60100000"},{"symbol":"XRPNGN","price":"214.17000000"},{"symbol":"SKLBTC","price":"0.00000116"},{"symbol":"SKLBUSD","price":"0.03117000"},{"symbol":"SKLUSDT","price":"0.03106000"},{"symbol":"BCHEUR","price":"106.00000000"},{"symbol":"YFIEUR","price":"5735.00000000"},{"symbol":"ZILBIDR","price":"319.00"},{"symbol":"SUSDBTC","price":"0.00002065"},{"symbol":"SUSDETH","price":"0.00052700"},{"symbol":"SUSDUSDT","price":"0.99600000"},{"symbol":"COVERETH","price":"0.06373000"},{"symbol":"COVERBUSD","price":"193.60000000"},{"symbol":"GLMBTC","price":"0.00000729"},{"symbol":"GLMETH","price":"0.00015020"},{"symbol":"GHSTETH","price":"0.00081750"},{"symbol":"GHSTBUSD","price":"0.95900000"},{"symbol":"SUSHIUPUSDT","price":"0.00471400"},{"symbol":"SUSHIDOWNUSDT","price":"37.37000000"},{"symbol":"XLMUPUSDT","price":"0.02430000"},{"symbol":"XLMDOWNUSDT","price":"4.30400000"},{"symbol":"LINKBRL","price":"30.42000000"},{"symbol":"LINKNGN","price":"11772.00000000"},{"symbol":"LTCRUB","price":"7362.60000000"},{"symbol":"TRXTRY","price":"1.78680000"},{"symbol":"XLMEUR","price":"0.08340000"},{"symbol":"DFETH","price":"0.00007020"},{"symbol":"DFBUSD","price":"0.04200000"},{"symbol":"GRTBTC","price":"0.00000437"},{"symbol":"GRTETH","price":"0.00006240"},{"symbol":"GRTUSDT","price":"0.11640000"},{"symbol":"JUVBTC","price":"0.00013770"},{"symbol":"JUVBUSD","price":"2.17500000"},{"symbol":"JUVUSDT","price":"2.17300000"},{"symbol":"PSGBTC","price":"0.00013560"},{"symbol":"PSGBUSD","price":"3.65000000"},{"symbol":"PSGUSDT","price":"3.64000000"},{"symbol":"BUSDBVND","price":"23720.00"},{"symbol":"USDTBVND","price":"23710.00"},{"symbol":"1INCHBTC","price":"0.00001230"},{"symbol":"1INCHUSDT","price":"0.32800000"},{"symbol":"REEFBTC","price":"0.00000014"},{"symbol":"REEFUSDT","price":"0.00195500"},{"symbol":"OGBTC","price":"0.00015340"},{"symbol":"OGUSDT","price":"4.09400000"},{"symbol":"ATMBTC","price":"0.00009440"},{"symbol":"ATMUSDT","price":"2.48000000"},{"symbol":"ASRBTC","price":"0.00013390"},{"symbol":"ASRUSDT","price":"2.33000000"},{"symbol":"CELOBTC","price":"0.00001796"},{"symbol":"CELOUSDT","price":"0.47900000"},{"symbol":"RIFBTC","price":"0.00000425"},{"symbol":"RIFUSDT","price":"0.11310000"},{"symbol":"CHZTRY","price":"2.13700000"},{"symbol":"XLMTRY","price":"2.05600000"},{"symbol":"LINKGBP","price":"4.98000000"},{"symbol":"GRTEUR","price":"0.10960000"},{"symbol":"BTCSTBTC","price":"0.00033100"},{"symbol":"BTCSTBUSD","price":"1.16000000"},{"symbol":"BTCSTUSDT","price":"5.35000000"},{"symbol":"TRUBTC","price":"0.00000170"},{"symbol":"TRUBUSD","price":"0.53570000"},{"symbol":"TRUUSDT","price":"0.04520000"},{"symbol":"DEXEETH","price":"0.00120900"},{"symbol":"DEXEBUSD","price":"2.26600000"},{"symbol":"EOSEUR","price":"0.82700000"},{"symbol":"LTCBRL","price":"443.90000000"},{"symbol":"USDCBUSD","price":"0.99990000"},{"symbol":"TUSDBUSD","price":"0.99980000"},{"symbol":"PAXBUSD","price":"1.00000000"},{"symbol":"CKBBTC","price":"0.00000015"},{"symbol":"CKBBUSD","price":"0.00333000"},{"symbol":"CKBUSDT","price":"0.00332000"},{"symbol":"TWTBTC","price":"0.00003538"},{"symbol":"TWTBUSD","price":"0.94490000"},{"symbol":"TWTUSDT","price":"0.94400000"},{"symbol":"FIROBTC","price":"0.00005800"},{"symbol":"FIROETH","price":"0.00133300"},{"symbol":"FIROUSDT","price":"1.54300000"},{"symbol":"BETHETH","price":"0.99590000"},{"symbol":"DOGEEUR","price":"0.06480000"},{"symbol":"DOGETRY","price":"1.59700000"},{"symbol":"DOGEAUD","price":"0.09449000"},{"symbol":"DOGEBRL","price":"0.34150000"},{"symbol":"DOTNGN","price":"10716.00000000"},{"symbol":"PROSETH","price":"0.00021600"},{"symbol":"LITBTC","price":"0.00002948"},{"symbol":"LITBUSD","price":"0.78500000"},{"symbol":"LITUSDT","price":"0.78500000"},{"symbol":"BTCVAI","price":"56876.40000000"},{"symbol":"BUSDVAI","price":"1.03900000"},{"symbol":"SFPBTC","price":"0.00001430"},{"symbol":"SFPBUSD","price":"0.38360000"},{"symbol":"SFPUSDT","price":"0.38350000"},{"symbol":"DOGEGBP","price":"0.05582000"},{"symbol":"DOTTRY","price":"119.30000000"},{"symbol":"FXSBTC","price":"0.00022914"},{"symbol":"FXSBUSD","price":"6.13100000"},{"symbol":"DODOBTC","price":"0.00000423"},{"symbol":"DODOBUSD","price":"0.11300000"},{"symbol":"DODOUSDT","price":"0.11280000"},{"symbol":"FRONTBTC","price":"0.00000605"},{"symbol":"EASYBTC","price":"0.00029250"},{"symbol":"CAKEBTC","price":"0.00006000"},{"symbol":"CAKEUSDT","price":"1.60100000"},{"symbol":"BAKEBUSD","price":"0.11850000"},{"symbol":"UFTETH","price":"0.00014980"},{"symbol":"UFTBUSD","price":"0.27810000"},{"symbol":"1INCHBUSD","price":"0.32900000"},{"symbol":"BANDBUSD","price":"1.27700000"},{"symbol":"GRTBUSD","price":"0.11650000"},{"symbol":"IOSTBUSD","price":"0.00876000"},{"symbol":"OMGBUSD","price":"0.68200000"},{"symbol":"REEFBUSD","price":"0.00196600"},{"symbol":"ACMBTC","price":"0.00009050"},{"symbol":"ACMBUSD","price":"2.04900000"},{"symbol":"ACMUSDT","price":"2.05000000"},{"symbol":"AUCTIONBTC","price":"0.00016450"},{"symbol":"AUCTIONBUSD","price":"4.40000000"},{"symbol":"PHABTC","price":"0.00000428"},{"symbol":"PHABUSD","price":"0.11390000"},{"symbol":"DOTGBP","price":"4.17900000"},{"symbol":"ADATRY","price":"7.87000000"},{"symbol":"ADABRL","price":"1.68000000"},{"symbol":"ADAGBP","price":"0.27520000"},{"symbol":"TVKBTC","price":"0.00000114"},{"symbol":"TVKBUSD","price":"0.03050000"},{"symbol":"BADGERBTC","price":"0.00008630"},{"symbol":"BADGERBUSD","price":"2.30000000"},{"symbol":"BADGERUSDT","price":"2.29700000"},{"symbol":"FISBTC","price":"0.00001280"},{"symbol":"FISBUSD","price":"0.34300000"},{"symbol":"FISUSDT","price":"0.34220000"},{"symbol":"DOTBRL","price":"25.46000000"},{"symbol":"ADAAUD","price":"0.50540000"},{"symbol":"HOTTRY","price":"0.03431000"},{"symbol":"EGLDEUR","price":"33.99000000"},{"symbol":"OMBTC","price":"0.00000096"},{"symbol":"OMBUSD","price":"0.02578000"},{"symbol":"OMUSDT","price":"0.02574000"},{"symbol":"PONDBTC","price":"0.00000031"},{"symbol":"PONDBUSD","price":"0.00803000"},{"symbol":"PONDUSDT","price":"0.00803000"},{"symbol":"DEGOBTC","price":"0.00006116"},{"symbol":"DEGOBUSD","price":"1.63400000"},{"symbol":"DEGOUSDT","price":"1.63100000"},{"symbol":"AVAXEUR","price":"13.63000000"},{"symbol":"BTTTRY","price":"0.03783000"},{"symbol":"CHZBRL","price":"0.45500000"},{"symbol":"UNIEUR","price":"4.85600000"},{"symbol":"ALICEBTC","price":"0.00004290"},{"symbol":"ALICEBUSD","price":"1.14000000"},{"symbol":"ALICEUSDT","price":"1.14200000"},{"symbol":"CHZBUSD","price":"0.09240000"},{"symbol":"CHZEUR","price":"0.08660000"},{"symbol":"CHZGBP","price":"0.07550000"},{"symbol":"BIFIBNB","price":"2.77700000"},{"symbol":"BIFIBUSD","price":"409.50000000"},{"symbol":"LINABTC","price":"0.00000050"},{"symbol":"LINABUSD","price":"0.01325800"},{"symbol":"LINAUSDT","price":"0.01324600"},{"symbol":"ADARUB","price":"27.93000000"},{"symbol":"ENJBRL","price":"1.54700000"},{"symbol":"ENJEUR","price":"0.29390000"},{"symbol":"MATICEUR","price":"0.74970000"},{"symbol":"NEOTRY","price":"214.70000000"},{"symbol":"PERPBTC","price":"0.00002014"},{"symbol":"PERPBUSD","price":"0.53871000"},{"symbol":"PERPUSDT","price":"0.53815000"},{"symbol":"RAMPBTC","price":"0.00000273"},{"symbol":"RAMPBUSD","price":"0.05210000"},{"symbol":"RAMPUSDT","price":"0.05240000"},{"symbol":"SUPERBTC","price":"0.00000506"},{"symbol":"SUPERBUSD","price":"0.13430000"},{"symbol":"SUPERUSDT","price":"0.13440000"},{"symbol":"CFXBTC","price":"0.00000896"},{"symbol":"CFXBUSD","price":"0.23880000"},{"symbol":"CFXUSDT","price":"0.23860000"},{"symbol":"ENJGBP","price":"0.36760000"},{"symbol":"EOSTRY","price":"20.40000000"},{"symbol":"LTCGBP","price":"72.70000000"},{"symbol":"LUNAEUR","price":"0.00006000"},{"symbol":"RVNTRY","price":"0.44120000"},{"symbol":"THETAEUR","price":"0.72800000"},{"symbol":"XVGBUSD","price":"0.00179500"},{"symbol":"EPSBTC","price":"0.00000499"},{"symbol":"EPSBUSD","price":"0.16790000"},{"symbol":"EPSUSDT","price":"0.16790000"},{"symbol":"AUTOBTC","price":"0.00324000"},{"symbol":"AUTOBUSD","price":"95.10000000"},{"symbol":"AUTOUSDT","price":"95.30000000"},{"symbol":"TKOBTC","price":"0.00001003"},{"symbol":"TKOBIDR","price":"3980.70"},{"symbol":"TKOBUSD","price":"0.26770000"},{"symbol":"TKOUSDT","price":"0.26750000"},{"symbol":"PUNDIXETH","price":"0.00019970"},{"symbol":"PUNDIXUSDT","price":"0.37100000"},{"symbol":"BTTBRL","price":"0.01553000"},{"symbol":"BTTEUR","price":"0.00243600"},{"symbol":"HOTEUR","price":"0.00178900"},{"symbol":"WINEUR","price":"0.00006680"},{"symbol":"TLMBTC","price":"0.00000051"},{"symbol":"TLMBUSD","price":"0.01356000"},{"symbol":"TLMUSDT","price":"0.01352000"},{"symbol":"1INCHUPUSDT","price":"0.06570300"},{"symbol":"1INCHDOWNUSDT","price":"0.00614800"},{"symbol":"BTGBUSD","price":"17.62000000"},{"symbol":"BTGUSDT","price":"17.65000000"},{"symbol":"HOTBUSD","price":"0.00148300"},{"symbol":"BNBUAH","price":"10537.00000000"},{"symbol":"ONTTRY","price":"4.65900000"},{"symbol":"VETEUR","price":"0.01735000"},{"symbol":"VETGBP","price":"0.01490000"},{"symbol":"WINBRL","price":"0.00035200"},{"symbol":"MIRBTC","price":"0.00000838"},{"symbol":"MIRBUSD","price":"0.13237000"},{"symbol":"MIRUSDT","price":"0.14168000"},{"symbol":"BARBTC","price":"0.00014100"},{"symbol":"BARBUSD","price":"2.88000000"},{"symbol":"BARUSDT","price":"2.86000000"},{"symbol":"FORTHBTC","price":"0.00009670"},{"symbol":"FORTHBUSD","price":"2.58400000"},{"symbol":"FORTHUSDT","price":"2.57000000"},{"symbol":"CAKEGBP","price":"2.71400000"},{"symbol":"DOGERUB","price":"6.94000000"},{"symbol":"HOTBRL","price":"0.03750000"},{"symbol":"WRXEUR","price":"0.57460000"},{"symbol":"EZBTC","price":"0.00001351"},{"symbol":"EZETH","price":"0.00017500"},{"symbol":"BAKEUSDT","price":"0.11850000"},{"symbol":"BURGERBUSD","price":"0.42240000"},{"symbol":"BURGERUSDT","price":"0.42130000"},{"symbol":"SLPBUSD","price":"0.00200800"},{"symbol":"SLPUSDT","price":"0.00200600"},{"symbol":"TRXAUD","price":"0.09810000"},{"symbol":"TRXEUR","price":"0.07247000"},{"symbol":"VETTRY","price":"0.42770000"},{"symbol":"SHIBUSDT","price":"0.00000801"},{"symbol":"SHIBBUSD","price":"0.00000801"},{"symbol":"ICPBTC","price":"0.00016180"},{"symbol":"ICPBNB","price":"0.01564000"},{"symbol":"ICPBUSD","price":"4.32700000"},{"symbol":"ICPUSDT","price":"4.31900000"},{"symbol":"SHIBEUR","price":"0.00000753"},{"symbol":"SHIBRUB","price":"0.00057730"},{"symbol":"ETCEUR","price":"16.20000000"},{"symbol":"ETCBRL","price":"202.40000000"},{"symbol":"DOGEBIDR","price":"1028.00"},{"symbol":"ARBTC","price":"0.00023500"},{"symbol":"ARBNB","price":"0.02183000"},{"symbol":"ARBUSD","price":"6.27000000"},{"symbol":"ARUSDT","price":"6.26000000"},{"symbol":"POLSBTC","price":"0.00001193"},{"symbol":"POLSBNB","price":"0.00116000"},{"symbol":"POLSBUSD","price":"0.31900000"},{"symbol":"POLSUSDT","price":"0.31900000"},{"symbol":"MDXBTC","price":"0.00000239"},{"symbol":"MDXBNB","price":"0.00061900"},{"symbol":"MDXBUSD","price":"0.06400000"},{"symbol":"MDXUSDT","price":"0.06380000"},{"symbol":"MASKBNB","price":"0.01517000"},{"symbol":"MASKBUSD","price":"4.16000000"},{"symbol":"MASKUSDT","price":"4.15700000"},{"symbol":"LPTBTC","price":"0.00019620"},{"symbol":"LPTBNB","price":"0.01886000"},{"symbol":"LPTBUSD","price":"5.23000000"},{"symbol":"LPTUSDT","price":"5.22000000"},{"symbol":"ETHUAH","price":"70895.00000000"},{"symbol":"MATICBRL","price":"3.95100000"},{"symbol":"SOLEUR","price":"18.70000000"},{"symbol":"SHIBBRL","price":"0.00003959"},{"symbol":"AGIXBTC","price":"0.00000989"},{"symbol":"ICPEUR","price":"4.06700000"},{"symbol":"MATICGBP","price":"0.65020000"},{"symbol":"SHIBTRY","price":"0.00018529"},{"symbol":"MATICBIDR","price":"11900.00"},{"symbol":"MATICRUB","price":"65.59000000"},{"symbol":"NUBTC","price":"0.00001240"},{"symbol":"NUBNB","price":"0.00126770"},{"symbol":"NUBUSD","price":"0.54530000"},{"symbol":"NUUSDT","price":"0.54360000"},{"symbol":"XVGUSDT","price":"0.00179600"},{"symbol":"RLCBUSD","price":"1.78300000"},{"symbol":"CELRBUSD","price":"0.01824000"},{"symbol":"ATMBUSD","price":"2.47900000"},{"symbol":"ZENBUSD","price":"7.40000000"},{"symbol":"FTMBUSD","price":"0.30010000"},{"symbol":"THETABUSD","price":"0.77600000"},{"symbol":"WINBUSD","price":"0.00007120"},{"symbol":"KAVABUSD","price":"1.17200000"},{"symbol":"XEMBUSD","price":"0.09630000"},{"symbol":"ATABTC","price":"0.00000411"},{"symbol":"ATABNB","price":"0.00036900"},{"symbol":"ATABUSD","price":"0.10960000"},{"symbol":"ATAUSDT","price":"0.10960000"},{"symbol":"GTCBTC","price":"0.00004410"},{"symbol":"GTCBNB","price":"0.01860000"},{"symbol":"GTCBUSD","price":"1.17800000"},{"symbol":"GTCUSDT","price":"1.17500000"},{"symbol":"TORNBTC","price":"0.00023980"},{"symbol":"TORNBNB","price":"0.09058000"},{"symbol":"TORNBUSD","price":"3.58000000"},{"symbol":"TORNUSDT","price":"4.06000000"},{"symbol":"MATICTRY","price":"18.48600000"},{"symbol":"ETCGBP","price":"26.54000000"},{"symbol":"SOLGBP","price":"16.20000000"},{"symbol":"BAKEBTC","price":"0.00000445"},{"symbol":"COTIBUSD","price":"0.05960000"},{"symbol":"KEEPBTC","price":"0.00001432"},{"symbol":"KEEPBNB","price":"0.00145070"},{"symbol":"KEEPBUSD","price":"0.62600000"},{"symbol":"KEEPUSDT","price":"0.62510000"},{"symbol":"SOLTRY","price":"461.60000000"},{"symbol":"RUNEGBP","price":"0.90300000"},{"symbol":"SOLBRL","price":"98.70000000"},{"symbol":"SCBUSD","price":"0.00301000"},{"symbol":"CHRBUSD","price":"0.14650000"},{"symbol":"STMXBUSD","price":"0.00409500"},{"symbol":"HNTBUSD","price":"1.22800000"},{"symbol":"FTTBUSD","price":"0.89340000"},{"symbol":"DOCKBUSD","price":"0.01636000"},{"symbol":"ADABIDR","price":"5070.00"},{"symbol":"ERNBNB","price":"0.00669000"},{"symbol":"ERNBUSD","price":"1.80400000"},{"symbol":"ERNUSDT","price":"1.80500000"},{"symbol":"KLAYBTC","price":"0.00000669"},{"symbol":"KLAYBNB","price":"0.00064500"},{"symbol":"KLAYBUSD","price":"0.17860000"},{"symbol":"KLAYUSDT","price":"0.17820000"},{"symbol":"RUNEEUR","price":"1.04900000"},{"symbol":"MATICAUD","price":"1.21410000"},{"symbol":"DOTRUB","price":"422.80000000"},{"symbol":"UTKBUSD","price":"0.08110000"},{"symbol":"IOTXBUSD","price":"0.02217000"},{"symbol":"PHAUSDT","price":"0.11390000"},{"symbol":"SOLRUB","price":"1644.00000000"},{"symbol":"RUNEAUD","price":"17.40400000"},{"symbol":"BUSDUAH","price":"38.03000000"},{"symbol":"BONDBTC","price":"0.00012290"},{"symbol":"BONDBNB","price":"0.02969000"},{"symbol":"BONDBUSD","price":"3.27400000"},{"symbol":"BONDUSDT","price":"3.26800000"},{"symbol":"MLNBTC","price":"0.00065600"},{"symbol":"MLNBNB","price":"0.09880000"},{"symbol":"MLNBUSD","price":"17.51000000"},{"symbol":"MLNUSDT","price":"17.48000000"},{"symbol":"GRTTRY","price":"2.69000000"},{"symbol":"CAKEBRL","price":"69.72000000"},{"symbol":"ICPRUB","price":"4589.00000000"},{"symbol":"DOTAUD","price":"6.63100000"},{"symbol":"AAVEBRL","price":"1792.00000000"},{"symbol":"EOSAUD","price":"6.55500000"},{"symbol":"DEXEUSDT","price":"2.26000000"},{"symbol":"LTOBUSD","price":"0.07630000"},{"symbol":"ADXBUSD","price":"0.15100000"},{"symbol":"QUICKBTC","price":"0.00184300"},{"symbol":"QUICKBNB","price":"0.42200000"},{"symbol":"QUICKBUSD","price":"49.20000000"},{"symbol":"C98USDT","price":"0.17570000"},{"symbol":"C98BUSD","price":"0.17650000"},{"symbol":"C98BNB","price":"0.00080500"},{"symbol":"C98BTC","price":"0.00000659"},{"symbol":"CLVBTC","price":"0.00000149"},{"symbol":"CLVBNB","price":"0.00026430"},{"symbol":"CLVBUSD","price":"0.03969000"},{"symbol":"CLVUSDT","price":"0.03974000"},{"symbol":"QNTBTC","price":"0.00435000"},{"symbol":"QNTBNB","price":"0.41840000"},{"symbol":"QNTBUSD","price":"116.10000000"},{"symbol":"QNTUSDT","price":"116.00000000"},{"symbol":"FLOWBTC","price":"0.00002464"},{"symbol":"FLOWBNB","price":"0.00238000"},{"symbol":"FLOWBUSD","price":"0.65700000"},{"symbol":"FLOWUSDT","price":"0.65600000"},{"symbol":"XECBUSD","price":"0.00002335"},{"symbol":"AXSBRL","price":"38.36000000"},{"symbol":"AXSAUD","price":"8.66000000"},{"symbol":"TVKUSDT","price":"0.03040000"},{"symbol":"MINABTC","price":"0.00001916"},{"symbol":"MINABNB","price":"0.00184600"},{"symbol":"MINABUSD","price":"0.51200000"},{"symbol":"MINAUSDT","price":"0.51100000"},{"symbol":"RAYBNB","price":"0.00075200"},{"symbol":"RAYBUSD","price":"0.20750000"},{"symbol":"RAYUSDT","price":"0.20700000"},{"symbol":"FARMBTC","price":"0.00094200"},{"symbol":"FARMBNB","price":"0.15150000"},{"symbol":"FARMBUSD","price":"25.14000000"},{"symbol":"FARMUSDT","price":"25.16000000"},{"symbol":"ALPACABTC","price":"0.00000661"},{"symbol":"ALPACABNB","price":"0.00094400"},{"symbol":"ALPACABUSD","price":"0.17660000"},{"symbol":"ALPACAUSDT","price":"0.17650000"},{"symbol":"TLMTRY","price":"0.31240000"},{"symbol":"QUICKUSDT","price":"49.20000000"},{"symbol":"ORNBUSD","price":"0.79100000"},{"symbol":"MBOXBTC","price":"0.00001351"},{"symbol":"MBOXBNB","price":"0.00130700"},{"symbol":"MBOXBUSD","price":"0.36200000"},{"symbol":"MBOXUSDT","price":"0.36100000"},{"symbol":"VGXBTC","price":"0.00002524"},{"symbol":"VGXETH","price":"0.00034800"},{"symbol":"FORUSDT","price":"0.01934000"},{"symbol":"REQUSDT","price":"0.08170000"},{"symbol":"GHSTUSDT","price":"0.96000000"},{"symbol":"TRURUB","price":"2.98000000"},{"symbol":"FISBRL","price":"1.78100000"},{"symbol":"WAXPUSDT","price":"0.04910000"},{"symbol":"WAXPBUSD","price":"0.04920000"},{"symbol":"WAXPBNB","price":"0.00017910"},{"symbol":"WAXPBTC","price":"0.00000184"},{"symbol":"TRIBEBTC","price":"0.00000743"},{"symbol":"TRIBEBNB","price":"0.00143100"},{"symbol":"TRIBEBUSD","price":"0.20570000"},{"symbol":"TRIBEUSDT","price":"0.20180000"},{"symbol":"GNOUSDT","price":"115.10000000"},{"symbol":"GNOBUSD","price":"304.10000000"},{"symbol":"GNOBNB","price":"0.86500000"},{"symbol":"GNOBTC","price":"0.00562400"},{"symbol":"ARPATRY","price":"1.21330000"},{"symbol":"PROMBTC","price":"0.00015710"},{"symbol":"MTLBUSD","price":"1.86500000"},{"symbol":"OGNBUSD","price":"0.08630000"},{"symbol":"XECUSDT","price":"0.00002328"},{"symbol":"C98BRL","price":"1.30800000"},{"symbol":"SOLAUD","price":"28.48000000"},{"symbol":"XRPBIDR","price":"7856.00"},{"symbol":"POLYBUSD","price":"0.27000000"},{"symbol":"ELFUSDT","price":"0.29460000"},{"symbol":"DYDXUSDT","price":"2.05500000"},{"symbol":"DYDXBUSD","price":"2.05500000"},{"symbol":"DYDXBNB","price":"0.00743400"},{"symbol":"DYDXBTC","price":"0.00007705"},{"symbol":"ELFBUSD","price":"0.29400000"},{"symbol":"POLYUSDT","price":"0.26960000"},{"symbol":"IDEXUSDT","price":"0.07061000"},{"symbol":"VIDTUSDT","price":"0.02562000"},{"symbol":"SOLBIDR","price":"297186.00"},{"symbol":"AXSBIDR","price":"100997.00"},{"symbol":"BTCUSDP","price":"19435.03000000"},{"symbol":"ETHUSDP","price":"1344.37000000"},{"symbol":"BNBUSDP","price":"282.09000000"},{"symbol":"USDPBUSD","price":"1.00000000"},{"symbol":"USDPUSDT","price":"0.99940000"},{"symbol":"GALAUSDT","price":"0.02674000"},{"symbol":"GALABUSD","price":"0.02676000"},{"symbol":"GALABNB","price":"0.00009675"},{"symbol":"GALABTC","price":"0.00000100"},{"symbol":"FTMBIDR","price":"3413.00"},{"symbol":"ALGOBIDR","price":"20095.00"},{"symbol":"CAKEAUD","price":"25.61000000"},{"symbol":"KSMAUD","price":"234.80000000"},{"symbol":"WAVESRUB","price":"1190.49000000"},{"symbol":"SUNBUSD","price":"0.00583000"},{"symbol":"ILVUSDT","price":"51.35000000"},{"symbol":"ILVBUSD","price":"51.38000000"},{"symbol":"ILVBNB","price":"0.18600000"},{"symbol":"ILVBTC","price":"0.00192400"},{"symbol":"RENBUSD","price":"0.08568400"},{"symbol":"YGGUSDT","price":"0.16780000"},{"symbol":"YGGBUSD","price":"0.16800000"},{"symbol":"YGGBNB","price":"0.00068700"},{"symbol":"YGGBTC","price":"0.00000630"},{"symbol":"STXBUSD","price":"0.64890000"},{"symbol":"SYSUSDT","price":"0.12350000"},{"symbol":"DFUSDT","price":"0.04210000"},{"symbol":"SOLUSDC","price":"33.68000000"},{"symbol":"ARPARUB","price":"4.31200000"},{"symbol":"LTCUAH","price":"3429.00000000"},{"symbol":"FETBUSD","price":"0.23820000"},{"symbol":"ARPABUSD","price":"0.05252000"},{"symbol":"LSKBUSD","price":"0.83300000"},{"symbol":"AVAXBIDR","price":"266752.00"},{"symbol":"ALICEBIDR","price":"29103.00"},{"symbol":"FIDAUSDT","price":"0.29480000"},{"symbol":"FIDABUSD","price":"0.29480000"},{"symbol":"FIDABNB","price":"0.00543000"},{"symbol":"FIDABTC","price":"0.00001104"},{"symbol":"DENTBUSD","price":"0.00079700"},{"symbol":"FRONTUSDT","price":"0.16090000"},{"symbol":"CVPUSDT","price":"0.34660000"},{"symbol":"AGLDBTC","price":"0.00001602"},{"symbol":"AGLDBNB","price":"0.00190000"},{"symbol":"AGLDBUSD","price":"0.42700000"},{"symbol":"AGLDUSDT","price":"0.42700000"},{"symbol":"RADBTC","price":"0.00006860"},{"symbol":"RADBNB","price":"0.01032000"},{"symbol":"RADBUSD","price":"1.82900000"},{"symbol":"RADUSDT","price":"1.82800000"},{"symbol":"UNIAUD","price":"34.47000000"},{"symbol":"HIVEBUSD","price":"0.32940000"},{"symbol":"STPTBUSD","price":"0.04070000"},{"symbol":"BETABTC","price":"0.00000348"},{"symbol":"BETABNB","price":"0.00033620"},{"symbol":"BETABUSD","price":"0.09292000"},{"symbol":"BETAUSDT","price":"0.09272000"},{"symbol":"SHIBAUD","price":"0.00001121"},{"symbol":"RAREBTC","price":"0.00000301"},{"symbol":"RAREBNB","price":"0.00069100"},{"symbol":"RAREBUSD","price":"0.08060000"},{"symbol":"RAREUSDT","price":"0.08030000"},{"symbol":"AVAXBRL","price":"71.60000000"},{"symbol":"AVAXAUD","price":"17.91000000"},{"symbol":"LUNAAUD","price":"0.00009000"},{"symbol":"TROYBUSD","price":"0.00237500"},{"symbol":"AXSETH","price":"0.00352800"},{"symbol":"FTMETH","price":"0.00016110"},{"symbol":"SOLETH","price":"0.01070000"},{"symbol":"SSVBTC","price":"0.00079310"},{"symbol":"SSVETH","price":"0.01135100"},{"symbol":"LAZIOTRY","price":"49.50000000"},{"symbol":"LAZIOEUR","price":"2.00640000"},{"symbol":"LAZIOBTC","price":"0.00008024"},{"symbol":"LAZIOUSDT","price":"2.13990000"},{"symbol":"CHESSBTC","price":"0.00000588"},{"symbol":"CHESSBNB","price":"0.00188500"},{"symbol":"CHESSBUSD","price":"0.15670000"},{"symbol":"CHESSUSDT","price":"0.15670000"},{"symbol":"FTMAUD","price":"0.42000000"},{"symbol":"FTMBRL","price":"1.92300000"},{"symbol":"SCRTBUSD","price":"0.35400000"},{"symbol":"ADXUSDT","price":"0.15110000"},{"symbol":"AUCTIONUSDT","price":"4.39000000"},{"symbol":"CELOBUSD","price":"0.47900000"},{"symbol":"FTMRUB","price":"36.85000000"},{"symbol":"NUAUD","price":"0.76900000"},{"symbol":"NURUB","price":"41.13000000"},{"symbol":"REEFTRY","price":"0.04530000"},{"symbol":"REEFBIDR","price":"162.00"},{"symbol":"SHIBDOGE","price":"0.00011600"},{"symbol":"DARUSDT","price":"0.11852000"},{"symbol":"DARBUSD","price":"0.11850000"},{"symbol":"DARBNB","price":"0.00042849"},{"symbol":"DARBTC","price":"0.00000445"},{"symbol":"BNXBTC","price":"0.00001617"},{"symbol":"BNXBNB","price":"0.00156400"},{"symbol":"BNXBUSD","price":"0.43200000"},{"symbol":"BNXUSDT","price":"0.43100000"},{"symbol":"RGTUSDT","price":"14.44000000"},{"symbol":"RGTBTC","price":"0.00037960"},{"symbol":"RGTBUSD","price":"14.46000000"},{"symbol":"RGTBNB","price":"0.03997000"},{"symbol":"LAZIOBUSD","price":"2.14160000"},{"symbol":"OXTBUSD","price":"0.06020000"},{"symbol":"MANATRY","price":"10.27000000"},{"symbol":"ALGORUB","price":"11.04000000"},{"symbol":"SHIBUAH","price":"0.00079300"},{"symbol":"LUNABIDR","price":"0.88"},{"symbol":"AUDUSDC","price":"0.64770000"},{"symbol":"MOVRBTC","price":"0.00022200"},{"symbol":"MOVRBNB","price":"0.15520000"},{"symbol":"MOVRBUSD","price":"5.96000000"},{"symbol":"MOVRUSDT","price":"5.94000000"},{"symbol":"CITYBTC","price":"0.00019340"},{"symbol":"CITYBNB","price":"0.01454000"},{"symbol":"CITYBUSD","price":"5.16000000"},{"symbol":"CITYUSDT","price":"5.16000000"},{"symbol":"ENSBTC","price":"0.00034780"},{"symbol":"ENSBNB","price":"0.03365000"},{"symbol":"ENSBUSD","price":"9.28000000"},{"symbol":"ENSUSDT","price":"9.28000000"},{"symbol":"SANDETH","price":"0.00027510"},{"symbol":"DOTETH","price":"0.00276400"},{"symbol":"MATICETH","price":"0.00042900"},{"symbol":"ANKRBUSD","price":"0.02385000"},{"symbol":"SANDTRY","price":"11.83000000"},{"symbol":"MANABRL","price":"2.19500000"},{"symbol":"KP3RUSDT","price":"60.45000000"},{"symbol":"QIUSDT","price":"0.00707000"},{"symbol":"QIBUSD","price":"0.00707000"},{"symbol":"QIBNB","price":"0.00009910"},{"symbol":"QIBTC","price":"0.00000026"},{"symbol":"PORTOBTC","price":"0.00007744"},{"symbol":"PORTOUSDT","price":"2.05860000"},{"symbol":"PORTOTRY","price":"47.70000000"},{"symbol":"PORTOEUR","price":"1.92770000"},{"symbol":"POWRUSDT","price":"0.14430000"},{"symbol":"POWRBUSD","price":"0.14460000"},{"symbol":"AVAXETH","price":"0.00778000"},{"symbol":"SLPTRY","price":"0.04647000"},{"symbol":"FISTRY","price":"8.87000000"},{"symbol":"LRCTRY","price":"5.93000000"},{"symbol":"CHRETH","price":"0.00007860"},{"symbol":"FISBIDR","price":"9124.00"},{"symbol":"VGXUSDT","price":"0.12540000"},{"symbol":"GALAETH","price":"0.00001437"},{"symbol":"JASMYUSDT","price":"0.00439000"},{"symbol":"JASMYBUSD","price":"0.00439000"},{"symbol":"JASMYBNB","price":"0.00001767"},{"symbol":"JASMYBTC","price":"0.00000017"},{"symbol":"AMPBTC","price":"0.00000010"},{"symbol":"AMPBNB","price":"0.00003999"},{"symbol":"AMPBUSD","price":"0.00234100"},{"symbol":"AMPUSDT","price":"0.00233900"},{"symbol":"PLABTC","price":"0.00000616"},{"symbol":"PLABNB","price":"0.00069680"},{"symbol":"PLABUSD","price":"0.16380000"},{"symbol":"PLAUSDT","price":"0.16370000"},{"symbol":"PYRBTC","price":"0.00012370"},{"symbol":"PYRBUSD","price":"3.28800000"},{"symbol":"PYRUSDT","price":"3.29000000"},{"symbol":"RNDRBTC","price":"0.00008660"},{"symbol":"RNDRUSDT","price":"2.30800000"},{"symbol":"RNDRBUSD","price":"2.30800000"},{"symbol":"ALCXBTC","price":"0.00059400"},{"symbol":"ALCXBUSD","price":"15.81000000"},{"symbol":"ALCXUSDT","price":"15.80000000"},{"symbol":"SANTOSBTC","price":"0.00013525"},{"symbol":"SANTOSUSDT","price":"3.60700000"},{"symbol":"SANTOSBRL","price":"20.00000000"},{"symbol":"SANTOSTRY","price":"83.42000000"},{"symbol":"MCBTC","price":"0.00000738"},{"symbol":"MCBUSD","price":"0.19810000"},{"symbol":"MCUSDT","price":"0.19810000"},{"symbol":"BELTRY","price":"15.61000000"},{"symbol":"COCOSBUSD","price":"1.75890000"},{"symbol":"DENTTRY","price":"0.01830000"},{"symbol":"ENJTRY","price":"7.25000000"},{"symbol":"NEORUB","price":"763.00000000"},{"symbol":"SANDAUD","price":"0.63590000"},{"symbol":"SLPBIDR","price":"32.30"},{"symbol":"ANYBTC","price":"0.00026020"},{"symbol":"ANYBUSD","price":"12.33000000"},{"symbol":"ANYUSDT","price":"12.30000000"},{"symbol":"BICOBTC","price":"0.00000961"},{"symbol":"BICOBUSD","price":"0.25590000"},{"symbol":"BICOUSDT","price":"0.25580000"},{"symbol":"FLUXBTC","price":"0.00001799"},{"symbol":"FLUXBUSD","price":"0.48000000"},{"symbol":"FLUXUSDT","price":"0.47900000"},{"symbol":"ALICETRY","price":"26.44000000"},{"symbol":"FXSUSDT","price":"6.11900000"},{"symbol":"GALABRL","price":"0.13210000"},{"symbol":"GALATRY","price":"0.61910000"},{"symbol":"LUNATRY","price":"18.26000000"},{"symbol":"REQBUSD","price":"0.08200000"},{"symbol":"SANDBRL","price":"2.52400000"},{"symbol":"MANABIDR","price":"10781.00"},{"symbol":"SANDBIDR","price":"6598.00"},{"symbol":"VOXELBTC","price":"0.00000587"},{"symbol":"VOXELBNB","price":"0.00069340"},{"symbol":"VOXELBUSD","price":"0.15660000"},{"symbol":"VOXELUSDT","price":"0.15650000"},{"symbol":"COSBUSD","price":"0.00534000"},{"symbol":"CTXCBUSD","price":"0.15900000"},{"symbol":"FTMTRY","price":"6.93900000"},{"symbol":"MANABNB","price":"0.00155000"},{"symbol":"MINATRY","price":"11.83000000"},{"symbol":"XTZTRY","price":"20.09000000"},{"symbol":"HIGHBTC","price":"0.00006196"},{"symbol":"HIGHBUSD","price":"1.65400000"},{"symbol":"HIGHUSDT","price":"1.65200000"},{"symbol":"CVXBTC","price":"0.00014700"},{"symbol":"CVXBUSD","price":"3.95500000"},{"symbol":"CVXUSDT","price":"3.93700000"},{"symbol":"PEOPLEBTC","price":"0.00000061"},{"symbol":"PEOPLEBUSD","price":"0.01627000"},{"symbol":"PEOPLEUSDT","price":"0.01629000"},{"symbol":"OOKIBUSD","price":"0.00281000"},{"symbol":"OOKIUSDT","price":"0.00282000"},{"symbol":"COCOSTRY","price":"36.66000000"},{"symbol":"GXSBNB","price":"0.00453800"},{"symbol":"LINKBNB","price":"0.02227000"},{"symbol":"LUNAETH","price":"0.00000003"},{"symbol":"MDTBUSD","price":"0.04377000"},{"symbol":"NULSBUSD","price":"0.22270000"},{"symbol":"SPELLBTC","price":"0.00000012"},{"symbol":"SPELLUSDT","price":"0.00052040"},{"symbol":"SPELLBUSD","price":"0.00052080"},{"symbol":"USTBTC","price":"0.00002476"},{"symbol":"USTBUSD","price":"0.06762946"},{"symbol":"USTUSDT","price":"0.24577900"},{"symbol":"JOEBTC","price":"0.00001631"},{"symbol":"JOEBUSD","price":"0.43350000"},{"symbol":"JOEUSDT","price":"0.43360000"},{"symbol":"ATOMETH","price":"0.00536300"},{"symbol":"DUSKBUSD","price":"0.13540000"},{"symbol":"EGLDETH","price":"0.01940000"},{"symbol":"ICPETH","price":"0.00233100"},{"symbol":"LUNABRL","price":"0.00030000"},{"symbol":"LUNAUST","price":"0.00004900"},{"symbol":"NEARETH","price":"0.00079500"},{"symbol":"ROSEBNB","price":"0.00015340"},{"symbol":"VOXELETH","price":"0.00020220"},{"symbol":"ALICEBNB","price":"0.00524000"},{"symbol":"ATOMTRY","price":"231.80000000"},{"symbol":"ETHUST","price":"8239.72000000"},{"symbol":"GALAAUD","price":"0.03960000"},{"symbol":"LRCBNB","price":"0.00092400"},{"symbol":"ONEETH","price":"0.00000707"},{"symbol":"OOKIBNB","price":"0.00001491"},{"symbol":"ACHBTC","price":"0.00000089"},{"symbol":"ACHBUSD","price":"0.02386000"},{"symbol":"ACHUSDT","price":"0.02383000"},{"symbol":"IMXBTC","price":"0.00002728"},{"symbol":"IMXBUSD","price":"0.72600000"},{"symbol":"IMXUSDT","price":"0.72600000"},{"symbol":"GLMRBTC","price":"0.00000999"},{"symbol":"GLMRBUSD","price":"0.26730000"},{"symbol":"GLMRUSDT","price":"0.26680000"},{"symbol":"ATOMBIDR","price":"307866.00"},{"symbol":"DYDXETH","price":"0.00159100"},{"symbol":"FARMETH","price":"0.03152000"},{"symbol":"FORBNB","price":"0.00009710"},{"symbol":"ICPTRY","price":"100.00000000"},{"symbol":"JASMYETH","price":"0.00000302"},{"symbol":"LINABNB","price":"0.00007811"},{"symbol":"OOKIETH","price":"0.00000251"},{"symbol":"ROSEETH","price":"0.00002844"},{"symbol":"UMABUSD","price":"1.76200000"},{"symbol":"UNIETH","price":"0.00254100"},{"symbol":"XTZETH","price":"0.00046400"},{"symbol":"LOKABTC","price":"0.00001149"},{"symbol":"LOKABNB","price":"0.00110940"},{"symbol":"LOKABUSD","price":"0.30700000"},{"symbol":"LOKAUSDT","price":"0.30650000"},{"symbol":"ATOMBRL","price":"66.35000000"},{"symbol":"BNBUST","price":"1129.30000000"},{"symbol":"CRVETH","price":"0.00041700"},{"symbol":"HIGHBNB","price":"0.00597900"},{"symbol":"NEARRUB","price":"121.90000000"},{"symbol":"ROSETRY","price":"1.22700000"},{"symbol":"SCRTUSDT","price":"0.35300000"},{"symbol":"API3BTC","price":"0.00004405"},{"symbol":"API3BUSD","price":"1.17700000"},{"symbol":"API3USDT","price":"1.17500000"},{"symbol":"BTTCUSDT","price":"0.00000053"},{"symbol":"BTTCUSDC","price":"0.00000078"},{"symbol":"BTTCTRY","price":"0.00001224"},{"symbol":"ACABTC","price":"0.00000149"},{"symbol":"ACABUSD","price":"0.03990000"},{"symbol":"ACAUSDT","price":"0.03970000"},{"symbol":"ANCBTC","price":"0.00000186"},{"symbol":"ANCBUSD","price":"0.02872000"},{"symbol":"ANCUSDT","price":"0.03151000"},{"symbol":"BDOTDOT","price":"0.89000000"},{"symbol":"XNOBTC","price":"0.00002658"},{"symbol":"XNOETH","price":"0.00050170"},{"symbol":"XNOBUSD","price":"0.70900000"},{"symbol":"XNOUSDT","price":"0.71000000"},{"symbol":"COSTRY","price":"0.12300000"},{"symbol":"KAVAETH","price":"0.00063160"},{"symbol":"MCBNB","price":"0.00071600"},{"symbol":"ONETRY","price":"0.30500000"},{"symbol":"WOOBTC","price":"0.00000847"},{"symbol":"WOOBNB","price":"0.00081900"},{"symbol":"WOOBUSD","price":"0.22630000"},{"symbol":"WOOUSDT","price":"0.22620000"},{"symbol":"CELRETH","price":"0.00000789"},{"symbol":"PEOPLEBNB","price":"0.00005892"},{"symbol":"SLPBNB","price":"0.00000884"},{"symbol":"SPELLBNB","price":"0.00000404"},{"symbol":"SPELLTRY","price":"0.01204000"},{"symbol":"TFUELBUSD","price":"0.03920000"},{"symbol":"AXSTRY","price":"152.10000000"},{"symbol":"DARTRY","price":"2.73600000"},{"symbol":"NEARTRY","price":"34.37000000"},{"symbol":"IDEXBNB","price":"0.00025550"},{"symbol":"ALPINEEUR","price":"1.99410000"},{"symbol":"ALPINETRY","price":"49.04000000"},{"symbol":"ALPINEUSDT","price":"2.12150000"},{"symbol":"ALPINEBTC","price":"0.00007959"},{"symbol":"TUSDT","price":"0.02315000"},{"symbol":"TBUSD","price":"0.02315000"},{"symbol":"API3BNB","price":"0.00533000"},{"symbol":"BETAETH","price":"0.00004980"},{"symbol":"INJTRY","price":"167.44000000"},{"symbol":"TLMBNB","price":"0.00010990"},{"symbol":"ASTRBUSD","price":"0.04440000"},{"symbol":"ASTRUSDT","price":"0.04440000"},{"symbol":"API3TRY","price":"27.20000000"},{"symbol":"GLMRBNB","price":"0.00102100"},{"symbol":"MBOXTRY","price":"8.37000000"},{"symbol":"NBTBIDR","price":"42.40"},{"symbol":"NBTUSDT","price":"0.00282000"},{"symbol":"GMTBTC","price":"0.00000894"},{"symbol":"GMTBNB","price":"0.00086200"},{"symbol":"GMTBUSD","price":"0.23860000"},{"symbol":"GMTUSDT","price":"0.23840000"},{"symbol":"ANCBNB","price":"0.00012880"},{"symbol":"ATOMEUR","price":"9.38400000"},{"symbol":"GALAEUR","price":"0.02511000"},{"symbol":"KSMETH","price":"0.02114000"},{"symbol":"UMATRY","price":"40.80000000"},{"symbol":"KDABTC","price":"0.00002474"},{"symbol":"KDABUSD","price":"0.66100000"},{"symbol":"KDAUSDT","price":"0.65800000"},{"symbol":"APEUSDT","price":"2.95100000"},{"symbol":"APEBUSD","price":"2.95300000"},{"symbol":"APEBTC","price":"0.00011071"},{"symbol":"ALPINEBUSD","price":"2.12450000"},{"symbol":"LUNAGBP","price":"0.00005000"},{"symbol":"NEAREUR","price":"1.39500000"},{"symbol":"TWTTRY","price":"21.88000000"},{"symbol":"WAVESEUR","price":"1.56700000"},{"symbol":"APEEUR","price":"2.76900000"},{"symbol":"APEGBP","price":"3.30500000"},{"symbol":"APETRY","price":"68.40000000"},{"symbol":"BSWUSDT","price":"0.10770000"},{"symbol":"BSWBUSD","price":"0.10810000"},{"symbol":"BSWBNB","price":"0.00038940"},{"symbol":"APEBNB","price":"0.01069000"},{"symbol":"GMTBRL","price":"1.32500000"},{"symbol":"GMTETH","price":"0.00012800"},{"symbol":"JASMYTRY","price":"0.10136000"},{"symbol":"SANTOSBUSD","price":"3.60800000"},{"symbol":"APEAUD","price":"4.07200000"},{"symbol":"BIFIUSDT","price":"409.40000000"},{"symbol":"GMTEUR","price":"0.22410000"},{"symbol":"IMXBNB","price":"0.00260800"},{"symbol":"RUNEETH","price":"0.00059800"},{"symbol":"AVAXGBP","price":"14.18000000"},{"symbol":"MULTIBTC","price":"0.00014520"},{"symbol":"MULTIBUSD","price":"3.88000000"},{"symbol":"MULTIUSDT","price":"3.88000000"},{"symbol":"APEETH","price":"0.00158300"},{"symbol":"BSWETH","price":"0.00013660"},{"symbol":"FILTRY","price":"100.01000000"},{"symbol":"FTMEUR","price":"0.28100000"},{"symbol":"GMTGBP","price":"0.21070000"},{"symbol":"ZILTRY","price":"0.49500000"},{"symbol":"GMTTRY","price":"5.52000000"},{"symbol":"WAVESTRY","price":"37.90000000"},{"symbol":"BTCUST","price":"121179.88000000"},{"symbol":"ASTRBTC","price":"0.00000167"},{"symbol":"ASTRETH","price":"0.00003108"},{"symbol":"BSWTRY","price":"2.48900000"},{"symbol":"FTTETH","price":"0.00114100"},{"symbol":"FUNBNB","price":"0.00001660"},{"symbol":"PORTOBUSD","price":"2.06070000"},{"symbol":"STEEMUSDT","price":"0.17780000"},{"symbol":"ZILEUR","price":"0.02063000"},{"symbol":"APEBRL","price":"22.16000000"},{"symbol":"AUDIOTRY","price":"4.93000000"},{"symbol":"BTTCBUSD","price":"0.00000052"},{"symbol":"GMTAUD","price":"0.56950000"},{"symbol":"MBLBUSD","price":"0.00258100"},{"symbol":"MOBUSDT","price":"0.59400000"},{"symbol":"MOBBUSD","price":"0.59500000"},{"symbol":"MOBBTC","price":"0.00002222"},{"symbol":"NEXOUSDT","price":"0.64200000"},{"symbol":"NEXOBUSD","price":"0.64500000"},{"symbol":"NEXOBTC","price":"0.00002414"},{"symbol":"REIUSDT","price":"0.02266000"},{"symbol":"REIBNB","price":"0.00008210"},{"symbol":"REIETH","price":"0.00001928"},{"symbol":"GALUSDT","price":"1.20700000"},{"symbol":"GALBUSD","price":"1.21000000"},{"symbol":"GALBNB","price":"0.00436200"},{"symbol":"GALBTC","price":"0.00004531"},{"symbol":"JASMYEUR","price":"0.00456800"},{"symbol":"KNCBNB","price":"0.00208100"},{"symbol":"SHIBGBP","price":"0.00000696"},{"symbol":"GALEUR","price":"1.13300000"},{"symbol":"GALTRY","price":"27.90000000"},{"symbol":"LDOBUSD","price":"2.35400000"},{"symbol":"LDOUSDT","price":"2.35300000"},{"symbol":"LDOBTC","price":"0.00008838"},{"symbol":"ENSTRY","price":"215.50000000"},{"symbol":"DAREUR","price":"0.11149000"},{"symbol":"DARETH","price":"0.00010140"},{"symbol":"ALGOETH","price":"0.00007160"},{"symbol":"ALGOTRY","price":"3.08900000"},{"symbol":"GALETH","price":"0.00076200"},{"symbol":"EPXUSDT","price":"0.00022620"},{"symbol":"EPXBUSD","price":"0.00022690"},{"symbol":"RUNETRY","price":"31.38000000"},{"symbol":"GALBRL","price":"8.68000000"},{"symbol":"STEEMBUSD","price":"0.17760000"},{"symbol":"CVCBUSD","price":"0.08240000"},{"symbol":"REIBUSD","price":"0.02280000"},{"symbol":"DREPBUSD","price":"0.32270000"},{"symbol":"AKROBUSD","price":"0.00455000"},{"symbol":"PUNDIXBUSD","price":"0.37600000"},{"symbol":"LUNCBUSD","price":"0.00010008"},{"symbol":"USTCBUSD","price":"0.01313333"},{"symbol":"OPBTC","price":"0.00005336"},{"symbol":"OPBUSD","price":"1.42400000"},{"symbol":"OPUSDT","price":"1.42400000"},{"symbol":"OGBUSD","price":"4.09700000"},{"symbol":"KEYBUSD","price":"0.00674300"},{"symbol":"ASRBUSD","price":"2.33600000"},{"symbol":"FIROBUSD","price":"1.54700000"},{"symbol":"NKNBUSD","price":"0.11650000"},{"symbol":"OPBNB","price":"0.00515000"},{"symbol":"OPEUR","price":"1.33500000"},{"symbol":"GTOBUSD","price":"0.02863000"},{"symbol":"SNXETH","price":"0.00119300"},{"symbol":"WBTCBUSD","price":"26701.09000000"},{"symbol":"BELETH","price":"0.00041170"},{"symbol":"LITETH","price":"0.00042040"},{"symbol":"LEVERUSDT","price":"0.00140400"},{"symbol":"LEVERBUSD","price":"0.00140500"},{"symbol":"BURGERETH","price":"0.00045000"},{"symbol":"PEOPLEETH","price":"0.00000872"},{"symbol":"UNFIETH","price":"0.00224100"},{"symbol":"BONDETH","price":"0.00266500"},{"symbol":"STORJTRY","price":"6.40000000"},{"symbol":"OPETH","price":"0.00076300"},{"symbol":"ETCTRY","price":"398.80000000"},{"symbol":"WINGETH","price":"0.00352100"},{"symbol":"FILETH","price":"0.00232200"},{"symbol":"GLMBUSD","price":"0.19440000"},{"symbol":"SSVBUSD","price":"21.19000000"},{"symbol":"STGBTC","price":"0.00002367"},{"symbol":"STGBUSD","price":"0.63140000"},{"symbol":"STGUSDT","price":"0.63030000"},{"symbol":"ANKRTRY","price":"0.55070000"},{"symbol":"ARKBUSD","price":"0.25170000"},{"symbol":"BETHBUSD","price":"1856.00000000"},{"symbol":"LOOMBUSD","price":"0.04546000"},{"symbol":"SNMBUSD","price":"0.35000000"},{"symbol":"AMBBUSD","price":"0.00987000"},{"symbol":"LUNCUSDT","price":"0.00010002"},{"symbol":"PHBBUSD","price":"0.74870000"},{"symbol":"GASBUSD","price":"2.63900000"},{"symbol":"NEBLBUSD","price":"0.35400000"},{"symbol":"PROSBUSD","price":"0.35600000"},{"symbol":"VIBBUSD","price":"0.05511000"},{"symbol":"GMXBTC","price":"0.00197000"},{"symbol":"GMXBUSD","price":"52.64000000"},{"symbol":"GMXUSDT","price":"52.54000000"},{"symbol":"AGIXBUSD","price":"0.26335000"},{"symbol":"NEBLUSDT","price":"0.35500000"},{"symbol":"SNTBUSD","price":"0.02318000"},{"symbol":"POLYXBTC","price":"0.00000485"},{"symbol":"POLYXBUSD","price":"0.12940000"},{"symbol":"POLYXUSDT","price":"0.12850000"},{"symbol":"APTBTC","price":"0.00030283"},{"symbol":"APTUSDT","price":"8.06880000"},{"symbol":"APTBUSD","price":"8.07510000"},{"symbol":"BTCPLN","price":"111920.00000000"},{"symbol":"ETHPLN","price":"7830.00000000"},{"symbol":"BUSDPLN","price":"4.19300000"},{"symbol":"APTEUR","price":"7.58500000"},{"symbol":"APTTRY","price":"187.00000000"},{"symbol":"APTBRL","price":"39.76000000"},{"symbol":"QKCBUSD","price":"0.00843100"},{"symbol":"OSMOBTC","price":"0.00002027"},{"symbol":"OSMOUSDT","price":"0.54400000"},{"symbol":"OSMOBUSD","price":"0.54400000"},{"symbol":"HFTBTC","price":"0.00001596"},{"symbol":"HFTBUSD","price":"0.42570000"},{"symbol":"HFTUSDT","price":"0.42510000"},{"symbol":"ARPAETH","price":"0.00002829"},{"symbol":"PHBUSDT","price":"0.74760000"},{"symbol":"VITEBUSD","price":"0.01726000"},{"symbol":"HOOKBTC","price":"0.00004877"},{"symbol":"HOOKUSDT","price":"1.30150000"},{"symbol":"HOOKBUSD","price":"1.30280000"},{"symbol":"HOOKBNB","price":"0.00473200"},{"symbol":"MAGICBTC","price":"0.00003389"},{"symbol":"MAGICBUSD","price":"0.90370000"},{"symbol":"MAGICUSDT","price":"0.90310000"},{"symbol":"BUSDRON","price":"4.69200000"},{"symbol":"HIFIETH","price":"0.00017050"},{"symbol":"HIFIUSDT","price":"0.31720000"},{"symbol":"RPLBTC","price":"0.00181700"},{"symbol":"RPLBUSD","price":"48.61000000"},{"symbol":"RPLUSDT","price":"48.57000000"},{"symbol":"PROSUSDT","price":"0.35650000"},{"symbol":"FETTRY","price":"5.50000000"},{"symbol":"GFTBUSD","price":"0.01599000"},{"symbol":"AGIXUSDT","price":"0.26330000"},{"symbol":"APTETH","price":"0.00433700"},{"symbol":"BTCRON","price":"125035.00000000"},{"symbol":"GNSUSDT","price":"4.37900000"},{"symbol":"GNSBTC","price":"0.00016420"},{"symbol":"SYNBTC","price":"0.00002701"},{"symbol":"SYNUSDT","price":"0.72200000"},{"symbol":"VIBUSDT","price":"0.05502000"},{"symbol":"SSVUSDT","price":"21.17000000"},{"symbol":"LQTYUSDT","price":"1.06600000"},{"symbol":"LQTYBTC","price":"0.00003993"},{"symbol":"AMBUSDT","price":"0.00987000"},{"symbol":"BETHUSDT","price":"1855.78000000"},{"symbol":"CFXTRY","price":"5.51500000"},{"symbol":"STXTRY","price":"15.01500000"},{"symbol":"USTCUSDT","price":"0.01311628"},{"symbol":"GASUSDT","price":"2.63700000"},{"symbol":"GLMUSDT","price":"0.19420000"},{"symbol":"PROMUSDT","price":"4.19000000"},{"symbol":"QKCUSDT","price":"0.00837500"},{"symbol":"UFTUSDT","price":"0.27800000"},{"symbol":"IDBTC","price":"0.00001343"},{"symbol":"IDBNB","price":"0.00129460"},{"symbol":"IDUSDT","price":"0.35749000"},{"symbol":"ARBBTC","price":"0.00004347"},{"symbol":"ARBUSDT","price":"1.15850000"},{"symbol":"AGIXTRY","price":"6.09000000"},{"symbol":"LOOMUSDT","price":"0.04544000"},{"symbol":"OAXUSDT","price":"0.19630000"},{"symbol":"ARBTUSD","price":"1.15830000"},{"symbol":"ARBTRY","price":"26.78000000"},{"symbol":"ARBEUR","price":"1.08880000"},{"symbol":"IDTUSD","price":"0.35943000"},{"symbol":"IDTRY","price":"8.27500000"},{"symbol":"IDEUR","price":"0.33615000"},{"symbol":"LDOTUSD","price":"2.35400000"},{"symbol":"MATICTUSD","price":"0.80000000"},{"symbol":"OPTUSD","price":"1.42400000"},{"symbol":"SOLTUSD","price":"19.94000000"},{"symbol":"SSVTUSD","price":"21.19000000"},{"symbol":"RDNTBTC","price":"0.00001060"},{"symbol":"RDNTUSDT","price":"0.28250000"},{"symbol":"RDNTTUSD","price":"0.28320000"},{"symbol":"ARBRUB","price":"95.10000000"},{"symbol":"JOETRY","price":"10.04000000"},{"symbol":"MAGICTRY","price":"20.88000000"},{"symbol":"USDTPLN","price":"4.19700000"},{"symbol":"ACHTRY","price":"0.55150000"},{"symbol":"XVSTRY","price":"96.40000000"},{"symbol":"EGLDRON","price":"169.70000000"},{"symbol":"USDTRON","price":"4.69100000"},{"symbol":"USDTARS","price":"480.10000000"},{"symbol":"DOGETUSD","price":"0.06928000"},{"symbol":"WBTCUSDT","price":"26681.60000000"},{"symbol":"EDUUSDT","price":"0.97350000"},{"symbol":"EDUTUSD","price":"0.97421000"},{"symbol":"EDUBNB","price":"0.00353140"},{"symbol":"EDUBTC","price":"0.00003655"},{"symbol":"EDUEUR","price":"0.91158000"},{"symbol":"EDUTRY","price":"22.53000000"},{"symbol":"SUIUSDT","price":"0.78550000"},{"symbol":"SUITUSD","price":"0.78580000"},{"symbol":"SUIBTC","price":"0.00002948"},{"symbol":"SUIBNB","price":"0.00284500"},{"symbol":"SUIEUR","price":"0.73860000"},{"symbol":"SUITRY","price":"18.18000000"},{"symbol":"AERGOUSDT","price":"0.10500000"},{"symbol":"RNDRTRY","price":"53.43000000"},{"symbol":"PEPEUSDT","price":"0.00000112"},{"symbol":"PEPETUSD","price":"0.00000112"},{"symbol":"FLOKIUSDT","price":"0.00002788"},{"symbol":"FLOKITUSD","price":"0.00002790"},{"symbol":"OGTRY","price":"94.50000000"},{"symbol":"PEPETRY","price":"0.00002600"},{"symbol":"WBETHETH","price":"1.00050000"},{"symbol":"ASTUSDT","price":"0.11350000"},{"symbol":"SNTUSDT","price":"0.02313000"},{"symbol":"FLOKITRY","price":"0.00064460"},{"symbol":"CITYTRY","price":"119.10000000"},{"symbol":"COMBOUSDT","price":"1.22500000"},{"symbol":"COMBOBNB","price":"0.00441900"},{"symbol":"COMBOTRY","price":"28.25000000"},{"symbol":"LTCTRY","price":"2073.00000000"},{"symbol":"RADTRY","price":"42.26000000"}]
