[{"operationId":7170987,"poolId":110,"poolName":"ONE/USDT","operation":"ADD","status":1,"updateTime":1680546916000,"shareAmount":"163.76793068","liquidityAmount":[{"asset":"ONE","amount":"1148.81712096"},{"asset":"USDT","amount":"23.34470905"}]},{"operationId":4836168,"poolId":110,"poolName":"ONE/USDT","operation":"REMOVE","status":1,"updateTime":1679098857000,"shareAmount":"161.40758827","liquidityAmount":[{"asset":"ONE","amount":"1098.65539363"},{"asset":"USDT","amount":"23.71199231"}]},{"operationId":7107980,"poolId":110,"poolName":"ONE/USDT","operation":"ADD","status":1,"updateTime":1678920504000,"shareAmount":"161.40758827","liquidityAmount":[{"asset":"ONE","amount":"1172.01473902"},{"asset":"USDT","amount":"22.22779917"}]},{"operationId":4810044,"poolId":110,"poolName":"ONE/USDT","operation":"REMOVE","status":1,"updateTime":1678398961000,"shareAmount":"134.67922186","liquidityAmount":[{"asset":"ONE","amount":"1070.73338224"},{"asset":"USDT","amount":"16.93953538"}]},{"operationId":6962255,"poolId":110,"poolName":"ONE/USDT","operation":"ADD","status":1,"updateTime":1675348052000,"shareAmount":"134.67922186","liquidityAmount":[{"asset":"ONE","amount":"844.4708566"},{"asset":"USDT","amount":"21.47821296"}]},{"operationId":4613693,"poolId":110,"poolName":"ONE/USDT","operation":"REMOVE","status":1,"updateTime":1672491311000,"shareAmount":"139.77246611","liquidityAmount":[{"asset":"ONE","amount":"1410.66661046"},{"asset":"USDT","amount":"13.84842789"}]},{"operationId":4612757,"poolId":110,"poolName":"ONE/USDT","operation":"REMOVE","status":1,"updateTime":1672433580000,"shareAmount":"0.25362712","liquidityAmount":[{"asset":"ONE","amount":"2.57697209"},{"asset":"USDT","amount":"0.02496107"}]},{"operationId":6573004,"poolId":110,"poolName":"ONE/USDT","operation":"ADD","status":1,"updateTime":1666172401000,"shareAmount":"140.02609323","liquidityAmount":[{"asset":"ONE","amount":"1048.33277382"},{"asset":"USDT","amount":"18.70252835"}]},{"operationId":4301891,"poolId":110,"poolName":"ONE/USDT","operation":"REMOVE","status":1,"updateTime":1663150522000,"shareAmount":"66.8279815","liquidityAmount":[{"asset":"ONE","amount":"463.07472684"},{"asset":"USDT","amount":"9.64377624"}]},{"operationId":6320692,"poolId":110,"poolName":"ONE/USDT","operation":"ADD","status":1,"updateTime":1660426927000,"shareAmount":"66.8279815","liquidityAmount":[{"asset":"ONE","amount":"375.58511414"},{"asset":"USDT","amount":"11.89021803"}]}]
