[{"poolId":110,"poolName":"ONE/USDT","assetRewards":"ONE","claimAmount":"0.03247157","status":1,"claimedTime":1683131421000},{"poolId":110,"poolName":"ONE/USDT","assetRewards":"BNB","claimAmount":"0.00000855","status":1,"claimedTime":1683131421000},{"poolId":110,"poolName":"ONE/USDT","assetRewards":"USDT","claimAmount":"0.00052513","status":1,"claimedTime":1683131421000},{"poolId":110,"poolName":"ONE/USDT","assetRewards":"ONE","claimAmount":"0.08036072","status":1,"claimedTime":1683063079000},{"poolId":110,"poolName":"ONE/USDT","assetRewards":"USDT","claimAmount":"0.00146427","status":1,"claimedTime":1683063079000},{"poolId":110,"poolName":"ONE/USDT","assetRewards":"BNB","claimAmount":"0.0000171","status":1,"claimedTime":1683063079000},{"poolId":110,"poolName":"ONE/USDT","assetRewards":"ONE","claimAmount":"0.05955799","status":1,"claimedTime":1682926198000},{"poolId":110,"poolName":"ONE/USDT","assetRewards":"USDT","claimAmount":"0.00099917","status":1,"claimedTime":1682926198000},{"poolId":110,"poolName":"ONE/USDT","assetRewards":"BNB","claimAmount":"0.00001035","status":1,"claimedTime":1682926198000},{"poolId":110,"poolName":"ONE/USDT","assetRewards":"ONE","claimAmount":"0.02881788","status":1,"claimedTime":1682844681000},{"poolId":110,"poolName":"ONE/USDT","assetRewards":"BNB","claimAmount":"0.00001125","status":1,"claimedTime":1682844681000},{"poolId":110,"poolName":"ONE/USDT","assetRewards":"USDT","claimAmount":"0.00051692","status":1,"claimedTime":1682844681000},{"poolId":110,"poolName":"ONE/USDT","assetRewards":"USDT","claimAmount":"0.00084003","status":1,"claimedTime":1682754226000},{"poolId":110,"poolName":"ONE/USDT","assetRewards":"ONE","claimAmount":"0.04446496","status":1,"claimedTime":1682754226000},{"poolId":110,"poolName":"ONE/USDT","assetRewards":"BNB","claimAmount":"0.00001125","status":1,"claimedTime":1682754226000},{"poolId":110,"poolName":"ONE/USDT","assetRewards":"BNB","claimAmount":"0.00000405","status":1,"claimedTime":1682664233000},{"poolId":110,"poolName":"ONE/USDT","assetRewards":"USDT","claimAmount":"0.00023836","status":1,"claimedTime":1682664233000},{"poolId":110,"poolName":"ONE/USDT","assetRewards":"ONE","claimAmount":"0.01413947","status":1,"claimedTime":1682664233000},{"poolId":110,"poolName":"ONE/USDT","assetRewards":"BNB","claimAmount":"0.00000315","status":1,"claimedTime":1682631100000},{"poolId":110,"poolName":"ONE/USDT","assetRewards":"USDT","claimAmount":"0.0007265","status":1,"claimedTime":1682631100000},{"poolId":110,"poolName":"ONE/USDT","assetRewards":"ONE","claimAmount":"0.03010707","status":1,"claimedTime":1682631100000},{"poolId":110,"poolName":"ONE/USDT","assetRewards":"USDT","claimAmount":"0.00381882","status":1,"claimedTime":1682607190000},{"poolId":110,"poolName":"ONE/USDT","assetRewards":"BNB","claimAmount":"0.0000117","status":1,"claimedTime":1682607190000},{"poolId":110,"poolName":"ONE/USDT","assetRewards":"ONE","claimAmount":"0.19261149","status":1,"claimedTime":1682607190000},{"poolId":110,"poolName":"ONE/USDT","assetRewards":"BNB","claimAmount":"0.0000018","status":1,"claimedTime":1682514259000},{"poolId":110,"poolName":"ONE/USDT","assetRewards":"USDT","claimAmount":"0.00039249","status":1,"claimedTime":1682514259000},{"poolId":110,"poolName":"ONE/USDT","assetRewards":"ONE","claimAmount":"0.01560155","status":1,"claimedTime":1682514259000},{"poolId":110,"poolName":"ONE/USDT","assetRewards":"ONE","claimAmount":"0.02723361","status":1,"claimedTime":1682496343000},{"poolId":110,"poolName":"ONE/USDT","assetRewards":"BNB","claimAmount":"0.00000495","status":1,"claimedTime":1682496343000},{"poolId":110,"poolName":"ONE/USDT","assetRewards":"USDT","claimAmount":"0.00058679","status":1,"claimedTime":1682496343000},{"poolId":110,"poolName":"ONE/USDT","assetRewards":"USDT","claimAmount":"0.00067935","status":1,"claimedTime":1682457957000},{"poolId":110,"poolName":"ONE/USDT","assetRewards":"ONE","claimAmount":"0.02816142","status":1,"claimedTime":1682457957000},{"poolId":110,"poolName":"ONE/USDT","assetRewards":"BNB","claimAmount":"0.0000036","status":1,"claimedTime":1682457957000},{"poolId":110,"poolName":"ONE/USDT","assetRewards":"USDT","claimAmount":"0.00075804","status":1,"claimedTime":1682429126000},{"poolId":110,"poolName":"ONE/USDT","assetRewards":"BNB","claimAmount":"0.0000072","status":1,"claimedTime":1682429126000},{"poolId":110,"poolName":"ONE/USDT","assetRewards":"ONE","claimAmount":"0.04149126","status":1,"claimedTime":1682429126000},{"poolId":110,"poolName":"ONE/USDT","assetRewards":"ONE","claimAmount":"0.04654896","status":1,"claimedTime":1682372060000},{"poolId":110,"poolName":"ONE/USDT","assetRewards":"BNB","claimAmount":"0.0000054","status":1,"claimedTime":1682372060000},{"poolId":110,"poolName":"ONE/USDT","assetRewards":"USDT","claimAmount":"0.001056","status":1,"claimedTime":1682372060000},{"poolId":110,"poolName":"ONE/USDT","assetRewards":"USDT","claimAmount":"0.0016266","status":1,"claimedTime":1682330463000},{"poolId":110,"poolName":"ONE/USDT","assetRewards":"ONE","claimAmount":"0.0895126","status":1,"claimedTime":1682330463000},{"poolId":110,"poolName":"ONE/USDT","assetRewards":"BNB","claimAmount":"0.000009","status":1,"claimedTime":1682330463000},{"poolId":110,"poolName":"ONE/USDT","assetRewards":"ONE","claimAmount":"0.07451052","status":1,"claimedTime":1682255554000},{"poolId":110,"poolName":"ONE/USDT","assetRewards":"BNB","claimAmount":"0.00001755","status":1,"claimedTime":1682255554000},{"poolId":110,"poolName":"ONE/USDT","assetRewards":"USDT","claimAmount":"0.0015965","status":1,"claimedTime":1682255554000},{"poolId":110,"poolName":"ONE/USDT","assetRewards":"ONE","claimAmount":"0.13421219","status":1,"claimedTime":1682115557000},{"poolId":110,"poolName":"ONE/USDT","assetRewards":"USDT","claimAmount":"0.00254181","status":1,"claimedTime":1682115557000},{"poolId":110,"poolName":"ONE/USDT","assetRewards":"BNB","claimAmount":"0.00001123","status":1,"claimedTime":1682115557000},{"poolId":110,"poolName":"ONE/USDT","assetRewards":"USDT","claimAmount":"0.00264529","status":1,"claimedTime":1682025935000},{"poolId":110,"poolName":"ONE/USDT","assetRewards":"BNB","claimAmount":"0.00001077","status":1,"claimedTime":1682025935000},{"poolId":110,"poolName":"ONE/USDT","assetRewards":"ONE","claimAmount":"0.12860516","status":1,"claimedTime":1682025935000},{"poolId":110,"poolName":"ONE/USDT","assetRewards":"ONE","claimAmount":"0.00222123","status":1,"claimedTime":1681939984000},{"poolId":110,"poolName":"ONE/USDT","assetRewards":"BNB","claimAmount":"0.00000045","status":1,"claimedTime":1681939984000},{"poolId":110,"poolName":"ONE/USDT","assetRewards":"USDT","claimAmount":"0.00004987","status":1,"claimedTime":1681939984000},{"poolId":110,"poolName":"ONE/USDT","assetRewards":"ONE","claimAmount":"0.18109443","status":1,"claimedTime":1681936862000},{"poolId":110,"poolName":"ONE/USDT","assetRewards":"USDT","claimAmount":"0.00380256","status":1,"claimedTime":1681936862000},{"poolId":110,"poolName":"ONE/USDT","assetRewards":"BNB","claimAmount":"0.0000108","status":1,"claimedTime":1681936862000},{"poolId":110,"poolName":"ONE/USDT","assetRewards":"USDT","claimAmount":"0.00203657","status":1,"claimedTime":1681850008000},{"poolId":110,"poolName":"ONE/USDT","assetRewards":"BNB","claimAmount":"0.0000099","status":1,"claimedTime":1681850008000},{"poolId":110,"poolName":"ONE/USDT","assetRewards":"ONE","claimAmount":"0.08042734","status":1,"claimedTime":1681850008000},{"poolId":110,"poolName":"ONE/USDT","assetRewards":"ONE","claimAmount":"0.12173462","status":1,"claimedTime":1681771185000},{"poolId":110,"poolName":"ONE/USDT","assetRewards":"BNB","claimAmount":"0.0000045","status":1,"claimedTime":1681771185000},{"poolId":110,"poolName":"ONE/USDT","assetRewards":"USDT","claimAmount":"0.00304683","status":1,"claimedTime":1681771185000},{"poolId":110,"poolName":"ONE/USDT","assetRewards":"ONE","claimAmount":"0.07181371","status":1,"claimedTime":1681733497000},{"poolId":110,"poolName":"ONE/USDT","assetRewards":"BNB","claimAmount":"0.0000054","status":1,"claimedTime":1681733497000},{"poolId":110,"poolName":"ONE/USDT","assetRewards":"USDT","claimAmount":"0.00168259","status":1,"claimedTime":1681733497000},{"poolId":110,"poolName":"ONE/USDT","assetRewards":"ONE","claimAmount":"0.09960388","status":1,"claimedTime":1681690912000},{"poolId":110,"poolName":"ONE/USDT","assetRewards":"USDT","claimAmount":"0.00271298","status":1,"claimedTime":1681690912000},{"poolId":110,"poolName":"ONE/USDT","assetRewards":"BNB","claimAmount":"0.00000495","status":1,"claimedTime":1681690912000},{"poolId":110,"poolName":"ONE/USDT","assetRewards":"BNB","claimAmount":"0.00000675","status":1,"claimedTime":1681652755000},{"poolId":110,"poolName":"ONE/USDT","assetRewards":"ONE","claimAmount":"0.03134116","status":1,"claimedTime":1681652755000},{"poolId":110,"poolName":"ONE/USDT","assetRewards":"USDT","claimAmount":"0.00068994","status":1,"claimedTime":1681652755000},{"poolId":110,"poolName":"ONE/USDT","assetRewards":"ONE","claimAmount":"0.0294676","status":1,"claimedTime":1681597170000},{"poolId":110,"poolName":"ONE/USDT","assetRewards":"BNB","claimAmount":"0.0000054","status":1,"claimedTime":1681597170000},{"poolId":110,"poolName":"ONE/USDT","assetRewards":"USDT","claimAmount":"0.00065589","status":1,"claimedTime":1681597170000},{"poolId":110,"poolName":"ONE/USDT","assetRewards":"BNB","claimAmount":"0.0000108","status":1,"claimedTime":1681556252000},{"poolId":110,"poolName":"ONE/USDT","assetRewards":"USDT","claimAmount":"0.00152676","status":1,"claimedTime":1681556252000},{"poolId":110,"poolName":"ONE/USDT","assetRewards":"ONE","claimAmount":"0.07154812","status":1,"claimedTime":1681556252000},{"poolId":110,"poolName":"ONE/USDT","assetRewards":"USDT","claimAmount":"0.00083198","status":1,"claimedTime":1681470004000},{"poolId":110,"poolName":"ONE/USDT","assetRewards":"ONE","claimAmount":"0.03389104","status":1,"claimedTime":1681470004000},{"poolId":110,"poolName":"ONE/USDT","assetRewards":"BNB","claimAmount":"0.0000054","status":1,"claimedTime":1681470004000},{"poolId":110,"poolName":"ONE/USDT","assetRewards":"BNB","claimAmount":"0.0000054","status":1,"claimedTime":1681426895000},{"poolId":110,"poolName":"ONE/USDT","assetRewards":"USDT","claimAmount":"0.00060531","status":1,"claimedTime":1681426895000},{"poolId":110,"poolName":"ONE/USDT","assetRewards":"ONE","claimAmount":"0.02768307","status":1,"claimedTime":1681426895000},{"poolId":110,"poolName":"ONE/USDT","assetRewards":"ONE","claimAmount":"0.04777762","status":1,"claimedTime":1681381222000},{"poolId":110,"poolName":"ONE/USDT","assetRewards":"BNB","claimAmount":"0.00000855","status":1,"claimedTime":1681381222000},{"poolId":110,"poolName":"ONE/USDT","assetRewards":"USDT","claimAmount":"0.00102537","status":1,"claimedTime":1681381222000},{"poolId":110,"poolName":"ONE/USDT","assetRewards":"BNB","claimAmount":"0.0000018","status":1,"claimedTime":1681315099000},{"poolId":110,"poolName":"ONE/USDT","assetRewards":"ONE","claimAmount":"0.03132242","status":1,"claimedTime":1681315099000},{"poolId":110,"poolName":"ONE/USDT","assetRewards":"USDT","claimAmount":"0.00079005","status":1,"claimedTime":1681315099000},{"poolId":110,"poolName":"ONE/USDT","assetRewards":"BNB","claimAmount":"0.00000585","status":1,"claimedTime":1681297621000},{"poolId":110,"poolName":"ONE/USDT","assetRewards":"USDT","claimAmount":"0.00120458","status":1,"claimedTime":1681297621000},{"poolId":110,"poolName":"ONE/USDT","assetRewards":"ONE","claimAmount":"0.05809733","status":1,"claimedTime":1681297621000},{"poolId":110,"poolName":"ONE/USDT","assetRewards":"ONE","claimAmount":"0.12184262","status":1,"claimedTime":1681253090000},{"poolId":110,"poolName":"ONE/USDT","assetRewards":"BNB","claimAmount":"0.00001384","status":1,"claimedTime":1681253090000},{"poolId":110,"poolName":"ONE/USDT","assetRewards":"USDT","claimAmount":"0.00275445","status":1,"claimedTime":1681253090000},{"poolId":110,"poolName":"ONE/USDT","assetRewards":"BNB","claimAmount":"0.0000132","status":1,"claimedTime":1681141566000},{"poolId":110,"poolName":"ONE/USDT","assetRewards":"USDT","claimAmount":"0.00096307","status":1,"claimedTime":1681141566000},{"poolId":110,"poolName":"ONE/USDT","assetRewards":"ONE","claimAmount":"0.04388836","status":1,"claimedTime":1681141566000},{"poolId":110,"poolName":"ONE/USDT","assetRewards":"ONE","claimAmount":"0.02505698","status":1,"claimedTime":1681032361000},{"poolId":110,"poolName":"ONE/USDT","assetRewards":"USDT","claimAmount":"0.00062773","status":1,"claimedTime":1685556359000},{"poolId":110,"poolName":"ONE/USDT","assetRewards":"ONE","claimAmount":"0.0489158","status":1,"claimedTime":1685556359000},{"poolId":110,"poolName":"ONE/USDT","assetRewards":"BNB","claimAmount":"0.00000938","status":1,"claimedTime":1685556359000},{"poolId":110,"poolName":"ONE/USDT","assetRewards":"BNB","claimAmount":"0.000004","status":1,"claimedTime":1685483670000},{"poolId":110,"poolName":"ONE/USDT","assetRewards":"ONE","claimAmount":"0.0210587","status":1,"claimedTime":1685483670000},{"poolId":110,"poolName":"ONE/USDT","assetRewards":"USDT","claimAmount":"0.00027784","status":1,"claimedTime":1685483670000},{"poolId":110,"poolName":"ONE/USDT","assetRewards":"BNB","claimAmount":"0.00001056","status":1,"claimedTime":1685451525000},{"poolId":110,"poolName":"ONE/USDT","assetRewards":"ONE","claimAmount":"0.0299778","status":1,"claimedTime":1685451525000},{"poolId":110,"poolName":"ONE/USDT","assetRewards":"USDT","claimAmount":"0.00042468","status":1,"claimedTime":1685451525000},{"poolId":110,"poolName":"ONE/USDT","assetRewards":"USDT","claimAmount":"0.00060603","status":1,"claimedTime":1685365008000},{"poolId":110,"poolName":"ONE/USDT","assetRewards":"BNB","claimAmount":"0.00001276","status":1,"claimedTime":1685365008000},{"poolId":110,"poolName":"ONE/USDT","assetRewards":"ONE","claimAmount":"0.03487795","status":1,"claimedTime":1685365008000},{"poolId":110,"poolName":"ONE/USDT","assetRewards":"USDT","claimAmount":"0.00022621","status":1,"claimedTime":1685260935000},{"poolId":110,"poolName":"ONE/USDT","assetRewards":"ONE","claimAmount":"0.01555153","status":1,"claimedTime":1685260935000},{"poolId":110,"poolName":"ONE/USDT","assetRewards":"BNB","claimAmount":"0.00001012","status":1,"claimedTime":1685260935000},{"poolId":110,"poolName":"ONE/USDT","assetRewards":"USDT","claimAmount":"0.00034318","status":1,"claimedTime":1685176600000},{"poolId":110,"poolName":"ONE/USDT","assetRewards":"ONE","claimAmount":"0.01781998","status":1,"claimedTime":1685176600000},{"poolId":110,"poolName":"ONE/USDT","assetRewards":"BNB","claimAmount":"0.00001056","status":1,"claimedTime":1685176600000},{"poolId":110,"poolName":"ONE/USDT","assetRewards":"BNB","claimAmount":"0.00001232","status":1,"claimedTime":1685091462000},{"poolId":110,"poolName":"ONE/USDT","assetRewards":"ONE","claimAmount":"0.03260484","status":1,"claimedTime":1685091462000},{"poolId":110,"poolName":"ONE/USDT","assetRewards":"USDT","claimAmount":"0.00049077","status":1,"claimedTime":1685091462000},{"poolId":110,"poolName":"ONE/USDT","assetRewards":"USDT","claimAmount":"0.00015908","status":1,"claimedTime":1684989641000},{"poolId":110,"poolName":"ONE/USDT","assetRewards":"ONE","claimAmount":"0.01288607","status":1,"claimedTime":1684989641000},{"poolId":110,"poolName":"ONE/USDT","assetRewards":"BNB","claimAmount":"0.00000308","status":1,"claimedTime":1684989641000},{"poolId":110,"poolName":"ONE/USDT","assetRewards":"ONE","claimAmount":"0.02339438","status":1,"claimedTime":1684963285000},{"poolId":110,"poolName":"ONE/USDT","assetRewards":"USDT","claimAmount":"0.00035358","status":1,"claimedTime":1684963285000},{"poolId":110,"poolName":"ONE/USDT","assetRewards":"BNB","claimAmount":"0.00000396","status":1,"claimedTime":1684963285000},{"poolId":110,"poolName":"ONE/USDT","assetRewards":"BNB","claimAmount":"0.00001276","status":1,"claimedTime":1684931951000},{"poolId":110,"poolName":"ONE/USDT","assetRewards":"USDT","claimAmount":"0.00055286","status":1,"claimedTime":1684931951000},{"poolId":110,"poolName":"ONE/USDT","assetRewards":"ONE","claimAmount":"0.03811665","status":1,"claimedTime":1684931951000},{"poolId":110,"poolName":"ONE/USDT","assetRewards":"ONE","claimAmount":"0.02786179","status":1,"claimedTime":1684828045000},{"poolId":110,"poolName":"ONE/USDT","assetRewards":"BNB","claimAmount":"0.00001012","status":1,"claimedTime":1684828045000},{"poolId":110,"poolName":"ONE/USDT","assetRewards":"USDT","claimAmount":"0.00048208","status":1,"claimedTime":1684828045000},{"poolId":110,"poolName":"ONE/USDT","assetRewards":"USDT","claimAmount":"0.00051954","status":1,"claimedTime":1684745220000},{"poolId":110,"poolName":"ONE/USDT","assetRewards":"BNB","claimAmount":"0.00001056","status":1,"claimedTime":1684745220000},{"poolId":110,"poolName":"ONE/USDT","assetRewards":"ONE","claimAmount":"0.04139687","status":1,"claimedTime":1684745220000},{"poolId":110,"poolName":"ONE/USDT","assetRewards":"USDT","claimAmount":"0.00007269","status":1,"claimedTime":1684658716000},{"poolId":110,"poolName":"ONE/USDT","assetRewards":"BNB","claimAmount":"0.00000484","status":1,"claimedTime":1684658716000},{"poolId":110,"poolName":"ONE/USDT","assetRewards":"ONE","claimAmount":"0.00608648","status":1,"claimedTime":1684658716000},{"poolId":110,"poolName":"ONE/USDT","assetRewards":"USDT","claimAmount":"0.00016998","status":1,"claimedTime":1684617421000},{"poolId":110,"poolName":"ONE/USDT","assetRewards":"BNB","claimAmount":"0.00000572","status":1,"claimedTime":1684617421000},{"poolId":110,"poolName":"ONE/USDT","assetRewards":"ONE","claimAmount":"0.00790866","status":1,"claimedTime":1684617421000},{"poolId":110,"poolName":"ONE/USDT","assetRewards":"ONE","claimAmount":"0.02511475","status":1,"claimedTime":1684570840000},{"poolId":110,"poolName":"ONE/USDT","assetRewards":"USDT","claimAmount":"0.00038141","status":1,"claimedTime":1684570840000},{"poolId":110,"poolName":"ONE/USDT","assetRewards":"BNB","claimAmount":"0.00000792","status":1,"claimedTime":1684570840000},{"poolId":110,"poolName":"ONE/USDT","assetRewards":"ONE","claimAmount":"0.04958968","status":1,"claimedTime":1684507388000},{"poolId":110,"poolName":"ONE/USDT","assetRewards":"USDT","claimAmount":"0.00083827","status":1,"claimedTime":1684507388000},{"poolId":110,"poolName":"ONE/USDT","assetRewards":"BNB","claimAmount":"0.00001188","status":1,"claimedTime":1684507388000},{"poolId":110,"poolName":"ONE/USDT","assetRewards":"USDT","claimAmount":"0.00098377","status":1,"claimedTime":1684407951000},{"poolId":110,"poolName":"ONE/USDT","assetRewards":"ONE","claimAmount":"0.05340519","status":1,"claimedTime":1684407951000},{"poolId":110,"poolName":"ONE/USDT","assetRewards":"BNB","claimAmount":"0.000011","status":1,"claimedTime":1684407951000},{"poolId":110,"poolName":"ONE/USDT","assetRewards":"USDT","claimAmount":"0.00052308","status":1,"claimedTime":1684318513000},{"poolId":110,"poolName":"ONE/USDT","assetRewards":"ONE","claimAmount":"0.02980005","status":1,"claimedTime":1684318513000},{"poolId":110,"poolName":"ONE/USDT","assetRewards":"BNB","claimAmount":"0.00000792","status":1,"claimedTime":1684318513000},{"poolId":110,"poolName":"ONE/USDT","assetRewards":"ONE","claimAmount":"0.0415372","status":1,"claimedTime":1684253184000},{"poolId":110,"poolName":"ONE/USDT","assetRewards":"BNB","claimAmount":"0.00000924","status":1,"claimedTime":1684253184000},{"poolId":110,"poolName":"ONE/USDT","assetRewards":"USDT","claimAmount":"0.00064862","status":1,"claimedTime":1684253184000},{"poolId":110,"poolName":"ONE/USDT","assetRewards":"ONE","claimAmount":"0.01114856","status":1,"claimedTime":1684180513000},{"poolId":110,"poolName":"ONE/USDT","assetRewards":"BNB","claimAmount":"0.00000264","status":1,"claimedTime":1684180513000},{"poolId":110,"poolName":"ONE/USDT","assetRewards":"USDT","claimAmount":"0.00016796","status":1,"claimedTime":1684180513000},{"poolId":110,"poolName":"ONE/USDT","assetRewards":"ONE","claimAmount":"0.04770018","status":1,"claimedTime":1684157653000},{"poolId":110,"poolName":"ONE/USDT","assetRewards":"USDT","claimAmount":"0.00083201","status":1,"claimedTime":1684157653000},{"poolId":110,"poolName":"ONE/USDT","assetRewards":"BNB","claimAmount":"0.00001016","status":1,"claimedTime":1684157653000},{"poolId":110,"poolName":"ONE/USDT","assetRewards":"USDT","claimAmount":"0.0001334","status":1,"claimedTime":1684070017000},{"poolId":110,"poolName":"ONE/USDT","assetRewards":"ONE","claimAmount":"0.00663656","status":1,"claimedTime":1684070017000},{"poolId":110,"poolName":"ONE/USDT","assetRewards":"BNB","claimAmount":"0.0000021","status":1,"claimedTime":1684070017000},{"poolId":110,"poolName":"ONE/USDT","assetRewards":"BNB","claimAmount":"0.00001008","status":1,"claimedTime":1684053898000},{"poolId":110,"poolName":"ONE/USDT","assetRewards":"USDT","claimAmount":"0.00055715","status":1,"claimedTime":1684053898000},{"poolId":110,"poolName":"ONE/USDT","assetRewards":"ONE","claimAmount":"0.03142145","status":1,"claimedTime":1684053898000},{"poolId":110,"poolName":"ONE/USDT","assetRewards":"USDT","claimAmount":"0.00029549","status":1,"claimedTime":1683966128000},{"poolId":110,"poolName":"ONE/USDT","assetRewards":"BNB","claimAmount":"0.00000476","status":1,"claimedTime":1683966128000},{"poolId":110,"poolName":"ONE/USDT","assetRewards":"ONE","claimAmount":"0.01578654","status":1,"claimedTime":1683966128000},{"poolId":110,"poolName":"ONE/USDT","assetRewards":"ONE","claimAmount":"0.04503215","status":1,"claimedTime":1683926079000},{"poolId":110,"poolName":"ONE/USDT","assetRewards":"BNB","claimAmount":"0.00000396","status":1,"claimedTime":1683926079000},{"poolId":110,"poolName":"ONE/USDT","assetRewards":"USDT","claimAmount":"0.00075307","status":1,"claimedTime":1683926079000},{"poolId":110,"poolName":"ONE/USDT","assetRewards":"BNB","claimAmount":"0.00000176","status":1,"claimedTime":1683896618000},{"poolId":110,"poolName":"ONE/USDT","assetRewards":"ONE","claimAmount":"0.01040454","status":1,"claimedTime":1683896618000},{"poolId":110,"poolName":"ONE/USDT","assetRewards":"USDT","claimAmount":"0.00019189","status":1,"claimedTime":1683896618000},{"poolId":110,"poolName":"ONE/USDT","assetRewards":"USDT","claimAmount":"0.00089181","status":1,"claimedTime":1683881667000},{"poolId":110,"poolName":"ONE/USDT","assetRewards":"BNB","claimAmount":"0.00000704","status":1,"claimedTime":1683881667000},{"poolId":110,"poolName":"ONE/USDT","assetRewards":"ONE","claimAmount":"0.06816622","status":1,"claimedTime":1683881667000},{"poolId":110,"poolName":"ONE/USDT","assetRewards":"ONE","claimAmount":"0.09213504","status":1,"claimedTime":1683822494000},{"poolId":110,"poolName":"ONE/USDT","assetRewards":"BNB","claimAmount":"0.00000836","status":1,"claimedTime":1683822494000},{"poolId":110,"poolName":"ONE/USDT","assetRewards":"USDT","claimAmount":"0.00132939","status":1,"claimedTime":1683822494000},{"poolId":110,"poolName":"ONE/USDT","assetRewards":"USDT","claimAmount":"0.0027918","status":1,"claimedTime":1683755422000},{"poolId":110,"poolName":"ONE/USDT","assetRewards":"ONE","claimAmount":"0.18183123","status":1,"claimedTime":1683755422000},{"poolId":110,"poolName":"ONE/USDT","assetRewards":"BNB","claimAmount":"0.00001108","status":1,"claimedTime":1683755422000},{"poolId":110,"poolName":"ONE/USDT","assetRewards":"BNB","claimAmount":"0.00001035","status":1,"claimedTime":1683662842000},{"poolId":110,"poolName":"ONE/USDT","assetRewards":"ONE","claimAmount":"0.05384174","status":1,"claimedTime":1683662842000},{"poolId":110,"poolName":"ONE/USDT","assetRewards":"USDT","claimAmount":"0.00089113","status":1,"claimedTime":1683662842000},{"poolId":110,"poolName":"ONE/USDT","assetRewards":"ONE","claimAmount":"0.07467396","status":1,"claimedTime":1683581876000},{"poolId":110,"poolName":"ONE/USDT","assetRewards":"BNB","claimAmount":"0.00000495","status":1,"claimedTime":1683581876000},{"poolId":110,"poolName":"ONE/USDT","assetRewards":"USDT","claimAmount":"0.00105544","status":1,"claimedTime":1683581876000},{"poolId":110,"poolName":"ONE/USDT","assetRewards":"BNB","claimAmount":"0.00000675","status":1,"claimedTime":1683541678000},{"poolId":110,"poolName":"ONE/USDT","assetRewards":"ONE","claimAmount":"0.06858738","status":1,"claimedTime":1683541678000},{"poolId":110,"poolName":"ONE/USDT","assetRewards":"USDT","claimAmount":"0.0009748","status":1,"claimedTime":1683541678000},{"poolId":110,"poolName":"ONE/USDT","assetRewards":"BNB","claimAmount":"0.0000153","status":1,"claimedTime":1683488635000},{"poolId":110,"poolName":"ONE/USDT","assetRewards":"USDT","claimAmount":"0.00108449","status":1,"claimedTime":1683488635000},{"poolId":110,"poolName":"ONE/USDT","assetRewards":"ONE","claimAmount":"0.08042485","status":1,"claimedTime":1683488635000},{"poolId":110,"poolName":"ONE/USDT","assetRewards":"BNB","claimAmount":"0.0000054","status":1,"claimedTime":1683365451000},{"poolId":110,"poolName":"ONE/USDT","assetRewards":"ONE","claimAmount":"0.02620704","status":1,"claimedTime":1685904929000},{"poolId":110,"poolName":"ONE/USDT","assetRewards":"USDT","claimAmount":"0.00037634","status":1,"claimedTime":1685904929000},{"poolId":110,"poolName":"ONE/USDT","assetRewards":"BNB","claimAmount":"0.00002115","status":1,"claimedTime":1685904929000},{"poolId":110,"poolName":"ONE/USDT","assetRewards":"USDT","claimAmount":"0.00062029","status":1,"claimedTime":1685735343000},{"poolId":110,"poolName":"ONE/USDT","assetRewards":"ONE","claimAmount":"0.04447173","status":1,"claimedTime":1685735343000},{"poolId":110,"poolName":"ONE/USDT","assetRewards":"BNB","claimAmount":"0.00002205","status":1,"claimedTime":1685735343000},{"poolId":110,"poolName":"ONE/USDT","assetRewards":"USDT","claimAmount":"0.00062773","status":1,"claimedTime":1685556359000},{"poolId":110,"poolName":"ONE/USDT","assetRewards":"ONE","claimAmount":"0.0489158","status":1,"claimedTime":1685556359000},{"poolId":110,"poolName":"ONE/USDT","assetRewards":"BNB","claimAmount":"0.00000938","status":1,"claimedTime":1685556359000}]
