[{"operationId":7272274,"poolId":122,"poolName":"KSM/USDT","operation":"ADD","status":1,"updateTime":1683371759000,"shareAmount":"5.92198447","liquidityAmount":[{"asset":"KSM","amount":"1.09857212"},{"asset":"USDT","amount":"31.29753313"}]},{"operationId":4986889,"poolId":122,"poolName":"KSM/USDT","operation":"REMOVE","status":1,"updateTime":1683371110000,"shareAmount":"3.23160237","liquidityAmount":[{"asset":"KSM","amount":"0.60074482"},{"asset":"USDT","amount":"17.04315323"}]},{"operationId":7225691,"poolId":122,"poolName":"KSM/USDT","operation":"ADD","status":1,"updateTime":1681940306000,"shareAmount":"3.23160237","liquidityAmount":[{"asset":"KSM","amount":"0.55174971"},{"asset":"USDT","amount":"18.55657718"}]},{"operationId":4946342,"poolId":122,"poolName":"KSM/USDT","operation":"REMOVE","status":1,"updateTime":1681940005000,"shareAmount":"4.40422469","liquidityAmount":[{"asset":"KSM","amount":"0.75310389"},{"asset":"USDT","amount":"25.25155862"}]},{"operationId":7170963,"poolId":122,"poolName":"KSM/USDT","operation":"ADD","status":1,"updateTime":1680546468000,"shareAmount":"4.40422469","liquidityAmount":[{"asset":"KSM","amount":"0.76068188"},{"asset":"USDT","amount":"25"}]},{"operationId":4896944,"poolId":122,"poolName":"KSM/USDT","operation":"REMOVE","status":1,"updateTime":1680546414000,"shareAmount":"3.21648717","liquidityAmount":[{"asset":"KSM","amount":"0.55539802"},{"asset":"USDT","amount":"18.2626357"}]},{"operationId":7107983,"poolId":122,"poolName":"KSM/USDT","operation":"ADD","status":1,"updateTime":1678920566000,"shareAmount":"3.21648717","liquidityAmount":[{"asset":"KSM","amount":"0.55501756"},{"asset":"USDT","amount":"18.27515469"}]}]
