[{"poolId":122,"poolName":"KSM/USDT","assetRewards":"KSM","claimAmount":"0.00006815","status":1,"claimedTime":1686000848000},{"poolId":122,"poolName":"KSM/USDT","assetRewards":"BNB","claimAmount":"0.00000204","status":1,"claimedTime":1686000848000},{"poolId":122,"poolName":"KSM/USDT","assetRewards":"USDT","claimAmount":"0.00157131","status":1,"claimedTime":1686000848000},{"poolId":122,"poolName":"KSM/USDT","assetRewards":"BNB","claimAmount":"0.0000115","status":1,"claimedTime":1685985812000},{"poolId":122,"poolName":"KSM/USDT","assetRewards":"KSM","claimAmount":"0.0003706","status":1,"claimedTime":1685985812000},{"poolId":122,"poolName":"KSM/USDT","assetRewards":"USDT","claimAmount":"0.00829351","status":1,"claimedTime":1685985812000},{"poolId":122,"poolName":"KSM/USDT","assetRewards":"USDT","claimAmount":"0.00639027","status":1,"claimedTime":1685904929000},{"poolId":122,"poolName":"KSM/USDT","assetRewards":"BNB","claimAmount":"0.0000235","status":1,"claimedTime":1685904929000},{"poolId":122,"poolName":"KSM/USDT","assetRewards":"KSM","claimAmount":"0.00019835","status":1,"claimedTime":1685904929000},{"poolId":122,"poolName":"KSM/USDT","assetRewards":"BNB","claimAmount":"0.00002426","status":1,"claimedTime":1685735343000},{"poolId":122,"poolName":"KSM/USDT","assetRewards":"USDT","claimAmount":"0.00905316","status":1,"claimedTime":1685735343000},{"poolId":122,"poolName":"KSM/USDT","assetRewards":"KSM","claimAmount":"0.00033399","status":1,"claimedTime":1685735343000},{"poolId":122,"poolName":"KSM/USDT","assetRewards":"KSM","claimAmount":"0.00012878","status":1,"claimedTime":1685556359000},{"poolId":122,"poolName":"KSM/USDT","assetRewards":"BNB","claimAmount":"0.0000105","status":1,"claimedTime":1685556359000},{"poolId":122,"poolName":"KSM/USDT","assetRewards":"USDT","claimAmount":"0.00327383","status":1,"claimedTime":1685556359000},{"poolId":122,"poolName":"KSM/USDT","assetRewards":"KSM","claimAmount":"0.00004604","status":1,"claimedTime":1685483670000},{"poolId":122,"poolName":"KSM/USDT","assetRewards":"USDT","claimAmount":"0.00109632","status":1,"claimedTime":1685483670000},{"poolId":122,"poolName":"KSM/USDT","assetRewards":"BNB","claimAmount":"0.0000045","status":1,"claimedTime":1685483670000},{"poolId":122,"poolName":"KSM/USDT","assetRewards":"BNB","claimAmount":"0.000012","status":1,"claimedTime":1685451525000},{"poolId":122,"poolName":"KSM/USDT","assetRewards":"KSM","claimAmount":"0.00010691","status":1,"claimedTime":1685451525000},{"poolId":122,"poolName":"KSM/USDT","assetRewards":"USDT","claimAmount":"0.00282901","status":1,"claimedTime":1685451525000},{"poolId":122,"poolName":"KSM/USDT","assetRewards":"BNB","claimAmount":"0.0000145","status":1,"claimedTime":1685365008000},{"poolId":122,"poolName":"KSM/USDT","assetRewards":"USDT","claimAmount":"0.00256864","status":1,"claimedTime":1685365008000},{"poolId":122,"poolName":"KSM/USDT","assetRewards":"KSM","claimAmount":"0.00009123","status":1,"claimedTime":1685365008000},{"poolId":122,"poolName":"KSM/USDT","assetRewards":"USDT","claimAmount":"0.00186906","status":1,"claimedTime":1685260935000},{"poolId":122,"poolName":"KSM/USDT","assetRewards":"BNB","claimAmount":"0.0000115","status":1,"claimedTime":1685260935000},{"poolId":122,"poolName":"KSM/USDT","assetRewards":"KSM","claimAmount":"0.00005691","status":1,"claimedTime":1685260935000},{"poolId":122,"poolName":"KSM/USDT","assetRewards":"KSM","claimAmount":"0.00005279","status":1,"claimedTime":1685176600000},{"poolId":122,"poolName":"KSM/USDT","assetRewards":"BNB","claimAmount":"0.00001203","status":1,"claimedTime":1685176600000},{"poolId":122,"poolName":"KSM/USDT","assetRewards":"USDT","claimAmount":"0.00131884","status":1,"claimedTime":1685176600000},{"poolId":122,"poolName":"KSM/USDT","assetRewards":"BNB","claimAmount":"0.00001484","status":1,"claimedTime":1685091462000},{"poolId":122,"poolName":"KSM/USDT","assetRewards":"KSM","claimAmount":"0.00009377","status":1,"claimedTime":1685091462000},{"poolId":122,"poolName":"KSM/USDT","assetRewards":"USDT","claimAmount":"0.00258923","status":1,"claimedTime":1685091462000},{"poolId":122,"poolName":"KSM/USDT","assetRewards":"USDT","claimAmount":"0.00093778","status":1,"claimedTime":1684989641000},{"poolId":122,"poolName":"KSM/USDT","assetRewards":"KSM","claimAmount":"0.00003877","status":1,"claimedTime":1684989641000},{"poolId":122,"poolName":"KSM/USDT","assetRewards":"BNB","claimAmount":"0.00000371","status":1,"claimedTime":1684989641000},{"poolId":122,"poolName":"KSM/USDT","assetRewards":"KSM","claimAmount":"0.00006729","status":1,"claimedTime":1684963285000},{"poolId":122,"poolName":"KSM/USDT","assetRewards":"BNB","claimAmount":"0.00000477","status":1,"claimedTime":1684963285000},{"poolId":122,"poolName":"KSM/USDT","assetRewards":"USDT","claimAmount":"0.00170389","status":1,"claimedTime":1684963285000},{"poolId":122,"poolName":"KSM/USDT","assetRewards":"BNB","claimAmount":"0.00001537","status":1,"claimedTime":1684931951000},{"poolId":122,"poolName":"KSM/USDT","assetRewards":"KSM","claimAmount":"0.00012098","status":1,"claimedTime":1684931951000},{"poolId":122,"poolName":"KSM/USDT","assetRewards":"USDT","claimAmount":"0.00265027","status":1,"claimedTime":1684931951000},{"poolId":122,"poolName":"KSM/USDT","assetRewards":"USDT","claimAmount":"0.00254731","status":1,"claimedTime":1684828045000},{"poolId":122,"poolName":"KSM/USDT","assetRewards":"BNB","claimAmount":"0.00001219","status":1,"claimedTime":1684828045000},{"poolId":122,"poolName":"KSM/USDT","assetRewards":"KSM","claimAmount":"0.0000868","status":1,"claimedTime":1684828045000},{"poolId":122,"poolName":"KSM/USDT","assetRewards":"BNB","claimAmount":"0.00001272","status":1,"claimedTime":1684745220000},{"poolId":122,"poolName":"KSM/USDT","assetRewards":"USDT","claimAmount":"0.00246405","status":1,"claimedTime":1684745220000},{"poolId":122,"poolName":"KSM/USDT","assetRewards":"KSM","claimAmount":"0.00012196","status":1,"claimedTime":1684745220000},{"poolId":122,"poolName":"KSM/USDT","assetRewards":"KSM","claimAmount":"0.00002645","status":1,"claimedTime":1684658716000},{"poolId":122,"poolName":"KSM/USDT","assetRewards":"USDT","claimAmount":"0.00047117","status":1,"claimedTime":1684658716000},{"poolId":122,"poolName":"KSM/USDT","assetRewards":"BNB","claimAmount":"0.00000583","status":1,"claimedTime":1684658716000},{"poolId":122,"poolName":"KSM/USDT","assetRewards":"BNB","claimAmount":"0.00000689","status":1,"claimedTime":1684617421000},{"poolId":122,"poolName":"KSM/USDT","assetRewards":"USDT","claimAmount":"0.00121336","status":1,"claimedTime":1684617421000},{"poolId":122,"poolName":"KSM/USDT","assetRewards":"KSM","claimAmount":"0.00002739","status":1,"claimedTime":1684617421000},{"poolId":122,"poolName":"KSM/USDT","assetRewards":"KSM","claimAmount":"0.00007966","status":1,"claimedTime":1684570840000},{"poolId":122,"poolName":"KSM/USDT","assetRewards":"USDT","claimAmount":"0.0020674","status":1,"claimedTime":1684570840000},{"poolId":122,"poolName":"KSM/USDT","assetRewards":"BNB","claimAmount":"0.00000954","status":1,"claimedTime":1684570840000},{"poolId":122,"poolName":"KSM/USDT","assetRewards":"BNB","claimAmount":"0.00001431","status":1,"claimedTime":1684507388000},{"poolId":122,"poolName":"KSM/USDT","assetRewards":"KSM","claimAmount":"0.00015285","status":1,"claimedTime":1684507388000},{"poolId":122,"poolName":"KSM/USDT","assetRewards":"USDT","claimAmount":"0.0033849","status":1,"claimedTime":1684507388000},{"poolId":122,"poolName":"KSM/USDT","assetRewards":"BNB","claimAmount":"0.00001325","status":1,"claimedTime":1684407951000},{"poolId":122,"poolName":"KSM/USDT","assetRewards":"USDT","claimAmount":"0.00347427","status":1,"claimedTime":1684407951000},{"poolId":122,"poolName":"KSM/USDT","assetRewards":"KSM","claimAmount":"0.00012167","status":1,"claimedTime":1684407951000},{"poolId":122,"poolName":"KSM/USDT","assetRewards":"BNB","claimAmount":"0.00000954","status":1,"claimedTime":1684318513000},{"poolId":122,"poolName":"KSM/USDT","assetRewards":"KSM","claimAmount":"0.00006586","status":1,"claimedTime":1684318513000},{"poolId":122,"poolName":"KSM/USDT","assetRewards":"USDT","claimAmount":"0.00185862","status":1,"claimedTime":1684318513000},{"poolId":122,"poolName":"KSM/USDT","assetRewards":"KSM","claimAmount":"0.00012821","status":1,"claimedTime":1684253184000},{"poolId":122,"poolName":"KSM/USDT","assetRewards":"USDT","claimAmount":"0.00311604","status":1,"claimedTime":1684253184000},{"poolId":122,"poolName":"KSM/USDT","assetRewards":"BNB","claimAmount":"0.00001113","status":1,"claimedTime":1684253184000},{"poolId":122,"poolName":"KSM/USDT","assetRewards":"KSM","claimAmount":"0.00003061","status":1,"claimedTime":1684180513000},{"poolId":122,"poolName":"KSM/USDT","assetRewards":"BNB","claimAmount":"0.00000318","status":1,"claimedTime":1684180513000},{"poolId":122,"poolName":"KSM/USDT","assetRewards":"USDT","claimAmount":"0.00074871","status":1,"claimedTime":1684180513000},{"poolId":122,"poolName":"KSM/USDT","assetRewards":"USDT","claimAmount":"0.00364073","status":1,"claimedTime":1684157653000},{"poolId":122,"poolName":"KSM/USDT","assetRewards":"BNB","claimAmount":"0.00001272","status":1,"claimedTime":1684157653000},{"poolId":122,"poolName":"KSM/USDT","assetRewards":"KSM","claimAmount":"0.00013183","status":1,"claimedTime":1684157653000},{"poolId":122,"poolName":"KSM/USDT","assetRewards":"KSM","claimAmount":"0.00001677","status":1,"claimedTime":1684070017000},{"poolId":122,"poolName":"KSM/USDT","assetRewards":"USDT","claimAmount":"0.0006416","status":1,"claimedTime":1684070017000},{"poolId":122,"poolName":"KSM/USDT","assetRewards":"BNB","claimAmount":"0.00000265","status":1,"claimedTime":1684070017000},{"poolId":122,"poolName":"KSM/USDT","assetRewards":"USDT","claimAmount":"0.00251957","status":1,"claimedTime":1684053898000},{"poolId":122,"poolName":"KSM/USDT","assetRewards":"BNB","claimAmount":"0.00001272","status":1,"claimedTime":1684053898000},{"poolId":122,"poolName":"KSM/USDT","assetRewards":"KSM","claimAmount":"0.00009924","status":1,"claimedTime":1684053898000},{"poolId":122,"poolName":"KSM/USDT","assetRewards":"USDT","claimAmount":"0.00158479","status":1,"claimedTime":1683966128000},{"poolId":122,"poolName":"KSM/USDT","assetRewards":"KSM","claimAmount":"0.00005131","status":1,"claimedTime":1683966128000},{"poolId":122,"poolName":"KSM/USDT","assetRewards":"BNB","claimAmount":"0.00000583","status":1,"claimedTime":1683966128000},{"poolId":122,"poolName":"KSM/USDT","assetRewards":"USDT","claimAmount":"0.00294048","status":1,"claimedTime":1683926079000},{"poolId":122,"poolName":"KSM/USDT","assetRewards":"KSM","claimAmount":"0.00011703","status":1,"claimedTime":1683926079000},{"poolId":122,"poolName":"KSM/USDT","assetRewards":"BNB","claimAmount":"0.00000477","status":1,"claimedTime":1683926079000},{"poolId":122,"poolName":"KSM/USDT","assetRewards":"KSM","claimAmount":"0.00002631","status":1,"claimedTime":1683896618000},{"poolId":122,"poolName":"KSM/USDT","assetRewards":"USDT","claimAmount":"0.00069947","status":1,"claimedTime":1683896618000},{"poolId":122,"poolName":"KSM/USDT","assetRewards":"BNB","claimAmount":"0.00000212","status":1,"claimedTime":1683896618000},{"poolId":122,"poolName":"KSM/USDT","assetRewards":"KSM","claimAmount":"0.00029364","status":1,"claimedTime":1683881667000},{"poolId":122,"poolName":"KSM/USDT","assetRewards":"BNB","claimAmount":"0.00000848","status":1,"claimedTime":1683881667000},{"poolId":122,"poolName":"KSM/USDT","assetRewards":"USDT","claimAmount":"0.00712516","status":1,"claimedTime":1683881667000},{"poolId":122,"poolName":"KSM/USDT","assetRewards":"KSM","claimAmount":"0.0002688","status":1,"claimedTime":1683822494000},{"poolId":122,"poolName":"KSM/USDT","assetRewards":"BNB","claimAmount":"0.00001007","status":1,"claimedTime":1683822494000},{"poolId":122,"poolName":"KSM/USDT","assetRewards":"USDT","claimAmount":"0.005631","status":1,"claimedTime":1683822494000},{"poolId":122,"poolName":"KSM/USDT","assetRewards":"KSM","claimAmount":"0.00039759","status":1,"claimedTime":1683755422000},{"poolId":122,"poolName":"KSM/USDT","assetRewards":"BNB","claimAmount":"0.00001325","status":1,"claimedTime":1683755422000},{"poolId":122,"poolName":"KSM/USDT","assetRewards":"USDT","claimAmount":"0.01085181","status":1,"claimedTime":1683755422000},{"poolId":122,"poolName":"KSM/USDT","assetRewards":"USDT","claimAmount":"0.00401526","status":1,"claimedTime":1683662842000},{"poolId":122,"poolName":"KSM/USDT","assetRewards":"USDT","claimAmount":"0.00401526","status":1,"claimedTime":1683662842000},{"poolId":122,"poolName":"KSM/USDT","assetRewards":"KSM","claimAmount":"0.00014695","status":1,"claimedTime":1683662842000},{"poolId":122,"poolName":"KSM/USDT","assetRewards":"BNB","claimAmount":"0.00001219","status":1,"claimedTime":1683662842000},{"poolId":122,"poolName":"KSM/USDT","assetRewards":"BNB","claimAmount":"0.00000583","status":1,"claimedTime":1683581876000},{"poolId":122,"poolName":"KSM/USDT","assetRewards":"KSM","claimAmount":"0.0002422","status":1,"claimedTime":1683581876000},{"poolId":122,"poolName":"KSM/USDT","assetRewards":"USDT","claimAmount":"0.00528318","status":1,"claimedTime":1683581876000},{"poolId":122,"poolName":"KSM/USDT","assetRewards":"USDT","claimAmount":"0.00491846","status":1,"claimedTime":1683541678000},{"poolId":122,"poolName":"KSM/USDT","assetRewards":"KSM","claimAmount":"0.00020706","status":1,"claimedTime":1683541678000},{"poolId":122,"poolName":"KSM/USDT","assetRewards":"BNB","claimAmount":"0.00000795","status":1,"claimedTime":1683541678000},{"poolId":122,"poolName":"KSM/USDT","assetRewards":"BNB","claimAmount":"0.00001754","status":1,"claimedTime":1683488635000},{"poolId":122,"poolName":"KSM/USDT","assetRewards":"USDT","claimAmount":"0.00725606","status":1,"claimedTime":1683488635000},{"poolId":122,"poolName":"KSM/USDT","assetRewards":"KSM","claimAmount":"0.00028158","status":1,"claimedTime":1683488635000},{"poolId":122,"poolName":"KSM/USDT","assetRewards":"BNB","claimAmount":"0.00000348","status":1,"claimedTime":1683365451000},{"poolId":122,"poolName":"KSM/USDT","assetRewards":"KSM","claimAmount":"0.00004579","status":1,"claimedTime":1683365451000},{"poolId":122,"poolName":"KSM/USDT","assetRewards":"USDT","claimAmount":"0.00127473","status":1,"claimedTime":1683365451000},{"poolId":122,"poolName":"KSM/USDT","assetRewards":"KSM","claimAmount":"0.00006917","status":1,"claimedTime":1683321390000},{"poolId":122,"poolName":"KSM/USDT","assetRewards":"USDT","claimAmount":"0.00216361","status":1,"claimedTime":1683321390000},{"poolId":122,"poolName":"KSM/USDT","assetRewards":"BNB","claimAmount":"0.00000348","status":1,"claimedTime":1683321390000},{"poolId":122,"poolName":"KSM/USDT","assetRewards":"BNB","claimAmount":"0.00000725","status":1,"claimedTime":1683277438000},{"poolId":122,"poolName":"KSM/USDT","assetRewards":"KSM","claimAmount":"0.00007382","status":1,"claimedTime":1683277438000},{"poolId":122,"poolName":"KSM/USDT","assetRewards":"USDT","claimAmount":"0.00205397","status":1,"claimedTime":1683277438000},{"poolId":122,"poolName":"KSM/USDT","assetRewards":"USDT","claimAmount":"0.00102163","status":1,"claimedTime":1683188168000},{"poolId":122,"poolName":"KSM/USDT","assetRewards":"BNB","claimAmount":"0.0000029","status":1,"claimedTime":1683188168000},{"poolId":122,"poolName":"KSM/USDT","assetRewards":"KSM","claimAmount":"0.00003923","status":1,"claimedTime":1683188168000},{"poolId":122,"poolName":"KSM/USDT","assetRewards":"KSM","claimAmount":"0.00007349","status":1,"claimedTime":1683152076000},{"poolId":122,"poolName":"KSM/USDT","assetRewards":"BNB","claimAmount":"0.00000174","status":1,"claimedTime":1683152076000},{"poolId":122,"poolName":"KSM/USDT","assetRewards":"USDT","claimAmount":"0.00253605","status":1,"claimedTime":1683152076000},{"poolId":122,"poolName":"KSM/USDT","assetRewards":"USDT","claimAmount":"0.00239254","status":1,"claimedTime":1683131421000},{"poolId":122,"poolName":"KSM/USDT","assetRewards":"KSM","claimAmount":"0.00009729","status":1,"claimedTime":1683131421000},{"poolId":122,"poolName":"KSM/USDT","assetRewards":"BNB","claimAmount":"0.00000551","status":1,"claimedTime":1683131421000},{"poolId":122,"poolName":"KSM/USDT","assetRewards":"BNB","claimAmount":"0.00001102","status":1,"claimedTime":1683063079000},{"poolId":122,"poolName":"KSM/USDT","assetRewards":"USDT","claimAmount":"0.00536276","status":1,"claimedTime":1683063079000},{"poolId":122,"poolName":"KSM/USDT","assetRewards":"KSM","claimAmount":"0.00019758","status":1,"claimedTime":1683063079000},{"poolId":122,"poolName":"KSM/USDT","assetRewards":"KSM","claimAmount":"0.00009431","status":1,"claimedTime":1682926198000},{"poolId":122,"poolName":"KSM/USDT","assetRewards":"USDT","claimAmount":"0.00260797","status":1,"claimedTime":1682926198000},{"poolId":122,"poolName":"KSM/USDT","assetRewards":"BNB","claimAmount":"0.00000667","status":1,"claimedTime":1682926198000},{"poolId":122,"poolName":"KSM/USDT","assetRewards":"BNB","claimAmount":"0.00000719","status":1,"claimedTime":1682844681000},{"poolId":122,"poolName":"KSM/USDT","assetRewards":"KSM","claimAmount":"0.00005029","status":1,"claimedTime":1682844681000},{"poolId":122,"poolName":"KSM/USDT","assetRewards":"USDT","claimAmount":"0.00152552","status":1,"claimedTime":1682844681000},{"poolId":122,"poolName":"KSM/USDT","assetRewards":"BNB","claimAmount":"0.00000693","status":1,"claimedTime":1682754226000},{"poolId":122,"poolName":"KSM/USDT","assetRewards":"KSM","claimAmount":"0.00006772","status":1,"claimedTime":1682754226000},{"poolId":122,"poolName":"KSM/USDT","assetRewards":"USDT","claimAmount":"0.00221344","status":1,"claimedTime":1682754226000},{"poolId":122,"poolName":"KSM/USDT","assetRewards":"USDT","claimAmount":"0.00057351","status":1,"claimedTime":1682664233000},{"poolId":122,"poolName":"KSM/USDT","assetRewards":"BNB","claimAmount":"0.00000243","status":1,"claimedTime":1682664233000},{"poolId":122,"poolName":"KSM/USDT","assetRewards":"KSM","claimAmount":"0.00002131","status":1,"claimedTime":1682664233000},{"poolId":122,"poolName":"KSM/USDT","assetRewards":"USDT","claimAmount":"0.00154182","status":1,"claimedTime":1682631100000},{"poolId":122,"poolName":"KSM/USDT","assetRewards":"BNB","claimAmount":"0.00000189","status":1,"claimedTime":1682631100000},{"poolId":122,"poolName":"KSM/USDT","assetRewards":"KSM","claimAmount":"0.00004401","status":1,"claimedTime":1682631100000},{"poolId":122,"poolName":"KSM/USDT","assetRewards":"KSM","claimAmount":"0.00027621","status":1,"claimedTime":1682607190000},{"poolId":122,"poolName":"KSM/USDT","assetRewards":"USDT","claimAmount":"0.00825778","status":1,"claimedTime":1682607190000},{"poolId":122,"poolName":"KSM/USDT","assetRewards":"BNB","claimAmount":"0.00000675","status":1,"claimedTime":1682607190000},{"poolId":122,"poolName":"KSM/USDT","assetRewards":"KSM","claimAmount":"0.00001628","status":1,"claimedTime":1682514259000},{"poolId":122,"poolName":"KSM/USDT","assetRewards":"USDT","claimAmount":"0.00061104","status":1,"claimedTime":1682514259000},{"poolId":122,"poolName":"KSM/USDT","assetRewards":"BNB","claimAmount":"0.00000135","status":1,"claimedTime":1682514259000},{"poolId":122,"poolName":"KSM/USDT","assetRewards":"BNB","claimAmount":"0.00000297","status":1,"claimedTime":1682496343000},{"poolId":122,"poolName":"KSM/USDT","assetRewards":"USDT","claimAmount":"0.00129282","status":1,"claimedTime":1682496343000},{"poolId":122,"poolName":"KSM/USDT","assetRewards":"KSM","claimAmount":"0.00003651","status":1,"claimedTime":1682496343000},{"poolId":122,"poolName":"KSM/USDT","assetRewards":"BNB","claimAmount":"0.00000216","status":1,"claimedTime":1682457957000},{"poolId":122,"poolName":"KSM/USDT","assetRewards":"USDT","claimAmount":"0.00150348","status":1,"claimedTime":1682457957000},{"poolId":122,"poolName":"KSM/USDT","assetRewards":"KSM","claimAmount":"0.00004238","status":1,"claimedTime":1682457957000},{"poolId":122,"poolName":"KSM/USDT","assetRewards":"BNB","claimAmount":"0.00000432","status":1,"claimedTime":1682429126000},{"poolId":122,"poolName":"KSM/USDT","assetRewards":"KSM","claimAmount":"0.00005711","status":1,"claimedTime":1682429126000},{"poolId":122,"poolName":"KSM/USDT","assetRewards":"USDT","claimAmount":"0.00160587","status":1,"claimedTime":1682429126000},{"poolId":122,"poolName":"KSM/USDT","assetRewards":"USDT","claimAmount":"0.00178289","status":1,"claimedTime":1682372060000},{"poolId":122,"poolName":"KSM/USDT","assetRewards":"BNB","claimAmount":"0.00000324","status":1,"claimedTime":1682372060000},{"poolId":122,"poolName":"KSM/USDT","assetRewards":"KSM","claimAmount":"0.00005569","status":1,"claimedTime":1682372060000},{"poolId":122,"poolName":"KSM/USDT","assetRewards":"BNB","claimAmount":"0.0000054","status":1,"claimedTime":1682330463000},{"poolId":122,"poolName":"KSM/USDT","assetRewards":"KSM","claimAmount":"0.0001138","status":1,"claimedTime":1682330463000},{"poolId":122,"poolName":"KSM/USDT","assetRewards":"USDT","claimAmount":"0.00316978","status":1,"claimedTime":1682330463000},{"poolId":122,"poolName":"KSM/USDT","assetRewards":"BNB","claimAmount":"0.0000103","status":1,"claimedTime":1682255554000},{"poolId":122,"poolName":"KSM/USDT","assetRewards":"USDT","claimAmount":"0.00307311","status":1,"claimedTime":1682255554000},{"poolId":122,"poolName":"KSM/USDT","assetRewards":"KSM","claimAmount":"0.00009344","status":1,"claimedTime":1682255554000},{"poolId":122,"poolName":"KSM/USDT","assetRewards":"USDT","claimAmount":"0.00530924","status":1,"claimedTime":1682115557000},{"poolId":122,"poolName":"KSM/USDT","assetRewards":"BNB","claimAmount":"0.00000655","status":1,"claimedTime":1682115557000},{"poolId":122,"poolName":"KSM/USDT","assetRewards":"KSM","claimAmount":"0.0001993","status":1,"claimedTime":1682115557000},{"poolId":122,"poolName":"KSM/USDT","assetRewards":"USDT","claimAmount":"0.00601404","status":1,"claimedTime":1682025935000},{"poolId":122,"poolName":"KSM/USDT","assetRewards":"BNB","claimAmount":"0.00000648","status":1,"claimedTime":1682025935000},{"poolId":122,"poolName":"KSM/USDT","assetRewards":"KSM","claimAmount":"0.00020164","status":1,"claimedTime":1682025935000},{"poolId":122,"poolName":"KSM/USDT","assetRewards":"KSM","claimAmount":"0.00000618","status":1,"claimedTime":1681939984000},{"poolId":122,"poolName":"KSM/USDT","assetRewards":"BNB","claimAmount":"0.00000037","status":1,"claimedTime":1681939984000},{"poolId":122,"poolName":"KSM/USDT","assetRewards":"USDT","claimAmount":"0.00021149","status":1,"claimedTime":1681939984000},{"poolId":122,"poolName":"KSM/USDT","assetRewards":"BNB","claimAmount":"0.00000882","status":1,"claimedTime":1681936862000},{"poolId":122,"poolName":"KSM/USDT","assetRewards":"KSM","claimAmount":"0.00025403","status":1,"claimedTime":1681936862000},{"poolId":122,"poolName":"KSM/USDT","assetRewards":"USDT","claimAmount":"0.00713014","status":1,"claimedTime":1681936862000},{"poolId":122,"poolName":"KSM/USDT","assetRewards":"KSM","claimAmount":"0.00008084","status":1,"claimedTime":1681850008000},{"poolId":122,"poolName":"KSM/USDT","assetRewards":"BNB","claimAmount":"0.00000814","status":1,"claimedTime":1681850008000},{"poolId":122,"poolName":"KSM/USDT","assetRewards":"USDT","claimAmount":"0.00315042","status":1,"claimedTime":1681850008000},{"poolId":122,"poolName":"KSM/USDT","assetRewards":"USDT","claimAmount":"0.00164297","status":1,"claimedTime":1681771185000},{"poolId":122,"poolName":"KSM/USDT","assetRewards":"BNB","claimAmount":"0.0000037","status":1,"claimedTime":1681771185000},{"poolId":122,"poolName":"KSM/USDT","assetRewards":"KSM","claimAmount":"0.00004882","status":1,"claimedTime":1681771185000},{"poolId":122,"poolName":"KSM/USDT","assetRewards":"USDT","claimAmount":"0.00325357","status":1,"claimedTime":1681733497000},{"poolId":122,"poolName":"KSM/USDT","assetRewards":"KSM","claimAmount":"0.00010494","status":1,"claimedTime":1681733497000},{"poolId":122,"poolName":"KSM/USDT","assetRewards":"BNB","claimAmount":"0.00000444","status":1,"claimedTime":1681733497000},{"poolId":122,"poolName":"KSM/USDT","assetRewards":"USDT","claimAmount":"0.00302059","status":1,"claimedTime":1681690912000},{"poolId":122,"poolName":"KSM/USDT","assetRewards":"KSM","claimAmount":"0.00007199","status":1,"claimedTime":1681690912000},{"poolId":122,"poolName":"KSM/USDT","assetRewards":"BNB","claimAmount":"0.00000407","status":1,"claimedTime":1681690912000},{"poolId":122,"poolName":"KSM/USDT","assetRewards":"BNB","claimAmount":"0.00000555","status":1,"claimedTime":1681652755000},{"poolId":122,"poolName":"KSM/USDT","assetRewards":"KSM","claimAmount":"0.00006535","status":1,"claimedTime":1681652755000},{"poolId":122,"poolName":"KSM/USDT","assetRewards":"USDT","claimAmount":"0.00211783","status":1,"claimedTime":1681652755000},{"poolId":122,"poolName":"KSM/USDT","assetRewards":"KSM","claimAmount":"0.00009381","status":1,"claimedTime":1681597170000},{"poolId":122,"poolName":"KSM/USDT","assetRewards":"KSM","claimAmount":"0.00009381","status":1,"claimedTime":1681597170000},{"poolId":122,"poolName":"KSM/USDT","assetRewards":"BNB","claimAmount":"0.00000444","status":1,"claimedTime":1681597170000},{"poolId":122,"poolName":"KSM/USDT","assetRewards":"USDT","claimAmount":"0.00342148","status":1,"claimedTime":1681597170000},{"poolId":122,"poolName":"KSM/USDT","assetRewards":"BNB","claimAmount":"0.00000888","status":1,"claimedTime":1681556252000},{"poolId":122,"poolName":"KSM/USDT","assetRewards":"USDT","claimAmount":"0.01120135","status":1,"claimedTime":1681556252000},{"poolId":122,"poolName":"KSM/USDT","assetRewards":"KSM","claimAmount":"0.00028756","status":1,"claimedTime":1681556252000},{"poolId":122,"poolName":"KSM/USDT","assetRewards":"BNB","claimAmount":"0.00000442","status":1,"claimedTime":1681470004000},{"poolId":122,"poolName":"KSM/USDT","assetRewards":"KSM","claimAmount":"0.00008668","status":1,"claimedTime":1681470004000},{"poolId":122,"poolName":"KSM/USDT","assetRewards":"USDT","claimAmount":"0.00372922","status":1,"claimedTime":1681470004000},{"poolId":122,"poolName":"KSM/USDT","assetRewards":"BNB","claimAmount":"0.00000444","status":1,"claimedTime":1681426895000},{"poolId":122,"poolName":"KSM/USDT","assetRewards":"KSM","claimAmount":"0.00012231","status":1,"claimedTime":1681426895000},{"poolId":122,"poolName":"KSM/USDT","assetRewards":"USDT","claimAmount":"0.00468524","status":1,"claimedTime":1681426895000},{"poolId":122,"poolName":"KSM/USDT","assetRewards":"BNB","claimAmount":"0.00000687","status":1,"claimedTime":1681381222000},{"poolId":122,"poolName":"KSM/USDT","assetRewards":"KSM","claimAmount":"0.00015024","status":1,"claimedTime":1681381222000},{"poolId":122,"poolName":"KSM/USDT","assetRewards":"USDT","claimAmount":"0.00597459","status":1,"claimedTime":1681381222000},{"poolId":122,"poolName":"KSM/USDT","assetRewards":"USDT","claimAmount":"0.00177634","status":1,"claimedTime":1681315099000},{"poolId":122,"poolName":"KSM/USDT","assetRewards":"KSM","claimAmount":"0.00004472","status":1,"claimedTime":1681315099000},{"poolId":122,"poolName":"KSM/USDT","assetRewards":"BNB","claimAmount":"0.00000144","status":1,"claimedTime":1681315099000},{"poolId":122,"poolName":"KSM/USDT","assetRewards":"BNB","claimAmount":"0.00000468","status":1,"claimedTime":1681297621000},{"poolId":122,"poolName":"KSM/USDT","assetRewards":"KSM","claimAmount":"0.00011207","status":1,"claimedTime":1681297621000},{"poolId":122,"poolName":"KSM/USDT","assetRewards":"USDT","claimAmount":"0.00306464","status":1,"claimedTime":1681297621000},{"poolId":122,"poolName":"KSM/USDT","assetRewards":"USDT","claimAmount":"0.00754101","status":1,"claimedTime":1681253090000},{"poolId":122,"poolName":"KSM/USDT","assetRewards":"KSM","claimAmount":"0.00021329","status":1,"claimedTime":1681253090000},{"poolId":122,"poolName":"KSM/USDT","assetRewards":"BNB","claimAmount":"0.00001116","status":1,"claimedTime":1681253090000},{"poolId":122,"poolName":"KSM/USDT","assetRewards":"KSM","claimAmount":"0.00010968","status":1,"claimedTime":1681141566000},{"poolId":122,"poolName":"KSM/USDT","assetRewards":"USDT","claimAmount":"0.00358903","status":1,"claimedTime":1681141566000},{"poolId":122,"poolName":"KSM/USDT","assetRewards":"BNB","claimAmount":"0.0000108","status":1,"claimedTime":1681141566000},{"poolId":122,"poolName":"KSM/USDT","assetRewards":"BNB","claimAmount":"0.00000396","status":1,"claimedTime":1681032361000},{"poolId":122,"poolName":"KSM/USDT","assetRewards":"KSM","claimAmount":"0.00003092","status":1,"claimedTime":1681032361000},{"poolId":122,"poolName":"KSM/USDT","assetRewards":"USDT","claimAmount":"0.00091544","status":1,"claimedTime":1681032361000},{"poolId":122,"poolName":"KSM/USDT","assetRewards":"BNB","claimAmount":"0.00000396","status":1,"claimedTime":1680992772000},{"poolId":122,"poolName":"KSM/USDT","assetRewards":"USDT","claimAmount":"0.00070251","status":1,"claimedTime":1680992772000},{"poolId":122,"poolName":"KSM/USDT","assetRewards":"KSM","claimAmount":"0.00002547","status":1,"claimedTime":1680992772000},{"poolId":122,"poolName":"KSM/USDT","assetRewards":"KSM","claimAmount":"0.00013894","status":1,"claimedTime":1680953654000},{"poolId":122,"poolName":"KSM/USDT","assetRewards":"BNB","claimAmount":"0.00001008","status":1,"claimedTime":1680953654000},{"poolId":122,"poolName":"KSM/USDT","assetRewards":"USDT","claimAmount":"0.00412466","status":1,"claimedTime":1680953654000},{"poolId":122,"poolName":"KSM/USDT","assetRewards":"KSM","claimAmount":"0.00004882","status":1,"claimedTime":1680851854000},{"poolId":122,"poolName":"KSM/USDT","assetRewards":"BNB","claimAmount":"0.00000396","status":1,"claimedTime":1680851854000},{"poolId":122,"poolName":"KSM/USDT","assetRewards":"USDT","claimAmount":"0.0015393","status":1,"claimedTime":1680851854000},{"poolId":122,"poolName":"KSM/USDT","assetRewards":"KSM","claimAmount":"0.00001237","status":1,"claimedTime":1680814838000},{"poolId":122,"poolName":"KSM/USDT","assetRewards":"BNB","claimAmount":"0.00000144","status":1,"claimedTime":1680814838000},{"poolId":122,"poolName":"KSM/USDT","assetRewards":"USDT","claimAmount":"0.00034762","status":1,"claimedTime":1680814838000},{"poolId":122,"poolName":"KSM/USDT","assetRewards":"KSM","claimAmount":"0.00000207","status":1,"claimedTime":1680799217000},{"poolId":122,"poolName":"KSM/USDT","assetRewards":"BNB","claimAmount":"0.00000036","status":1,"claimedTime":1680799217000},{"poolId":122,"poolName":"KSM/USDT","assetRewards":"USDT","claimAmount":"0.00014027","status":1,"claimedTime":1680799217000},{"poolId":122,"poolName":"KSM/USDT","assetRewards":"USDT","claimAmount":"0.00056189","status":1,"claimedTime":1680794103000},{"poolId":122,"poolName":"KSM/USDT","assetRewards":"KSM","claimAmount":"0.00001723","status":1,"claimedTime":1680794103000},{"poolId":122,"poolName":"KSM/USDT","assetRewards":"BNB","claimAmount":"0.00000108","status":1,"claimedTime":1680794103000},{"poolId":122,"poolName":"KSM/USDT","assetRewards":"BNB","claimAmount":"0.00000076","status":1,"claimedTime":1680782978000},{"poolId":122,"poolName":"KSM/USDT","assetRewards":"KSM","claimAmount":"0.00001559","status":1,"claimedTime":1680782978000},{"poolId":122,"poolName":"KSM/USDT","assetRewards":"USDT","claimAmount":"0.00053553","status":1,"claimedTime":1680782978000},{"poolId":122,"poolName":"KSM/USDT","assetRewards":"BNB","claimAmount":"0.0000095","status":1,"claimedTime":1680776732000},{"poolId":122,"poolName":"KSM/USDT","assetRewards":"KSM","claimAmount":"0.00015968","status":1,"claimedTime":1680776732000},{"poolId":122,"poolName":"KSM/USDT","assetRewards":"USDT","claimAmount":"0.00474609","status":1,"claimedTime":1680776732000},{"poolId":122,"poolName":"KSM/USDT","assetRewards":"BNB","claimAmount":"0.00000494","status":1,"claimedTime":1680686522000},{"poolId":122,"poolName":"KSM/USDT","assetRewards":"KSM","claimAmount":"0.00004977","status":1,"claimedTime":1680686522000},{"poolId":122,"poolName":"KSM/USDT","assetRewards":"USDT","claimAmount":"0.0017281","status":1,"claimedTime":1680686522000},{"poolId":122,"poolName":"KSM/USDT","assetRewards":"BNB","claimAmount":"0.00000418","status":1,"claimedTime":1680641878000},{"poolId":122,"poolName":"KSM/USDT","assetRewards":"KSM","claimAmount":"0.00009745","status":1,"claimedTime":1680641878000},{"poolId":122,"poolName":"KSM/USDT","assetRewards":"USDT","claimAmount":"0.00388034","status":1,"claimedTime":1680641878000},{"poolId":122,"poolName":"KSM/USDT","assetRewards":"BNB","claimAmount":"0.00000532","status":1,"claimedTime":1680602777000},{"poolId":122,"poolName":"KSM/USDT","assetRewards":"USDT","claimAmount":"0.00385784","status":1,"claimedTime":1680602777000},{"poolId":122,"poolName":"KSM/USDT","assetRewards":"KSM","claimAmount":"0.00012286","status":1,"claimedTime":1680602777000},{"poolId":122,"poolName":"KSM/USDT","assetRewards":"KSM","claimAmount":"0.00002096","status":1,"claimedTime":1680551457000},{"poolId":122,"poolName":"KSM/USDT","assetRewards":"USDT","claimAmount":"0.00100104","status":1,"claimedTime":1680551457000},{"poolId":122,"poolName":"KSM/USDT","assetRewards":"BNB","claimAmount":"0.00000038","status":1,"claimedTime":1680551457000},{"poolId":122,"poolName":"KSM/USDT","assetRewards":"USDT","claimAmount":"0.00021775","status":1,"claimedTime":1680546407000},{"poolId":122,"poolName":"KSM/USDT","assetRewards":"BNB","claimAmount":"0.00000027","status":1,"claimedTime":1680546407000},{"poolId":122,"poolName":"KSM/USDT","assetRewards":"KSM","claimAmount":"0.00000557","status":1,"claimedTime":1680546407000},{"poolId":122,"poolName":"KSM/USDT","assetRewards":"KSM","claimAmount":"0.0000095","status":1,"claimedTime":1680545384000},{"poolId":122,"poolName":"KSM/USDT","assetRewards":"BNB","claimAmount":"0.00000054","status":1,"claimedTime":1680545384000},{"poolId":122,"poolName":"KSM/USDT","assetRewards":"USDT","claimAmount":"0.00028872","status":1,"claimedTime":1680545384000},{"poolId":122,"poolName":"KSM/USDT","assetRewards":"KSM","claimAmount":"0.00008795","status":1,"claimedTime":1680536388000},{"poolId":122,"poolName":"KSM/USDT","assetRewards":"BNB","claimAmount":"0.00000513","status":1,"claimedTime":1680536388000},{"poolId":122,"poolName":"KSM/USDT","assetRewards":"USDT","claimAmount":"0.00287554","status":1,"claimedTime":1680536388000},{"poolId":122,"poolName":"KSM/USDT","assetRewards":"USDT","claimAmount":"0.0024991","status":1,"claimedTime":1680466432000},{"poolId":122,"poolName":"KSM/USDT","assetRewards":"KSM","claimAmount":"0.00009","status":1,"claimedTime":1680466432000},{"poolId":122,"poolName":"KSM/USDT","assetRewards":"BNB","claimAmount":"0.00000594","status":1,"claimedTime":1680466432000},{"poolId":122,"poolName":"KSM/USDT","assetRewards":"USDT","claimAmount":"0.00235876","status":1,"claimedTime":1680388352000},{"poolId":122,"poolName":"KSM/USDT","assetRewards":"BNB","claimAmount":"0.00000675","status":1,"claimedTime":1680388352000},{"poolId":122,"poolName":"KSM/USDT","assetRewards":"KSM","claimAmount":"0.00008149","status":1,"claimedTime":1680388352000},{"poolId":122,"poolName":"KSM/USDT","assetRewards":"BNB","claimAmount":"0.00000689","status":1,"claimedTime":1680300199000},{"poolId":122,"poolName":"KSM/USDT","assetRewards":"KSM","claimAmount":"0.00014096","status":1,"claimedTime":1680300199000},{"poolId":122,"poolName":"KSM/USDT","assetRewards":"USDT","claimAmount":"0.00511118","status":1,"claimedTime":1680300199000},{"poolId":122,"poolName":"KSM/USDT","assetRewards":"USDT","claimAmount":"0.00500683","status":1,"claimedTime":1680204585000},{"poolId":122,"poolName":"KSM/USDT","assetRewards":"KSM","claimAmount":"0.00015526","status":1,"claimedTime":1680204585000},{"poolId":122,"poolName":"KSM/USDT","assetRewards":"BNB","claimAmount":"0.00000546","status":1,"claimedTime":1680204585000},{"poolId":122,"poolName":"KSM/USDT","assetRewards":"KSM","claimAmount":"0.00000292","status":1,"claimedTime":1680128126000},{"poolId":122,"poolName":"KSM/USDT","assetRewards":"BNB","claimAmount":"0.00000026","status":1,"claimedTime":1680128126000},{"poolId":122,"poolName":"KSM/USDT","assetRewards":"USDT","claimAmount":"0.00005659","status":1,"claimedTime":1680128126000},{"poolId":122,"poolName":"KSM/USDT","assetRewards":"BNB","claimAmount":"0.00000312","status":1,"claimedTime":1680127323000},{"poolId":122,"poolName":"KSM/USDT","assetRewards":"KSM","claimAmount":"0.00006405","status":1,"claimedTime":1680127323000},{"poolId":122,"poolName":"KSM/USDT","assetRewards":"USDT","claimAmount":"0.00225704","status":1,"claimedTime":1680127323000},{"poolId":122,"poolName":"KSM/USDT","assetRewards":"USDT","claimAmount":"0.00346466","status":1,"claimedTime":1680083332000},{"poolId":122,"poolName":"KSM/USDT","assetRewards":"BNB","claimAmount":"0.00000403","status":1,"claimedTime":1680083332000},{"poolId":122,"poolName":"KSM/USDT","assetRewards":"KSM","claimAmount":"0.00008008","status":1,"claimedTime":1680083332000},{"poolId":122,"poolName":"KSM/USDT","assetRewards":"BNB","claimAmount":"0.00000475","status":1,"claimedTime":1680024083000},{"poolId":122,"poolName":"KSM/USDT","assetRewards":"USDT","claimAmount":"0.00366823","status":1,"claimedTime":1680024083000},{"poolId":122,"poolName":"KSM/USDT","assetRewards":"KSM","claimAmount":"0.0001084","status":1,"claimedTime":1680024083000},{"poolId":122,"poolName":"KSM/USDT","assetRewards":"KSM","claimAmount":"0.00020239","status":1,"claimedTime":1679956293000},{"poolId":122,"poolName":"KSM/USDT","assetRewards":"KSM","claimAmount":"0.00020239","status":1,"claimedTime":1679956293000},{"poolId":122,"poolName":"KSM/USDT","assetRewards":"BNB","claimAmount":"0.00000625","status":1,"claimedTime":1679956293000},{"poolId":122,"poolName":"KSM/USDT","assetRewards":"USDT","claimAmount":"0.00605817","status":1,"claimedTime":1679956293000},{"poolId":122,"poolName":"KSM/USDT","assetRewards":"BNB","claimAmount":"0.0000055","status":1,"claimedTime":1679865874000},{"poolId":122,"poolName":"KSM/USDT","assetRewards":"KSM","claimAmount":"0.00008353","status":1,"claimedTime":1679865874000},{"poolId":122,"poolName":"KSM/USDT","assetRewards":"USDT","claimAmount":"0.00292356","status":1,"claimedTime":1679865874000},{"poolId":122,"poolName":"KSM/USDT","assetRewards":"BNB","claimAmount":"0.000003","status":1,"claimedTime":1679789336000},{"poolId":122,"poolName":"KSM/USDT","assetRewards":"KSM","claimAmount":"0.00006507","status":1,"claimedTime":1679789336000},{"poolId":122,"poolName":"KSM/USDT","assetRewards":"USDT","claimAmount":"0.00186904","status":1,"claimedTime":1679789336000},{"poolId":122,"poolName":"KSM/USDT","assetRewards":"USDT","claimAmount":"0.00405216","status":1,"claimedTime":1679744976000},{"poolId":122,"poolName":"KSM/USDT","assetRewards":"BNB","claimAmount":"0.000005","status":1,"claimedTime":1679744976000},{"poolId":122,"poolName":"KSM/USDT","assetRewards":"KSM","claimAmount":"0.0001298","status":1,"claimedTime":1679744976000},{"poolId":122,"poolName":"KSM/USDT","assetRewards":"USDT","claimAmount":"0.00371286","status":1,"claimedTime":1679670805000},{"poolId":122,"poolName":"KSM/USDT","assetRewards":"KSM","claimAmount":"0.00011145","status":1,"claimedTime":1679670805000},{"poolId":122,"poolName":"KSM/USDT","assetRewards":"BNB","claimAmount":"0.00000424","status":1,"claimedTime":1679670805000},{"poolId":122,"poolName":"KSM/USDT","assetRewards":"USDT","claimAmount":"0.00617402","status":1,"claimedTime":1679607873000},{"poolId":122,"poolName":"KSM/USDT","assetRewards":"BNB","claimAmount":"0.00000506","status":1,"claimedTime":1679607873000},{"poolId":122,"poolName":"KSM/USDT","assetRewards":"KSM","claimAmount":"0.00016769","status":1,"claimedTime":1679607873000},{"poolId":122,"poolName":"KSM/USDT","assetRewards":"USDT","claimAmount":"0.00869862","status":1,"claimedTime":1679529731000},{"poolId":122,"poolName":"KSM/USDT","assetRewards":"BNB","claimAmount":"0.00000276","status":1,"claimedTime":1679529731000},{"poolId":122,"poolName":"KSM/USDT","assetRewards":"KSM","claimAmount":"0.00027098","status":1,"claimedTime":1679529731000},{"poolId":122,"poolName":"KSM/USDT","assetRewards":"USDT","claimAmount":"0.00404435","status":1,"claimedTime":1679486739000},{"poolId":122,"poolName":"KSM/USDT","assetRewards":"KSM","claimAmount":"0.00012249","status":1,"claimedTime":1679486739000},{"poolId":122,"poolName":"KSM/USDT","assetRewards":"BNB","claimAmount":"0.00000345","status":1,"claimedTime":1679486739000},{"poolId":122,"poolName":"KSM/USDT","assetRewards":"USDT","claimAmount":"0.00478514","status":1,"claimedTime":1679431471000},{"poolId":122,"poolName":"KSM/USDT","assetRewards":"BNB","claimAmount":"0.00000215","status":1,"claimedTime":1679431471000},{"poolId":122,"poolName":"KSM/USDT","assetRewards":"KSM","claimAmount":"0.00012352","status":1,"claimedTime":1679431471000},{"poolId":122,"poolName":"KSM/USDT","assetRewards":"BNB","claimAmount":"0.0000035","status":1,"claimedTime":1679397961000},{"poolId":122,"poolName":"KSM/USDT","assetRewards":"KSM","claimAmount":"0.0001792","status":1,"claimedTime":1679397961000},{"poolId":122,"poolName":"KSM/USDT","assetRewards":"USDT","claimAmount":"0.00582875","status":1,"claimedTime":1679397961000},{"poolId":122,"poolName":"KSM/USDT","assetRewards":"USDT","claimAmount":"0.00397406","status":1,"claimedTime":1679348093000},{"poolId":122,"poolName":"KSM/USDT","assetRewards":"BNB","claimAmount":"0.00000175","status":1,"claimedTime":1679348093000},{"poolId":122,"poolName":"KSM/USDT","assetRewards":"KSM","claimAmount":"0.0001219","status":1,"claimedTime":1679348093000},{"poolId":122,"poolName":"KSM/USDT","assetRewards":"USDT","claimAmount":"0.00756679","status":1,"claimedTime":1679324621000},{"poolId":122,"poolName":"KSM/USDT","assetRewards":"KSM","claimAmount":"0.00021744","status":1,"claimedTime":1679324621000},{"poolId":122,"poolName":"KSM/USDT","assetRewards":"BNB","claimAmount":"0.000004","status":1,"claimedTime":1679324621000},{"poolId":122,"poolName":"KSM/USDT","assetRewards":"BNB","claimAmount":"0.00000611","status":1,"claimedTime":1679266674000},{"poolId":122,"poolName":"KSM/USDT","assetRewards":"KSM","claimAmount":"0.00024602","status":1,"claimedTime":1679266674000},{"poolId":122,"poolName":"KSM/USDT","assetRewards":"USDT","claimAmount":"0.00915195","status":1,"claimedTime":1679266674000},{"poolId":122,"poolName":"KSM/USDT","assetRewards":"USDT","claimAmount":"0.00696319","status":1,"claimedTime":1679179653000},{"poolId":122,"poolName":"KSM/USDT","assetRewards":"BNB","claimAmount":"0.00000338","status":1,"claimedTime":1679179653000},{"poolId":122,"poolName":"KSM/USDT","assetRewards":"KSM","claimAmount":"0.00020329","status":1,"claimedTime":1679179653000},{"poolId":122,"poolName":"KSM/USDT","assetRewards":"BNB","claimAmount":"0.00000026","status":1,"claimedTime":1679132986000},{"poolId":122,"poolName":"KSM/USDT","assetRewards":"USDT","claimAmount":"0.00062055","status":1,"claimedTime":1679132986000},{"poolId":122,"poolName":"KSM/USDT","assetRewards":"KSM","claimAmount":"0.00002111","status":1,"claimedTime":1679132986000},{"poolId":122,"poolName":"KSM/USDT","assetRewards":"USDT","claimAmount":"0.00309376","status":1,"claimedTime":1679127016000},{"poolId":122,"poolName":"KSM/USDT","assetRewards":"KSM","claimAmount":"0.00007862","status":1,"claimedTime":1679127016000},{"poolId":122,"poolName":"KSM/USDT","assetRewards":"BNB","claimAmount":"0.00000208","status":1,"claimedTime":1679127016000},{"poolId":122,"poolName":"KSM/USDT","assetRewards":"USDT","claimAmount":"0.00858912","status":1,"claimedTime":1679098125000},{"poolId":122,"poolName":"KSM/USDT","assetRewards":"KSM","claimAmount":"0.00021741","status":1,"claimedTime":1679098125000},{"poolId":122,"poolName":"KSM/USDT","assetRewards":"BNB","claimAmount":"0.00000468","status":1,"claimedTime":1679098125000},{"poolId":122,"poolName":"KSM/USDT","assetRewards":"KSM","claimAmount":"0.00006786","status":1,"claimedTime":1679034534000},{"poolId":122,"poolName":"KSM/USDT","assetRewards":"BNB","claimAmount":"0.00000234","status":1,"claimedTime":1679034534000},{"poolId":122,"poolName":"KSM/USDT","assetRewards":"USDT","claimAmount":"0.00271406","status":1,"claimedTime":1679034534000},{"poolId":122,"poolName":"KSM/USDT","assetRewards":"BNB","claimAmount":"0.00000156","status":1,"claimedTime":1679003407000},{"poolId":122,"poolName":"KSM/USDT","assetRewards":"KSM","claimAmount":"0.00006552","status":1,"claimedTime":1679003407000},{"poolId":122,"poolName":"KSM/USDT","assetRewards":"USDT","claimAmount":"0.00195365","status":1,"claimedTime":1679003407000},{"poolId":122,"poolName":"KSM/USDT","assetRewards":"KSM","claimAmount":"0.00022576","status":1,"claimedTime":1678982193000},{"poolId":122,"poolName":"KSM/USDT","assetRewards":"BNB","claimAmount":"0.00000442","status":1,"claimedTime":1678982193000},{"poolId":122,"poolName":"KSM/USDT","assetRewards":"USDT","claimAmount":"0.00735324","status":1,"claimedTime":1678982193000}]
