[{"operationId":7306379,"poolId":126,"poolName":"AVAX/USDT","operation":"ADD","status":1,"updateTime":1684532612000,"shareAmount":"3.91420108","liquidityAmount":[{"asset":"AVAX","amount":"1.02140615"},{"asset":"USDT","amount":"15"}]},{"operationId":5007388,"poolId":126,"poolName":"AVAX/USDT","operation":"REMOVE","status":1,"updateTime":1684159239000,"shareAmount":"6.51175448","liquidityAmount":[{"asset":"AVAX","amount":"1.66945232"},{"asset":"USDT","amount":"25.39951798"}]},{"operationId":7214203,"poolId":126,"poolName":"AVAX/USDT","operation":"ADD","status":1,"updateTime":1681658559000,"shareAmount":"6.51175448","liquidityAmount":[{"asset":"AVAX","amount":"1.48888715"},{"asset":"USDT","amount":"28.47985029"}]},{"operationId":4935723,"poolId":126,"poolName":"AVAX/USDT","operation":"REMOVE","status":1,"updateTime":1681658476000,"shareAmount":"6.15407611","liquidityAmount":[{"asset":"AVAX","amount":"1.40756925"},{"asset":"USDT","amount":"26.9066358"}]},{"operationId":7117332,"poolId":126,"poolName":"AVAX/USDT","operation":"ADD","status":1,"updateTime":1679099007000,"shareAmount":"6.15407611","liquidityAmount":[{"asset":"AVAX","amount":"1.46669114"},{"asset":"USDT","amount":"25.82203612"}]},{"operationId":4836177,"poolId":126,"poolName":"AVAX/USDT","operation":"REMOVE","status":1,"updateTime":1679098957000,"shareAmount":"6.13491899","liquidityAmount":[{"asset":"AVAX","amount":"1.463507"},{"asset":"USDT","amount":"25.71735413"}]},{"operationId":7108014,"poolId":126,"poolName":"AVAX/USDT","operation":"ADD","status":1,"updateTime":1678921087000,"shareAmount":"6.13491899","liquidityAmount":[{"asset":"AVAX","amount":"1.5568209"},{"asset":"USDT","amount":"24.17588799"}]},{"operationId":4694302,"poolId":126,"poolName":"AVAX/USDT","operation":"REMOVE","status":1,"updateTime":1674996634000,"shareAmount":"3.78163804","liquidityAmount":[{"asset":"AVAX","amount":"0.82945935"},{"asset":"USDT","amount":"17.24122786"}]},{"operationId":6791539,"poolId":126,"poolName":"AVAX/USDT","operation":"ADD","status":1,"updateTime":1671227684000,"shareAmount":"3.78163804","liquidityAmount":[{"asset":"AVAX","amount":"1.07195479"},{"asset":"USDT","amount":"13.340952"}]}]
