[{"poolId":126,"poolName":"AVAX/USDT","assetRewards":"BNB","claimAmount":"0.00000056","status":1,"claimedTime":1686000848000},{"poolId":126,"poolName":"AVAX/USDT","assetRewards":"USDT","claimAmount":"0.00008063","status":1,"claimedTime":1686000848000},{"poolId":126,"poolName":"AVAX/USDT","assetRewards":"AVAX","claimAmount":"0.00000627","status":1,"claimedTime":1686000848000},{"poolId":126,"poolName":"AVAX/USDT","assetRewards":"BNB","claimAmount":"0.00000322","status":1,"claimedTime":1685985812000},{"poolId":126,"poolName":"AVAX/USDT","assetRewards":"AVAX","claimAmount":"0.00006095","status":1,"claimedTime":1685985812000},{"poolId":126,"poolName":"AVAX/USDT","assetRewards":"USDT","claimAmount":"0.00091024","status":1,"claimedTime":1685985812000},{"poolId":126,"poolName":"AVAX/USDT","assetRewards":"USDT","claimAmount":"0.00028782","status":1,"claimedTime":1685904929000},{"poolId":126,"poolName":"AVAX/USDT","assetRewards":"BNB","claimAmount":"0.00000658","status":1,"claimedTime":1685904929000},{"poolId":126,"poolName":"AVAX/USDT","assetRewards":"AVAX","claimAmount":"0.00001701","status":1,"claimedTime":1685904929000},{"poolId":126,"poolName":"AVAX/USDT","assetRewards":"AVAX","claimAmount":"0.00008351","status":1,"claimedTime":1685735343000},{"poolId":126,"poolName":"AVAX/USDT","assetRewards":"BNB","claimAmount":"0.00000686","status":1,"claimedTime":1685735343000},{"poolId":126,"poolName":"AVAX/USDT","assetRewards":"USDT","claimAmount":"0.00126437","status":1,"claimedTime":1685735343000},{"poolId":126,"poolName":"AVAX/USDT","assetRewards":"USDT","claimAmount":"0.00083991","status":1,"claimedTime":1685556359000},{"poolId":126,"poolName":"AVAX/USDT","assetRewards":"AVAX","claimAmount":"0.00006405","status":1,"claimedTime":1685556359000},{"poolId":126,"poolName":"AVAX/USDT","assetRewards":"BNB","claimAmount":"0.00000294","status":1,"claimedTime":1685556359000},{"poolId":126,"poolName":"AVAX/USDT","assetRewards":"BNB","claimAmount":"0.00000126","status":1,"claimedTime":1685483670000},{"poolId":126,"poolName":"AVAX/USDT","assetRewards":"USDT","claimAmount":"0.00030259","status":1,"claimedTime":1685483670000},{"poolId":126,"poolName":"AVAX/USDT","assetRewards":"AVAX","claimAmount":"0.00002468","status":1,"claimedTime":1685483670000},{"poolId":126,"poolName":"AVAX/USDT","assetRewards":"BNB","claimAmount":"0.00000336","status":1,"claimedTime":1685451525000},{"poolId":126,"poolName":"AVAX/USDT","assetRewards":"AVAX","claimAmount":"0.00003777","status":1,"claimedTime":1685451525000},{"poolId":126,"poolName":"AVAX/USDT","assetRewards":"USDT","claimAmount":"0.00056289","status":1,"claimedTime":1685451525000},{"poolId":126,"poolName":"AVAX/USDT","assetRewards":"USDT","claimAmount":"0.00132652","status":1,"claimedTime":1685365008000},{"poolId":126,"poolName":"AVAX/USDT","assetRewards":"AVAX","claimAmount":"0.00009031","status":1,"claimedTime":1685365008000},{"poolId":126,"poolName":"AVAX/USDT","assetRewards":"BNB","claimAmount":"0.00000406","status":1,"claimedTime":1685365008000},{"poolId":126,"poolName":"AVAX/USDT","assetRewards":"BNB","claimAmount":"0.00000322","status":1,"claimedTime":1685260935000},{"poolId":126,"poolName":"AVAX/USDT","assetRewards":"USDT","claimAmount":"0.00056947","status":1,"claimedTime":1685260935000},{"poolId":126,"poolName":"AVAX/USDT","assetRewards":"AVAX","claimAmount":"0.00003061","status":1,"claimedTime":1685260935000},{"poolId":126,"poolName":"AVAX/USDT","assetRewards":"USDT","claimAmount":"0.00058151","status":1,"claimedTime":1685176600000},{"poolId":126,"poolName":"AVAX/USDT","assetRewards":"AVAX","claimAmount":"0.00003616","status":1,"claimedTime":1685176600000},{"poolId":126,"poolName":"AVAX/USDT","assetRewards":"BNB","claimAmount":"0.00000336","status":1,"claimedTime":1685176600000},{"poolId":126,"poolName":"AVAX/USDT","assetRewards":"BNB","claimAmount":"0.00000392","status":1,"claimedTime":1685091462000},{"poolId":126,"poolName":"AVAX/USDT","assetRewards":"USDT","claimAmount":"0.0007486","status":1,"claimedTime":1685091462000},{"poolId":126,"poolName":"AVAX/USDT","assetRewards":"AVAX","claimAmount":"0.00005175","status":1,"claimedTime":1685091462000},{"poolId":126,"poolName":"AVAX/USDT","assetRewards":"USDT","claimAmount":"0.00027558","status":1,"claimedTime":1684989641000},{"poolId":126,"poolName":"AVAX/USDT","assetRewards":"AVAX","claimAmount":"0.00002128","status":1,"claimedTime":1684989641000},{"poolId":126,"poolName":"AVAX/USDT","assetRewards":"BNB","claimAmount":"0.00000098","status":1,"claimedTime":1684989641000},{"poolId":126,"poolName":"AVAX/USDT","assetRewards":"BNB","claimAmount":"0.00000126","status":1,"claimedTime":1684963285000},{"poolId":126,"poolName":"AVAX/USDT","assetRewards":"AVAX","claimAmount":"0.00003002","status":1,"claimedTime":1684963285000},{"poolId":126,"poolName":"AVAX/USDT","assetRewards":"USDT","claimAmount":"0.00043415","status":1,"claimedTime":1684963285000},{"poolId":126,"poolName":"AVAX/USDT","assetRewards":"BNB","claimAmount":"0.00000406","status":1,"claimedTime":1684931951000},{"poolId":126,"poolName":"AVAX/USDT","assetRewards":"USDT","claimAmount":"0.00061921","status":1,"claimedTime":1684931951000},{"poolId":126,"poolName":"AVAX/USDT","assetRewards":"AVAX","claimAmount":"0.00005404","status":1,"claimedTime":1684931951000},{"poolId":126,"poolName":"AVAX/USDT","assetRewards":"AVAX","claimAmount":"0.00005099","status":1,"claimedTime":1684828045000},{"poolId":126,"poolName":"AVAX/USDT","assetRewards":"BNB","claimAmount":"0.00000322","status":1,"claimedTime":1684828045000},{"poolId":126,"poolName":"AVAX/USDT","assetRewards":"USDT","claimAmount":"0.0008889","status":1,"claimedTime":1684828045000},{"poolId":126,"poolName":"AVAX/USDT","assetRewards":"BNB","claimAmount":"0.00000336","status":1,"claimedTime":1684745220000},{"poolId":126,"poolName":"AVAX/USDT","assetRewards":"USDT","claimAmount":"0.00059148","status":1,"claimedTime":1684745220000},{"poolId":126,"poolName":"AVAX/USDT","assetRewards":"AVAX","claimAmount":"0.00004841","status":1,"claimedTime":1684745220000},{"poolId":126,"poolName":"AVAX/USDT","assetRewards":"USDT","claimAmount":"0.00006917","status":1,"claimedTime":1684658716000},{"poolId":126,"poolName":"AVAX/USDT","assetRewards":"BNB","claimAmount":"0.00000154","status":1,"claimedTime":1684658716000},{"poolId":126,"poolName":"AVAX/USDT","assetRewards":"AVAX","claimAmount":"0.00000428","status":1,"claimedTime":1684658716000},{"poolId":126,"poolName":"AVAX/USDT","assetRewards":"AVAX","claimAmount":"0.0000113","status":1,"claimedTime":1684617421000},{"poolId":126,"poolName":"AVAX/USDT","assetRewards":"BNB","claimAmount":"0.00000182","status":1,"claimedTime":1684617421000},{"poolId":126,"poolName":"AVAX/USDT","assetRewards":"USDT","claimAmount":"0.00015815","status":1,"claimedTime":1684617421000},{"poolId":126,"poolName":"AVAX/USDT","assetRewards":"AVAX","claimAmount":"0.0000127","status":1,"claimedTime":1684570840000},{"poolId":126,"poolName":"AVAX/USDT","assetRewards":"USDT","claimAmount":"0.00015155","status":1,"claimedTime":1684570840000},{"poolId":126,"poolName":"AVAX/USDT","assetRewards":"BNB","claimAmount":"0.00000154","status":1,"claimedTime":1684570840000},{"poolId":126,"poolName":"AVAX/USDT","assetRewards":"BNB","claimAmount":"0.00000024","status":1,"claimedTime":1684180513000},{"poolId":126,"poolName":"AVAX/USDT","assetRewards":"AVAX","claimAmount":"0.0000046","status":1,"claimedTime":1684180513000},{"poolId":126,"poolName":"AVAX/USDT","assetRewards":"USDT","claimAmount":"0.00004768","status":1,"claimedTime":1684180513000},{"poolId":126,"poolName":"AVAX/USDT","assetRewards":"BNB","claimAmount":"0.00000556","status":1,"claimedTime":1684157653000},{"poolId":126,"poolName":"AVAX/USDT","assetRewards":"USDT","claimAmount":"0.00159306","status":1,"claimedTime":1684157653000},{"poolId":126,"poolName":"AVAX/USDT","assetRewards":"AVAX","claimAmount":"0.00010251","status":1,"claimedTime":1684157653000},{"poolId":126,"poolName":"AVAX/USDT","assetRewards":"USDT","claimAmount":"0.00013466","status":1,"claimedTime":1684070017000},{"poolId":126,"poolName":"AVAX/USDT","assetRewards":"AVAX","claimAmount":"0.00000676","status":1,"claimedTime":1684070017000},{"poolId":126,"poolName":"AVAX/USDT","assetRewards":"BNB","claimAmount":"0.00000115","status":1,"claimedTime":1684070017000},{"poolId":126,"poolName":"AVAX/USDT","assetRewards":"BNB","claimAmount":"0.00000552","status":1,"claimedTime":1684053898000},{"poolId":126,"poolName":"AVAX/USDT","assetRewards":"AVAX","claimAmount":"0.00007053","status":1,"claimedTime":1684053898000},{"poolId":126,"poolName":"AVAX/USDT","assetRewards":"USDT","claimAmount":"0.00098291","status":1,"claimedTime":1684053898000},{"poolId":126,"poolName":"AVAX/USDT","assetRewards":"AVAX","claimAmount":"0.00003192","status":1,"claimedTime":1683966128000},{"poolId":126,"poolName":"AVAX/USDT","assetRewards":"BNB","claimAmount":"0.00000254","status":1,"claimedTime":1683966128000},{"poolId":126,"poolName":"AVAX/USDT","assetRewards":"USDT","claimAmount":"0.00056636","status":1,"claimedTime":1683966128000},{"poolId":126,"poolName":"AVAX/USDT","assetRewards":"BNB","claimAmount":"0.00000216","status":1,"claimedTime":1683926079000},{"poolId":126,"poolName":"AVAX/USDT","assetRewards":"USDT","claimAmount":"0.00133065","status":1,"claimedTime":1683926079000},{"poolId":126,"poolName":"AVAX/USDT","assetRewards":"AVAX","claimAmount":"0.00008863","status":1,"claimedTime":1683926079000},{"poolId":126,"poolName":"AVAX/USDT","assetRewards":"BNB","claimAmount":"0.00000096","status":1,"claimedTime":1683896618000},{"poolId":126,"poolName":"AVAX/USDT","assetRewards":"AVAX","claimAmount":"0.00001181","status":1,"claimedTime":1683896618000},{"poolId":126,"poolName":"AVAX/USDT","assetRewards":"USDT","claimAmount":"0.00020275","status":1,"claimedTime":1683896618000},{"poolId":126,"poolName":"AVAX/USDT","assetRewards":"USDT","claimAmount":"0.00222519","status":1,"claimedTime":1683881667000},{"poolId":126,"poolName":"AVAX/USDT","assetRewards":"BNB","claimAmount":"0.00000384","status":1,"claimedTime":1683881667000},{"poolId":126,"poolName":"AVAX/USDT","assetRewards":"AVAX","claimAmount":"0.00015814","status":1,"claimedTime":1683881667000},{"poolId":126,"poolName":"AVAX/USDT","assetRewards":"BNB","claimAmount":"0.00000456","status":1,"claimedTime":1683822494000},{"poolId":126,"poolName":"AVAX/USDT","assetRewards":"USDT","claimAmount":"0.00283573","status":1,"claimedTime":1683822494000},{"poolId":126,"poolName":"AVAX/USDT","assetRewards":"AVAX","claimAmount":"0.00021064","status":1,"claimedTime":1683822494000},{"poolId":126,"poolName":"AVAX/USDT","assetRewards":"USDT","claimAmount":"0.00465636","status":1,"claimedTime":1683755422000},{"poolId":126,"poolName":"AVAX/USDT","assetRewards":"AVAX","claimAmount":"0.00031228","status":1,"claimedTime":1683755422000},{"poolId":126,"poolName":"AVAX/USDT","assetRewards":"BNB","claimAmount":"0.000006","status":1,"claimedTime":1683755422000},{"poolId":126,"poolName":"AVAX/USDT","assetRewards":"AVAX","claimAmount":"0.00011842","status":1,"claimedTime":1683662842000},{"poolId":126,"poolName":"AVAX/USDT","assetRewards":"USDT","claimAmount":"0.00183648","status":1,"claimedTime":1683662842000},{"poolId":126,"poolName":"AVAX/USDT","assetRewards":"BNB","claimAmount":"0.00000552","status":1,"claimedTime":1683662842000},{"poolId":126,"poolName":"AVAX/USDT","assetRewards":"USDT","claimAmount":"0.00324509","status":1,"claimedTime":1683581876000},{"poolId":126,"poolName":"AVAX/USDT","assetRewards":"BNB","claimAmount":"0.00000284","status":1,"claimedTime":1683581876000},{"poolId":126,"poolName":"AVAX/USDT","assetRewards":"AVAX","claimAmount":"0.00023209","status":1,"claimedTime":1683581876000},{"poolId":126,"poolName":"AVAX/USDT","assetRewards":"BNB","claimAmount":"0.0000039","status":1,"claimedTime":1683541678000},{"poolId":126,"poolName":"AVAX/USDT","assetRewards":"AVAX","claimAmount":"0.00016704","status":1,"claimedTime":1683541678000},{"poolId":126,"poolName":"AVAX/USDT","assetRewards":"USDT","claimAmount":"0.00229243","status":1,"claimedTime":1683541678000},{"poolId":126,"poolName":"AVAX/USDT","assetRewards":"BNB","claimAmount":"0.00000884","status":1,"claimedTime":1683488635000},{"poolId":126,"poolName":"AVAX/USDT","assetRewards":"AVAX","claimAmount":"0.00016808","status":1,"claimedTime":1683488635000},{"poolId":126,"poolName":"AVAX/USDT","assetRewards":"USDT","claimAmount":"0.00260481","status":1,"claimedTime":1683488635000}]
