[{"poolId":148,"poolName":"ALGO/USDT","assetRewards":"ALGO","claimAmount":"0.00258378","status":1,"claimedTime":1684989641000},{"poolId":148,"poolName":"ALGO/USDT","assetRewards":"BNB","claimAmount":"0.00000126","status":1,"claimedTime":1684989641000},{"poolId":148,"poolName":"ALGO/USDT","assetRewards":"USDT","claimAmount":"0.00025297","status":1,"claimedTime":1684989641000},{"poolId":148,"poolName":"ALGO/USDT","assetRewards":"USDT","claimAmount":"0.0003457","status":1,"claimedTime":1684963285000},{"poolId":148,"poolName":"ALGO/USDT","assetRewards":"BNB","claimAmount":"0.00000162","status":1,"claimedTime":1684963285000},{"poolId":148,"poolName":"ALGO/USDT","assetRewards":"ALGO","claimAmount":"0.00314822","status":1,"claimedTime":1684963285000},{"poolId":148,"poolName":"ALGO/USDT","assetRewards":"USDT","claimAmount":"0.00049029","status":1,"claimedTime":1684931951000},{"poolId":148,"poolName":"ALGO/USDT","assetRewards":"BNB","claimAmount":"0.00000522","status":1,"claimedTime":1684931951000},{"poolId":148,"poolName":"ALGO/USDT","assetRewards":"ALGO","claimAmount":"0.00390196","status":1,"claimedTime":1684931951000},{"poolId":148,"poolName":"ALGO/USDT","assetRewards":"USDT","claimAmount":"0.00043282","status":1,"claimedTime":1684828045000},{"poolId":148,"poolName":"ALGO/USDT","assetRewards":"ALGO","claimAmount":"0.00237997","status":1,"claimedTime":1684828045000},{"poolId":148,"poolName":"ALGO/USDT","assetRewards":"BNB","claimAmount":"0.00000414","status":1,"claimedTime":1684828045000},{"poolId":148,"poolName":"ALGO/USDT","assetRewards":"USDT","claimAmount":"0.00044096","status":1,"claimedTime":1684745220000},{"poolId":148,"poolName":"ALGO/USDT","assetRewards":"BNB","claimAmount":"0.00000432","status":1,"claimedTime":1684745220000},{"poolId":148,"poolName":"ALGO/USDT","assetRewards":"ALGO","claimAmount":"0.0032026","status":1,"claimedTime":1684745220000},{"poolId":148,"poolName":"ALGO/USDT","assetRewards":"USDT","claimAmount":"0.00007403","status":1,"claimedTime":1684658716000},{"poolId":148,"poolName":"ALGO/USDT","assetRewards":"BNB","claimAmount":"0.00000198","status":1,"claimedTime":1684658716000},{"poolId":148,"poolName":"ALGO/USDT","assetRewards":"ALGO","claimAmount":"0.00045221","status":1,"claimedTime":1684658716000},{"poolId":148,"poolName":"ALGO/USDT","assetRewards":"USDT","claimAmount":"0.00009088","status":1,"claimedTime":1684617421000},{"poolId":148,"poolName":"ALGO/USDT","assetRewards":"ALGO","claimAmount":"0.0006375","status":1,"claimedTime":1684617421000},{"poolId":148,"poolName":"ALGO/USDT","assetRewards":"BNB","claimAmount":"0.00000234","status":1,"claimedTime":1684617421000},{"poolId":148,"poolName":"ALGO/USDT","assetRewards":"USDT","claimAmount":"0.00037254","status":1,"claimedTime":1684570840000},{"poolId":148,"poolName":"ALGO/USDT","assetRewards":"ALGO","claimAmount":"0.00235089","status":1,"claimedTime":1684570840000},{"poolId":148,"poolName":"ALGO/USDT","assetRewards":"BNB","claimAmount":"0.00000324","status":1,"claimedTime":1684570840000},{"poolId":148,"poolName":"ALGO/USDT","assetRewards":"BNB","claimAmount":"0.00000486","status":1,"claimedTime":1684507388000},{"poolId":148,"poolName":"ALGO/USDT","assetRewards":"USDT","claimAmount":"0.00076922","status":1,"claimedTime":1684507388000},{"poolId":148,"poolName":"ALGO/USDT","assetRewards":"ALGO","claimAmount":"0.00496306","status":1,"claimedTime":1684507388000},{"poolId":148,"poolName":"ALGO/USDT","assetRewards":"ALGO","claimAmount":"0.0044041","status":1,"claimedTime":1684407951000},{"poolId":148,"poolName":"ALGO/USDT","assetRewards":"USDT","claimAmount":"0.00079399","status":1,"claimedTime":1684407951000},{"poolId":148,"poolName":"ALGO/USDT","assetRewards":"BNB","claimAmount":"0.00000405","status":1,"claimedTime":1684407951000},{"poolId":148,"poolName":"ALGO/USDT","assetRewards":"ALGO","claimAmount":"0.00252587","status":1,"claimedTime":1684318513000},{"poolId":148,"poolName":"ALGO/USDT","assetRewards":"BNB","claimAmount":"0.00000234","status":1,"claimedTime":1684318513000},{"poolId":148,"poolName":"ALGO/USDT","assetRewards":"USDT","claimAmount":"0.00044728","status":1,"claimedTime":1684318513000},{"poolId":148,"poolName":"ALGO/USDT","assetRewards":"USDT","claimAmount":"0.00065992","status":1,"claimedTime":1684253184000},{"poolId":148,"poolName":"ALGO/USDT","assetRewards":"ALGO","claimAmount":"0.00366084","status":1,"claimedTime":1684253184000},{"poolId":148,"poolName":"ALGO/USDT","assetRewards":"BNB","claimAmount":"0.00000273","status":1,"claimedTime":1684253184000},{"poolId":148,"poolName":"ALGO/USDT","assetRewards":"ALGO","claimAmount":"0.0010223","status":1,"claimedTime":1684180513000},{"poolId":148,"poolName":"ALGO/USDT","assetRewards":"USDT","claimAmount":"0.00017478","status":1,"claimedTime":1684180513000},{"poolId":148,"poolName":"ALGO/USDT","assetRewards":"BNB","claimAmount":"0.00000078","status":1,"claimedTime":1684180513000},{"poolId":148,"poolName":"ALGO/USDT","assetRewards":"ALGO","claimAmount":"0.00326381","status":1,"claimedTime":1684157653000},{"poolId":148,"poolName":"ALGO/USDT","assetRewards":"USDT","claimAmount":"0.0006557","status":1,"claimedTime":1684157653000},{"poolId":148,"poolName":"ALGO/USDT","assetRewards":"BNB","claimAmount":"0.00000312","status":1,"claimedTime":1684157653000},{"poolId":148,"poolName":"ALGO/USDT","assetRewards":"ALGO","claimAmount":"0.0003617","status":1,"claimedTime":1684070017000},{"poolId":148,"poolName":"ALGO/USDT","assetRewards":"USDT","claimAmount":"0.000065","status":1,"claimedTime":1684070017000},{"poolId":148,"poolName":"ALGO/USDT","assetRewards":"BNB","claimAmount":"0.00000065","status":1,"claimedTime":1684070017000},{"poolId":148,"poolName":"ALGO/USDT","assetRewards":"USDT","claimAmount":"0.00039723","status":1,"claimedTime":1684053898000},{"poolId":148,"poolName":"ALGO/USDT","assetRewards":"ALGO","claimAmount":"0.00260695","status":1,"claimedTime":1684053898000},{"poolId":148,"poolName":"ALGO/USDT","assetRewards":"BNB","claimAmount":"0.00000312","status":1,"claimedTime":1684053898000},{"poolId":148,"poolName":"ALGO/USDT","assetRewards":"USDT","claimAmount":"0.00021471","status":1,"claimedTime":1683966128000},{"poolId":148,"poolName":"ALGO/USDT","assetRewards":"ALGO","claimAmount":"0.00097605","status":1,"claimedTime":1683966128000},{"poolId":148,"poolName":"ALGO/USDT","assetRewards":"BNB","claimAmount":"0.00000143","status":1,"claimedTime":1683966128000},{"poolId":148,"poolName":"ALGO/USDT","assetRewards":"USDT","claimAmount":"0.00046135","status":1,"claimedTime":1683926079000},{"poolId":148,"poolName":"ALGO/USDT","assetRewards":"ALGO","claimAmount":"0.00284262","status":1,"claimedTime":1683926079000},{"poolId":148,"poolName":"ALGO/USDT","assetRewards":"BNB","claimAmount":"0.00000117","status":1,"claimedTime":1683926079000},{"poolId":148,"poolName":"ALGO/USDT","assetRewards":"ALGO","claimAmount":"0.00074443","status":1,"claimedTime":1683896618000},{"poolId":148,"poolName":"ALGO/USDT","assetRewards":"BNB","claimAmount":"0.00000052","status":1,"claimedTime":1683896618000},{"poolId":148,"poolName":"ALGO/USDT","assetRewards":"USDT","claimAmount":"0.00013339","status":1,"claimedTime":1683896618000},{"poolId":148,"poolName":"ALGO/USDT","assetRewards":"BNB","claimAmount":"0.00000208","status":1,"claimedTime":1683881667000},{"poolId":148,"poolName":"ALGO/USDT","assetRewards":"ALGO","claimAmount":"0.00564919","status":1,"claimedTime":1683881667000},{"poolId":148,"poolName":"ALGO/USDT","assetRewards":"USDT","claimAmount":"0.00082692","status":1,"claimedTime":1683881667000},{"poolId":148,"poolName":"ALGO/USDT","assetRewards":"ALGO","claimAmount":"0.00642164","status":1,"claimedTime":1683822494000},{"poolId":148,"poolName":"ALGO/USDT","assetRewards":"USDT","claimAmount":"0.000903","status":1,"claimedTime":1683822494000},{"poolId":148,"poolName":"ALGO/USDT","assetRewards":"BNB","claimAmount":"0.00000247","status":1,"claimedTime":1683822494000},{"poolId":148,"poolName":"ALGO/USDT","assetRewards":"ALGO","claimAmount":"0.00999881","status":1,"claimedTime":1683755422000},{"poolId":148,"poolName":"ALGO/USDT","assetRewards":"BNB","claimAmount":"0.00000325","status":1,"claimedTime":1683755422000},{"poolId":148,"poolName":"ALGO/USDT","assetRewards":"USDT","claimAmount":"0.001691","status":1,"claimedTime":1683755422000},{"poolId":148,"poolName":"ALGO/USDT","assetRewards":"ALGO","claimAmount":"0.00505864","status":1,"claimedTime":1683662842000},{"poolId":148,"poolName":"ALGO/USDT","assetRewards":"USDT","claimAmount":"0.00086646","status":1,"claimedTime":1683662842000},{"poolId":148,"poolName":"ALGO/USDT","assetRewards":"BNB","claimAmount":"0.00000299","status":1,"claimedTime":1683662842000},{"poolId":148,"poolName":"ALGO/USDT","assetRewards":"ALGO","claimAmount":"0.0071994","status":1,"claimedTime":1683581876000},{"poolId":148,"poolName":"ALGO/USDT","assetRewards":"BNB","claimAmount":"0.00000143","status":1,"claimedTime":1683581876000},{"poolId":148,"poolName":"ALGO/USDT","assetRewards":"USDT","claimAmount":"0.00107986","status":1,"claimedTime":1683581876000},{"poolId":148,"poolName":"ALGO/USDT","assetRewards":"BNB","claimAmount":"0.00000195","status":1,"claimedTime":1683541678000},{"poolId":148,"poolName":"ALGO/USDT","assetRewards":"ALGO","claimAmount":"0.00603222","status":1,"claimedTime":1683541678000},{"poolId":148,"poolName":"ALGO/USDT","assetRewards":"USDT","claimAmount":"0.00083108","status":1,"claimedTime":1683541678000},{"poolId":148,"poolName":"ALGO/USDT","assetRewards":"USDT","claimAmount":"0.00078626","status":1,"claimedTime":1683488635000},{"poolId":148,"poolName":"ALGO/USDT","assetRewards":"BNB","claimAmount":"0.00000442","status":1,"claimedTime":1683488635000},{"poolId":148,"poolName":"ALGO/USDT","assetRewards":"ALGO","claimAmount":"0.00481447","status":1,"claimedTime":1683488635000},{"poolId":148,"poolName":"ALGO/USDT","assetRewards":"ALGO","claimAmount":"0.00185619","status":1,"claimedTime":1683365451000},{"poolId":148,"poolName":"ALGO/USDT","assetRewards":"USDT","claimAmount":"0.00023261","status":1,"claimedTime":1683365451000},{"poolId":148,"poolName":"ALGO/USDT","assetRewards":"BNB","claimAmount":"0.00000156","status":1,"claimedTime":1683365451000},{"poolId":148,"poolName":"ALGO/USDT","assetRewards":"BNB","claimAmount":"0.00000169","status":1,"claimedTime":1683321390000},{"poolId":148,"poolName":"ALGO/USDT","assetRewards":"ALGO","claimAmount":"0.00340203","status":1,"claimedTime":1683321390000},{"poolId":148,"poolName":"ALGO/USDT","assetRewards":"USDT","claimAmount":"0.00067309","status":1,"claimedTime":1683321390000},{"poolId":148,"poolName":"ALGO/USDT","assetRewards":"USDT","claimAmount":"0.00042232","status":1,"claimedTime":1683277438000},{"poolId":148,"poolName":"ALGO/USDT","assetRewards":"ALGO","claimAmount":"0.00244453","status":1,"claimedTime":1683277438000},{"poolId":148,"poolName":"ALGO/USDT","assetRewards":"BNB","claimAmount":"0.00000312","status":1,"claimedTime":1683277438000},{"poolId":148,"poolName":"ALGO/USDT","assetRewards":"USDT","claimAmount":"0.00015636","status":1,"claimedTime":1683188168000},{"poolId":148,"poolName":"ALGO/USDT","assetRewards":"ALGO","claimAmount":"0.00102837","status":1,"claimedTime":1683188168000},{"poolId":148,"poolName":"ALGO/USDT","assetRewards":"BNB","claimAmount":"0.0000013","status":1,"claimedTime":1683188168000},{"poolId":148,"poolName":"ALGO/USDT","assetRewards":"ALGO","claimAmount":"0.00254839","status":1,"claimedTime":1683152076000},{"poolId":148,"poolName":"ALGO/USDT","assetRewards":"BNB","claimAmount":"0.00000078","status":1,"claimedTime":1683152076000},{"poolId":148,"poolName":"ALGO/USDT","assetRewards":"USDT","claimAmount":"0.00056375","status":1,"claimedTime":1683152076000},{"poolId":148,"poolName":"ALGO/USDT","assetRewards":"BNB","claimAmount":"0.00000247","status":1,"claimedTime":1683131421000},{"poolId":148,"poolName":"ALGO/USDT","assetRewards":"ALGO","claimAmount":"0.00248681","status":1,"claimedTime":1683131421000},{"poolId":148,"poolName":"ALGO/USDT","assetRewards":"USDT","claimAmount":"0.00048733","status":1,"claimedTime":1683131421000},{"poolId":148,"poolName":"ALGO/USDT","assetRewards":"ALGO","claimAmount":"0.00677328","status":1,"claimedTime":1683063079000},{"poolId":148,"poolName":"ALGO/USDT","assetRewards":"USDT","claimAmount":"0.00121105","status":1,"claimedTime":1683063079000},{"poolId":148,"poolName":"ALGO/USDT","assetRewards":"BNB","claimAmount":"0.00000494","status":1,"claimedTime":1683063079000},{"poolId":148,"poolName":"ALGO/USDT","assetRewards":"BNB","claimAmount":"0.00000299","status":1,"claimedTime":1682926198000},{"poolId":148,"poolName":"ALGO/USDT","assetRewards":"ALGO","claimAmount":"0.00170774","status":1,"claimedTime":1685904929000},{"poolId":148,"poolName":"ALGO/USDT","assetRewards":"BNB","claimAmount":"0.00000893","status":1,"claimedTime":1685904929000},{"poolId":148,"poolName":"ALGO/USDT","assetRewards":"USDT","claimAmount":"0.00028295","status":1,"claimedTime":1685904929000},{"poolId":148,"poolName":"ALGO/USDT","assetRewards":"BNB","claimAmount":"0.00000909","status":1,"claimedTime":1685735343000},{"poolId":148,"poolName":"ALGO/USDT","assetRewards":"ALGO","claimAmount":"0.00544722","status":1,"claimedTime":1685735343000},{"poolId":148,"poolName":"ALGO/USDT","assetRewards":"USDT","claimAmount":"0.00086577","status":1,"claimedTime":1685735343000},{"poolId":148,"poolName":"ALGO/USDT","assetRewards":"ALGO","claimAmount":"0.00592538","status":1,"claimedTime":1685556359000},{"poolId":148,"poolName":"ALGO/USDT","assetRewards":"BNB","claimAmount":"0.00000378","status":1,"claimedTime":1685556359000},{"poolId":148,"poolName":"ALGO/USDT","assetRewards":"USDT","claimAmount":"0.00077417","status":1,"claimedTime":1685556359000},{"poolId":148,"poolName":"ALGO/USDT","assetRewards":"ALGO","claimAmount":"0.00221754","status":1,"claimedTime":1685483670000},{"poolId":148,"poolName":"ALGO/USDT","assetRewards":"USDT","claimAmount":"0.00036","status":1,"claimedTime":1685483670000},{"poolId":148,"poolName":"ALGO/USDT","assetRewards":"BNB","claimAmount":"0.00000162","status":1,"claimedTime":1685483670000},{"poolId":148,"poolName":"ALGO/USDT","assetRewards":"USDT","claimAmount":"0.00054772","status":1,"claimedTime":1685451525000},{"poolId":148,"poolName":"ALGO/USDT","assetRewards":"ALGO","claimAmount":"0.00344942","status":1,"claimedTime":1685451525000},{"poolId":148,"poolName":"ALGO/USDT","assetRewards":"BNB","claimAmount":"0.00000432","status":1,"claimedTime":1685451525000},{"poolId":148,"poolName":"ALGO/USDT","assetRewards":"ALGO","claimAmount":"0.00379262","status":1,"claimedTime":1685365008000},{"poolId":148,"poolName":"ALGO/USDT","assetRewards":"BNB","claimAmount":"0.00000522","status":1,"claimedTime":1685365008000},{"poolId":148,"poolName":"ALGO/USDT","assetRewards":"USDT","claimAmount":"0.00062219","status":1,"claimedTime":1685365008000},{"poolId":148,"poolName":"ALGO/USDT","assetRewards":"BNB","claimAmount":"0.00000414","status":1,"claimedTime":1685260935000},{"poolId":148,"poolName":"ALGO/USDT","assetRewards":"ALGO","claimAmount":"0.00214096","status":1,"claimedTime":1685260935000},{"poolId":148,"poolName":"ALGO/USDT","assetRewards":"USDT","claimAmount":"0.00036217","status":1,"claimedTime":1685260935000},{"poolId":148,"poolName":"ALGO/USDT","assetRewards":"BNB","claimAmount":"0.00000432","status":1,"claimedTime":1685176600000},{"poolId":148,"poolName":"ALGO/USDT","assetRewards":"ALGO","claimAmount":"0.00186435","status":1,"claimedTime":1685176600000},{"poolId":148,"poolName":"ALGO/USDT","assetRewards":"USDT","claimAmount":"0.00032678","status":1,"claimedTime":1685176600000},{"poolId":148,"poolName":"ALGO/USDT","assetRewards":"ALGO","claimAmount":"0.004266","status":1,"claimedTime":1685091462000},{"poolId":148,"poolName":"ALGO/USDT","assetRewards":"USDT","claimAmount":"0.0006678","status":1,"claimedTime":1685091462000},{"poolId":148,"poolName":"ALGO/USDT","assetRewards":"BNB","claimAmount":"0.00000504","status":1,"claimedTime":1685091462000},{"poolId":148,"poolName":"ALGO/USDT","assetRewards":"ALGO","claimAmount":"0.00258378","status":1,"claimedTime":1684989641000},{"poolId":148,"poolName":"ALGO/USDT","assetRewards":"BNB","claimAmount":"0.00000126","status":1,"claimedTime":1684989641000},{"poolId":148,"poolName":"ALGO/USDT","assetRewards":"USDT","claimAmount":"0.00025297","status":1,"claimedTime":1684989641000}]
