[{"poolId":149,"poolName":"SOL/BUSD","assetRewards":"SOL","claimAmount":"0.00001025","status":1,"claimedTime":1686000848000},{"poolId":149,"poolName":"SOL/BUSD","assetRewards":"BNB","claimAmount":"0.00000192","status":1,"claimedTime":1686000848000},{"poolId":149,"poolName":"SOL/BUSD","assetRewards":"BUSD","claimAmount":"0.00021724","status":1,"claimedTime":1686000848000},{"poolId":149,"poolName":"SOL/BUSD","assetRewards":"BNB","claimAmount":"0.00001412","status":1,"claimedTime":1685985812000},{"poolId":149,"poolName":"SOL/BUSD","assetRewards":"SOL","claimAmount":"0.00008729","status":1,"claimedTime":1685985812000},{"poolId":149,"poolName":"SOL/BUSD","assetRewards":"BUSD","claimAmount":"0.0016162","status":1,"claimedTime":1685985812000},{"poolId":149,"poolName":"SOL/BUSD","assetRewards":"BUSD","claimAmount":"0.00092178","status":1,"claimedTime":1685904929000},{"poolId":149,"poolName":"SOL/BUSD","assetRewards":"BNB","claimAmount":"0.00003969","status":1,"claimedTime":1685904929000},{"poolId":149,"poolName":"SOL/BUSD","assetRewards":"SOL","claimAmount":"0.00003736","status":1,"claimedTime":1685904929000},{"poolId":149,"poolName":"SOL/BUSD","assetRewards":"SOL","claimAmount":"0.00003937","status":1,"claimedTime":1685735343000},{"poolId":149,"poolName":"SOL/BUSD","assetRewards":"BNB","claimAmount":"0.00004121","status":1,"claimedTime":1685735343000},{"poolId":149,"poolName":"SOL/BUSD","assetRewards":"BUSD","claimAmount":"0.00079791","status":1,"claimedTime":1685735343000},{"poolId":149,"poolName":"SOL/BUSD","assetRewards":"SOL","claimAmount":"0.00002376","status":1,"claimedTime":1685556359000},{"poolId":149,"poolName":"SOL/BUSD","assetRewards":"BNB","claimAmount":"0.00001764","status":1,"claimedTime":1685556359000},{"poolId":149,"poolName":"SOL/BUSD","assetRewards":"BUSD","claimAmount":"0.00044073","status":1,"claimedTime":1685556359000},{"poolId":149,"poolName":"SOL/BUSD","assetRewards":"BNB","claimAmount":"0.00000756","status":1,"claimedTime":1685483670000},{"poolId":149,"poolName":"SOL/BUSD","assetRewards":"BUSD","claimAmount":"0.00034488","status":1,"claimedTime":1685483670000},{"poolId":149,"poolName":"SOL/BUSD","assetRewards":"SOL","claimAmount":"0.00001646","status":1,"claimedTime":1685483670000},{"poolId":149,"poolName":"SOL/BUSD","assetRewards":"BUSD","claimAmount":"0.00046143","status":1,"claimedTime":1685451525000},{"poolId":149,"poolName":"SOL/BUSD","assetRewards":"BNB","claimAmount":"0.00001993","status":1,"claimedTime":1685451525000},{"poolId":149,"poolName":"SOL/BUSD","assetRewards":"SOL","claimAmount":"0.0000204","status":1,"claimedTime":1685451525000},{"poolId":149,"poolName":"SOL/BUSD","assetRewards":"SOL","claimAmount":"0.00002255","status":1,"claimedTime":1685365008000},{"poolId":149,"poolName":"SOL/BUSD","assetRewards":"BNB","claimAmount":"0.00002412","status":1,"claimedTime":1685365008000},{"poolId":149,"poolName":"SOL/BUSD","assetRewards":"BUSD","claimAmount":"0.00047107","status":1,"claimedTime":1685365008000},{"poolId":149,"poolName":"SOL/BUSD","assetRewards":"SOL","claimAmount":"0.00001704","status":1,"claimedTime":1685260935000},{"poolId":149,"poolName":"SOL/BUSD","assetRewards":"BUSD","claimAmount":"0.00041853","status":1,"claimedTime":1685260935000},{"poolId":149,"poolName":"SOL/BUSD","assetRewards":"BNB","claimAmount":"0.0000193","status":1,"claimedTime":1685260935000},{"poolId":149,"poolName":"SOL/BUSD","assetRewards":"SOL","claimAmount":"0.00000876","status":1,"claimedTime":1685176600000},{"poolId":149,"poolName":"SOL/BUSD","assetRewards":"BUSD","claimAmount":"0.0001652","status":1,"claimedTime":1685176600000},{"poolId":149,"poolName":"SOL/BUSD","assetRewards":"BNB","claimAmount":"0.00002011","status":1,"claimedTime":1685176600000},{"poolId":149,"poolName":"SOL/BUSD","assetRewards":"BNB","claimAmount":"0.00002312","status":1,"claimedTime":1685091462000},{"poolId":149,"poolName":"SOL/BUSD","assetRewards":"SOL","claimAmount":"0.00003525","status":1,"claimedTime":1685091462000},{"poolId":149,"poolName":"SOL/BUSD","assetRewards":"BUSD","claimAmount":"0.00038825","status":1,"claimedTime":1685091462000},{"poolId":149,"poolName":"SOL/BUSD","assetRewards":"BUSD","claimAmount":"0.00011558","status":1,"claimedTime":1684989641000},{"poolId":149,"poolName":"SOL/BUSD","assetRewards":"SOL","claimAmount":"0.00000605","status":1,"claimedTime":1684989641000},{"poolId":149,"poolName":"SOL/BUSD","assetRewards":"BNB","claimAmount":"0.00000574","status":1,"claimedTime":1684989641000},{"poolId":149,"poolName":"SOL/BUSD","assetRewards":"SOL","claimAmount":"0.00001749","status":1,"claimedTime":1684963285000},{"poolId":149,"poolName":"SOL/BUSD","assetRewards":"BUSD","claimAmount":"0.00032994","status":1,"claimedTime":1684963285000},{"poolId":149,"poolName":"SOL/BUSD","assetRewards":"BNB","claimAmount":"0.00000656","status":1,"claimedTime":1684963285000}]
