[{"operationId":7316283,"poolId":149,"poolName":"SOL/BUSD","operation":"ADD","status":1,"updateTime":1684933929000,"shareAmount":"4.20006989","liquidityAmount":[{"asset":"SOL","amount":"0.95209417"},{"asset":"BUSD","amount":"18.52825486"}]},{"operationId":4921847,"poolId":149,"poolName":"SOL/BUSD","operation":"REMOVE","status":1,"updateTime":1681315990000,"shareAmount":"5.54841423","liquidityAmount":[{"asset":"SOL","amount":"1.13931743"},{"asset":"BUSD","amount":"27.02055639"}]},{"operationId":7170915,"poolId":149,"poolName":"SOL/BUSD","operation":"ADD","status":1,"updateTime":1680545465000,"shareAmount":"5.54841423","liquidityAmount":[{"asset":"SOL","amount":"1.2313996"},{"asset":"BUSD","amount":"24.9999999"}]},{"operationId":4896900,"poolId":149,"poolName":"SOL/BUSD","operation":"REMOVE","status":1,"updateTime":1680545402000,"shareAmount":"3.6816185","liquidityAmount":[{"asset":"SOL","amount":"0.8174541"},{"asset":"BUSD","amount":"16.58118051"}]},{"operationId":7080948,"poolId":149,"poolName":"SOL/BUSD","operation":"ADD","status":1,"updateTime":1678194847000,"shareAmount":"3.6816185","liquidityAmount":[{"asset":"SOL","amount":"0.81381138"},{"asset":"BUSD","amount":"16.65539507"}]},{"operationId":4631383,"poolId":149,"poolName":"SOL/BUSD","operation":"REMOVE","status":1,"updateTime":1673309321000,"shareAmount":"2.4467952","liquidityAmount":[{"asset":"SOL","amount":"0.60465848"},{"asset":"BUSD","amount":"9.90116033"}]},{"operationId":6733045,"poolId":149,"poolName":"SOL/BUSD","operation":"ADD","status":1,"updateTime":1669589736000,"shareAmount":"2.4467952","liquidityAmount":[{"asset":"SOL","amount":"0.64490676"},{"asset":"BUSD","amount":"9.28323208"}]}]
