[{"poolId":150,"poolName":"ADA/BUSD","assetRewards":"BUSD","claimAmount":"0.0000977","status":1,"claimedTime":1686000848000},{"poolId":150,"poolName":"ADA/BUSD","assetRewards":"BNB","claimAmount":"0.00000052","status":1,"claimedTime":1686000848000},{"poolId":150,"poolName":"ADA/BUSD","assetRewards":"ADA","claimAmount":"0.00027648","status":1,"claimedTime":1686000848000},{"poolId":150,"poolName":"ADA/BUSD","assetRewards":"BNB","claimAmount":"0.00000253","status":1,"claimedTime":1685985812000},{"poolId":150,"poolName":"ADA/BUSD","assetRewards":"BUSD","claimAmount":"0.00039716","status":1,"claimedTime":1685985812000},{"poolId":150,"poolName":"ADA/BUSD","assetRewards":"ADA","claimAmount":"0.00127169","status":1,"claimedTime":1685985812000},{"poolId":150,"poolName":"ADA/BUSD","assetRewards":"ADA","claimAmount":"0.00054084","status":1,"claimedTime":1685904929000},{"poolId":150,"poolName":"ADA/BUSD","assetRewards":"BUSD","claimAmount":"0.0002044","status":1,"claimedTime":1685904929000},{"poolId":150,"poolName":"ADA/BUSD","assetRewards":"BNB","claimAmount":"0.00000517","status":1,"claimedTime":1685904929000},{"poolId":150,"poolName":"ADA/BUSD","assetRewards":"ADA","claimAmount":"0.00171725","status":1,"claimedTime":1685735343000},{"poolId":150,"poolName":"ADA/BUSD","assetRewards":"BUSD","claimAmount":"0.00063975","status":1,"claimedTime":1685735343000},{"poolId":150,"poolName":"ADA/BUSD","assetRewards":"BNB","claimAmount":"0.00000545","status":1,"claimedTime":1685735343000},{"poolId":150,"poolName":"ADA/BUSD","assetRewards":"BNB","claimAmount":"0.000002","status":1,"claimedTime":1685556359000},{"poolId":150,"poolName":"ADA/BUSD","assetRewards":"BUSD","claimAmount":"0.00027171","status":1,"claimedTime":1685556359000},{"poolId":150,"poolName":"ADA/BUSD","assetRewards":"ADA","claimAmount":"0.00078842","status":1,"claimedTime":1685556359000},{"poolId":150,"poolName":"ADA/BUSD","assetRewards":"BUSD","claimAmount":"0.00014183","status":1,"claimedTime":1685483670000},{"poolId":150,"poolName":"ADA/BUSD","assetRewards":"ADA","claimAmount":"0.00042419","status":1,"claimedTime":1685483670000},{"poolId":150,"poolName":"ADA/BUSD","assetRewards":"BNB","claimAmount":"0.0000009","status":1,"claimedTime":1685483670000},{"poolId":150,"poolName":"ADA/BUSD","assetRewards":"BNB","claimAmount":"0.0000024","status":1,"claimedTime":1685451525000},{"poolId":150,"poolName":"ADA/BUSD","assetRewards":"BUSD","claimAmount":"0.00032525","status":1,"claimedTime":1685451525000},{"poolId":150,"poolName":"ADA/BUSD","assetRewards":"ADA","claimAmount":"0.00083539","status":1,"claimedTime":1685451525000},{"poolId":150,"poolName":"ADA/BUSD","assetRewards":"BUSD","claimAmount":"0.00058998","status":1,"claimedTime":1685365008000},{"poolId":150,"poolName":"ADA/BUSD","assetRewards":"BNB","claimAmount":"0.0000029","status":1,"claimedTime":1685365008000},{"poolId":150,"poolName":"ADA/BUSD","assetRewards":"ADA","claimAmount":"0.00153853","status":1,"claimedTime":1685365008000},{"poolId":150,"poolName":"ADA/BUSD","assetRewards":"BNB","claimAmount":"0.0000023","status":1,"claimedTime":1685260935000},{"poolId":150,"poolName":"ADA/BUSD","assetRewards":"BUSD","claimAmount":"0.00021371","status":1,"claimedTime":1685260935000},{"poolId":150,"poolName":"ADA/BUSD","assetRewards":"ADA","claimAmount":"0.00049596","status":1,"claimedTime":1685260935000},{"poolId":150,"poolName":"ADA/BUSD","assetRewards":"BNB","claimAmount":"0.0000024","status":1,"claimedTime":1685176600000},{"poolId":150,"poolName":"ADA/BUSD","assetRewards":"ADA","claimAmount":"0.00070022","status":1,"claimedTime":1685176600000},{"poolId":150,"poolName":"ADA/BUSD","assetRewards":"BUSD","claimAmount":"0.00027636","status":1,"claimedTime":1685176600000},{"poolId":150,"poolName":"ADA/BUSD","assetRewards":"BUSD","claimAmount":"0.0002992","status":1,"claimedTime":1685091462000},{"poolId":150,"poolName":"ADA/BUSD","assetRewards":"BNB","claimAmount":"0.0000028","status":1,"claimedTime":1685091462000},{"poolId":150,"poolName":"ADA/BUSD","assetRewards":"ADA","claimAmount":"0.00085613","status":1,"claimedTime":1685091462000},{"poolId":150,"poolName":"ADA/BUSD","assetRewards":"BNB","claimAmount":"0.0000007","status":1,"claimedTime":1684989641000},{"poolId":150,"poolName":"ADA/BUSD","assetRewards":"ADA","claimAmount":"0.00032528","status":1,"claimedTime":1684989641000},{"poolId":150,"poolName":"ADA/BUSD","assetRewards":"BUSD","claimAmount":"0.00009954","status":1,"claimedTime":1684989641000},{"poolId":150,"poolName":"ADA/BUSD","assetRewards":"BUSD","claimAmount":"0.00019641","status":1,"claimedTime":1684963285000},{"poolId":150,"poolName":"ADA/BUSD","assetRewards":"BNB","claimAmount":"0.0000009","status":1,"claimedTime":1684963285000},{"poolId":150,"poolName":"ADA/BUSD","assetRewards":"ADA","claimAmount":"0.00054326","status":1,"claimedTime":1684963285000},{"poolId":150,"poolName":"ADA/BUSD","assetRewards":"ADA","claimAmount":"0.00092579","status":1,"claimedTime":1684931951000},{"poolId":150,"poolName":"ADA/BUSD","assetRewards":"BNB","claimAmount":"0.00000302","status":1,"claimedTime":1684931951000},{"poolId":150,"poolName":"ADA/BUSD","assetRewards":"BUSD","claimAmount":"0.00031013","status":1,"claimedTime":1684931951000},{"poolId":150,"poolName":"ADA/BUSD","assetRewards":"BNB","claimAmount":"0.00000253","status":1,"claimedTime":1684828045000},{"poolId":150,"poolName":"ADA/BUSD","assetRewards":"BUSD","claimAmount":"0.00052244","status":1,"claimedTime":1684828045000},{"poolId":150,"poolName":"ADA/BUSD","assetRewards":"ADA","claimAmount":"0.00132226","status":1,"claimedTime":1684828045000},{"poolId":150,"poolName":"ADA/BUSD","assetRewards":"BNB","claimAmount":"0.00000264","status":1,"claimedTime":1684745220000},{"poolId":150,"poolName":"ADA/BUSD","assetRewards":"BUSD","claimAmount":"0.00032008","status":1,"claimedTime":1684745220000},{"poolId":150,"poolName":"ADA/BUSD","assetRewards":"ADA","claimAmount":"0.00090175","status":1,"claimedTime":1684745220000},{"poolId":150,"poolName":"ADA/BUSD","assetRewards":"ADA","claimAmount":"0.0001676","status":1,"claimedTime":1684658716000},{"poolId":150,"poolName":"ADA/BUSD","assetRewards":"BUSD","claimAmount":"0.00007397","status":1,"claimedTime":1684658716000},{"poolId":150,"poolName":"ADA/BUSD","assetRewards":"BNB","claimAmount":"0.00000121","status":1,"claimedTime":1684658716000},{"poolId":150,"poolName":"ADA/BUSD","assetRewards":"BUSD","claimAmount":"0.00008749","status":1,"claimedTime":1684617421000},{"poolId":150,"poolName":"ADA/BUSD","assetRewards":"ADA","claimAmount":"0.00023666","status":1,"claimedTime":1684617421000},{"poolId":150,"poolName":"ADA/BUSD","assetRewards":"BNB","claimAmount":"0.00000143","status":1,"claimedTime":1684617421000},{"poolId":150,"poolName":"ADA/BUSD","assetRewards":"BNB","claimAmount":"0.00000198","status":1,"claimedTime":1684570840000},{"poolId":150,"poolName":"ADA/BUSD","assetRewards":"BUSD","claimAmount":"0.00026527","status":1,"claimedTime":1684570840000},{"poolId":150,"poolName":"ADA/BUSD","assetRewards":"ADA","claimAmount":"0.00077516","status":1,"claimedTime":1684570840000},{"poolId":150,"poolName":"ADA/BUSD","assetRewards":"ADA","claimAmount":"0.00150343","status":1,"claimedTime":1684507388000},{"poolId":150,"poolName":"ADA/BUSD","assetRewards":"BNB","claimAmount":"0.00000297","status":1,"claimedTime":1684507388000},{"poolId":150,"poolName":"ADA/BUSD","assetRewards":"BUSD","claimAmount":"0.0005319","status":1,"claimedTime":1684507388000},{"poolId":150,"poolName":"ADA/BUSD","assetRewards":"ADA","claimAmount":"0.00128362","status":1,"claimedTime":1684407951000},{"poolId":150,"poolName":"ADA/BUSD","assetRewards":"BNB","claimAmount":"0.00000275","status":1,"claimedTime":1684407951000},{"poolId":150,"poolName":"ADA/BUSD","assetRewards":"BUSD","claimAmount":"0.00052194","status":1,"claimedTime":1684407951000},{"poolId":150,"poolName":"ADA/BUSD","assetRewards":"BNB","claimAmount":"0.00000209","status":1,"claimedTime":1684318513000},{"poolId":150,"poolName":"ADA/BUSD","assetRewards":"BUSD","claimAmount":"0.00035479","status":1,"claimedTime":1684318513000},{"poolId":150,"poolName":"ADA/BUSD","assetRewards":"ADA","claimAmount":"0.00096871","status":1,"claimedTime":1684318513000},{"poolId":150,"poolName":"ADA/BUSD","assetRewards":"BUSD","claimAmount":"0.0003948","status":1,"claimedTime":1684253184000},{"poolId":150,"poolName":"ADA/BUSD","assetRewards":"BNB","claimAmount":"0.0000022","status":1,"claimedTime":1684253184000},{"poolId":150,"poolName":"ADA/BUSD","assetRewards":"ADA","claimAmount":"0.00112355","status":1,"claimedTime":1684253184000},{"poolId":150,"poolName":"ADA/BUSD","assetRewards":"BNB","claimAmount":"0.00000066","status":1,"claimedTime":1684180513000},{"poolId":150,"poolName":"ADA/BUSD","assetRewards":"BUSD","claimAmount":"0.00008609","status":1,"claimedTime":1684180513000},{"poolId":150,"poolName":"ADA/BUSD","assetRewards":"ADA","claimAmount":"0.00023654","status":1,"claimedTime":1684180513000},{"poolId":150,"poolName":"ADA/BUSD","assetRewards":"BUSD","claimAmount":"0.00050694","status":1,"claimedTime":1684157653000},{"poolId":150,"poolName":"ADA/BUSD","assetRewards":"ADA","claimAmount":"0.00117945","status":1,"claimedTime":1684157653000},{"poolId":150,"poolName":"ADA/BUSD","assetRewards":"BNB","claimAmount":"0.00000264","status":1,"claimedTime":1684157653000},{"poolId":150,"poolName":"ADA/BUSD","assetRewards":"BUSD","claimAmount":"0.0000259","status":1,"claimedTime":1684070017000},{"poolId":150,"poolName":"ADA/BUSD","assetRewards":"ADA","claimAmount":"0.00007971","status":1,"claimedTime":1684070017000},{"poolId":150,"poolName":"ADA/BUSD","assetRewards":"BNB","claimAmount":"0.00000055","status":1,"claimedTime":1684070017000},{"poolId":150,"poolName":"ADA/BUSD","assetRewards":"BNB","claimAmount":"0.00000264","status":1,"claimedTime":1684053898000},{"poolId":150,"poolName":"ADA/BUSD","assetRewards":"ADA","claimAmount":"0.00083059","status":1,"claimedTime":1684053898000},{"poolId":150,"poolName":"ADA/BUSD","assetRewards":"BUSD","claimAmount":"0.00031537","status":1,"claimedTime":1684053898000},{"poolId":150,"poolName":"ADA/BUSD","assetRewards":"BUSD","claimAmount":"0.00026836","status":1,"claimedTime":1683966128000},{"poolId":150,"poolName":"ADA/BUSD","assetRewards":"ADA","claimAmount":"0.00059919","status":1,"claimedTime":1683966128000},{"poolId":150,"poolName":"ADA/BUSD","assetRewards":"BNB","claimAmount":"0.00000121","status":1,"claimedTime":1683966128000},{"poolId":150,"poolName":"ADA/BUSD","assetRewards":"BUSD","claimAmount":"0.00031319","status":1,"claimedTime":1683926079000},{"poolId":150,"poolName":"ADA/BUSD","assetRewards":"ADA","claimAmount":"0.00092952","status":1,"claimedTime":1683926079000},{"poolId":150,"poolName":"ADA/BUSD","assetRewards":"BNB","claimAmount":"0.00000099","status":1,"claimedTime":1683926079000},{"poolId":150,"poolName":"ADA/BUSD","assetRewards":"BUSD","claimAmount":"0.00012463","status":1,"claimedTime":1683896618000},{"poolId":150,"poolName":"ADA/BUSD","assetRewards":"BNB","claimAmount":"0.00000044","status":1,"claimedTime":1683896618000},{"poolId":150,"poolName":"ADA/BUSD","assetRewards":"ADA","claimAmount":"0.00030129","status":1,"claimedTime":1683896618000},{"poolId":150,"poolName":"ADA/BUSD","assetRewards":"BUSD","claimAmount":"0.0005949","status":1,"claimedTime":1683881667000},{"poolId":150,"poolName":"ADA/BUSD","assetRewards":"BNB","claimAmount":"0.00000176","status":1,"claimedTime":1683881667000},{"poolId":150,"poolName":"ADA/BUSD","assetRewards":"ADA","claimAmount":"0.00159947","status":1,"claimedTime":1683881667000},{"poolId":150,"poolName":"ADA/BUSD","assetRewards":"ADA","claimAmount":"0.00181258","status":1,"claimedTime":1683822494000},{"poolId":150,"poolName":"ADA/BUSD","assetRewards":"BNB","claimAmount":"0.00000209","status":1,"claimedTime":1683822494000},{"poolId":150,"poolName":"ADA/BUSD","assetRewards":"BUSD","claimAmount":"0.00057107","status":1,"claimedTime":1683822494000},{"poolId":150,"poolName":"ADA/BUSD","assetRewards":"ADA","claimAmount":"0.00315561","status":1,"claimedTime":1683755422000},{"poolId":150,"poolName":"ADA/BUSD","assetRewards":"BNB","claimAmount":"0.00000286","status":1,"claimedTime":1683755422000},{"poolId":150,"poolName":"ADA/BUSD","assetRewards":"BUSD","claimAmount":"0.00119198","status":1,"claimedTime":1683755422000},{"poolId":150,"poolName":"ADA/BUSD","assetRewards":"ADA","claimAmount":"0.0014314","status":1,"claimedTime":1683662842000},{"poolId":150,"poolName":"ADA/BUSD","assetRewards":"ADA","claimAmount":"0.0014314","status":1,"claimedTime":1683662842000},{"poolId":150,"poolName":"ADA/BUSD","assetRewards":"BNB","claimAmount":"0.00000242","status":1,"claimedTime":1683662842000},{"poolId":150,"poolName":"ADA/BUSD","assetRewards":"BUSD","claimAmount":"0.00053157","status":1,"claimedTime":1683662842000},{"poolId":150,"poolName":"ADA/BUSD","assetRewards":"ADA","claimAmount":"0.00168543","status":1,"claimedTime":1683581876000},{"poolId":150,"poolName":"ADA/BUSD","assetRewards":"BNB","claimAmount":"0.00000121","status":1,"claimedTime":1683581876000},{"poolId":150,"poolName":"ADA/BUSD","assetRewards":"BUSD","claimAmount":"0.0005853","status":1,"claimedTime":1683581876000},{"poolId":150,"poolName":"ADA/BUSD","assetRewards":"BUSD","claimAmount":"0.00052418","status":1,"claimedTime":1683541678000},{"poolId":150,"poolName":"ADA/BUSD","assetRewards":"BNB","claimAmount":"0.00000165","status":1,"claimedTime":1683541678000},{"poolId":150,"poolName":"ADA/BUSD","assetRewards":"ADA","claimAmount":"0.00160527","status":1,"claimedTime":1683541678000},{"poolId":150,"poolName":"ADA/BUSD","assetRewards":"BUSD","claimAmount":"0.00055163","status":1,"claimedTime":1683488635000},{"poolId":150,"poolName":"ADA/BUSD","assetRewards":"BNB","claimAmount":"0.00000374","status":1,"claimedTime":1683488635000},{"poolId":150,"poolName":"ADA/BUSD","assetRewards":"ADA","claimAmount":"0.00151966","status":1,"claimedTime":1683488635000},{"poolId":150,"poolName":"ADA/BUSD","assetRewards":"BUSD","claimAmount":"0.00017066","status":1,"claimedTime":1683365451000},{"poolId":150,"poolName":"ADA/BUSD","assetRewards":"BNB","claimAmount":"0.00000132","status":1,"claimedTime":1683365451000},{"poolId":150,"poolName":"ADA/BUSD","assetRewards":"ADA","claimAmount":"0.00053431","status":1,"claimedTime":1683365451000},{"poolId":150,"poolName":"ADA/BUSD","assetRewards":"ADA","claimAmount":"0.00097864","status":1,"claimedTime":1683321390000},{"poolId":150,"poolName":"ADA/BUSD","assetRewards":"BUSD","claimAmount":"0.00038023","status":1,"claimedTime":1683321390000},{"poolId":150,"poolName":"ADA/BUSD","assetRewards":"BNB","claimAmount":"0.00000143","status":1,"claimedTime":1683321390000},{"poolId":150,"poolName":"ADA/BUSD","assetRewards":"BUSD","claimAmount":"0.00039802","status":1,"claimedTime":1683277438000},{"poolId":150,"poolName":"ADA/BUSD","assetRewards":"ADA","claimAmount":"0.00104936","status":1,"claimedTime":1683277438000},{"poolId":150,"poolName":"ADA/BUSD","assetRewards":"BNB","claimAmount":"0.00000264","status":1,"claimedTime":1683277438000},{"poolId":150,"poolName":"ADA/BUSD","assetRewards":"ADA","claimAmount":"0.0005376","status":1,"claimedTime":1683188168000},{"poolId":150,"poolName":"ADA/BUSD","assetRewards":"BUSD","claimAmount":"0.00021519","status":1,"claimedTime":1683188168000},{"poolId":150,"poolName":"ADA/BUSD","assetRewards":"BNB","claimAmount":"0.0000011","status":1,"claimedTime":1683188168000},{"poolId":150,"poolName":"ADA/BUSD","assetRewards":"BNB","claimAmount":"0.00000066","status":1,"claimedTime":1683152076000},{"poolId":150,"poolName":"ADA/BUSD","assetRewards":"BUSD","claimAmount":"0.00034034","status":1,"claimedTime":1683152076000},{"poolId":150,"poolName":"ADA/BUSD","assetRewards":"ADA","claimAmount":"0.00078435","status":1,"claimedTime":1683152076000},{"poolId":150,"poolName":"ADA/BUSD","assetRewards":"BNB","claimAmount":"0.00000209","status":1,"claimedTime":1683131421000},{"poolId":150,"poolName":"ADA/BUSD","assetRewards":"BUSD","claimAmount":"0.00038709","status":1,"claimedTime":1683131421000},{"poolId":150,"poolName":"ADA/BUSD","assetRewards":"ADA","claimAmount":"0.00105554","status":1,"claimedTime":1683131421000},{"poolId":150,"poolName":"ADA/BUSD","assetRewards":"ADA","claimAmount":"0.00241251","status":1,"claimedTime":1683063079000},{"poolId":150,"poolName":"ADA/BUSD","assetRewards":"BUSD","claimAmount":"0.00093624","status":1,"claimedTime":1683063079000},{"poolId":150,"poolName":"ADA/BUSD","assetRewards":"BNB","claimAmount":"0.00000418","status":1,"claimedTime":1683063079000},{"poolId":150,"poolName":"ADA/BUSD","assetRewards":"ADA","claimAmount":"0.00204092","status":1,"claimedTime":1682926198000},{"poolId":150,"poolName":"ADA/BUSD","assetRewards":"BNB","claimAmount":"0.00000253","status":1,"claimedTime":1682926198000},{"poolId":150,"poolName":"ADA/BUSD","assetRewards":"BUSD","claimAmount":"0.00076511","status":1,"claimedTime":1682926198000},{"poolId":150,"poolName":"ADA/BUSD","assetRewards":"ADA","claimAmount":"0.00074996","status":1,"claimedTime":1682844681000},{"poolId":150,"poolName":"ADA/BUSD","assetRewards":"BUSD","claimAmount":"0.00030182","status":1,"claimedTime":1682844681000},{"poolId":150,"poolName":"ADA/BUSD","assetRewards":"BNB","claimAmount":"0.00000275","status":1,"claimedTime":1682844681000},{"poolId":150,"poolName":"ADA/BUSD","assetRewards":"BNB","claimAmount":"0.00000275","status":1,"claimedTime":1682754226000},{"poolId":150,"poolName":"ADA/BUSD","assetRewards":"BUSD","claimAmount":"0.00055881","status":1,"claimedTime":1682754226000},{"poolId":150,"poolName":"ADA/BUSD","assetRewards":"ADA","claimAmount":"0.00139248","status":1,"claimedTime":1682754226000},{"poolId":150,"poolName":"ADA/BUSD","assetRewards":"BUSD","claimAmount":"0.00019682","status":1,"claimedTime":1682664233000},{"poolId":150,"poolName":"ADA/BUSD","assetRewards":"BNB","claimAmount":"0.00000099","status":1,"claimedTime":1682664233000},{"poolId":150,"poolName":"ADA/BUSD","assetRewards":"ADA","claimAmount":"0.00050511","status":1,"claimedTime":1682664233000},{"poolId":150,"poolName":"ADA/BUSD","assetRewards":"BUSD","claimAmount":"0.00043374","status":1,"claimedTime":1682631100000},{"poolId":150,"poolName":"ADA/BUSD","assetRewards":"ADA","claimAmount":"0.00105861","status":1,"claimedTime":1682631100000},{"poolId":150,"poolName":"ADA/BUSD","assetRewards":"BNB","claimAmount":"0.00000077","status":1,"claimedTime":1682631100000},{"poolId":150,"poolName":"ADA/BUSD","assetRewards":"ADA","claimAmount":"0.00592491","status":1,"claimedTime":1682607190000},{"poolId":150,"poolName":"ADA/BUSD","assetRewards":"BUSD","claimAmount":"0.00230837","status":1,"claimedTime":1682607190000},{"poolId":150,"poolName":"ADA/BUSD","assetRewards":"BNB","claimAmount":"0.00000286","status":1,"claimedTime":1682607190000},{"poolId":150,"poolName":"ADA/BUSD","assetRewards":"ADA","claimAmount":"0.00040532","status":1,"claimedTime":1682514259000},{"poolId":150,"poolName":"ADA/BUSD","assetRewards":"BNB","claimAmount":"0.00000055","status":1,"claimedTime":1682514259000},{"poolId":150,"poolName":"ADA/BUSD","assetRewards":"BUSD","claimAmount":"0.00018734","status":1,"claimedTime":1682514259000},{"poolId":150,"poolName":"ADA/BUSD","assetRewards":"ADA","claimAmount":"0.00048843","status":1,"claimedTime":1682496343000},{"poolId":150,"poolName":"ADA/BUSD","assetRewards":"BUSD","claimAmount":"0.00022363","status":1,"claimedTime":1682496343000},{"poolId":150,"poolName":"ADA/BUSD","assetRewards":"BNB","claimAmount":"0.0000011","status":1,"claimedTime":1682496343000},{"poolId":150,"poolName":"ADA/BUSD","assetRewards":"ADA","claimAmount":"0.0006918","status":1,"claimedTime":1682457957000},{"poolId":150,"poolName":"ADA/BUSD","assetRewards":"BUSD","claimAmount":"0.00030524","status":1,"claimedTime":1682457957000},{"poolId":150,"poolName":"ADA/BUSD","assetRewards":"BNB","claimAmount":"0.00000088","status":1,"claimedTime":1682457957000},{"poolId":150,"poolName":"ADA/BUSD","assetRewards":"BUSD","claimAmount":"0.0003664","status":1,"claimedTime":1682429126000},{"poolId":150,"poolName":"ADA/BUSD","assetRewards":"ADA","claimAmount":"0.00099812","status":1,"claimedTime":1682429126000},{"poolId":150,"poolName":"ADA/BUSD","assetRewards":"BNB","claimAmount":"0.00000176","status":1,"claimedTime":1682429126000},{"poolId":150,"poolName":"ADA/BUSD","assetRewards":"BUSD","claimAmount":"0.00042348","status":1,"claimedTime":1682372060000},{"poolId":150,"poolName":"ADA/BUSD","assetRewards":"BNB","claimAmount":"0.00000132","status":1,"claimedTime":1682372060000},{"poolId":150,"poolName":"ADA/BUSD","assetRewards":"ADA","claimAmount":"0.00109917","status":1,"claimedTime":1682372060000},{"poolId":150,"poolName":"ADA/BUSD","assetRewards":"BUSD","claimAmount":"0.00081376","status":1,"claimedTime":1682330463000},{"poolId":150,"poolName":"ADA/BUSD","assetRewards":"BNB","claimAmount":"0.0000022","status":1,"claimedTime":1682330463000},{"poolId":150,"poolName":"ADA/BUSD","assetRewards":"ADA","claimAmount":"0.00215959","status":1,"claimedTime":1682330463000},{"poolId":150,"poolName":"ADA/BUSD","assetRewards":"ADA","claimAmount":"0.0024338","status":1,"claimedTime":1682255554000},{"poolId":150,"poolName":"ADA/BUSD","assetRewards":"BNB","claimAmount":"0.00000429","status":1,"claimedTime":1682255554000},{"poolId":150,"poolName":"ADA/BUSD","assetRewards":"BUSD","claimAmount":"0.00097022","status":1,"claimedTime":1682255554000},{"poolId":150,"poolName":"ADA/BUSD","assetRewards":"ADA","claimAmount":"0.00370712","status":1,"claimedTime":1682115557000},{"poolId":150,"poolName":"ADA/BUSD","assetRewards":"BNB","claimAmount":"0.00000275","status":1,"claimedTime":1682115557000},{"poolId":150,"poolName":"ADA/BUSD","assetRewards":"BUSD","claimAmount":"0.00134941","status":1,"claimedTime":1682115557000},{"poolId":150,"poolName":"ADA/BUSD","assetRewards":"BUSD","claimAmount":"0.00141094","status":1,"claimedTime":1682025935000},{"poolId":150,"poolName":"ADA/BUSD","assetRewards":"ADA","claimAmount":"0.00365712","status":1,"claimedTime":1682025935000},{"poolId":150,"poolName":"ADA/BUSD","assetRewards":"BNB","claimAmount":"0.00000264","status":1,"claimedTime":1682025935000},{"poolId":150,"poolName":"ADA/BUSD","assetRewards":"ADA","claimAmount":"0.00007648","status":1,"claimedTime":1681939984000},{"poolId":150,"poolName":"ADA/BUSD","assetRewards":"BNB","claimAmount":"0.00000011","status":1,"claimedTime":1681939984000},{"poolId":150,"poolName":"ADA/BUSD","assetRewards":"BUSD","claimAmount":"0.00003747","status":1,"claimedTime":1681939984000},{"poolId":150,"poolName":"ADA/BUSD","assetRewards":"BUSD","claimAmount":"0.00147282","status":1,"claimedTime":1681936862000},{"poolId":150,"poolName":"ADA/BUSD","assetRewards":"BNB","claimAmount":"0.00000264","status":1,"claimedTime":1681936862000},{"poolId":150,"poolName":"ADA/BUSD","assetRewards":"ADA","claimAmount":"0.00382879","status":1,"claimedTime":1681936862000},{"poolId":150,"poolName":"ADA/BUSD","assetRewards":"ADA","claimAmount":"0.00119165","status":1,"claimedTime":1681850008000},{"poolId":150,"poolName":"ADA/BUSD","assetRewards":"BUSD","claimAmount":"0.0005202","status":1,"claimedTime":1681850008000},{"poolId":150,"poolName":"ADA/BUSD","assetRewards":"BNB","claimAmount":"0.00000242","status":1,"claimedTime":1681850008000},{"poolId":150,"poolName":"ADA/BUSD","assetRewards":"BNB","claimAmount":"0.00000121","status":1,"claimedTime":1681771185000},{"poolId":150,"poolName":"ADA/BUSD","assetRewards":"BUSD","claimAmount":"0.00040685","status":1,"claimedTime":1681771185000},{"poolId":150,"poolName":"ADA/BUSD","assetRewards":"ADA","claimAmount":"0.00103598","status":1,"claimedTime":1681771185000},{"poolId":150,"poolName":"ADA/BUSD","assetRewards":"BUSD","claimAmount":"0.00038209","status":1,"claimedTime":1681733497000},{"poolId":150,"poolName":"ADA/BUSD","assetRewards":"BNB","claimAmount":"0.00000121","status":1,"claimedTime":1681733497000},{"poolId":150,"poolName":"ADA/BUSD","assetRewards":"ADA","claimAmount":"0.00096791","status":1,"claimedTime":1681733497000},{"poolId":150,"poolName":"ADA/BUSD","assetRewards":"ADA","claimAmount":"0.00065026","status":1,"claimedTime":1681690912000},{"poolId":150,"poolName":"ADA/BUSD","assetRewards":"BUSD","claimAmount":"0.0002846","status":1,"claimedTime":1681690912000},{"poolId":150,"poolName":"ADA/BUSD","assetRewards":"BNB","claimAmount":"0.00000118","status":1,"claimedTime":1681690912000},{"poolId":150,"poolName":"ADA/BUSD","assetRewards":"ADA","claimAmount":"0.00097845","status":1,"claimedTime":1681652755000},{"poolId":150,"poolName":"ADA/BUSD","assetRewards":"BNB","claimAmount":"0.00000165","status":1,"claimedTime":1681652755000},{"poolId":150,"poolName":"ADA/BUSD","assetRewards":"BUSD","claimAmount":"0.00040284","status":1,"claimedTime":1681652755000},{"poolId":150,"poolName":"ADA/BUSD","assetRewards":"BNB","claimAmount":"0.00000132","status":1,"claimedTime":1681597170000},{"poolId":150,"poolName":"ADA/BUSD","assetRewards":"BNB","claimAmount":"0.00000132","status":1,"claimedTime":1681597170000},{"poolId":150,"poolName":"ADA/BUSD","assetRewards":"BUSD","claimAmount":"0.00074463","status":1,"claimedTime":1681597170000},{"poolId":150,"poolName":"ADA/BUSD","assetRewards":"ADA","claimAmount":"0.00161871","status":1,"claimedTime":1681597170000},{"poolId":150,"poolName":"ADA/BUSD","assetRewards":"BNB","claimAmount":"0.00000264","status":1,"claimedTime":1681556252000},{"poolId":150,"poolName":"ADA/BUSD","assetRewards":"ADA","claimAmount":"0.00288354","status":1,"claimedTime":1681556252000},{"poolId":150,"poolName":"ADA/BUSD","assetRewards":"BUSD","claimAmount":"0.00125287","status":1,"claimedTime":1681556252000},{"poolId":150,"poolName":"ADA/BUSD","assetRewards":"ADA","claimAmount":"0.00175855","status":1,"claimedTime":1681470004000},{"poolId":150,"poolName":"ADA/BUSD","assetRewards":"BNB","claimAmount":"0.00000125","status":1,"claimedTime":1681470004000},{"poolId":150,"poolName":"ADA/BUSD","assetRewards":"BUSD","claimAmount":"0.00082067","status":1,"claimedTime":1681470004000},{"poolId":150,"poolName":"ADA/BUSD","assetRewards":"BUSD","claimAmount":"0.00075252","status":1,"claimedTime":1681426895000},{"poolId":150,"poolName":"ADA/BUSD","assetRewards":"BNB","claimAmount":"0.0000012","status":1,"claimedTime":1681426895000},{"poolId":150,"poolName":"ADA/BUSD","assetRewards":"ADA","claimAmount":"0.00167738","status":1,"claimedTime":1681426895000},{"poolId":150,"poolName":"ADA/BUSD","assetRewards":"BUSD","claimAmount":"0.00064941","status":1,"claimedTime":1681381222000},{"poolId":150,"poolName":"ADA/BUSD","assetRewards":"ADA","claimAmount":"0.00152362","status":1,"claimedTime":1681381222000},{"poolId":150,"poolName":"ADA/BUSD","assetRewards":"BNB","claimAmount":"0.0000019","status":1,"claimedTime":1681381222000},{"poolId":150,"poolName":"ADA/BUSD","assetRewards":"BNB","claimAmount":"0.0000005","status":1,"claimedTime":1681315099000},{"poolId":150,"poolName":"ADA/BUSD","assetRewards":"ADA","claimAmount":"0.00045745","status":1,"claimedTime":1681315099000},{"poolId":150,"poolName":"ADA/BUSD","assetRewards":"BUSD","claimAmount":"0.00021031","status":1,"claimedTime":1681315099000},{"poolId":150,"poolName":"ADA/BUSD","assetRewards":"ADA","claimAmount":"0.00071793","status":1,"claimedTime":1681297621000},{"poolId":150,"poolName":"ADA/BUSD","assetRewards":"BUSD","claimAmount":"0.0002572","status":1,"claimedTime":1681297621000},{"poolId":150,"poolName":"ADA/BUSD","assetRewards":"BNB","claimAmount":"0.0000012","status":1,"claimedTime":1681297621000},{"poolId":150,"poolName":"ADA/BUSD","assetRewards":"ADA","claimAmount":"0.00200735","status":1,"claimedTime":1681253090000},{"poolId":150,"poolName":"ADA/BUSD","assetRewards":"BNB","claimAmount":"0.0000031","status":1,"claimedTime":1681253090000},{"poolId":150,"poolName":"ADA/BUSD","assetRewards":"BUSD","claimAmount":"0.0008327","status":1,"claimedTime":1681253090000},{"poolId":150,"poolName":"ADA/BUSD","assetRewards":"ADA","claimAmount":"0.00086537","status":1,"claimedTime":1681141566000},{"poolId":150,"poolName":"ADA/BUSD","assetRewards":"BUSD","claimAmount":"0.00032047","status":1,"claimedTime":1681141566000},{"poolId":150,"poolName":"ADA/BUSD","assetRewards":"BNB","claimAmount":"0.000003","status":1,"claimedTime":1681141566000},{"poolId":150,"poolName":"ADA/BUSD","assetRewards":"ADA","claimAmount":"0.00037096","status":1,"claimedTime":1681032361000},{"poolId":150,"poolName":"ADA/BUSD","assetRewards":"BUSD","claimAmount":"0.00014049","status":1,"claimedTime":1681032361000},{"poolId":150,"poolName":"ADA/BUSD","assetRewards":"BNB","claimAmount":"0.0000011","status":1,"claimedTime":1681032361000},{"poolId":150,"poolName":"ADA/BUSD","assetRewards":"ADA","claimAmount":"0.00033898","status":1,"claimedTime":1680992772000},{"poolId":150,"poolName":"ADA/BUSD","assetRewards":"BNB","claimAmount":"0.00000114","status":1,"claimedTime":1680992772000},{"poolId":150,"poolName":"ADA/BUSD","assetRewards":"BUSD","claimAmount":"0.00011218","status":1,"claimedTime":1680992772000},{"poolId":150,"poolName":"ADA/BUSD","assetRewards":"BNB","claimAmount":"0.00000308","status":1,"claimedTime":1680953654000},{"poolId":150,"poolName":"ADA/BUSD","assetRewards":"ADA","claimAmount":"0.00111394","status":1,"claimedTime":1680953654000},{"poolId":150,"poolName":"ADA/BUSD","assetRewards":"BUSD","claimAmount":"0.00045986","status":1,"claimedTime":1680953654000},{"poolId":150,"poolName":"ADA/BUSD","assetRewards":"BNB","claimAmount":"0.00000121","status":1,"claimedTime":1680851854000},{"poolId":150,"poolName":"ADA/BUSD","assetRewards":"ADA","claimAmount":"0.00048753","status":1,"claimedTime":1680851854000},{"poolId":150,"poolName":"ADA/BUSD","assetRewards":"BUSD","claimAmount":"0.00015549","status":1,"claimedTime":1680851854000},{"poolId":150,"poolName":"ADA/BUSD","assetRewards":"BNB","claimAmount":"0.00000044","status":1,"claimedTime":1680814838000},{"poolId":150,"poolName":"ADA/BUSD","assetRewards":"ADA","claimAmount":"0.0001746","status":1,"claimedTime":1680814838000},{"poolId":150,"poolName":"ADA/BUSD","assetRewards":"BUSD","claimAmount":"0.00006268","status":1,"claimedTime":1680814838000},{"poolId":150,"poolName":"ADA/BUSD","assetRewards":"BUSD","claimAmount":"0.00002275","status":1,"claimedTime":1680799217000},{"poolId":150,"poolName":"ADA/BUSD","assetRewards":"BNB","claimAmount":"0.00000011","status":1,"claimedTime":1680799217000},{"poolId":150,"poolName":"ADA/BUSD","assetRewards":"ADA","claimAmount":"0.00002569","status":1,"claimedTime":1680799217000},{"poolId":150,"poolName":"ADA/BUSD","assetRewards":"BUSD","claimAmount":"0.00010636","status":1,"claimedTime":1680794103000},{"poolId":150,"poolName":"ADA/BUSD","assetRewards":"ADA","claimAmount":"0.00025452","status":1,"claimedTime":1680794103000},{"poolId":150,"poolName":"ADA/BUSD","assetRewards":"BNB","claimAmount":"0.00000044","status":1,"claimedTime":1680794103000},{"poolId":150,"poolName":"ADA/BUSD","assetRewards":"ADA","claimAmount":"0.00017017","status":1,"claimedTime":1680782978000},{"poolId":150,"poolName":"ADA/BUSD","assetRewards":"BNB","claimAmount":"0.00000011","status":1,"claimedTime":1680782978000},{"poolId":150,"poolName":"ADA/BUSD","assetRewards":"BUSD","claimAmount":"0.00006237","status":1,"claimedTime":1680782978000},{"poolId":150,"poolName":"ADA/BUSD","assetRewards":"BNB","claimAmount":"0.00000275","status":1,"claimedTime":1680776732000},{"poolId":150,"poolName":"ADA/BUSD","assetRewards":"BUSD","claimAmount":"0.00061365","status":1,"claimedTime":1680776732000},{"poolId":150,"poolName":"ADA/BUSD","assetRewards":"ADA","claimAmount":"0.00176538","status":1,"claimedTime":1680776732000},{"poolId":150,"poolName":"ADA/BUSD","assetRewards":"BNB","claimAmount":"0.00000143","status":1,"claimedTime":1680686522000},{"poolId":150,"poolName":"ADA/BUSD","assetRewards":"ADA","claimAmount":"0.0008008","status":1,"claimedTime":1680686522000},{"poolId":150,"poolName":"ADA/BUSD","assetRewards":"BUSD","claimAmount":"0.0003163","status":1,"claimedTime":1680686522000},{"poolId":150,"poolName":"ADA/BUSD","assetRewards":"ADA","claimAmount":"0.00111625","status":1,"claimedTime":1680641878000},{"poolId":150,"poolName":"ADA/BUSD","assetRewards":"BNB","claimAmount":"0.00000121","status":1,"claimedTime":1680641878000},{"poolId":150,"poolName":"ADA/BUSD","assetRewards":"BUSD","claimAmount":"0.00043949","status":1,"claimedTime":1680641878000},{"poolId":150,"poolName":"ADA/BUSD","assetRewards":"BUSD","claimAmount":"0.00078861","status":1,"claimedTime":1680602777000},{"poolId":150,"poolName":"ADA/BUSD","assetRewards":"ADA","claimAmount":"0.00216469","status":1,"claimedTime":1680602777000},{"poolId":150,"poolName":"ADA/BUSD","assetRewards":"BNB","claimAmount":"0.00000154","status":1,"claimedTime":1680602777000},{"poolId":150,"poolName":"ADA/BUSD","assetRewards":"ADA","claimAmount":"0.00047793","status":1,"claimedTime":1680551457000},{"poolId":150,"poolName":"ADA/BUSD","assetRewards":"BUSD","claimAmount":"0.00023384","status":1,"claimedTime":1680551457000},{"poolId":150,"poolName":"ADA/BUSD","assetRewards":"BNB","claimAmount":"0.00000022","status":1,"claimedTime":1680551457000},{"poolId":150,"poolName":"ADA/BUSD","assetRewards":"BNB","claimAmount":"0.00000022","status":1,"claimedTime":1680545384000},{"poolId":150,"poolName":"ADA/BUSD","assetRewards":"BUSD","claimAmount":"0.00011154","status":1,"claimedTime":1680545384000},{"poolId":150,"poolName":"ADA/BUSD","assetRewards":"ADA","claimAmount":"0.00030011","status":1,"claimedTime":1680545384000},{"poolId":150,"poolName":"ADA/BUSD","assetRewards":"BNB","claimAmount":"0.00000209","status":1,"claimedTime":1680536388000},{"poolId":150,"poolName":"ADA/BUSD","assetRewards":"BUSD","claimAmount":"0.00109412","status":1,"claimedTime":1680536388000},{"poolId":150,"poolName":"ADA/BUSD","assetRewards":"ADA","claimAmount":"0.00265931","status":1,"claimedTime":1680536388000},{"poolId":150,"poolName":"ADA/BUSD","assetRewards":"ADA","claimAmount":"0.00145053","status":1,"claimedTime":1680466432000},{"poolId":150,"poolName":"ADA/BUSD","assetRewards":"BUSD","claimAmount":"0.00046546","status":1,"claimedTime":1680466432000},{"poolId":150,"poolName":"ADA/BUSD","assetRewards":"BNB","claimAmount":"0.00000242","status":1,"claimedTime":1680466432000},{"poolId":150,"poolName":"ADA/BUSD","assetRewards":"ADA","claimAmount":"0.00191564","status":1,"claimedTime":1680388352000},{"poolId":150,"poolName":"ADA/BUSD","assetRewards":"BNB","claimAmount":"0.00000275","status":1,"claimedTime":1680388352000},{"poolId":150,"poolName":"ADA/BUSD","assetRewards":"BUSD","claimAmount":"0.00067798","status":1,"claimedTime":1680388352000},{"poolId":150,"poolName":"ADA/BUSD","assetRewards":"BUSD","claimAmount":"0.00170107","status":1,"claimedTime":1680300199000},{"poolId":150,"poolName":"ADA/BUSD","assetRewards":"BNB","claimAmount":"0.00000286","status":1,"claimedTime":1680300199000},{"poolId":150,"poolName":"ADA/BUSD","assetRewards":"ADA","claimAmount":"0.00410567","status":1,"claimedTime":1680300199000},{"poolId":150,"poolName":"ADA/BUSD","assetRewards":"BNB","claimAmount":"0.00000231","status":1,"claimedTime":1680204585000},{"poolId":150,"poolName":"ADA/BUSD","assetRewards":"BUSD","claimAmount":"0.001043","status":1,"claimedTime":1680204585000},{"poolId":150,"poolName":"ADA/BUSD","assetRewards":"ADA","claimAmount":"0.00294163","status":1,"claimedTime":1680204585000},{"poolId":150,"poolName":"ADA/BUSD","assetRewards":"BNB","claimAmount":"0.00000011","status":1,"claimedTime":1680128126000},{"poolId":150,"poolName":"ADA/BUSD","assetRewards":"ADA","claimAmount":"0.00127378","status":1,"claimedTime":1680127323000},{"poolId":150,"poolName":"ADA/BUSD","assetRewards":"BUSD","claimAmount":"0.0004919","status":1,"claimedTime":1680127323000},{"poolId":150,"poolName":"ADA/BUSD","assetRewards":"BNB","claimAmount":"0.00000132","status":1,"claimedTime":1680127323000},{"poolId":150,"poolName":"ADA/BUSD","assetRewards":"BNB","claimAmount":"0.00000176","status":1,"claimedTime":1680083332000},{"poolId":150,"poolName":"ADA/BUSD","assetRewards":"BUSD","claimAmount":"0.00084436","status":1,"claimedTime":1680083332000},{"poolId":150,"poolName":"ADA/BUSD","assetRewards":"ADA","claimAmount":"0.00196714","status":1,"claimedTime":1680083332000},{"poolId":150,"poolName":"ADA/BUSD","assetRewards":"ADA","claimAmount":"0.00195097","status":1,"claimedTime":1680024083000},{"poolId":150,"poolName":"ADA/BUSD","assetRewards":"BUSD","claimAmount":"0.00069518","status":1,"claimedTime":1680024083000},{"poolId":150,"poolName":"ADA/BUSD","assetRewards":"BNB","claimAmount":"0.00000208","status":1,"claimedTime":1680024083000},{"poolId":150,"poolName":"ADA/BUSD","assetRewards":"BUSD","claimAmount":"0.00100946","status":1,"claimedTime":1679956293000},{"poolId":150,"poolName":"ADA/BUSD","assetRewards":"BNB","claimAmount":"0.00000273","status":1,"claimedTime":1679956293000},{"poolId":150,"poolName":"ADA/BUSD","assetRewards":"ADA","claimAmount":"0.00303811","status":1,"claimedTime":1679956293000},{"poolId":150,"poolName":"ADA/BUSD","assetRewards":"ADA","claimAmount":"0.0012401","status":1,"claimedTime":1679865874000},{"poolId":150,"poolName":"ADA/BUSD","assetRewards":"BNB","claimAmount":"0.0000022","status":1,"claimedTime":1679865874000},{"poolId":150,"poolName":"ADA/BUSD","assetRewards":"BUSD","claimAmount":"0.00041118","status":1,"claimedTime":1679865874000},{"poolId":150,"poolName":"ADA/BUSD","assetRewards":"ADA","claimAmount":"0.0012401","status":1,"claimedTime":1679865874000},{"poolId":150,"poolName":"ADA/BUSD","assetRewards":"BNB","claimAmount":"0.0000022","status":1,"claimedTime":1679865874000},{"poolId":150,"poolName":"ADA/BUSD","assetRewards":"BUSD","claimAmount":"0.00041118","status":1,"claimedTime":1679865874000},{"poolId":150,"poolName":"ADA/BUSD","assetRewards":"ADA","claimAmount":"0.00111488","status":1,"claimedTime":1679789336000},{"poolId":150,"poolName":"ADA/BUSD","assetRewards":"BNB","claimAmount":"0.0000012","status":1,"claimedTime":1679789336000},{"poolId":150,"poolName":"ADA/BUSD","assetRewards":"BUSD","claimAmount":"0.00036141","status":1,"claimedTime":1679789336000},{"poolId":150,"poolName":"ADA/BUSD","assetRewards":"ADA","claimAmount":"0.0019885","status":1,"claimedTime":1679744976000},{"poolId":150,"poolName":"ADA/BUSD","assetRewards":"BUSD","claimAmount":"0.00066761","status":1,"claimedTime":1679744976000},{"poolId":150,"poolName":"ADA/BUSD","assetRewards":"BNB","claimAmount":"0.000002","status":1,"claimedTime":1679744976000},{"poolId":150,"poolName":"ADA/BUSD","assetRewards":"BUSD","claimAmount":"0.00040203","status":1,"claimedTime":1679670805000},{"poolId":150,"poolName":"ADA/BUSD","assetRewards":"BNB","claimAmount":"0.0000018","status":1,"claimedTime":1679670805000},{"poolId":150,"poolName":"ADA/BUSD","assetRewards":"ADA","claimAmount":"0.00120871","status":1,"claimedTime":1679670805000},{"poolId":150,"poolName":"ADA/BUSD","assetRewards":"ADA","claimAmount":"0.00364222","status":1,"claimedTime":1679607873000},{"poolId":150,"poolName":"ADA/BUSD","assetRewards":"BNB","claimAmount":"0.0000022","status":1,"claimedTime":1679607873000},{"poolId":150,"poolName":"ADA/BUSD","assetRewards":"BUSD","claimAmount":"0.00139205","status":1,"claimedTime":1679607873000},{"poolId":150,"poolName":"ADA/BUSD","assetRewards":"BNB","claimAmount":"0.0000012","status":1,"claimedTime":1679529731000},{"poolId":150,"poolName":"ADA/BUSD","assetRewards":"BUSD","claimAmount":"0.00201922","status":1,"claimedTime":1679529731000},{"poolId":150,"poolName":"ADA/BUSD","assetRewards":"ADA","claimAmount":"0.0056978","status":1,"claimedTime":1679529731000},{"poolId":150,"poolName":"ADA/BUSD","assetRewards":"BNB","claimAmount":"0.00000152","status":1,"claimedTime":1679486739000},{"poolId":150,"poolName":"ADA/BUSD","assetRewards":"ADA","claimAmount":"0.00631311","status":1,"claimedTime":1679486739000},{"poolId":150,"poolName":"ADA/BUSD","assetRewards":"BUSD","claimAmount":"0.00230405","status":1,"claimedTime":1679486739000},{"poolId":150,"poolName":"ADA/BUSD","assetRewards":"BNB","claimAmount":"0.0000009","status":1,"claimedTime":1679431471000},{"poolId":150,"poolName":"ADA/BUSD","assetRewards":"BUSD","claimAmount":"0.00126268","status":1,"claimedTime":1679431471000},{"poolId":150,"poolName":"ADA/BUSD","assetRewards":"ADA","claimAmount":"0.00306268","status":1,"claimedTime":1679431471000},{"poolId":150,"poolName":"ADA/BUSD","assetRewards":"ADA","claimAmount":"0.00209748","status":1,"claimedTime":1679397961000},{"poolId":150,"poolName":"ADA/BUSD","assetRewards":"BUSD","claimAmount":"0.00070245","status":1,"claimedTime":1679397961000},{"poolId":150,"poolName":"ADA/BUSD","assetRewards":"BNB","claimAmount":"0.0000014","status":1,"claimedTime":1679397961000},{"poolId":150,"poolName":"ADA/BUSD","assetRewards":"BNB","claimAmount":"0.0000007","status":1,"claimedTime":1679348093000},{"poolId":150,"poolName":"ADA/BUSD","assetRewards":"ADA","claimAmount":"0.00168141","status":1,"claimedTime":1679348093000},{"poolId":150,"poolName":"ADA/BUSD","assetRewards":"BUSD","claimAmount":"0.00053568","status":1,"claimedTime":1679348093000},{"poolId":150,"poolName":"ADA/BUSD","assetRewards":"BNB","claimAmount":"0.00000175","status":1,"claimedTime":1679324621000},{"poolId":150,"poolName":"ADA/BUSD","assetRewards":"BUSD","claimAmount":"0.00091374","status":1,"claimedTime":1679324621000},{"poolId":150,"poolName":"ADA/BUSD","assetRewards":"ADA","claimAmount":"0.00276031","status":1,"claimedTime":1679324621000},{"poolId":150,"poolName":"ADA/BUSD","assetRewards":"BNB","claimAmount":"0.00000264","status":1,"claimedTime":1679266674000},{"poolId":150,"poolName":"ADA/BUSD","assetRewards":"BUSD","claimAmount":"0.00116998","status":1,"claimedTime":1679266674000},{"poolId":150,"poolName":"ADA/BUSD","assetRewards":"ADA","claimAmount":"0.00342501","status":1,"claimedTime":1679266674000},{"poolId":150,"poolName":"ADA/BUSD","assetRewards":"BNB","claimAmount":"0.00000143","status":1,"claimedTime":1679179653000},{"poolId":150,"poolName":"ADA/BUSD","assetRewards":"BUSD","claimAmount":"0.00086709","status":1,"claimedTime":1679179653000},{"poolId":150,"poolName":"ADA/BUSD","assetRewards":"ADA","claimAmount":"0.00245061","status":1,"claimedTime":1679179653000},{"poolId":150,"poolName":"ADA/BUSD","assetRewards":"BUSD","claimAmount":"0.00007442","status":1,"claimedTime":1679132986000},{"poolId":150,"poolName":"ADA/BUSD","assetRewards":"ADA","claimAmount":"0.00026463","status":1,"claimedTime":1679132986000},{"poolId":150,"poolName":"ADA/BUSD","assetRewards":"BNB","claimAmount":"0.00000022","status":1,"claimedTime":1679132986000},{"poolId":150,"poolName":"ADA/BUSD","assetRewards":"BNB","claimAmount":"0.00000088","status":1,"claimedTime":1679127016000},{"poolId":150,"poolName":"ADA/BUSD","assetRewards":"BUSD","claimAmount":"0.00068725","status":1,"claimedTime":1679127016000},{"poolId":150,"poolName":"ADA/BUSD","assetRewards":"ADA","claimAmount":"0.001913","status":1,"claimedTime":1679127016000},{"poolId":150,"poolName":"ADA/BUSD","assetRewards":"BNB","claimAmount":"0.00000187","status":1,"claimedTime":1679098125000},{"poolId":150,"poolName":"ADA/BUSD","assetRewards":"BUSD","claimAmount":"0.00124714","status":1,"claimedTime":1679098125000},{"poolId":150,"poolName":"ADA/BUSD","assetRewards":"ADA","claimAmount":"0.0036011","status":1,"claimedTime":1679098125000},{"poolId":150,"poolName":"ADA/BUSD","assetRewards":"ADA","claimAmount":"0.00144013","status":1,"claimedTime":1679034534000},{"poolId":150,"poolName":"ADA/BUSD","assetRewards":"BUSD","claimAmount":"0.00051358","status":1,"claimedTime":1679034534000},{"poolId":150,"poolName":"ADA/BUSD","assetRewards":"BNB","claimAmount":"0.00000099","status":1,"claimedTime":1679034534000},{"poolId":150,"poolName":"ADA/BUSD","assetRewards":"BUSD","claimAmount":"0.00033931","status":1,"claimedTime":1679003407000},{"poolId":150,"poolName":"ADA/BUSD","assetRewards":"BNB","claimAmount":"0.00000069","status":1,"claimedTime":1679003407000},{"poolId":150,"poolName":"ADA/BUSD","assetRewards":"ADA","claimAmount":"0.00114612","status":1,"claimedTime":1679003407000},{"poolId":150,"poolName":"ADA/BUSD","assetRewards":"ADA","claimAmount":"0.00352848","status":1,"claimedTime":1678982193000},{"poolId":150,"poolName":"ADA/BUSD","assetRewards":"BNB","claimAmount":"0.00000216","status":1,"claimedTime":1678982193000},{"poolId":150,"poolName":"ADA/BUSD","assetRewards":"BUSD","claimAmount":"0.00111957","status":1,"claimedTime":1678982193000},{"poolId":150,"poolName":"ADA/BUSD","assetRewards":"BNB","claimAmount":"0.00000192","status":1,"claimedTime":1678916856000},{"poolId":150,"poolName":"ADA/BUSD","assetRewards":"BUSD","claimAmount":"0.00158222","status":1,"claimedTime":1678916856000},{"poolId":150,"poolName":"ADA/BUSD","assetRewards":"ADA","claimAmount":"0.0051554","status":1,"claimedTime":1678916856000},{"poolId":150,"poolName":"ADA/BUSD","assetRewards":"BUSD","claimAmount":"0.00080909","status":1,"claimedTime":1678860650000},{"poolId":150,"poolName":"ADA/BUSD","assetRewards":"ADA","claimAmount":"0.00251689","status":1,"claimedTime":1678860650000},{"poolId":150,"poolName":"ADA/BUSD","assetRewards":"BNB","claimAmount":"0.0000012","status":1,"claimedTime":1678860650000},{"poolId":150,"poolName":"ADA/BUSD","assetRewards":"BNB","claimAmount":"0.00000072","status":1,"claimedTime":1678823277000},{"poolId":150,"poolName":"ADA/BUSD","assetRewards":"ADA","claimAmount":"0.00224818","status":1,"claimedTime":1678823277000},{"poolId":150,"poolName":"ADA/BUSD","assetRewards":"BUSD","claimAmount":"0.00077951","status":1,"claimedTime":1678823277000},{"poolId":150,"poolName":"ADA/BUSD","assetRewards":"BNB","claimAmount":"0.00000012","status":1,"claimedTime":1678801414000},{"poolId":150,"poolName":"ADA/BUSD","assetRewards":"BUSD","claimAmount":"0.0004158","status":1,"claimedTime":1678801414000},{"poolId":150,"poolName":"ADA/BUSD","assetRewards":"ADA","claimAmount":"0.00096622","status":1,"claimedTime":1678801414000},{"poolId":150,"poolName":"ADA/BUSD","assetRewards":"BUSD","claimAmount":"0.00006709","status":1,"claimedTime":1678798912000},{"poolId":150,"poolName":"ADA/BUSD","assetRewards":"ADA","claimAmount":"0.00020081","status":1,"claimedTime":1678798912000},{"poolId":150,"poolName":"ADA/BUSD","assetRewards":"BNB","claimAmount":"0.00000024","status":1,"claimedTime":1678798912000},{"poolId":150,"poolName":"ADA/BUSD","assetRewards":"BNB","claimAmount":"0.00000144","status":1,"claimedTime":1678791230000},{"poolId":150,"poolName":"ADA/BUSD","assetRewards":"ADA","claimAmount":"0.00143898","status":1,"claimedTime":1678791230000},{"poolId":150,"poolName":"ADA/BUSD","assetRewards":"BUSD","claimAmount":"0.00043523","status":1,"claimedTime":1678791230000},{"poolId":150,"poolName":"ADA/BUSD","assetRewards":"ADA","claimAmount":"0.00396237","status":1,"claimedTime":1678747598000},{"poolId":150,"poolName":"ADA/BUSD","assetRewards":"BUSD","claimAmount":"0.00136663","status":1,"claimedTime":1678747598000},{"poolId":150,"poolName":"ADA/BUSD","assetRewards":"BNB","claimAmount":"0.00000156","status":1,"claimedTime":1678747598000},{"poolId":150,"poolName":"ADA/BUSD","assetRewards":"BNB","claimAmount":"0.00000132","status":1,"claimedTime":1678700744000},{"poolId":150,"poolName":"ADA/BUSD","assetRewards":"BUSD","claimAmount":"0.00120421","status":1,"claimedTime":1678700744000},{"poolId":150,"poolName":"ADA/BUSD","assetRewards":"ADA","claimAmount":"0.00332221","status":1,"claimedTime":1678700744000},{"poolId":150,"poolName":"ADA/BUSD","assetRewards":"BNB","claimAmount":"0.0000006","status":1,"claimedTime":1678661844000},{"poolId":150,"poolName":"ADA/BUSD","assetRewards":"ADA","claimAmount":"0.00126381","status":1,"claimedTime":1678661844000},{"poolId":150,"poolName":"ADA/BUSD","assetRewards":"BUSD","claimAmount":"0.00046733","status":1,"claimedTime":1678661844000},{"poolId":150,"poolName":"ADA/BUSD","assetRewards":"ADA","claimAmount":"0.00055025","status":1,"claimedTime":1678642144000},{"poolId":150,"poolName":"ADA/BUSD","assetRewards":"BNB","claimAmount":"0.00000096","status":1,"claimedTime":1678642144000},{"poolId":150,"poolName":"ADA/BUSD","assetRewards":"BUSD","claimAmount":"0.00016893","status":1,"claimedTime":1678642144000},{"poolId":150,"poolName":"ADA/BUSD","assetRewards":"BUSD","claimAmount":"0.00024234","status":1,"claimedTime":1678613762000},{"poolId":150,"poolName":"ADA/BUSD","assetRewards":"ADA","claimAmount":"0.00084037","status":1,"claimedTime":1678613762000},{"poolId":150,"poolName":"ADA/BUSD","assetRewards":"BNB","claimAmount":"0.0000012","status":1,"claimedTime":1678613762000},{"poolId":150,"poolName":"ADA/BUSD","assetRewards":"BUSD","claimAmount":"0.00234596","status":1,"claimedTime":1678577203000},{"poolId":150,"poolName":"ADA/BUSD","assetRewards":"ADA","claimAmount":"0.00759856","status":1,"claimedTime":1678577203000},{"poolId":150,"poolName":"ADA/BUSD","assetRewards":"BNB","claimAmount":"0.0000042","status":1,"claimedTime":1678577203000},{"poolId":150,"poolName":"ADA/BUSD","assetRewards":"BUSD","claimAmount":"0.0000689","status":1,"claimedTime":1678452678000},{"poolId":150,"poolName":"ADA/BUSD","assetRewards":"BNB","claimAmount":"0.00000012","status":1,"claimedTime":1678452678000},{"poolId":150,"poolName":"ADA/BUSD","assetRewards":"ADA","claimAmount":"0.00016023","status":1,"claimedTime":1678452678000},{"poolId":150,"poolName":"ADA/BUSD","assetRewards":"BUSD","claimAmount":"0.00076737","status":1,"claimedTime":1678449333000},{"poolId":150,"poolName":"ADA/BUSD","assetRewards":"BNB","claimAmount":"0.00000168","status":1,"claimedTime":1678449333000},{"poolId":150,"poolName":"ADA/BUSD","assetRewards":"ADA","claimAmount":"0.00260583","status":1,"claimedTime":1678449333000},{"poolId":150,"poolName":"ADA/BUSD","assetRewards":"BUSD","claimAmount":"0.00012937","status":1,"claimedTime":1678398431000},{"poolId":150,"poolName":"ADA/BUSD","assetRewards":"BUSD","claimAmount":"0.00012937","status":1,"claimedTime":1678398431000},{"poolId":150,"poolName":"ADA/BUSD","assetRewards":"ADA","claimAmount":"0.00059958","status":1,"claimedTime":1678398431000},{"poolId":150,"poolName":"ADA/BUSD","assetRewards":"BNB","claimAmount":"0.00000012","status":1,"claimedTime":1678398431000},{"poolId":150,"poolName":"ADA/BUSD","assetRewards":"BUSD","claimAmount":"0.00080813","status":1,"claimedTime":1678395635000},{"poolId":150,"poolName":"ADA/BUSD","assetRewards":"ADA","claimAmount":"0.00266928","status":1,"claimedTime":1678395635000},{"poolId":150,"poolName":"ADA/BUSD","assetRewards":"BNB","claimAmount":"0.00000252","status":1,"claimedTime":1678395635000},{"poolId":150,"poolName":"ADA/BUSD","assetRewards":"BUSD","claimAmount":"0.0007878","status":1,"claimedTime":1678319605000},{"poolId":150,"poolName":"ADA/BUSD","assetRewards":"ADA","claimAmount":"0.00220064","status":1,"claimedTime":1678319605000},{"poolId":150,"poolName":"ADA/BUSD","assetRewards":"BNB","claimAmount":"0.0000018","status":1,"claimedTime":1678319605000},{"poolId":150,"poolName":"ADA/BUSD","assetRewards":"BNB","claimAmount":"0.00000213","status":1,"claimedTime":1678265557000},{"poolId":150,"poolName":"ADA/BUSD","assetRewards":"BUSD","claimAmount":"0.00066193","status":1,"claimedTime":1678265557000},{"poolId":150,"poolName":"ADA/BUSD","assetRewards":"ADA","claimAmount":"0.00210916","status":1,"claimedTime":1678265557000},{"poolId":150,"poolName":"ADA/BUSD","assetRewards":"ADA","claimAmount":"0.00175902","status":1,"claimedTime":1678194816000},{"poolId":150,"poolName":"ADA/BUSD","assetRewards":"BUSD","claimAmount":"0.00040482","status":1,"claimedTime":1678194816000},{"poolId":150,"poolName":"ADA/BUSD","assetRewards":"BNB","claimAmount":"0.00000256","status":1,"claimedTime":1678194816000},{"poolId":150,"poolName":"ADA/BUSD","assetRewards":"BUSD","claimAmount":"0.00004085","status":1,"claimedTime":1678112411000},{"poolId":150,"poolName":"ADA/BUSD","assetRewards":"BNB","claimAmount":"0.00000022","status":1,"claimedTime":1678112411000},{"poolId":150,"poolName":"ADA/BUSD","assetRewards":"ADA","claimAmount":"0.00010194","status":1,"claimedTime":1678112411000},{"poolId":150,"poolName":"ADA/BUSD","assetRewards":"ADA","claimAmount":"0.00100607","status":1,"claimedTime":1678106873000},{"poolId":150,"poolName":"ADA/BUSD","assetRewards":"BUSD","claimAmount":"0.00029324","status":1,"claimedTime":1678106873000},{"poolId":150,"poolName":"ADA/BUSD","assetRewards":"BNB","claimAmount":"0.00000154","status":1,"claimedTime":1678106873000},{"poolId":150,"poolName":"ADA/BUSD","assetRewards":"BUSD","claimAmount":"0.00058404","status":1,"claimedTime":1678054482000},{"poolId":150,"poolName":"ADA/BUSD","assetRewards":"ADA","claimAmount":"0.00173267","status":1,"claimedTime":1678054482000},{"poolId":150,"poolName":"ADA/BUSD","assetRewards":"BNB","claimAmount":"0.00000286","status":1,"claimedTime":1678054482000},{"poolId":150,"poolName":"ADA/BUSD","assetRewards":"BUSD","claimAmount":"0.00045326","status":1,"claimedTime":1677964156000},{"poolId":150,"poolName":"ADA/BUSD","assetRewards":"BNB","claimAmount":"0.00000367","status":1,"claimedTime":1677964156000},{"poolId":150,"poolName":"ADA/BUSD","assetRewards":"ADA","claimAmount":"0.00142205","status":1,"claimedTime":1677964156000},{"poolId":150,"poolName":"ADA/BUSD","assetRewards":"BNB","claimAmount":"0.00000444","status":1,"claimedTime":1677842367000},{"poolId":150,"poolName":"ADA/BUSD","assetRewards":"BUSD","claimAmount":"0.00131843","status":1,"claimedTime":1677842367000},{"poolId":150,"poolName":"ADA/BUSD","assetRewards":"ADA","claimAmount":"0.00429249","status":1,"claimedTime":1677842367000},{"poolId":150,"poolName":"ADA/BUSD","assetRewards":"ADA","claimAmount":"0.0007192","status":1,"claimedTime":1677711164000},{"poolId":150,"poolName":"ADA/BUSD","assetRewards":"BNB","claimAmount":"0.0000012","status":1,"claimedTime":1677711164000},{"poolId":150,"poolName":"ADA/BUSD","assetRewards":"BUSD","claimAmount":"0.00019821","status":1,"claimedTime":1677711164000},{"poolId":150,"poolName":"ADA/BUSD","assetRewards":"BNB","claimAmount":"0.00000168","status":1,"claimedTime":1677673348000},{"poolId":150,"poolName":"ADA/BUSD","assetRewards":"ADA","claimAmount":"0.00065124","status":1,"claimedTime":1677673348000},{"poolId":150,"poolName":"ADA/BUSD","assetRewards":"BUSD","claimAmount":"0.00029459","status":1,"claimedTime":1677673348000},{"poolId":150,"poolName":"ADA/BUSD","assetRewards":"BNB","claimAmount":"0.00000132","status":1,"claimedTime":1677622556000},{"poolId":150,"poolName":"ADA/BUSD","assetRewards":"BUSD","claimAmount":"0.00029874","status":1,"claimedTime":1677622556000},{"poolId":150,"poolName":"ADA/BUSD","assetRewards":"ADA","claimAmount":"0.0009733","status":1,"claimedTime":1677622556000},{"poolId":150,"poolName":"ADA/BUSD","assetRewards":"ADA","claimAmount":"0.00242129","status":1,"claimedTime":1677582731000},{"poolId":150,"poolName":"ADA/BUSD","assetRewards":"BUSD","claimAmount":"0.00079876","status":1,"claimedTime":1677582731000},{"poolId":150,"poolName":"ADA/BUSD","assetRewards":"BNB","claimAmount":"0.00000468","status":1,"claimedTime":1677582731000},{"poolId":150,"poolName":"ADA/BUSD","assetRewards":"BUSD","claimAmount":"0.00062044","status":1,"claimedTime":1677444269000},{"poolId":150,"poolName":"ADA/BUSD","assetRewards":"BNB","claimAmount":"0.00000324","status":1,"claimedTime":1677444269000},{"poolId":150,"poolName":"ADA/BUSD","assetRewards":"ADA","claimAmount":"0.00168798","status":1,"claimedTime":1677444269000},{"poolId":150,"poolName":"ADA/BUSD","assetRewards":"BNB","claimAmount":"0.00000036","status":1,"claimedTime":1677347903000},{"poolId":150,"poolName":"ADA/BUSD","assetRewards":"BUSD","claimAmount":"0.00005523","status":1,"claimedTime":1677347903000},{"poolId":150,"poolName":"ADA/BUSD","assetRewards":"ADA","claimAmount":"0.00015557","status":1,"claimedTime":1677347903000},{"poolId":150,"poolName":"ADA/BUSD","assetRewards":"ADA","claimAmount":"0.00120262","status":1,"claimedTime":1677336099000},{"poolId":150,"poolName":"ADA/BUSD","assetRewards":"BNB","claimAmount":"0.00000216","status":1,"claimedTime":1677336099000},{"poolId":150,"poolName":"ADA/BUSD","assetRewards":"BUSD","claimAmount":"0.00039805","status":1,"claimedTime":1677336099000},{"poolId":150,"poolName":"ADA/BUSD","assetRewards":"BUSD","claimAmount":"0.00080225","status":1,"claimedTime":1677270448000},{"poolId":150,"poolName":"ADA/BUSD","assetRewards":"ADA","claimAmount":"0.00241323","status":1,"claimedTime":1677270448000},{"poolId":150,"poolName":"ADA/BUSD","assetRewards":"BNB","claimAmount":"0.00000276","status":1,"claimedTime":1677270448000},{"poolId":150,"poolName":"ADA/BUSD","assetRewards":"BNB","claimAmount":"0.00000264","status":1,"claimedTime":1677188596000},{"poolId":150,"poolName":"ADA/BUSD","assetRewards":"ADA","claimAmount":"0.00154269","status":1,"claimedTime":1677188596000},{"poolId":150,"poolName":"ADA/BUSD","assetRewards":"BUSD","claimAmount":"0.00056056","status":1,"claimedTime":1677188596000},{"poolId":150,"poolName":"ADA/BUSD","assetRewards":"BNB","claimAmount":"0.0000015","status":1,"claimedTime":1677108209000},{"poolId":150,"poolName":"ADA/BUSD","assetRewards":"ADA","claimAmount":"0.00131235","status":1,"claimedTime":1677108209000},{"poolId":150,"poolName":"ADA/BUSD","assetRewards":"BUSD","claimAmount":"0.00051468","status":1,"claimedTime":1677108209000},{"poolId":150,"poolName":"ADA/BUSD","assetRewards":"BUSD","claimAmount":"0.00146595","status":1,"claimedTime":1677062363000},{"poolId":150,"poolName":"ADA/BUSD","assetRewards":"BNB","claimAmount":"0.00000411","status":1,"claimedTime":1677062363000},{"poolId":150,"poolName":"ADA/BUSD","assetRewards":"ADA","claimAmount":"0.00398817","status":1,"claimedTime":1677062363000},{"poolId":150,"poolName":"ADA/BUSD","assetRewards":"BUSD","claimAmount":"0.00033991","status":1,"claimedTime":1676930328000},{"poolId":150,"poolName":"ADA/BUSD","assetRewards":"ADA","claimAmount":"0.00088281","status":1,"claimedTime":1676930328000},{"poolId":150,"poolName":"ADA/BUSD","assetRewards":"BNB","claimAmount":"0.0000013","status":1,"claimedTime":1676930328000},{"poolId":150,"poolName":"ADA/BUSD","assetRewards":"BUSD","claimAmount":"0.00048331","status":1,"claimedTime":1676890272000},{"poolId":150,"poolName":"ADA/BUSD","assetRewards":"ADA","claimAmount":"0.00119149","status":1,"claimedTime":1676890272000},{"poolId":150,"poolName":"ADA/BUSD","assetRewards":"BNB","claimAmount":"0.00000144","status":1,"claimedTime":1676890272000},{"poolId":150,"poolName":"ADA/BUSD","assetRewards":"ADA","claimAmount":"0.00218389","status":1,"claimedTime":1676845593000},{"poolId":150,"poolName":"ADA/BUSD","assetRewards":"BUSD","claimAmount":"0.00083759","status":1,"claimedTime":1676845593000},{"poolId":150,"poolName":"ADA/BUSD","assetRewards":"BNB","claimAmount":"0.00000266","status":1,"claimedTime":1676845593000},{"poolId":150,"poolName":"ADA/BUSD","assetRewards":"BNB","claimAmount":"0.00000345","status":1,"claimedTime":1676762014000},{"poolId":150,"poolName":"ADA/BUSD","assetRewards":"BUSD","claimAmount":"0.00114108","status":1,"claimedTime":1676762014000},{"poolId":150,"poolName":"ADA/BUSD","assetRewards":"ADA","claimAmount":"0.00278364","status":1,"claimedTime":1676762014000},{"poolId":150,"poolName":"ADA/BUSD","assetRewards":"BNB","claimAmount":"0.00000223","status":1,"claimedTime":1676660246000},{"poolId":150,"poolName":"ADA/BUSD","assetRewards":"BUSD","claimAmount":"0.00108747","status":1,"claimedTime":1676660246000},{"poolId":150,"poolName":"ADA/BUSD","assetRewards":"ADA","claimAmount":"0.00271321","status":1,"claimedTime":1676660246000},{"poolId":150,"poolName":"ADA/BUSD","assetRewards":"BUSD","claimAmount":"0.00149954","status":1,"claimedTime":1676586804000},{"poolId":150,"poolName":"ADA/BUSD","assetRewards":"BNB","claimAmount":"0.00000254","status":1,"claimedTime":1676586804000},{"poolId":150,"poolName":"ADA/BUSD","assetRewards":"ADA","claimAmount":"0.00388648","status":1,"claimedTime":1676586804000},{"poolId":150,"poolName":"ADA/BUSD","assetRewards":"ADA","claimAmount":"0.00237486","status":1,"claimedTime":1676503580000},{"poolId":150,"poolName":"ADA/BUSD","assetRewards":"BNB","claimAmount":"0.00000286","status":1,"claimedTime":1676503580000},{"poolId":150,"poolName":"ADA/BUSD","assetRewards":"BUSD","claimAmount":"0.00099093","status":1,"claimedTime":1676503580000},{"poolId":150,"poolName":"ADA/BUSD","assetRewards":"ADA","claimAmount":"0.00242073","status":1,"claimedTime":1676409350000},{"poolId":150,"poolName":"ADA/BUSD","assetRewards":"BNB","claimAmount":"0.00000132","status":1,"claimedTime":1676409350000},{"poolId":150,"poolName":"ADA/BUSD","assetRewards":"BUSD","claimAmount":"0.00104139","status":1,"claimedTime":1676409350000},{"poolId":150,"poolName":"ADA/BUSD","assetRewards":"BUSD","claimAmount":"0.00015174","status":1,"claimedTime":1676368488000},{"poolId":150,"poolName":"ADA/BUSD","assetRewards":"ADA","claimAmount":"0.00047255","status":1,"claimedTime":1676368488000},{"poolId":150,"poolName":"ADA/BUSD","assetRewards":"BNB","claimAmount":"0.0000011","status":1,"claimedTime":1676368488000},{"poolId":150,"poolName":"ADA/BUSD","assetRewards":"BNB","claimAmount":"0.00000132","status":1,"claimedTime":1676330935000},{"poolId":150,"poolName":"ADA/BUSD","assetRewards":"BUSD","claimAmount":"0.00051534","status":1,"claimedTime":1676330935000},{"poolId":150,"poolName":"ADA/BUSD","assetRewards":"ADA","claimAmount":"0.00136377","status":1,"claimedTime":1676330935000},{"poolId":150,"poolName":"ADA/BUSD","assetRewards":"BNB","claimAmount":"0.00000143","status":1,"claimedTime":1676289186000},{"poolId":150,"poolName":"ADA/BUSD","assetRewards":"ADA","claimAmount":"0.00217592","status":1,"claimedTime":1676289186000},{"poolId":150,"poolName":"ADA/BUSD","assetRewards":"BUSD","claimAmount":"0.00071754","status":1,"claimedTime":1676289186000},{"poolId":150,"poolName":"ADA/BUSD","assetRewards":"BNB","claimAmount":"0.00000099","status":1,"claimedTime":1676240410000},{"poolId":150,"poolName":"ADA/BUSD","assetRewards":"BUSD","claimAmount":"0.00024729","status":1,"claimedTime":1676240410000},{"poolId":150,"poolName":"ADA/BUSD","assetRewards":"ADA","claimAmount":"0.00074311","status":1,"claimedTime":1676240410000},{"poolId":150,"poolName":"ADA/BUSD","assetRewards":"ADA","claimAmount":"0.00065727","status":1,"claimedTime":1676210483000},{"poolId":150,"poolName":"ADA/BUSD","assetRewards":"ADA","claimAmount":"0.00065727","status":1,"claimedTime":1676210483000},{"poolId":150,"poolName":"ADA/BUSD","assetRewards":"BNB","claimAmount":"0.00000154","status":1,"claimedTime":1676210483000},{"poolId":150,"poolName":"ADA/BUSD","assetRewards":"BUSD","claimAmount":"0.00020801","status":1,"claimedTime":1676210483000},{"poolId":150,"poolName":"ADA/BUSD","assetRewards":"ADA","claimAmount":"0.00046589","status":1,"claimedTime":1676157114000},{"poolId":150,"poolName":"ADA/BUSD","assetRewards":"BUSD","claimAmount":"0.00019303","status":1,"claimedTime":1676157114000},{"poolId":150,"poolName":"ADA/BUSD","assetRewards":"BNB","claimAmount":"0.00000121","status":1,"claimedTime":1676157114000},{"poolId":150,"poolName":"ADA/BUSD","assetRewards":"BNB","claimAmount":"0.00000022","status":1,"claimedTime":1676117936000},{"poolId":150,"poolName":"ADA/BUSD","assetRewards":"BUSD","claimAmount":"0.00001974","status":1,"claimedTime":1676117936000},{"poolId":150,"poolName":"ADA/BUSD","assetRewards":"ADA","claimAmount":"0.00006325","status":1,"claimedTime":1676117936000},{"poolId":150,"poolName":"ADA/BUSD","assetRewards":"BUSD","claimAmount":"0.00019638","status":1,"claimedTime":1676112178000},{"poolId":150,"poolName":"ADA/BUSD","assetRewards":"BNB","claimAmount":"0.0000011","status":1,"claimedTime":1676112178000},{"poolId":150,"poolName":"ADA/BUSD","assetRewards":"ADA","claimAmount":"0.00054668","status":1,"claimedTime":1676112178000},{"poolId":150,"poolName":"ADA/BUSD","assetRewards":"BNB","claimAmount":"0.0000033","status":1,"claimedTime":1676075602000},{"poolId":150,"poolName":"ADA/BUSD","assetRewards":"ADA","claimAmount":"0.00584543","status":1,"claimedTime":1676075602000},{"poolId":150,"poolName":"ADA/BUSD","assetRewards":"BUSD","claimAmount":"0.00193851","status":1,"claimedTime":1676075602000},{"poolId":150,"poolName":"ADA/BUSD","assetRewards":"BNB","claimAmount":"0.0000011","status":1,"claimedTime":1675969284000},{"poolId":150,"poolName":"ADA/BUSD","assetRewards":"ADA","claimAmount":"0.00147308","status":1,"claimedTime":1675969284000},{"poolId":150,"poolName":"ADA/BUSD","assetRewards":"BUSD","claimAmount":"0.00052078","status":1,"claimedTime":1675969284000},{"poolId":150,"poolName":"ADA/BUSD","assetRewards":"BNB","claimAmount":"0.0000011","status":1,"claimedTime":1675932229000},{"poolId":150,"poolName":"ADA/BUSD","assetRewards":"BUSD","claimAmount":"0.00046163","status":1,"claimedTime":1675932229000},{"poolId":150,"poolName":"ADA/BUSD","assetRewards":"ADA","claimAmount":"0.00132139","status":1,"claimedTime":1675932229000},{"poolId":150,"poolName":"ADA/BUSD","assetRewards":"BUSD","claimAmount":"0.00040967","status":1,"claimedTime":1675895226000},{"poolId":150,"poolName":"ADA/BUSD","assetRewards":"BNB","claimAmount":"0.00000077","status":1,"claimedTime":1675895226000},{"poolId":150,"poolName":"ADA/BUSD","assetRewards":"ADA","claimAmount":"0.00121317","status":1,"claimedTime":1675895226000},{"poolId":150,"poolName":"ADA/BUSD","assetRewards":"BNB","claimAmount":"0.00000011","status":1,"claimedTime":1675869453000},{"poolId":150,"poolName":"ADA/BUSD","assetRewards":"ADA","claimAmount":"0.00095308","status":1,"claimedTime":1675868491000},{"poolId":150,"poolName":"ADA/BUSD","assetRewards":"BNB","claimAmount":"0.00000165","status":1,"claimedTime":1675868491000},{"poolId":150,"poolName":"ADA/BUSD","assetRewards":"BUSD","claimAmount":"0.00035994","status":1,"claimedTime":1675868491000},{"poolId":150,"poolName":"ADA/BUSD","assetRewards":"BNB","claimAmount":"0.00000099","status":1,"claimedTime":1675813857000},{"poolId":150,"poolName":"ADA/BUSD","assetRewards":"BUSD","claimAmount":"0.00057585","status":1,"claimedTime":1675813857000},{"poolId":150,"poolName":"ADA/BUSD","assetRewards":"ADA","claimAmount":"0.00235773","status":1,"claimedTime":1675813857000},{"poolId":150,"poolName":"ADA/BUSD","assetRewards":"BNB","claimAmount":"0.00000187","status":1,"claimedTime":1675782460000},{"poolId":150,"poolName":"ADA/BUSD","assetRewards":"ADA","claimAmount":"0.00126977","status":1,"claimedTime":1675782460000},{"poolId":150,"poolName":"ADA/BUSD","assetRewards":"BUSD","claimAmount":"0.00045499","status":1,"claimedTime":1675782460000},{"poolId":150,"poolName":"ADA/BUSD","assetRewards":"ADA","claimAmount":"0.00238835","status":1,"claimedTime":1675721101000},{"poolId":150,"poolName":"ADA/BUSD","assetRewards":"BNB","claimAmount":"0.00000253","status":1,"claimedTime":1675721101000},{"poolId":150,"poolName":"ADA/BUSD","assetRewards":"BUSD","claimAmount":"0.000876","status":1,"claimedTime":1675721101000},{"poolId":150,"poolName":"ADA/BUSD","assetRewards":"ADA","claimAmount":"0.0019611","status":1,"claimedTime":1675635994000},{"poolId":150,"poolName":"ADA/BUSD","assetRewards":"BUSD","claimAmount":"0.00067312","status":1,"claimedTime":1675635994000},{"poolId":150,"poolName":"ADA/BUSD","assetRewards":"BNB","claimAmount":"0.00000121","status":1,"claimedTime":1675635994000},{"poolId":150,"poolName":"ADA/BUSD","assetRewards":"ADA","claimAmount":"0.00071859","status":1,"claimedTime":1675596697000},{"poolId":150,"poolName":"ADA/BUSD","assetRewards":"BUSD","claimAmount":"0.00028268","status":1,"claimedTime":1675596697000},{"poolId":150,"poolName":"ADA/BUSD","assetRewards":"BNB","claimAmount":"0.00000132","status":1,"claimedTime":1675596697000},{"poolId":150,"poolName":"ADA/BUSD","assetRewards":"BUSD","claimAmount":"0.00114403","status":1,"claimedTime":1675552856000},{"poolId":150,"poolName":"ADA/BUSD","assetRewards":"BNB","claimAmount":"0.00000385","status":1,"claimedTime":1675552856000},{"poolId":150,"poolName":"ADA/BUSD","assetRewards":"ADA","claimAmount":"0.00308327","status":1,"claimedTime":1675552856000},{"poolId":150,"poolName":"ADA/BUSD","assetRewards":"BNB","claimAmount":"0.00000143","status":1,"claimedTime":1675429414000},{"poolId":150,"poolName":"ADA/BUSD","assetRewards":"BUSD","claimAmount":"0.00051249","status":1,"claimedTime":1675429414000},{"poolId":150,"poolName":"ADA/BUSD","assetRewards":"ADA","claimAmount":"0.00129101","status":1,"claimedTime":1675429414000},{"poolId":150,"poolName":"ADA/BUSD","assetRewards":"BNB","claimAmount":"0.00000099","status":1,"claimedTime":1675380625000},{"poolId":150,"poolName":"ADA/BUSD","assetRewards":"ADA","claimAmount":"0.00218772","status":1,"claimedTime":1675380625000},{"poolId":150,"poolName":"ADA/BUSD","assetRewards":"BUSD","claimAmount":"0.00080774","status":1,"claimedTime":1675380625000},{"poolId":150,"poolName":"ADA/BUSD","assetRewards":"BNB","claimAmount":"0.00000022","status":1,"claimedTime":1675347928000},{"poolId":150,"poolName":"ADA/BUSD","assetRewards":"BUSD","claimAmount":"0.00008474","status":1,"claimedTime":1675347928000},{"poolId":150,"poolName":"ADA/BUSD","assetRewards":"ADA","claimAmount":"0.0002474","status":1,"claimedTime":1675347928000},{"poolId":150,"poolName":"ADA/BUSD","assetRewards":"ADA","claimAmount":"0.0023086","status":1,"claimedTime":1675341501000},{"poolId":150,"poolName":"ADA/BUSD","assetRewards":"BUSD","claimAmount":"0.00095895","status":1,"claimedTime":1675341501000},{"poolId":150,"poolName":"ADA/BUSD","assetRewards":"BNB","claimAmount":"0.00000154","status":1,"claimedTime":1675341501000},{"poolId":150,"poolName":"ADA/BUSD","assetRewards":"BNB","claimAmount":"0.00000055","status":1,"claimedTime":1675293138000},{"poolId":150,"poolName":"ADA/BUSD","assetRewards":"ADA","claimAmount":"0.00210906","status":1,"claimedTime":1675293138000},{"poolId":150,"poolName":"ADA/BUSD","assetRewards":"BUSD","claimAmount":"0.00094791","status":1,"claimedTime":1675293138000},{"poolId":150,"poolName":"ADA/BUSD","assetRewards":"BNB","claimAmount":"0.00000198","status":1,"claimedTime":1675272822000},{"poolId":150,"poolName":"ADA/BUSD","assetRewards":"ADA","claimAmount":"0.00200906","status":1,"claimedTime":1675272822000},{"poolId":150,"poolName":"ADA/BUSD","assetRewards":"BUSD","claimAmount":"0.00067278","status":1,"claimedTime":1675272822000},{"poolId":150,"poolName":"ADA/BUSD","assetRewards":"BUSD","claimAmount":"0.00077894","status":1,"claimedTime":1675210275000},{"poolId":150,"poolName":"ADA/BUSD","assetRewards":"BNB","claimAmount":"0.00000121","status":1,"claimedTime":1675210275000},{"poolId":150,"poolName":"ADA/BUSD","assetRewards":"ADA","claimAmount":"0.00194874","status":1,"claimedTime":1675210275000},{"poolId":150,"poolName":"ADA/BUSD","assetRewards":"ADA","claimAmount":"0.00078698","status":1,"claimedTime":1675169065000},{"poolId":150,"poolName":"ADA/BUSD","assetRewards":"BUSD","claimAmount":"0.00027636","status":1,"claimedTime":1675169065000},{"poolId":150,"poolName":"ADA/BUSD","assetRewards":"BNB","claimAmount":"0.00000143","status":1,"claimedTime":1675169065000},{"poolId":150,"poolName":"ADA/BUSD","assetRewards":"BUSD","claimAmount":"0.00066547","status":1,"claimedTime":1675123942000},{"poolId":150,"poolName":"ADA/BUSD","assetRewards":"BNB","claimAmount":"0.00000154","status":1,"claimedTime":1675123942000},{"poolId":150,"poolName":"ADA/BUSD","assetRewards":"ADA","claimAmount":"0.00212638","status":1,"claimedTime":1675123942000},{"poolId":150,"poolName":"ADA/BUSD","assetRewards":"BNB","claimAmount":"0.0000011","status":1,"claimedTime":1675072701000},{"poolId":150,"poolName":"ADA/BUSD","assetRewards":"BUSD","claimAmount":"0.00022721","status":1,"claimedTime":1675072701000},{"poolId":150,"poolName":"ADA/BUSD","assetRewards":"ADA","claimAmount":"0.00077969","status":1,"claimedTime":1675072701000},{"poolId":150,"poolName":"ADA/BUSD","assetRewards":"ADA","claimAmount":"0.00082937","status":1,"claimedTime":1675035476000},{"poolId":150,"poolName":"ADA/BUSD","assetRewards":"BUSD","claimAmount":"0.00033237","status":1,"claimedTime":1675035476000},{"poolId":150,"poolName":"ADA/BUSD","assetRewards":"BNB","claimAmount":"0.00000121","status":1,"claimedTime":1675035476000},{"poolId":150,"poolName":"ADA/BUSD","assetRewards":"ADA","claimAmount":"0.00009234","status":1,"claimedTime":1674996525000},{"poolId":150,"poolName":"ADA/BUSD","assetRewards":"BNB","claimAmount":"0.00000011","status":1,"claimedTime":1674996525000},{"poolId":150,"poolName":"ADA/BUSD","assetRewards":"BUSD","claimAmount":"0.00004048","status":1,"claimedTime":1674996525000},{"poolId":150,"poolName":"ADA/BUSD","assetRewards":"ADA","claimAmount":"0.00082473","status":1,"claimedTime":1674993586000},{"poolId":150,"poolName":"ADA/BUSD","assetRewards":"BNB","claimAmount":"0.00000143","status":1,"claimedTime":1674993586000},{"poolId":150,"poolName":"ADA/BUSD","assetRewards":"BUSD","claimAmount":"0.00032557","status":1,"claimedTime":1674993586000},{"poolId":150,"poolName":"ADA/BUSD","assetRewards":"BNB","claimAmount":"0.00000253","status":1,"claimedTime":1674947475000},{"poolId":150,"poolName":"ADA/BUSD","assetRewards":"BUSD","claimAmount":"0.00091033","status":1,"claimedTime":1674947475000},{"poolId":150,"poolName":"ADA/BUSD","assetRewards":"ADA","claimAmount":"0.00255806","status":1,"claimedTime":1674947475000},{"poolId":150,"poolName":"ADA/BUSD","assetRewards":"BNB","claimAmount":"0.00000066","status":1,"claimedTime":1674862185000},{"poolId":150,"poolName":"ADA/BUSD","assetRewards":"ADA","claimAmount":"0.00064347","status":1,"claimedTime":1674862185000},{"poolId":150,"poolName":"ADA/BUSD","assetRewards":"BUSD","claimAmount":"0.00026304","status":1,"claimedTime":1674862185000},{"poolId":150,"poolName":"ADA/BUSD","assetRewards":"ADA","claimAmount":"0.00004977","status":1,"claimedTime":1674841597000},{"poolId":150,"poolName":"ADA/BUSD","assetRewards":"BNB","claimAmount":"0.00000011","status":1,"claimedTime":1674841597000},{"poolId":150,"poolName":"ADA/BUSD","assetRewards":"BUSD","claimAmount":"0.00003274","status":1,"claimedTime":1674841597000},{"poolId":150,"poolName":"ADA/BUSD","assetRewards":"BUSD","claimAmount":"0.00049751","status":1,"claimedTime":1674839029000},{"poolId":150,"poolName":"ADA/BUSD","assetRewards":"BNB","claimAmount":"0.00000187","status":1,"claimedTime":1674839029000},{"poolId":150,"poolName":"ADA/BUSD","assetRewards":"ADA","claimAmount":"0.00143743","status":1,"claimedTime":1674839029000},{"poolId":150,"poolName":"ADA/BUSD","assetRewards":"BNB","claimAmount":"0.00000264","status":1,"claimedTime":1674775177000},{"poolId":150,"poolName":"ADA/BUSD","assetRewards":"BUSD","claimAmount":"0.00128024","status":1,"claimedTime":1674775177000},{"poolId":150,"poolName":"ADA/BUSD","assetRewards":"ADA","claimAmount":"0.00340813","status":1,"claimedTime":1674775177000},{"poolId":150,"poolName":"ADA/BUSD","assetRewards":"BNB","claimAmount":"0.00000264","status":1,"claimedTime":1674775177000},{"poolId":150,"poolName":"ADA/BUSD","assetRewards":"BUSD","claimAmount":"0.00128024","status":1,"claimedTime":1674775177000},{"poolId":150,"poolName":"ADA/BUSD","assetRewards":"ADA","claimAmount":"0.00340813","status":1,"claimedTime":1674775177000},{"poolId":150,"poolName":"ADA/BUSD","assetRewards":"ADA","claimAmount":"0.00504318","status":1,"claimedTime":1674689016000},{"poolId":150,"poolName":"ADA/BUSD","assetRewards":"BNB","claimAmount":"0.00000297","status":1,"claimedTime":1674689016000},{"poolId":150,"poolName":"ADA/BUSD","assetRewards":"BUSD","claimAmount":"0.00172079","status":1,"claimedTime":1674689016000},{"poolId":150,"poolName":"ADA/BUSD","assetRewards":"ADA","claimAmount":"0.00210531","status":1,"claimedTime":1674593482000},{"poolId":150,"poolName":"ADA/BUSD","assetRewards":"BNB","claimAmount":"0.00000242","status":1,"claimedTime":1674593482000},{"poolId":150,"poolName":"ADA/BUSD","assetRewards":"BUSD","claimAmount":"0.00076387","status":1,"claimedTime":1674593482000},{"poolId":150,"poolName":"ADA/BUSD","assetRewards":"ADA","claimAmount":"0.00484173","status":1,"claimedTime":1674513493000},{"poolId":150,"poolName":"ADA/BUSD","assetRewards":"BNB","claimAmount":"0.00000275","status":1,"claimedTime":1674513493000},{"poolId":150,"poolName":"ADA/BUSD","assetRewards":"BUSD","claimAmount":"0.00174809","status":1,"claimedTime":1674513493000},{"poolId":150,"poolName":"ADA/BUSD","assetRewards":"BNB","claimAmount":"0.00000194","status":1,"claimedTime":1674424933000},{"poolId":150,"poolName":"ADA/BUSD","assetRewards":"ADA","claimAmount":"0.00455141","status":1,"claimedTime":1674424933000},{"poolId":150,"poolName":"ADA/BUSD","assetRewards":"BUSD","claimAmount":"0.00170946","status":1,"claimedTime":1674424933000},{"poolId":150,"poolName":"ADA/BUSD","assetRewards":"ADA","claimAmount":"0.00356942","status":1,"claimedTime":1674356596000},{"poolId":150,"poolName":"ADA/BUSD","assetRewards":"BNB","claimAmount":"0.00000165","status":1,"claimedTime":1674356596000},{"poolId":150,"poolName":"ADA/BUSD","assetRewards":"BUSD","claimAmount":"0.0013269","status":1,"claimedTime":1674356596000},{"poolId":150,"poolName":"ADA/BUSD","assetRewards":"BNB","claimAmount":"0.0000014","status":1,"claimedTime":1674301343000},{"poolId":150,"poolName":"ADA/BUSD","assetRewards":"BUSD","claimAmount":"0.00113077","status":1,"claimedTime":1674301343000},{"poolId":150,"poolName":"ADA/BUSD","assetRewards":"ADA","claimAmount":"0.00326537","status":1,"claimedTime":1674301343000},{"poolId":150,"poolName":"ADA/BUSD","assetRewards":"BNB","claimAmount":"0.00000264","status":1,"claimedTime":1674253578000},{"poolId":150,"poolName":"ADA/BUSD","assetRewards":"BUSD","claimAmount":"0.00089865","status":1,"claimedTime":1674253578000},{"poolId":150,"poolName":"ADA/BUSD","assetRewards":"ADA","claimAmount":"0.00228292","status":1,"claimedTime":1674253578000},{"poolId":150,"poolName":"ADA/BUSD","assetRewards":"BNB","claimAmount":"0.00000275","status":1,"claimedTime":1674167427000},{"poolId":150,"poolName":"ADA/BUSD","assetRewards":"BUSD","claimAmount":"0.00092475","status":1,"claimedTime":1674167427000},{"poolId":150,"poolName":"ADA/BUSD","assetRewards":"ADA","claimAmount":"0.00284884","status":1,"claimedTime":1674167427000},{"poolId":150,"poolName":"ADA/BUSD","assetRewards":"ADA","claimAmount":"0.00430088","status":1,"claimedTime":1674079454000},{"poolId":150,"poolName":"ADA/BUSD","assetRewards":"BNB","claimAmount":"0.00000143","status":1,"claimedTime":1674079454000},{"poolId":150,"poolName":"ADA/BUSD","assetRewards":"BUSD","claimAmount":"0.0013368","status":1,"claimedTime":1674079454000},{"poolId":150,"poolName":"ADA/BUSD","assetRewards":"BNB","claimAmount":"0.00000121","status":1,"claimedTime":1674030514000},{"poolId":150,"poolName":"ADA/BUSD","assetRewards":"BUSD","claimAmount":"0.00030095","status":1,"claimedTime":1674030514000},{"poolId":150,"poolName":"ADA/BUSD","assetRewards":"ADA","claimAmount":"0.00101598","status":1,"claimedTime":1674030514000},{"poolId":150,"poolName":"ADA/BUSD","assetRewards":"BUSD","claimAmount":"0.00079489","status":1,"claimedTime":1673992948000},{"poolId":150,"poolName":"ADA/BUSD","assetRewards":"ADA","claimAmount":"0.00242131","status":1,"claimedTime":1673992948000},{"poolId":150,"poolName":"ADA/BUSD","assetRewards":"BNB","claimAmount":"0.00000253","status":1,"claimedTime":1673992948000},{"poolId":150,"poolName":"ADA/BUSD","assetRewards":"BUSD","claimAmount":"0.00059183","status":1,"claimedTime":1673907430000},{"poolId":150,"poolName":"ADA/BUSD","assetRewards":"BNB","claimAmount":"0.0000011","status":1,"claimedTime":1673907430000},{"poolId":150,"poolName":"ADA/BUSD","assetRewards":"ADA","claimAmount":"0.00175039","status":1,"claimedTime":1673907430000},{"poolId":150,"poolName":"ADA/BUSD","assetRewards":"BNB","claimAmount":"0.00000022","status":1,"claimedTime":1673873865000},{"poolId":150,"poolName":"ADA/BUSD","assetRewards":"BUSD","claimAmount":"0.00009622","status":1,"claimedTime":1673873865000},{"poolId":150,"poolName":"ADA/BUSD","assetRewards":"ADA","claimAmount":"0.0002579","status":1,"claimedTime":1673873865000},{"poolId":150,"poolName":"ADA/BUSD","assetRewards":"BNB","claimAmount":"0.00000121","status":1,"claimedTime":1673864184000},{"poolId":150,"poolName":"ADA/BUSD","assetRewards":"ADA","claimAmount":"0.00225608","status":1,"claimedTime":1673864184000},{"poolId":150,"poolName":"ADA/BUSD","assetRewards":"BUSD","claimAmount":"0.0007201","status":1,"claimedTime":1673864184000},{"poolId":150,"poolName":"ADA/BUSD","assetRewards":"BUSD","claimAmount":"0.00057753","status":1,"claimedTime":1673827144000},{"poolId":150,"poolName":"ADA/BUSD","assetRewards":"ADA","claimAmount":"0.00156613","status":1,"claimedTime":1673827144000},{"poolId":150,"poolName":"ADA/BUSD","assetRewards":"BNB","claimAmount":"0.00000143","status":1,"claimedTime":1673827144000},{"poolId":150,"poolName":"ADA/BUSD","assetRewards":"BUSD","claimAmount":"0.00086623","status":1,"claimedTime":1673780978000},{"poolId":150,"poolName":"ADA/BUSD","assetRewards":"ADA","claimAmount":"0.00277905","status":1,"claimedTime":1673780978000},{"poolId":150,"poolName":"ADA/BUSD","assetRewards":"BNB","claimAmount":"0.00000198","status":1,"claimedTime":1673780978000},{"poolId":150,"poolName":"ADA/BUSD","assetRewards":"BUSD","claimAmount":"0.00166555","status":1,"claimedTime":1673715147000},{"poolId":150,"poolName":"ADA/BUSD","assetRewards":"ADA","claimAmount":"0.00507315","status":1,"claimedTime":1673715147000},{"poolId":150,"poolName":"ADA/BUSD","assetRewards":"BNB","claimAmount":"0.00000088","status":1,"claimedTime":1673715147000},{"poolId":150,"poolName":"ADA/BUSD","assetRewards":"BNB","claimAmount":"0.00000121","status":1,"claimedTime":1673686849000},{"poolId":150,"poolName":"ADA/BUSD","assetRewards":"BUSD","claimAmount":"0.00183019","status":1,"claimedTime":1673686849000},{"poolId":150,"poolName":"ADA/BUSD","assetRewards":"ADA","claimAmount":"0.00490181","status":1,"claimedTime":1673686849000},{"poolId":150,"poolName":"ADA/BUSD","assetRewards":"ADA","claimAmount":"0.0009834","status":1,"claimedTime":1673648003000},{"poolId":150,"poolName":"ADA/BUSD","assetRewards":"BUSD","claimAmount":"0.0003512","status":1,"claimedTime":1673648003000},{"poolId":150,"poolName":"ADA/BUSD","assetRewards":"BNB","claimAmount":"0.0000011","status":1,"claimedTime":1673648003000},{"poolId":150,"poolName":"ADA/BUSD","assetRewards":"ADA","claimAmount":"0.00092174","status":1,"claimedTime":1673609281000},{"poolId":150,"poolName":"ADA/BUSD","assetRewards":"BNB","claimAmount":"0.00000132","status":1,"claimedTime":1673609281000},{"poolId":150,"poolName":"ADA/BUSD","assetRewards":"BUSD","claimAmount":"0.00029537","status":1,"claimedTime":1673609281000},{"poolId":150,"poolName":"ADA/BUSD","assetRewards":"BUSD","claimAmount":"0.00010967","status":1,"claimedTime":1673565669000},{"poolId":150,"poolName":"ADA/BUSD","assetRewards":"ADA","claimAmount":"0.00041405","status":1,"claimedTime":1673565669000},{"poolId":150,"poolName":"ADA/BUSD","assetRewards":"BNB","claimAmount":"0.00000033","status":1,"claimedTime":1673565669000},{"poolId":150,"poolName":"ADA/BUSD","assetRewards":"BUSD","claimAmount":"0.00163061","status":1,"claimedTime":1673556789000},{"poolId":150,"poolName":"ADA/BUSD","assetRewards":"ADA","claimAmount":"0.0048717","status":1,"claimedTime":1673556789000},{"poolId":150,"poolName":"ADA/BUSD","assetRewards":"BNB","claimAmount":"0.00000253","status":1,"claimedTime":1673556789000},{"poolId":150,"poolName":"ADA/BUSD","assetRewards":"BNB","claimAmount":"0.00000099","status":1,"claimedTime":1673472180000},{"poolId":150,"poolName":"ADA/BUSD","assetRewards":"BUSD","claimAmount":"0.00033401","status":1,"claimedTime":1673472180000},{"poolId":150,"poolName":"ADA/BUSD","assetRewards":"ADA","claimAmount":"0.00107756","status":1,"claimedTime":1673472180000},{"poolId":150,"poolName":"ADA/BUSD","assetRewards":"BUSD","claimAmount":"0.00002568","status":1,"claimedTime":1673441832000},{"poolId":150,"poolName":"ADA/BUSD","assetRewards":"ADA","claimAmount":"0.00009211","status":1,"claimedTime":1673441832000},{"poolId":150,"poolName":"ADA/BUSD","assetRewards":"BNB","claimAmount":"0.00000022","status":1,"claimedTime":1673441832000},{"poolId":150,"poolName":"ADA/BUSD","assetRewards":"BNB","claimAmount":"0.00000143","status":1,"claimedTime":1673434245000},{"poolId":150,"poolName":"ADA/BUSD","assetRewards":"BUSD","claimAmount":"0.00027683","status":1,"claimedTime":1673434245000},{"poolId":150,"poolName":"ADA/BUSD","assetRewards":"ADA","claimAmount":"0.00110736","status":1,"claimedTime":1673434245000},{"poolId":150,"poolName":"ADA/BUSD","assetRewards":"BUSD","claimAmount":"0.0008789","status":1,"claimedTime":1673388429000},{"poolId":150,"poolName":"ADA/BUSD","assetRewards":"ADA","claimAmount":"0.00289868","status":1,"claimedTime":1673388429000},{"poolId":150,"poolName":"ADA/BUSD","assetRewards":"BNB","claimAmount":"0.00000242","status":1,"claimedTime":1673388429000},{"poolId":150,"poolName":"ADA/BUSD","assetRewards":"ADA","claimAmount":"0.00010896","status":1,"claimedTime":1673309313000},{"poolId":150,"poolName":"ADA/BUSD","assetRewards":"BUSD","claimAmount":"0.00004775","status":1,"claimedTime":1673309313000},{"poolId":150,"poolName":"ADA/BUSD","assetRewards":"BNB","claimAmount":"0.00000011","status":1,"claimedTime":1673309313000},{"poolId":150,"poolName":"ADA/BUSD","assetRewards":"BNB","claimAmount":"0.00000066","status":1,"claimedTime":1673304723000},{"poolId":150,"poolName":"ADA/BUSD","assetRewards":"BUSD","claimAmount":"0.00044408","status":1,"claimedTime":1673304723000},{"poolId":150,"poolName":"ADA/BUSD","assetRewards":"ADA","claimAmount":"0.00161539","status":1,"claimedTime":1673304723000},{"poolId":150,"poolName":"ADA/BUSD","assetRewards":"BNB","claimAmount":"0.00000228","status":1,"claimedTime":1673284418000},{"poolId":150,"poolName":"ADA/BUSD","assetRewards":"BUSD","claimAmount":"0.00297846","status":1,"claimedTime":1673284418000},{"poolId":150,"poolName":"ADA/BUSD","assetRewards":"ADA","claimAmount":"0.00865475","status":1,"claimedTime":1673284418000},{"poolId":150,"poolName":"ADA/BUSD","assetRewards":"ADA","claimAmount":"0.00275474","status":1,"claimedTime":1673218598000},{"poolId":150,"poolName":"ADA/BUSD","assetRewards":"BNB","claimAmount":"0.00000325","status":1,"claimedTime":1673218598000},{"poolId":150,"poolName":"ADA/BUSD","assetRewards":"BUSD","claimAmount":"0.00088776","status":1,"claimedTime":1673218598000},{"poolId":150,"poolName":"ADA/BUSD","assetRewards":"BNB","claimAmount":"0.00000091","status":1,"claimedTime":1673129629000},{"poolId":150,"poolName":"ADA/BUSD","assetRewards":"BUSD","claimAmount":"0.00006819","status":1,"claimedTime":1673129629000},{"poolId":150,"poolName":"ADA/BUSD","assetRewards":"ADA","claimAmount":"0.00020556","status":1,"claimedTime":1673129629000},{"poolId":150,"poolName":"ADA/BUSD","assetRewards":"ADA","claimAmount":"0.00230884","status":1,"claimedTime":1673102213000},{"poolId":150,"poolName":"ADA/BUSD","assetRewards":"BUSD","claimAmount":"0.00062682","status":1,"claimedTime":1673102213000},{"poolId":150,"poolName":"ADA/BUSD","assetRewards":"BNB","claimAmount":"0.00000325","status":1,"claimedTime":1673102213000},{"poolId":150,"poolName":"ADA/BUSD","assetRewards":"BNB","claimAmount":"0.00000494","status":1,"claimedTime":1673011595000},{"poolId":150,"poolName":"ADA/BUSD","assetRewards":"BNB","claimAmount":"0.00000494","status":1,"claimedTime":1673011595000},{"poolId":150,"poolName":"ADA/BUSD","assetRewards":"ADA","claimAmount":"0.0030674","status":1,"claimedTime":1673011595000},{"poolId":150,"poolName":"ADA/BUSD","assetRewards":"BUSD","claimAmount":"0.00081869","status":1,"claimedTime":1673011595000},{"poolId":150,"poolName":"ADA/BUSD","assetRewards":"BUSD","claimAmount":"0.00072916","status":1,"claimedTime":1672874654000},{"poolId":150,"poolName":"ADA/BUSD","assetRewards":"BNB","claimAmount":"0.00000364","status":1,"claimedTime":1672874654000},{"poolId":150,"poolName":"ADA/BUSD","assetRewards":"ADA","claimAmount":"0.00250733","status":1,"claimedTime":1672874654000},{"poolId":150,"poolName":"ADA/BUSD","assetRewards":"ADA","claimAmount":"0.00113846","status":1,"claimedTime":1672776322000},{"poolId":150,"poolName":"ADA/BUSD","assetRewards":"BNB","claimAmount":"0.0000026","status":1,"claimedTime":1672776322000},{"poolId":150,"poolName":"ADA/BUSD","assetRewards":"BUSD","claimAmount":"0.00021708","status":1,"claimedTime":1672776322000},{"poolId":150,"poolName":"ADA/BUSD","assetRewards":"ADA","claimAmount":"0.00141785","status":1,"claimedTime":1672701203000},{"poolId":150,"poolName":"ADA/BUSD","assetRewards":"BUSD","claimAmount":"0.00039559","status":1,"claimedTime":1672701203000},{"poolId":150,"poolName":"ADA/BUSD","assetRewards":"BNB","claimAmount":"0.00000351","status":1,"claimedTime":1672701203000},{"poolId":150,"poolName":"ADA/BUSD","assetRewards":"BNB","claimAmount":"0.00000286","status":1,"claimedTime":1672606409000},{"poolId":150,"poolName":"ADA/BUSD","assetRewards":"BUSD","claimAmount":"0.00013554","status":1,"claimedTime":1672606409000},{"poolId":150,"poolName":"ADA/BUSD","assetRewards":"ADA","claimAmount":"0.00063131","status":1,"claimedTime":1672606409000},{"poolId":150,"poolName":"ADA/BUSD","assetRewards":"BUSD","claimAmount":"0.00010546","status":1,"claimedTime":1672526332000},{"poolId":150,"poolName":"ADA/BUSD","assetRewards":"BNB","claimAmount":"0.0000013","status":1,"claimedTime":1672526332000},{"poolId":150,"poolName":"ADA/BUSD","assetRewards":"ADA","claimAmount":"0.00042428","status":1,"claimedTime":1672526332000},{"poolId":150,"poolName":"ADA/BUSD","assetRewards":"BNB","claimAmount":"0.00000208","status":1,"claimedTime":1672490881000},{"poolId":150,"poolName":"ADA/BUSD","assetRewards":"BUSD","claimAmount":"0.00014212","status":1,"claimedTime":1672490881000},{"poolId":150,"poolName":"ADA/BUSD","assetRewards":"ADA","claimAmount":"0.00046591","status":1,"claimedTime":1672490881000},{"poolId":150,"poolName":"ADA/BUSD","assetRewards":"BNB","claimAmount":"0.00001235","status":1,"claimedTime":1672432754000},{"poolId":150,"poolName":"ADA/BUSD","assetRewards":"ADA","claimAmount":"0.00590305","status":1,"claimedTime":1672432754000},{"poolId":150,"poolName":"ADA/BUSD","assetRewards":"BUSD","claimAmount":"0.00125791","status":1,"claimedTime":1672432754000},{"poolId":150,"poolName":"ADA/BUSD","assetRewards":"BUSD","claimAmount":"0.0003697","status":1,"claimedTime":1672089963000},{"poolId":150,"poolName":"ADA/BUSD","assetRewards":"ADA","claimAmount":"0.00135268","status":1,"claimedTime":1672089963000},{"poolId":150,"poolName":"ADA/BUSD","assetRewards":"BNB","claimAmount":"0.00000377","status":1,"claimedTime":1672089963000},{"poolId":150,"poolName":"ADA/BUSD","assetRewards":"ADA","claimAmount":"0.0007174","status":1,"claimedTime":1671987840000},{"poolId":150,"poolName":"ADA/BUSD","assetRewards":"BNB","claimAmount":"0.00000286","status":1,"claimedTime":1671987840000},{"poolId":150,"poolName":"ADA/BUSD","assetRewards":"BUSD","claimAmount":"0.00016189","status":1,"claimedTime":1671987840000},{"poolId":150,"poolName":"ADA/BUSD","assetRewards":"BNB","claimAmount":"0.0000026","status":1,"claimedTime":1671905865000},{"poolId":150,"poolName":"ADA/BUSD","assetRewards":"BUSD","claimAmount":"0.00008395","status":1,"claimedTime":1671905865000},{"poolId":150,"poolName":"ADA/BUSD","assetRewards":"ADA","claimAmount":"0.0004592","status":1,"claimedTime":1671905865000},{"poolId":150,"poolName":"ADA/BUSD","assetRewards":"BUSD","claimAmount":"0.00002461","status":1,"claimedTime":1671835597000},{"poolId":150,"poolName":"ADA/BUSD","assetRewards":"ADA","claimAmount":"0.00010562","status":1,"claimedTime":1671835597000},{"poolId":150,"poolName":"ADA/BUSD","assetRewards":"BNB","claimAmount":"0.00000039","status":1,"claimedTime":1671835597000},{"poolId":150,"poolName":"ADA/BUSD","assetRewards":"BNB","claimAmount":"0.00000273","status":1,"claimedTime":1671825680000},{"poolId":150,"poolName":"ADA/BUSD","assetRewards":"ADA","claimAmount":"0.00178445","status":1,"claimedTime":1671825680000},{"poolId":150,"poolName":"ADA/BUSD","assetRewards":"BUSD","claimAmount":"0.00046777","status":1,"claimedTime":1671825680000},{"poolId":150,"poolName":"ADA/BUSD","assetRewards":"BNB","claimAmount":"0.00000325","status":1,"claimedTime":1671749412000},{"poolId":150,"poolName":"ADA/BUSD","assetRewards":"BUSD","claimAmount":"0.00034307","status":1,"claimedTime":1671749412000},{"poolId":150,"poolName":"ADA/BUSD","assetRewards":"ADA","claimAmount":"0.00136088","status":1,"claimedTime":1671749412000},{"poolId":150,"poolName":"ADA/BUSD","assetRewards":"ADA","claimAmount":"0.00174574","status":1,"claimedTime":1671658411000},{"poolId":150,"poolName":"ADA/BUSD","assetRewards":"BUSD","claimAmount":"0.00040633","status":1,"claimedTime":1671658411000},{"poolId":150,"poolName":"ADA/BUSD","assetRewards":"BNB","claimAmount":"0.00000299","status":1,"claimedTime":1671658411000},{"poolId":150,"poolName":"ADA/BUSD","assetRewards":"BUSD","claimAmount":"0.00052101","status":1,"claimedTime":1671576206000},{"poolId":150,"poolName":"ADA/BUSD","assetRewards":"ADA","claimAmount":"0.00206971","status":1,"claimedTime":1671576206000},{"poolId":150,"poolName":"ADA/BUSD","assetRewards":"BNB","claimAmount":"0.00000312","status":1,"claimedTime":1671576206000},{"poolId":150,"poolName":"ADA/BUSD","assetRewards":"ADA","claimAmount":"0.00267525","status":1,"claimedTime":1671488464000},{"poolId":150,"poolName":"ADA/BUSD","assetRewards":"BNB","claimAmount":"0.00000351","status":1,"claimedTime":1671488464000},{"poolId":150,"poolName":"ADA/BUSD","assetRewards":"BUSD","claimAmount":"0.00064752","status":1,"claimedTime":1671488464000},{"poolId":150,"poolName":"ADA/BUSD","assetRewards":"BNB","claimAmount":"0.00000351","status":1,"claimedTime":1671394234000},{"poolId":150,"poolName":"ADA/BUSD","assetRewards":"ADA","claimAmount":"0.00170369","status":1,"claimedTime":1671394234000},{"poolId":150,"poolName":"ADA/BUSD","assetRewards":"BUSD","claimAmount":"0.00048225","status":1,"claimedTime":1671394234000},{"poolId":150,"poolName":"ADA/BUSD","assetRewards":"BUSD","claimAmount":"0.0012695","status":1,"claimedTime":1671293844000},{"poolId":150,"poolName":"ADA/BUSD","assetRewards":"ADA","claimAmount":"0.0048814","status":1,"claimedTime":1671293844000},{"poolId":150,"poolName":"ADA/BUSD","assetRewards":"BNB","claimAmount":"0.00000226","status":1,"claimedTime":1671293844000},{"poolId":150,"poolName":"ADA/BUSD","assetRewards":"ADA","claimAmount":"0.00004301","status":1,"claimedTime":1671226293000},{"poolId":150,"poolName":"ADA/BUSD","assetRewards":"BNB","claimAmount":"0.0000001","status":1,"claimedTime":1671226293000},{"poolId":150,"poolName":"ADA/BUSD","assetRewards":"BUSD","claimAmount":"0.00001581","status":1,"claimedTime":1671226293000},{"poolId":150,"poolName":"ADA/BUSD","assetRewards":"BNB","claimAmount":"0.0000024","status":1,"claimedTime":1671221805000},{"poolId":150,"poolName":"ADA/BUSD","assetRewards":"ADA","claimAmount":"0.002994","status":1,"claimedTime":1671221805000},{"poolId":150,"poolName":"ADA/BUSD","assetRewards":"BUSD","claimAmount":"0.00075549","status":1,"claimedTime":1671221805000},{"poolId":150,"poolName":"ADA/BUSD","assetRewards":"BNB","claimAmount":"0.0000094","status":1,"claimedTime":1671137622000},{"poolId":150,"poolName":"ADA/BUSD","assetRewards":"BUSD","claimAmount":"0.00179711","status":1,"claimedTime":1671137622000},{"poolId":150,"poolName":"ADA/BUSD","assetRewards":"ADA","claimAmount":"0.00622089","status":1,"claimedTime":1671137622000},{"poolId":150,"poolName":"ADA/BUSD","assetRewards":"ADA","claimAmount":"0.00044535","status":1,"claimedTime":1670799878000},{"poolId":150,"poolName":"ADA/BUSD","assetRewards":"BNB","claimAmount":"0.0000023","status":1,"claimedTime":1670799878000},{"poolId":150,"poolName":"ADA/BUSD","assetRewards":"BUSD","claimAmount":"0.00010197","status":1,"claimedTime":1670799878000},{"poolId":150,"poolName":"ADA/BUSD","assetRewards":"BNB","claimAmount":"0.0000056","status":1,"claimedTime":1670715552000},{"poolId":150,"poolName":"ADA/BUSD","assetRewards":"ADA","claimAmount":"0.00143452","status":1,"claimedTime":1670715552000},{"poolId":150,"poolName":"ADA/BUSD","assetRewards":"BUSD","claimAmount":"0.00041231","status":1,"claimedTime":1670715552000},{"poolId":150,"poolName":"ADA/BUSD","assetRewards":"ADA","claimAmount":"0.00090083","status":1,"claimedTime":1670513952000},{"poolId":150,"poolName":"ADA/BUSD","assetRewards":"BNB","claimAmount":"0.0000024","status":1,"claimedTime":1670513952000},{"poolId":150,"poolName":"ADA/BUSD","assetRewards":"BUSD","claimAmount":"0.00027875","status":1,"claimedTime":1670513952000},{"poolId":150,"poolName":"ADA/BUSD","assetRewards":"BNB","claimAmount":"0.0000006","status":1,"claimedTime":1670428159000},{"poolId":150,"poolName":"ADA/BUSD","assetRewards":"BUSD","claimAmount":"0.00010123","status":1,"claimedTime":1670428159000},{"poolId":150,"poolName":"ADA/BUSD","assetRewards":"ADA","claimAmount":"0.00027519","status":1,"claimedTime":1670428159000}]
