[{"poolId":151,"poolName":"DOT/BUSD","assetRewards":"BNB","claimAmount":"0.00000092","status":1,"claimedTime":1686000848000},{"poolId":151,"poolName":"DOT/BUSD","assetRewards":"BUSD","claimAmount":"0.00009675","status":1,"claimedTime":1686000848000},{"poolId":151,"poolName":"DOT/BUSD","assetRewards":"DOT","claimAmount":"0.00001606","status":1,"claimedTime":1686000848000},{"poolId":151,"poolName":"DOT/BUSD","assetRewards":"DOT","claimAmount":"0.00009645","status":1,"claimedTime":1685985812000},{"poolId":151,"poolName":"DOT/BUSD","assetRewards":"BNB","claimAmount":"0.00000529","status":1,"claimedTime":1685985812000},{"poolId":151,"poolName":"DOT/BUSD","assetRewards":"BUSD","claimAmount":"0.00040674","status":1,"claimedTime":1685985812000},{"poolId":151,"poolName":"DOT/BUSD","assetRewards":"DOT","claimAmount":"0.00003525","status":1,"claimedTime":1685904929000},{"poolId":151,"poolName":"DOT/BUSD","assetRewards":"BNB","claimAmount":"0.00001081","status":1,"claimedTime":1685904929000},{"poolId":151,"poolName":"DOT/BUSD","assetRewards":"BUSD","claimAmount":"0.00021369","status":1,"claimedTime":1685904929000},{"poolId":151,"poolName":"DOT/BUSD","assetRewards":"DOT","claimAmount":"0.00011076","status":1,"claimedTime":1685735343000},{"poolId":151,"poolName":"DOT/BUSD","assetRewards":"BNB","claimAmount":"0.00001106","status":1,"claimedTime":1685735343000},{"poolId":151,"poolName":"DOT/BUSD","assetRewards":"BUSD","claimAmount":"0.00052874","status":1,"claimedTime":1685735343000},{"poolId":151,"poolName":"DOT/BUSD","assetRewards":"BUSD","claimAmount":"0.00038599","status":1,"claimedTime":1685556359000},{"poolId":151,"poolName":"DOT/BUSD","assetRewards":"DOT","claimAmount":"0.00009181","status":1,"claimedTime":1685556359000},{"poolId":151,"poolName":"DOT/BUSD","assetRewards":"BNB","claimAmount":"0.00000462","status":1,"claimedTime":1685556359000},{"poolId":151,"poolName":"DOT/BUSD","assetRewards":"BNB","claimAmount":"0.00000198","status":1,"claimedTime":1685483670000},{"poolId":151,"poolName":"DOT/BUSD","assetRewards":"DOT","claimAmount":"0.00003641","status":1,"claimedTime":1685483670000},{"poolId":151,"poolName":"DOT/BUSD","assetRewards":"BUSD","claimAmount":"0.00016695","status":1,"claimedTime":1685483670000},{"poolId":151,"poolName":"DOT/BUSD","assetRewards":"DOT","claimAmount":"0.00006899","status":1,"claimedTime":1685451525000},{"poolId":151,"poolName":"DOT/BUSD","assetRewards":"BUSD","claimAmount":"0.00036478","status":1,"claimedTime":1685451525000},{"poolId":151,"poolName":"DOT/BUSD","assetRewards":"BNB","claimAmount":"0.00000528","status":1,"claimedTime":1685451525000},{"poolId":151,"poolName":"DOT/BUSD","assetRewards":"BUSD","claimAmount":"0.00050532","status":1,"claimedTime":1685365008000},{"poolId":151,"poolName":"DOT/BUSD","assetRewards":"BNB","claimAmount":"0.00000638","status":1,"claimedTime":1685365008000},{"poolId":151,"poolName":"DOT/BUSD","assetRewards":"DOT","claimAmount":"0.00007734","status":1,"claimedTime":1685365008000},{"poolId":151,"poolName":"DOT/BUSD","assetRewards":"DOT","claimAmount":"0.00004332","status":1,"claimedTime":1685260935000},{"poolId":151,"poolName":"DOT/BUSD","assetRewards":"BUSD","claimAmount":"0.00029506","status":1,"claimedTime":1685260935000},{"poolId":151,"poolName":"DOT/BUSD","assetRewards":"BNB","claimAmount":"0.00000506","status":1,"claimedTime":1685260935000},{"poolId":151,"poolName":"DOT/BUSD","assetRewards":"BNB","claimAmount":"0.00000528","status":1,"claimedTime":1685176600000},{"poolId":151,"poolName":"DOT/BUSD","assetRewards":"BUSD","claimAmount":"0.00024649","status":1,"claimedTime":1685176600000},{"poolId":151,"poolName":"DOT/BUSD","assetRewards":"DOT","claimAmount":"0.00004169","status":1,"claimedTime":1685176600000},{"poolId":151,"poolName":"DOT/BUSD","assetRewards":"DOT","claimAmount":"0.00007053","status":1,"claimedTime":1685091462000},{"poolId":151,"poolName":"DOT/BUSD","assetRewards":"BUSD","claimAmount":"0.00037017","status":1,"claimedTime":1685091462000},{"poolId":151,"poolName":"DOT/BUSD","assetRewards":"BNB","claimAmount":"0.00000616","status":1,"claimedTime":1685091462000},{"poolId":151,"poolName":"DOT/BUSD","assetRewards":"DOT","claimAmount":"0.0000353","status":1,"claimedTime":1684989641000},{"poolId":151,"poolName":"DOT/BUSD","assetRewards":"BNB","claimAmount":"0.00000154","status":1,"claimedTime":1684989641000},{"poolId":151,"poolName":"DOT/BUSD","assetRewards":"BUSD","claimAmount":"0.00016593","status":1,"claimedTime":1684989641000},{"poolId":151,"poolName":"DOT/BUSD","assetRewards":"BNB","claimAmount":"0.00000198","status":1,"claimedTime":1684963285000},{"poolId":151,"poolName":"DOT/BUSD","assetRewards":"BUSD","claimAmount":"0.00028975","status":1,"claimedTime":1684963285000},{"poolId":151,"poolName":"DOT/BUSD","assetRewards":"DOT","claimAmount":"0.00005714","status":1,"claimedTime":1684963285000},{"poolId":151,"poolName":"DOT/BUSD","assetRewards":"BNB","claimAmount":"0.00000638","status":1,"claimedTime":1684931951000},{"poolId":151,"poolName":"DOT/BUSD","assetRewards":"DOT","claimAmount":"0.00008508","status":1,"claimedTime":1684931951000},{"poolId":151,"poolName":"DOT/BUSD","assetRewards":"BUSD","claimAmount":"0.00038677","status":1,"claimedTime":1684931951000},{"poolId":151,"poolName":"DOT/BUSD","assetRewards":"BNB","claimAmount":"0.00000506","status":1,"claimedTime":1684828045000},{"poolId":151,"poolName":"DOT/BUSD","assetRewards":"BUSD","claimAmount":"0.0004755","status":1,"claimedTime":1684828045000},{"poolId":151,"poolName":"DOT/BUSD","assetRewards":"DOT","claimAmount":"0.0000942","status":1,"claimedTime":1684828045000},{"poolId":151,"poolName":"DOT/BUSD","assetRewards":"DOT","claimAmount":"0.00009514","status":1,"claimedTime":1684745220000},{"poolId":151,"poolName":"DOT/BUSD","assetRewards":"BUSD","claimAmount":"0.00047309","status":1,"claimedTime":1684745220000},{"poolId":151,"poolName":"DOT/BUSD","assetRewards":"BNB","claimAmount":"0.00000528","status":1,"claimedTime":1684745220000},{"poolId":151,"poolName":"DOT/BUSD","assetRewards":"BUSD","claimAmount":"0.0001473","status":1,"claimedTime":1684658716000},{"poolId":151,"poolName":"DOT/BUSD","assetRewards":"DOT","claimAmount":"0.00002309","status":1,"claimedTime":1684658716000},{"poolId":151,"poolName":"DOT/BUSD","assetRewards":"BNB","claimAmount":"0.00000242","status":1,"claimedTime":1684658716000},{"poolId":151,"poolName":"DOT/BUSD","assetRewards":"DOT","claimAmount":"0.00002145","status":1,"claimedTime":1684617421000},{"poolId":151,"poolName":"DOT/BUSD","assetRewards":"BUSD","claimAmount":"0.00013981","status":1,"claimedTime":1684617421000},{"poolId":151,"poolName":"DOT/BUSD","assetRewards":"BNB","claimAmount":"0.00000286","status":1,"claimedTime":1684617421000},{"poolId":151,"poolName":"DOT/BUSD","assetRewards":"BUSD","claimAmount":"0.0001722","status":1,"claimedTime":1684570840000},{"poolId":151,"poolName":"DOT/BUSD","assetRewards":"DOT","claimAmount":"0.00003185","status":1,"claimedTime":1684570840000},{"poolId":151,"poolName":"DOT/BUSD","assetRewards":"BNB","claimAmount":"0.00000242","status":1,"claimedTime":1684570840000},{"poolId":151,"poolName":"DOT/BUSD","assetRewards":"BNB","claimAmount":"0.0000009","status":1,"claimedTime":1683926079000},{"poolId":151,"poolName":"DOT/BUSD","assetRewards":"DOT","claimAmount":"0.00004498","status":1,"claimedTime":1683926079000},{"poolId":151,"poolName":"DOT/BUSD","assetRewards":"BUSD","claimAmount":"0.00024155","status":1,"claimedTime":1683926079000},{"poolId":151,"poolName":"DOT/BUSD","assetRewards":"BNB","claimAmount":"0.0000004","status":1,"claimedTime":1683896618000},{"poolId":151,"poolName":"DOT/BUSD","assetRewards":"DOT","claimAmount":"0.00000867","status":1,"claimedTime":1683896618000},{"poolId":151,"poolName":"DOT/BUSD","assetRewards":"BUSD","claimAmount":"0.00004528","status":1,"claimedTime":1683896618000},{"poolId":151,"poolName":"DOT/BUSD","assetRewards":"DOT","claimAmount":"0.00007185","status":1,"claimedTime":1683881667000},{"poolId":151,"poolName":"DOT/BUSD","assetRewards":"BUSD","claimAmount":"0.00034968","status":1,"claimedTime":1683881667000},{"poolId":151,"poolName":"DOT/BUSD","assetRewards":"BNB","claimAmount":"0.0000016","status":1,"claimedTime":1683881667000},{"poolId":151,"poolName":"DOT/BUSD","assetRewards":"DOT","claimAmount":"0.00008729","status":1,"claimedTime":1683822494000},{"poolId":151,"poolName":"DOT/BUSD","assetRewards":"BUSD","claimAmount":"0.00039351","status":1,"claimedTime":1683822494000},{"poolId":151,"poolName":"DOT/BUSD","assetRewards":"BNB","claimAmount":"0.0000019","status":1,"claimedTime":1683822494000},{"poolId":151,"poolName":"DOT/BUSD","assetRewards":"DOT","claimAmount":"0.000137","status":1,"claimedTime":1683755422000},{"poolId":151,"poolName":"DOT/BUSD","assetRewards":"BNB","claimAmount":"0.0000026","status":1,"claimedTime":1683755422000},{"poolId":151,"poolName":"DOT/BUSD","assetRewards":"BUSD","claimAmount":"0.00079512","status":1,"claimedTime":1683755422000},{"poolId":151,"poolName":"DOT/BUSD","assetRewards":"DOT","claimAmount":"0.00006126","status":1,"claimedTime":1683662842000},{"poolId":151,"poolName":"DOT/BUSD","assetRewards":"BUSD","claimAmount":"0.00033092","status":1,"claimedTime":1683662842000},{"poolId":151,"poolName":"DOT/BUSD","assetRewards":"BNB","claimAmount":"0.0000022","status":1,"claimedTime":1683662842000},{"poolId":151,"poolName":"DOT/BUSD","assetRewards":"DOT","claimAmount":"0.000075","status":1,"claimedTime":1683581876000},{"poolId":151,"poolName":"DOT/BUSD","assetRewards":"BUSD","claimAmount":"0.00034915","status":1,"claimedTime":1683581876000},{"poolId":151,"poolName":"DOT/BUSD","assetRewards":"BNB","claimAmount":"0.0000011","status":1,"claimedTime":1683581876000},{"poolId":151,"poolName":"DOT/BUSD","assetRewards":"DOT","claimAmount":"0.00008366","status":1,"claimedTime":1683541678000},{"poolId":151,"poolName":"DOT/BUSD","assetRewards":"BNB","claimAmount":"0.0000015","status":1,"claimedTime":1683541678000},{"poolId":151,"poolName":"DOT/BUSD","assetRewards":"BUSD","claimAmount":"0.00035998","status":1,"claimedTime":1683541678000},{"poolId":151,"poolName":"DOT/BUSD","assetRewards":"BUSD","claimAmount":"0.000375","status":1,"claimedTime":1683488635000},{"poolId":151,"poolName":"DOT/BUSD","assetRewards":"BNB","claimAmount":"0.0000034","status":1,"claimedTime":1683488635000},{"poolId":151,"poolName":"DOT/BUSD","assetRewards":"DOT","claimAmount":"0.00007072","status":1,"claimedTime":1683488635000}]
