[{"operationId":7306375,"poolId":151,"poolName":"DOT/BUSD","operation":"ADD","status":1,"updateTime":1684532461000,"shareAmount":"6.4727825","liquidityAmount":[{"asset":"DOT","amount":"2.7931581"},{"asset":"BUSD","amount":"15"}]},{"operationId":5002001,"poolId":151,"poolName":"DOT/BUSD","operation":"REMOVE","status":1,"updateTime":1683926742000,"shareAmount":"2.88639712","liquidityAmount":[{"asset":"DOT","amount":"1.25127002"},{"asset":"BUSD","amount":"6.65833852"}]},{"operationId":7214189,"poolId":151,"poolName":"DOT/BUSD","operation":"ADD","status":1,"updateTime":1681658342000,"shareAmount":"2.88639712","liquidityAmount":[{"asset":"DOT","amount":"1.11241417"},{"asset":"BUSD","amount":"7.48945818"}]},{"operationId":4935715,"poolId":151,"poolName":"DOT/BUSD","operation":"REMOVE","status":1,"updateTime":1681658262000,"shareAmount":"9.90852217","liquidityAmount":[{"asset":"DOT","amount":"3.82032576"},{"asset":"BUSD","amount":"25.69934877"}]},{"operationId":7170931,"poolId":151,"poolName":"DOT/BUSD","operation":"ADD","status":1,"updateTime":1680545821000,"shareAmount":"9.90852217","liquidityAmount":[{"asset":"DOT","amount":"3.92719536"},{"asset":"BUSD","amount":"25"}]}]
