[{"poolId":153,"poolName":"RUNE/BNB","assetRewards":"BNB","claimAmount":"0.00000018","status":1,"claimedTime":1686000848000},{"poolId":153,"poolName":"RUNE/BNB","assetRewards":"BNB","claimAmount":"0.00000161","status":1,"claimedTime":1686000848000},{"poolId":153,"poolName":"RUNE/BNB","assetRewards":"RUNE","claimAmount":"0.00003876","status":1,"claimedTime":1686000848000},{"poolId":153,"poolName":"RUNE/BNB","assetRewards":"RUNE","claimAmount":"0.00035092","status":1,"claimedTime":1685985812000},{"poolId":153,"poolName":"RUNE/BNB","assetRewards":"BNB","claimAmount":"0.00000129","status":1,"claimedTime":1685985812000},{"poolId":153,"poolName":"RUNE/BNB","assetRewards":"BNB","claimAmount":"0.00000847","status":1,"claimedTime":1685985812000},{"poolId":153,"poolName":"RUNE/BNB","assetRewards":"RUNE","claimAmount":"0.00009426","status":1,"claimedTime":1685904929000},{"poolId":153,"poolName":"RUNE/BNB","assetRewards":"BNB","claimAmount":"0.00001645","status":1,"claimedTime":1685904929000},{"poolId":153,"poolName":"RUNE/BNB","assetRewards":"BNB","claimAmount":"0.00000026","status":1,"claimedTime":1685904929000},{"poolId":153,"poolName":"RUNE/BNB","assetRewards":"BNB","claimAmount":"0.00000066","status":1,"claimedTime":1685735343000},{"poolId":153,"poolName":"RUNE/BNB","assetRewards":"RUNE","claimAmount":"0.00018738","status":1,"claimedTime":1685735343000},{"poolId":153,"poolName":"RUNE/BNB","assetRewards":"BNB","claimAmount":"0.00001693","status":1,"claimedTime":1685735343000},{"poolId":153,"poolName":"RUNE/BNB","assetRewards":"RUNE","claimAmount":"0.00024465","status":1,"claimedTime":1685556359000},{"poolId":153,"poolName":"RUNE/BNB","assetRewards":"BNB","claimAmount":"0.00000065","status":1,"claimedTime":1685556359000},{"poolId":153,"poolName":"RUNE/BNB","assetRewards":"BNB","claimAmount":"0.00000714","status":1,"claimedTime":1685556359000},{"poolId":153,"poolName":"RUNE/BNB","assetRewards":"BNB","claimAmount":"0.00000027","status":1,"claimedTime":1685483670000},{"poolId":153,"poolName":"RUNE/BNB","assetRewards":"RUNE","claimAmount":"0.00011875","status":1,"claimedTime":1685483670000},{"poolId":153,"poolName":"RUNE/BNB","assetRewards":"BNB","claimAmount":"0.00000306","status":1,"claimedTime":1685483670000},{"poolId":153,"poolName":"RUNE/BNB","assetRewards":"BNB","claimAmount":"0.00000055","status":1,"claimedTime":1685451525000},{"poolId":153,"poolName":"RUNE/BNB","assetRewards":"RUNE","claimAmount":"0.0001537","status":1,"claimedTime":1685451525000},{"poolId":153,"poolName":"RUNE/BNB","assetRewards":"BNB","claimAmount":"0.00000816","status":1,"claimedTime":1685451525000},{"poolId":153,"poolName":"RUNE/BNB","assetRewards":"RUNE","claimAmount":"0.00035357","status":1,"claimedTime":1685365008000},{"poolId":153,"poolName":"RUNE/BNB","assetRewards":"BNB","claimAmount":"0.00000113","status":1,"claimedTime":1685365008000},{"poolId":153,"poolName":"RUNE/BNB","assetRewards":"BNB","claimAmount":"0.00000986","status":1,"claimedTime":1685365008000},{"poolId":153,"poolName":"RUNE/BNB","assetRewards":"RUNE","claimAmount":"0.00010877","status":1,"claimedTime":1685260935000},{"poolId":153,"poolName":"RUNE/BNB","assetRewards":"BNB","claimAmount":"0.00000782","status":1,"claimedTime":1685260935000},{"poolId":153,"poolName":"RUNE/BNB","assetRewards":"BNB","claimAmount":"0.00000027","status":1,"claimedTime":1685260935000},{"poolId":153,"poolName":"RUNE/BNB","assetRewards":"RUNE","claimAmount":"0.00014626","status":1,"claimedTime":1685176600000},{"poolId":153,"poolName":"RUNE/BNB","assetRewards":"BNB","claimAmount":"0.00000058","status":1,"claimedTime":1685176600000},{"poolId":153,"poolName":"RUNE/BNB","assetRewards":"BNB","claimAmount":"0.00000821","status":1,"claimedTime":1685176600000},{"poolId":153,"poolName":"RUNE/BNB","assetRewards":"BNB","claimAmount":"0.0000098","status":1,"claimedTime":1685091462000},{"poolId":153,"poolName":"RUNE/BNB","assetRewards":"RUNE","claimAmount":"0.00021566","status":1,"claimedTime":1685091462000},{"poolId":153,"poolName":"RUNE/BNB","assetRewards":"BNB","claimAmount":"0.00000099","status":1,"claimedTime":1685091462000},{"poolId":153,"poolName":"RUNE/BNB","assetRewards":"BNB","claimAmount":"0.00000245","status":1,"claimedTime":1684989641000},{"poolId":153,"poolName":"RUNE/BNB","assetRewards":"BNB","claimAmount":"0.00000021","status":1,"claimedTime":1684989641000},{"poolId":153,"poolName":"RUNE/BNB","assetRewards":"RUNE","claimAmount":"0.00008719","status":1,"claimedTime":1684989641000},{"poolId":153,"poolName":"RUNE/BNB","assetRewards":"BNB","claimAmount":"0.00000315","status":1,"claimedTime":1684963285000},{"poolId":153,"poolName":"RUNE/BNB","assetRewards":"BNB","claimAmount":"0.00000033","status":1,"claimedTime":1684963285000},{"poolId":153,"poolName":"RUNE/BNB","assetRewards":"RUNE","claimAmount":"0.00014461","status":1,"claimedTime":1684963285000},{"poolId":153,"poolName":"RUNE/BNB","assetRewards":"RUNE","claimAmount":"0.00028228","status":1,"claimedTime":1684931951000},{"poolId":153,"poolName":"RUNE/BNB","assetRewards":"BNB","claimAmount":"0.00000076","status":1,"claimedTime":1684931951000},{"poolId":153,"poolName":"RUNE/BNB","assetRewards":"BNB","claimAmount":"0.00001015","status":1,"claimedTime":1684931951000},{"poolId":153,"poolName":"RUNE/BNB","assetRewards":"RUNE","claimAmount":"0.00026247","status":1,"claimedTime":1684828045000},{"poolId":153,"poolName":"RUNE/BNB","assetRewards":"BNB","claimAmount":"0.00000843","status":1,"claimedTime":1684828045000},{"poolId":153,"poolName":"RUNE/BNB","assetRewards":"BNB","claimAmount":"0.0000011","status":1,"claimedTime":1684828045000},{"poolId":153,"poolName":"RUNE/BNB","assetRewards":"RUNE","claimAmount":"0.00034774","status":1,"claimedTime":1684745220000},{"poolId":153,"poolName":"RUNE/BNB","assetRewards":"BNB","claimAmount":"0.00000888","status":1,"claimedTime":1684745220000},{"poolId":153,"poolName":"RUNE/BNB","assetRewards":"BNB","claimAmount":"0.00000093","status":1,"claimedTime":1684745220000},{"poolId":153,"poolName":"RUNE/BNB","assetRewards":"BNB","claimAmount":"0.00000407","status":1,"claimedTime":1684658716000},{"poolId":153,"poolName":"RUNE/BNB","assetRewards":"RUNE","claimAmount":"0.00007223","status":1,"claimedTime":1684658716000},{"poolId":153,"poolName":"RUNE/BNB","assetRewards":"BNB","claimAmount":"0.00000006","status":1,"claimedTime":1684658716000},{"poolId":153,"poolName":"RUNE/BNB","assetRewards":"RUNE","claimAmount":"0.00022149","status":1,"claimedTime":1684617421000},{"poolId":153,"poolName":"RUNE/BNB","assetRewards":"BNB","claimAmount":"0.00000067","status":1,"claimedTime":1684617421000},{"poolId":153,"poolName":"RUNE/BNB","assetRewards":"BNB","claimAmount":"0.00000481","status":1,"claimedTime":1684617421000},{"poolId":153,"poolName":"RUNE/BNB","assetRewards":"BNB","claimAmount":"0.00000027","status":1,"claimedTime":1684570840000},{"poolId":153,"poolName":"RUNE/BNB","assetRewards":"BNB","claimAmount":"0.00000666","status":1,"claimedTime":1684570840000},{"poolId":153,"poolName":"RUNE/BNB","assetRewards":"RUNE","claimAmount":"0.00008839","status":1,"claimedTime":1684570840000}]
