[{"operationId":7305622,"poolId":153,"poolName":"RUNE/BNB","operation":"ADD","status":1,"updateTime":1684507607000,"shareAmount":"0.62996674","liquidityAmount":[{"asset":"RUNE","amount":"10.30040506"},{"asset":"BNB","amount":"0.03852856"}]},{"operationId":4391216,"poolId":153,"poolName":"RUNE/BNB","operation":"REMOVE","status":1,"updateTime":1665929705000,"shareAmount":"1.35972205","liquidityAmount":[{"asset":"RUNE","amount":"18.4624148"},{"asset":"BNB","amount":"0.10014136"}]},{"operationId":6426993,"poolId":153,"poolName":"RUNE/BNB","operation":"ADD","status":1,"updateTime":1662587143000,"shareAmount":"0.25218288","liquidityAmount":[{"asset":"RUNE","amount":"3.1055729"},{"asset":"BNB","amount":"0.02047817"}]},{"operationId":6137933,"poolId":153,"poolName":"RUNE/BNB","operation":"ADD","status":1,"updateTime":1657289093000,"shareAmount":"0.14244809","liquidityAmount":[{"asset":"RUNE","amount":"1.48286013"},{"asset":"BNB","amount":"0.01368405"}]},{"operationId":6121697,"poolId":153,"poolName":"RUNE/BNB","operation":"ADD","status":1,"updateTime":1656972521000,"shareAmount":"0.96509108","liquidityAmount":[{"asset":"RUNE","amount":"10"},{"asset":"BNB","amount":"0.09314044"}]}]
