[{"operationId":7309857,"poolId":163,"poolName":"ILV/USDT","operation":"ADD","status":1,"updateTime":1684668325000,"shareAmount":"2.51567906","liquidityAmount":[{"asset":"ILV","amount":"0.36739142"},{"asset":"USDT","amount":"17.22655728"}]},{"operationId":5002000,"poolId":163,"poolName":"ILV/USDT","operation":"REMOVE","status":1,"updateTime":1683926719000,"shareAmount":"2.45439817","liquidityAmount":[{"asset":"ILV","amount":"0.36499376"},{"asset":"USDT","amount":"16.50523163"}]},{"operationId":7144607,"poolId":163,"poolName":"ILV/USDT","operation":"ADD","status":1,"updateTime":1679747347000,"shareAmount":"2.45439817","liquidityAmount":[{"asset":"ILV","amount":"0.31823788"},{"asset":"USDT","amount":"18.93019861"}]},{"operationId":4202089,"poolId":163,"poolName":"ILV/USDT","operation":"REMOVE","status":1,"updateTime":1660427790000,"shareAmount":"1.5854909","liquidityAmount":[{"asset":"ILV","amount":"0.14646143"},{"asset":"USDT","amount":"17.16408311"}]},{"operationId":6179466,"poolId":163,"poolName":"ILV/USDT","operation":"ADD","status":1,"updateTime":1658090604000,"shareAmount":"1.5854909","liquidityAmount":[{"asset":"ILV","amount":"0.15"},{"asset":"USDT","amount":"16.75917242"}]}]
