[{"poolId":163,"poolName":"ILV/USDT","assetRewards":"BNB","claimAmount":"0.00000088","status":1,"claimedTime":1686000848000},{"poolId":163,"poolName":"ILV/USDT","assetRewards":"USDT","claimAmount":"0.00192451","status":1,"claimedTime":1686000848000},{"poolId":163,"poolName":"ILV/USDT","assetRewards":"ILV","claimAmount":"0.00003275","status":1,"claimedTime":1686000848000},{"poolId":163,"poolName":"ILV/USDT","assetRewards":"ILV","claimAmount":"0.00007631","status":1,"claimedTime":1685985812000},{"poolId":163,"poolName":"ILV/USDT","assetRewards":"BNB","claimAmount":"0.00000506","status":1,"claimedTime":1685985812000},{"poolId":163,"poolName":"ILV/USDT","assetRewards":"USDT","claimAmount":"0.00376932","status":1,"claimedTime":1685985812000},{"poolId":163,"poolName":"ILV/USDT","assetRewards":"ILV","claimAmount":"0.00006869","status":1,"claimedTime":1685904929000},{"poolId":163,"poolName":"ILV/USDT","assetRewards":"USDT","claimAmount":"0.00354746","status":1,"claimedTime":1685904929000},{"poolId":163,"poolName":"ILV/USDT","assetRewards":"BNB","claimAmount":"0.00001034","status":1,"claimedTime":1685904929000},{"poolId":163,"poolName":"ILV/USDT","assetRewards":"USDT","claimAmount":"0.01300114","status":1,"claimedTime":1685735343000},{"poolId":163,"poolName":"ILV/USDT","assetRewards":"ILV","claimAmount":"0.00023495","status":1,"claimedTime":1685735343000},{"poolId":163,"poolName":"ILV/USDT","assetRewards":"BNB","claimAmount":"0.00001078","status":1,"claimedTime":1685735343000},{"poolId":163,"poolName":"ILV/USDT","assetRewards":"USDT","claimAmount":"0.00612555","status":1,"claimedTime":1685556359000},{"poolId":163,"poolName":"ILV/USDT","assetRewards":"BNB","claimAmount":"0.00000462","status":1,"claimedTime":1685556359000},{"poolId":163,"poolName":"ILV/USDT","assetRewards":"ILV","claimAmount":"0.00011668","status":1,"claimedTime":1685556359000},{"poolId":163,"poolName":"ILV/USDT","assetRewards":"USDT","claimAmount":"0.00110989","status":1,"claimedTime":1685483670000},{"poolId":163,"poolName":"ILV/USDT","assetRewards":"BNB","claimAmount":"0.00000198","status":1,"claimedTime":1685483670000},{"poolId":163,"poolName":"ILV/USDT","assetRewards":"ILV","claimAmount":"0.00002247","status":1,"claimedTime":1685483670000},{"poolId":163,"poolName":"ILV/USDT","assetRewards":"BNB","claimAmount":"0.00000528","status":1,"claimedTime":1685451525000},{"poolId":163,"poolName":"ILV/USDT","assetRewards":"ILV","claimAmount":"0.00002147","status":1,"claimedTime":1685451525000},{"poolId":163,"poolName":"ILV/USDT","assetRewards":"USDT","claimAmount":"0.00103175","status":1,"claimedTime":1685451525000},{"poolId":163,"poolName":"ILV/USDT","assetRewards":"ILV","claimAmount":"0.00003305","status":1,"claimedTime":1685365008000},{"poolId":163,"poolName":"ILV/USDT","assetRewards":"BNB","claimAmount":"0.00000616","status":1,"claimedTime":1685365008000},{"poolId":163,"poolName":"ILV/USDT","assetRewards":"USDT","claimAmount":"0.00177175","status":1,"claimedTime":1685365008000},{"poolId":163,"poolName":"ILV/USDT","assetRewards":"BNB","claimAmount":"0.00000528","status":1,"claimedTime":1685260935000},{"poolId":163,"poolName":"ILV/USDT","assetRewards":"ILV","claimAmount":"0.00001079","status":1,"claimedTime":1685260935000},{"poolId":163,"poolName":"ILV/USDT","assetRewards":"USDT","claimAmount":"0.00057678","status":1,"claimedTime":1685260935000},{"poolId":163,"poolName":"ILV/USDT","assetRewards":"BNB","claimAmount":"0.00000528","status":1,"claimedTime":1685176600000},{"poolId":163,"poolName":"ILV/USDT","assetRewards":"ILV","claimAmount":"0.0000144","status":1,"claimedTime":1685176600000},{"poolId":163,"poolName":"ILV/USDT","assetRewards":"USDT","claimAmount":"0.00074989","status":1,"claimedTime":1685176600000},{"poolId":163,"poolName":"ILV/USDT","assetRewards":"USDT","claimAmount":"0.00105677","status":1,"claimedTime":1685091462000},{"poolId":163,"poolName":"ILV/USDT","assetRewards":"BNB","claimAmount":"0.00000616","status":1,"claimedTime":1685091462000},{"poolId":163,"poolName":"ILV/USDT","assetRewards":"ILV","claimAmount":"0.00002212","status":1,"claimedTime":1685091462000},{"poolId":163,"poolName":"ILV/USDT","assetRewards":"USDT","claimAmount":"0.00030256","status":1,"claimedTime":1684989641000},{"poolId":163,"poolName":"ILV/USDT","assetRewards":"BNB","claimAmount":"0.00000154","status":1,"claimedTime":1684989641000},{"poolId":163,"poolName":"ILV/USDT","assetRewards":"ILV","claimAmount":"0.00000764","status":1,"claimedTime":1684989641000},{"poolId":163,"poolName":"ILV/USDT","assetRewards":"USDT","claimAmount":"0.00074362","status":1,"claimedTime":1684963285000},{"poolId":163,"poolName":"ILV/USDT","assetRewards":"ILV","claimAmount":"0.00001259","status":1,"claimedTime":1684963285000},{"poolId":163,"poolName":"ILV/USDT","assetRewards":"BNB","claimAmount":"0.00000198","status":1,"claimedTime":1684963285000},{"poolId":163,"poolName":"ILV/USDT","assetRewards":"USDT","claimAmount":"0.00123393","status":1,"claimedTime":1684931951000},{"poolId":163,"poolName":"ILV/USDT","assetRewards":"ILV","claimAmount":"0.00002922","status":1,"claimedTime":1684931951000},{"poolId":163,"poolName":"ILV/USDT","assetRewards":"BNB","claimAmount":"0.00000638","status":1,"claimedTime":1684931951000},{"poolId":163,"poolName":"ILV/USDT","assetRewards":"BNB","claimAmount":"0.00000506","status":1,"claimedTime":1684828045000},{"poolId":163,"poolName":"ILV/USDT","assetRewards":"USDT","claimAmount":"0.00139121","status":1,"claimedTime":1684828045000},{"poolId":163,"poolName":"ILV/USDT","assetRewards":"ILV","claimAmount":"0.00002742","status":1,"claimedTime":1684828045000},{"poolId":163,"poolName":"ILV/USDT","assetRewards":"ILV","claimAmount":"0.00001373","status":1,"claimedTime":1684745220000},{"poolId":163,"poolName":"ILV/USDT","assetRewards":"BNB","claimAmount":"0.00000462","status":1,"claimedTime":1684745220000},{"poolId":163,"poolName":"ILV/USDT","assetRewards":"USDT","claimAmount":"0.00062156","status":1,"claimedTime":1684745220000},{"poolId":163,"poolName":"ILV/USDT","assetRewards":"ILV","claimAmount":"0.00001899","status":1,"claimedTime":1683926079000},{"poolId":163,"poolName":"ILV/USDT","assetRewards":"BNB","claimAmount":"0.00000176","status":1,"claimedTime":1683926079000},{"poolId":163,"poolName":"ILV/USDT","assetRewards":"USDT","claimAmount":"0.00098112","status":1,"claimedTime":1683926079000},{"poolId":163,"poolName":"ILV/USDT","assetRewards":"BNB","claimAmount":"0.0000011","status":1,"claimedTime":1683896618000},{"poolId":163,"poolName":"ILV/USDT","assetRewards":"USDT","claimAmount":"0.00011708","status":1,"claimedTime":1683896618000},{"poolId":163,"poolName":"ILV/USDT","assetRewards":"ILV","claimAmount":"0.00000259","status":1,"claimedTime":1683896618000},{"poolId":163,"poolName":"ILV/USDT","assetRewards":"USDT","claimAmount":"0.00165974","status":1,"claimedTime":1683881667000},{"poolId":163,"poolName":"ILV/USDT","assetRewards":"BNB","claimAmount":"0.00000352","status":1,"claimedTime":1683881667000},{"poolId":163,"poolName":"ILV/USDT","assetRewards":"ILV","claimAmount":"0.00003996","status":1,"claimedTime":1683881667000},{"poolId":163,"poolName":"ILV/USDT","assetRewards":"BNB","claimAmount":"0.00000418","status":1,"claimedTime":1683822494000},{"poolId":163,"poolName":"ILV/USDT","assetRewards":"ILV","claimAmount":"0.00003929","status":1,"claimedTime":1683822494000},{"poolId":163,"poolName":"ILV/USDT","assetRewards":"USDT","claimAmount":"0.00150539","status":1,"claimedTime":1683822494000},{"poolId":163,"poolName":"ILV/USDT","assetRewards":"ILV","claimAmount":"0.00007291","status":1,"claimedTime":1683755422000},{"poolId":163,"poolName":"ILV/USDT","assetRewards":"BNB","claimAmount":"0.0000055","status":1,"claimedTime":1683755422000},{"poolId":163,"poolName":"ILV/USDT","assetRewards":"USDT","claimAmount":"0.00354154","status":1,"claimedTime":1683755422000},{"poolId":163,"poolName":"ILV/USDT","assetRewards":"ILV","claimAmount":"0.00003373","status":1,"claimedTime":1683662842000},{"poolId":163,"poolName":"ILV/USDT","assetRewards":"BNB","claimAmount":"0.00000506","status":1,"claimedTime":1683662842000},{"poolId":163,"poolName":"ILV/USDT","assetRewards":"USDT","claimAmount":"0.00153086","status":1,"claimedTime":1683662842000},{"poolId":163,"poolName":"ILV/USDT","assetRewards":"BNB","claimAmount":"0.00000242","status":1,"claimedTime":1683581876000},{"poolId":163,"poolName":"ILV/USDT","assetRewards":"USDT","claimAmount":"0.00166174","status":1,"claimedTime":1683581876000},{"poolId":163,"poolName":"ILV/USDT","assetRewards":"ILV","claimAmount":"0.00003656","status":1,"claimedTime":1683581876000},{"poolId":163,"poolName":"ILV/USDT","assetRewards":"ILV","claimAmount":"0.00003105","status":1,"claimedTime":1683541678000},{"poolId":163,"poolName":"ILV/USDT","assetRewards":"BNB","claimAmount":"0.0000033","status":1,"claimedTime":1683541678000},{"poolId":163,"poolName":"ILV/USDT","assetRewards":"USDT","claimAmount":"0.00125359","status":1,"claimedTime":1683541678000},{"poolId":163,"poolName":"ILV/USDT","assetRewards":"BNB","claimAmount":"0.0000074","status":1,"claimedTime":1683488635000},{"poolId":163,"poolName":"ILV/USDT","assetRewards":"ILV","claimAmount":"0.00004257","status":1,"claimedTime":1683488635000},{"poolId":163,"poolName":"ILV/USDT","assetRewards":"USDT","claimAmount":"0.00180674","status":1,"claimedTime":1683488635000}]
