[{"operationId":7171032,"poolId":179,"poolName":"UNI/BUSD","operation":"ADD","status":1,"updateTime":1680547852000,"shareAmount":"8.37845463","liquidityAmount":[{"asset":"UNI","amount":"3.4"},{"asset":"BUSD","amount":"20.64655751"}]},{"operationId":4897033,"poolId":179,"poolName":"UNI/BUSD","operation":"REMOVE","status":1,"updateTime":1680547784000,"shareAmount":"12.38959238","liquidityAmount":[{"asset":"UNI","amount":"5.02987284"},{"asset":"BUSD","amount":"30.51797772"}]},{"operationId":7128145,"poolId":179,"poolName":"UNI/BUSD","operation":"ADD","status":1,"updateTime":1679350013000,"shareAmount":"12.38959238","liquidityAmount":[{"asset":"UNI","amount":"4.95443664"},{"asset":"BUSD","amount":"30.98264413"}]},{"operationId":4089267,"poolId":179,"poolName":"UNI/BUSD","operation":"REMOVE","status":1,"updateTime":1657725628000,"shareAmount":"5.73289677","liquidityAmount":[{"asset":"UNI","amount":"2.43299161"},{"asset":"BUSD","amount":"13.50847353"}]},{"operationId":6062976,"poolId":179,"poolName":"UNI/BUSD","operation":"ADD","status":1,"updateTime":1655675021000,"shareAmount":"5.73289677","liquidityAmount":[{"asset":"UNI","amount":"2.80714767"},{"asset":"BUSD","amount":"11.70797053"}]}]
