[{"poolId":179,"poolName":"UNI/BUSD","assetRewards":"BUSD","claimAmount":"0.00010505","status":1,"claimedTime":1686000848000},{"poolId":179,"poolName":"UNI/BUSD","assetRewards":"BNB","claimAmount":"0.00000084","status":1,"claimedTime":1686000848000},{"poolId":179,"poolName":"UNI/BUSD","assetRewards":"UNI","claimAmount":"0.00002169","status":1,"claimedTime":1686000848000},{"poolId":179,"poolName":"UNI/BUSD","assetRewards":"BNB","claimAmount":"0.00000299","status":1,"claimedTime":1685985812000},{"poolId":179,"poolName":"UNI/BUSD","assetRewards":"UNI","claimAmount":"0.00012183","status":1,"claimedTime":1685985812000},{"poolId":179,"poolName":"UNI/BUSD","assetRewards":"BUSD","claimAmount":"0.00045007","status":1,"claimedTime":1685985812000},{"poolId":179,"poolName":"UNI/BUSD","assetRewards":"UNI","claimAmount":"0.00003366","status":1,"claimedTime":1685904929000},{"poolId":179,"poolName":"UNI/BUSD","assetRewards":"BUSD","claimAmount":"0.00015062","status":1,"claimedTime":1685904929000},{"poolId":179,"poolName":"UNI/BUSD","assetRewards":"BNB","claimAmount":"0.00000611","status":1,"claimedTime":1685904929000},{"poolId":179,"poolName":"UNI/BUSD","assetRewards":"BNB","claimAmount":"0.00000618","status":1,"claimedTime":1685735343000},{"poolId":179,"poolName":"UNI/BUSD","assetRewards":"BUSD","claimAmount":"0.00072445","status":1,"claimedTime":1685735343000},{"poolId":179,"poolName":"UNI/BUSD","assetRewards":"UNI","claimAmount":"0.00013891","status":1,"claimedTime":1685735343000},{"poolId":179,"poolName":"UNI/BUSD","assetRewards":"BNB","claimAmount":"0.00000252","status":1,"claimedTime":1685556359000},{"poolId":179,"poolName":"UNI/BUSD","assetRewards":"BUSD","claimAmount":"0.00056967","status":1,"claimedTime":1685556359000},{"poolId":179,"poolName":"UNI/BUSD","assetRewards":"UNI","claimAmount":"0.00013758","status":1,"claimedTime":1685556359000},{"poolId":179,"poolName":"UNI/BUSD","assetRewards":"BNB","claimAmount":"0.00000108","status":1,"claimedTime":1685483670000},{"poolId":179,"poolName":"UNI/BUSD","assetRewards":"UNI","claimAmount":"0.00004126","status":1,"claimedTime":1685483670000},{"poolId":179,"poolName":"UNI/BUSD","assetRewards":"BUSD","claimAmount":"0.00016321","status":1,"claimedTime":1685483670000},{"poolId":179,"poolName":"UNI/BUSD","assetRewards":"BNB","claimAmount":"0.00000288","status":1,"claimedTime":1685451525000},{"poolId":179,"poolName":"UNI/BUSD","assetRewards":"BUSD","claimAmount":"0.00053554","status":1,"claimedTime":1685451525000},{"poolId":179,"poolName":"UNI/BUSD","assetRewards":"UNI","claimAmount":"0.00009531","status":1,"claimedTime":1685451525000},{"poolId":179,"poolName":"UNI/BUSD","assetRewards":"UNI","claimAmount":"0.00010353","status":1,"claimedTime":1685365008000},{"poolId":179,"poolName":"UNI/BUSD","assetRewards":"BNB","claimAmount":"0.00000336","status":1,"claimedTime":1685365008000},{"poolId":179,"poolName":"UNI/BUSD","assetRewards":"BUSD","claimAmount":"0.00061485","status":1,"claimedTime":1685365008000},{"poolId":179,"poolName":"UNI/BUSD","assetRewards":"UNI","claimAmount":"0.00007084","status":1,"claimedTime":1685260935000},{"poolId":179,"poolName":"UNI/BUSD","assetRewards":"BUSD","claimAmount":"0.00031429","status":1,"claimedTime":1685260935000},{"poolId":179,"poolName":"UNI/BUSD","assetRewards":"BNB","claimAmount":"0.00000288","status":1,"claimedTime":1685260935000},{"poolId":179,"poolName":"UNI/BUSD","assetRewards":"UNI","claimAmount":"0.00005988","status":1,"claimedTime":1685176600000},{"poolId":179,"poolName":"UNI/BUSD","assetRewards":"BUSD","claimAmount":"0.00032576","status":1,"claimedTime":1685176600000},{"poolId":179,"poolName":"UNI/BUSD","assetRewards":"BNB","claimAmount":"0.00000288","status":1,"claimedTime":1685176600000},{"poolId":179,"poolName":"UNI/BUSD","assetRewards":"UNI","claimAmount":"0.0001028","status":1,"claimedTime":1685091462000},{"poolId":179,"poolName":"UNI/BUSD","assetRewards":"BUSD","claimAmount":"0.00055421","status":1,"claimedTime":1685091462000},{"poolId":179,"poolName":"UNI/BUSD","assetRewards":"BNB","claimAmount":"0.00000336","status":1,"claimedTime":1685091462000},{"poolId":179,"poolName":"UNI/BUSD","assetRewards":"BNB","claimAmount":"0.00000084","status":1,"claimedTime":1684989641000},{"poolId":179,"poolName":"UNI/BUSD","assetRewards":"BUSD","claimAmount":"0.00024343","status":1,"claimedTime":1684989641000},{"poolId":179,"poolName":"UNI/BUSD","assetRewards":"UNI","claimAmount":"0.00005642","status":1,"claimedTime":1684989641000},{"poolId":179,"poolName":"UNI/BUSD","assetRewards":"BNB","claimAmount":"0.00000108","status":1,"claimedTime":1684963285000},{"poolId":179,"poolName":"UNI/BUSD","assetRewards":"BUSD","claimAmount":"0.00048153","status":1,"claimedTime":1684963285000},{"poolId":179,"poolName":"UNI/BUSD","assetRewards":"UNI","claimAmount":"0.00009203","status":1,"claimedTime":1684963285000},{"poolId":179,"poolName":"UNI/BUSD","assetRewards":"BNB","claimAmount":"0.0000036","status":1,"claimedTime":1684931951000},{"poolId":179,"poolName":"UNI/BUSD","assetRewards":"BUSD","claimAmount":"0.000667","status":1,"claimedTime":1684931951000},{"poolId":179,"poolName":"UNI/BUSD","assetRewards":"UNI","claimAmount":"0.00017077","status":1,"claimedTime":1684931951000},{"poolId":179,"poolName":"UNI/BUSD","assetRewards":"UNI","claimAmount":"0.00013242","status":1,"claimedTime":1684828045000},{"poolId":179,"poolName":"UNI/BUSD","assetRewards":"BUSD","claimAmount":"0.00068368","status":1,"claimedTime":1684828045000},{"poolId":179,"poolName":"UNI/BUSD","assetRewards":"BNB","claimAmount":"0.00000299","status":1,"claimedTime":1684828045000},{"poolId":179,"poolName":"UNI/BUSD","assetRewards":"UNI","claimAmount":"0.00015974","status":1,"claimedTime":1684745220000},{"poolId":179,"poolName":"UNI/BUSD","assetRewards":"BNB","claimAmount":"0.00000312","status":1,"claimedTime":1684745220000},{"poolId":179,"poolName":"UNI/BUSD","assetRewards":"BUSD","claimAmount":"0.00074936","status":1,"claimedTime":1684745220000},{"poolId":179,"poolName":"UNI/BUSD","assetRewards":"UNI","claimAmount":"0.00002414","status":1,"claimedTime":1684658716000},{"poolId":179,"poolName":"UNI/BUSD","assetRewards":"BUSD","claimAmount":"0.00007532","status":1,"claimedTime":1684658716000},{"poolId":179,"poolName":"UNI/BUSD","assetRewards":"BNB","claimAmount":"0.00000143","status":1,"claimedTime":1684658716000},{"poolId":179,"poolName":"UNI/BUSD","assetRewards":"UNI","claimAmount":"0.00002944","status":1,"claimedTime":1684617421000},{"poolId":179,"poolName":"UNI/BUSD","assetRewards":"BNB","claimAmount":"0.00000169","status":1,"claimedTime":1684617421000},{"poolId":179,"poolName":"UNI/BUSD","assetRewards":"BUSD","claimAmount":"0.00015668","status":1,"claimedTime":1684617421000},{"poolId":179,"poolName":"UNI/BUSD","assetRewards":"BUSD","claimAmount":"0.00043942","status":1,"claimedTime":1684570840000},{"poolId":179,"poolName":"UNI/BUSD","assetRewards":"BNB","claimAmount":"0.00000234","status":1,"claimedTime":1684570840000},{"poolId":179,"poolName":"UNI/BUSD","assetRewards":"UNI","claimAmount":"0.00009129","status":1,"claimedTime":1684570840000},{"poolId":179,"poolName":"UNI/BUSD","assetRewards":"BUSD","claimAmount":"0.00080192","status":1,"claimedTime":1684507388000},{"poolId":179,"poolName":"UNI/BUSD","assetRewards":"BNB","claimAmount":"0.00000346","status":1,"claimedTime":1684507388000},{"poolId":179,"poolName":"UNI/BUSD","assetRewards":"UNI","claimAmount":"0.00015345","status":1,"claimedTime":1684507388000},{"poolId":179,"poolName":"UNI/BUSD","assetRewards":"BUSD","claimAmount":"0.00128992","status":1,"claimedTime":1684407951000},{"poolId":179,"poolName":"UNI/BUSD","assetRewards":"UNI","claimAmount":"0.00020465","status":1,"claimedTime":1684407951000},{"poolId":179,"poolName":"UNI/BUSD","assetRewards":"BNB","claimAmount":"0.000003","status":1,"claimedTime":1684407951000},{"poolId":179,"poolName":"UNI/BUSD","assetRewards":"UNI","claimAmount":"0.00010014","status":1,"claimedTime":1684318513000},{"poolId":179,"poolName":"UNI/BUSD","assetRewards":"BUSD","claimAmount":"0.00053293","status":1,"claimedTime":1684318513000},{"poolId":179,"poolName":"UNI/BUSD","assetRewards":"BNB","claimAmount":"0.00000216","status":1,"claimedTime":1684318513000},{"poolId":179,"poolName":"UNI/BUSD","assetRewards":"BUSD","claimAmount":"0.00072801","status":1,"claimedTime":1684253184000},{"poolId":179,"poolName":"UNI/BUSD","assetRewards":"BNB","claimAmount":"0.00000252","status":1,"claimedTime":1684253184000},{"poolId":179,"poolName":"UNI/BUSD","assetRewards":"UNI","claimAmount":"0.00014574","status":1,"claimedTime":1684253184000},{"poolId":179,"poolName":"UNI/BUSD","assetRewards":"UNI","claimAmount":"0.00004546","status":1,"claimedTime":1684180513000},{"poolId":179,"poolName":"UNI/BUSD","assetRewards":"BNB","claimAmount":"0.00000072","status":1,"claimedTime":1684180513000},{"poolId":179,"poolName":"UNI/BUSD","assetRewards":"BUSD","claimAmount":"0.00019746","status":1,"claimedTime":1684180513000},{"poolId":179,"poolName":"UNI/BUSD","assetRewards":"BUSD","claimAmount":"0.00085908","status":1,"claimedTime":1684157653000},{"poolId":179,"poolName":"UNI/BUSD","assetRewards":"UNI","claimAmount":"0.00016336","status":1,"claimedTime":1684157653000},{"poolId":179,"poolName":"UNI/BUSD","assetRewards":"BNB","claimAmount":"0.00000288","status":1,"claimedTime":1684157653000},{"poolId":179,"poolName":"UNI/BUSD","assetRewards":"UNI","claimAmount":"0.00001671","status":1,"claimedTime":1684070017000},{"poolId":179,"poolName":"UNI/BUSD","assetRewards":"BNB","claimAmount":"0.0000006","status":1,"claimedTime":1684070017000},{"poolId":179,"poolName":"UNI/BUSD","assetRewards":"BUSD","claimAmount":"0.00010076","status":1,"claimedTime":1684070017000},{"poolId":179,"poolName":"UNI/BUSD","assetRewards":"BNB","claimAmount":"0.00000288","status":1,"claimedTime":1684053898000},{"poolId":179,"poolName":"UNI/BUSD","assetRewards":"BUSD","claimAmount":"0.00064035","status":1,"claimedTime":1684053898000},{"poolId":179,"poolName":"UNI/BUSD","assetRewards":"UNI","claimAmount":"0.00013498","status":1,"claimedTime":1684053898000},{"poolId":179,"poolName":"UNI/BUSD","assetRewards":"UNI","claimAmount":"0.00006438","status":1,"claimedTime":1683966128000},{"poolId":179,"poolName":"UNI/BUSD","assetRewards":"BNB","claimAmount":"0.00000132","status":1,"claimedTime":1683966128000},{"poolId":179,"poolName":"UNI/BUSD","assetRewards":"BUSD","claimAmount":"0.00041894","status":1,"claimedTime":1683966128000},{"poolId":179,"poolName":"UNI/BUSD","assetRewards":"BNB","claimAmount":"0.00000096","status":1,"claimedTime":1683926079000},{"poolId":179,"poolName":"UNI/BUSD","assetRewards":"BUSD","claimAmount":"0.00084055","status":1,"claimedTime":1683926079000},{"poolId":179,"poolName":"UNI/BUSD","assetRewards":"UNI","claimAmount":"0.00015596","status":1,"claimedTime":1683926079000},{"poolId":179,"poolName":"UNI/BUSD","assetRewards":"BUSD","claimAmount":"0.00030294","status":1,"claimedTime":1683896618000},{"poolId":179,"poolName":"UNI/BUSD","assetRewards":"UNI","claimAmount":"0.00003801","status":1,"claimedTime":1683896618000},{"poolId":179,"poolName":"UNI/BUSD","assetRewards":"BNB","claimAmount":"0.0000006","status":1,"claimedTime":1683896618000},{"poolId":179,"poolName":"UNI/BUSD","assetRewards":"BUSD","claimAmount":"0.00165316","status":1,"claimedTime":1683881667000},{"poolId":179,"poolName":"UNI/BUSD","assetRewards":"BNB","claimAmount":"0.00000199","status":1,"claimedTime":1683881667000},{"poolId":179,"poolName":"UNI/BUSD","assetRewards":"UNI","claimAmount":"0.00035389","status":1,"claimedTime":1683881667000},{"poolId":179,"poolName":"UNI/BUSD","assetRewards":"BUSD","claimAmount":"0.001901","status":1,"claimedTime":1683822494000},{"poolId":179,"poolName":"UNI/BUSD","assetRewards":"UNI","claimAmount":"0.00037588","status":1,"claimedTime":1683822494000},{"poolId":179,"poolName":"UNI/BUSD","assetRewards":"BNB","claimAmount":"0.00000247","status":1,"claimedTime":1683822494000},{"poolId":179,"poolName":"UNI/BUSD","assetRewards":"BUSD","claimAmount":"0.00296508","status":1,"claimedTime":1683755422000},{"poolId":179,"poolName":"UNI/BUSD","assetRewards":"BNB","claimAmount":"0.00000325","status":1,"claimedTime":1683755422000},{"poolId":179,"poolName":"UNI/BUSD","assetRewards":"UNI","claimAmount":"0.00055949","status":1,"claimedTime":1683755422000},{"poolId":179,"poolName":"UNI/BUSD","assetRewards":"BUSD","claimAmount":"0.00121152","status":1,"claimedTime":1683662842000},{"poolId":179,"poolName":"UNI/BUSD","assetRewards":"BUSD","claimAmount":"0.00121152","status":1,"claimedTime":1683662842000},{"poolId":179,"poolName":"UNI/BUSD","assetRewards":"UNI","claimAmount":"0.00023502","status":1,"claimedTime":1683662842000},{"poolId":179,"poolName":"UNI/BUSD","assetRewards":"BNB","claimAmount":"0.00000299","status":1,"claimedTime":1683662842000},{"poolId":179,"poolName":"UNI/BUSD","assetRewards":"BNB","claimAmount":"0.00000143","status":1,"claimedTime":1683581876000},{"poolId":179,"poolName":"UNI/BUSD","assetRewards":"UNI","claimAmount":"0.00034943","status":1,"claimedTime":1683581876000},{"poolId":179,"poolName":"UNI/BUSD","assetRewards":"BUSD","claimAmount":"0.00152347","status":1,"claimedTime":1683581876000},{"poolId":179,"poolName":"UNI/BUSD","assetRewards":"UNI","claimAmount":"0.00031338","status":1,"claimedTime":1683541678000},{"poolId":179,"poolName":"UNI/BUSD","assetRewards":"BUSD","claimAmount":"0.00133736","status":1,"claimedTime":1683541678000},{"poolId":179,"poolName":"UNI/BUSD","assetRewards":"BNB","claimAmount":"0.00000195","status":1,"claimedTime":1683541678000},{"poolId":179,"poolName":"UNI/BUSD","assetRewards":"UNI","claimAmount":"0.00031089","status":1,"claimedTime":1683488635000},{"poolId":179,"poolName":"UNI/BUSD","assetRewards":"BNB","claimAmount":"0.00000442","status":1,"claimedTime":1683488635000},{"poolId":179,"poolName":"UNI/BUSD","assetRewards":"BUSD","claimAmount":"0.00153769","status":1,"claimedTime":1683488635000},{"poolId":179,"poolName":"UNI/BUSD","assetRewards":"BNB","claimAmount":"0.00000156","status":1,"claimedTime":1683365451000},{"poolId":179,"poolName":"UNI/BUSD","assetRewards":"BUSD","claimAmount":"0.00064545","status":1,"claimedTime":1683365451000},{"poolId":179,"poolName":"UNI/BUSD","assetRewards":"UNI","claimAmount":"0.0001295","status":1,"claimedTime":1683365451000},{"poolId":179,"poolName":"UNI/BUSD","assetRewards":"UNI","claimAmount":"0.00024238","status":1,"claimedTime":1683321390000},{"poolId":179,"poolName":"UNI/BUSD","assetRewards":"BUSD","claimAmount":"0.00153427","status":1,"claimedTime":1683321390000},{"poolId":179,"poolName":"UNI/BUSD","assetRewards":"BNB","claimAmount":"0.00000156","status":1,"claimedTime":1683321390000},{"poolId":179,"poolName":"UNI/BUSD","assetRewards":"BUSD","claimAmount":"0.00099635","status":1,"claimedTime":1683277438000},{"poolId":179,"poolName":"UNI/BUSD","assetRewards":"UNI","claimAmount":"0.00019664","status":1,"claimedTime":1683277438000},{"poolId":179,"poolName":"UNI/BUSD","assetRewards":"BNB","claimAmount":"0.00000325","status":1,"claimedTime":1683277438000},{"poolId":179,"poolName":"UNI/BUSD","assetRewards":"UNI","claimAmount":"0.00007195","status":1,"claimedTime":1683188168000},{"poolId":179,"poolName":"UNI/BUSD","assetRewards":"BNB","claimAmount":"0.0000013","status":1,"claimedTime":1683188168000},{"poolId":179,"poolName":"UNI/BUSD","assetRewards":"BUSD","claimAmount":"0.00039906","status":1,"claimedTime":1683188168000},{"poolId":179,"poolName":"UNI/BUSD","assetRewards":"BUSD","claimAmount":"0.00086385","status":1,"claimedTime":1683152076000},{"poolId":179,"poolName":"UNI/BUSD","assetRewards":"BNB","claimAmount":"0.00000078","status":1,"claimedTime":1683152076000},{"poolId":179,"poolName":"UNI/BUSD","assetRewards":"UNI","claimAmount":"0.00013984","status":1,"claimedTime":1683152076000},{"poolId":179,"poolName":"UNI/BUSD","assetRewards":"UNI","claimAmount":"0.00015739","status":1,"claimedTime":1683131421000},{"poolId":179,"poolName":"UNI/BUSD","assetRewards":"BUSD","claimAmount":"0.0006835","status":1,"claimedTime":1683131421000},{"poolId":179,"poolName":"UNI/BUSD","assetRewards":"BNB","claimAmount":"0.00000247","status":1,"claimedTime":1683131421000},{"poolId":179,"poolName":"UNI/BUSD","assetRewards":"BUSD","claimAmount":"0.00190445","status":1,"claimedTime":1683063079000},{"poolId":179,"poolName":"UNI/BUSD","assetRewards":"BNB","claimAmount":"0.00000494","status":1,"claimedTime":1683063079000},{"poolId":179,"poolName":"UNI/BUSD","assetRewards":"UNI","claimAmount":"0.00037018","status":1,"claimedTime":1683063079000},{"poolId":179,"poolName":"UNI/BUSD","assetRewards":"UNI","claimAmount":"0.00030058","status":1,"claimedTime":1682926198000},{"poolId":179,"poolName":"UNI/BUSD","assetRewards":"BNB","claimAmount":"0.00000299","status":1,"claimedTime":1682926198000},{"poolId":179,"poolName":"UNI/BUSD","assetRewards":"BUSD","claimAmount":"0.00140461","status":1,"claimedTime":1682926198000},{"poolId":179,"poolName":"UNI/BUSD","assetRewards":"BNB","claimAmount":"0.00000325","status":1,"claimedTime":1682844681000},{"poolId":179,"poolName":"UNI/BUSD","assetRewards":"UNI","claimAmount":"0.00011321","status":1,"claimedTime":1682844681000},{"poolId":179,"poolName":"UNI/BUSD","assetRewards":"BUSD","claimAmount":"0.00068123","status":1,"claimedTime":1682844681000},{"poolId":179,"poolName":"UNI/BUSD","assetRewards":"BUSD","claimAmount":"0.00098828","status":1,"claimedTime":1682754226000},{"poolId":179,"poolName":"UNI/BUSD","assetRewards":"BNB","claimAmount":"0.00000325","status":1,"claimedTime":1682754226000},{"poolId":179,"poolName":"UNI/BUSD","assetRewards":"UNI","claimAmount":"0.00017371","status":1,"claimedTime":1682754226000},{"poolId":179,"poolName":"UNI/BUSD","assetRewards":"UNI","claimAmount":"0.00005894","status":1,"claimedTime":1682664233000},{"poolId":179,"poolName":"UNI/BUSD","assetRewards":"BNB","claimAmount":"0.00000117","status":1,"claimedTime":1682664233000},{"poolId":179,"poolName":"UNI/BUSD","assetRewards":"BUSD","claimAmount":"0.00028559","status":1,"claimedTime":1682664233000},{"poolId":179,"poolName":"UNI/BUSD","assetRewards":"BNB","claimAmount":"0.00000091","status":1,"claimedTime":1682631100000},{"poolId":179,"poolName":"UNI/BUSD","assetRewards":"BUSD","claimAmount":"0.00095046","status":1,"claimedTime":1682631100000},{"poolId":179,"poolName":"UNI/BUSD","assetRewards":"UNI","claimAmount":"0.00014096","status":1,"claimedTime":1682631100000},{"poolId":179,"poolName":"UNI/BUSD","assetRewards":"BNB","claimAmount":"0.000003","status":1,"claimedTime":1682607190000},{"poolId":179,"poolName":"UNI/BUSD","assetRewards":"UNI","claimAmount":"0.00085843","status":1,"claimedTime":1682607190000},{"poolId":179,"poolName":"UNI/BUSD","assetRewards":"BUSD","claimAmount":"0.00438822","status":1,"claimedTime":1682607190000},{"poolId":179,"poolName":"UNI/BUSD","assetRewards":"BUSD","claimAmount":"0.00032826","status":1,"claimedTime":1682514259000},{"poolId":179,"poolName":"UNI/BUSD","assetRewards":"UNI","claimAmount":"0.00003627","status":1,"claimedTime":1682514259000},{"poolId":179,"poolName":"UNI/BUSD","assetRewards":"BNB","claimAmount":"0.0000006","status":1,"claimedTime":1682514259000},{"poolId":179,"poolName":"UNI/BUSD","assetRewards":"UNI","claimAmount":"0.00008144","status":1,"claimedTime":1682496343000},{"poolId":179,"poolName":"UNI/BUSD","assetRewards":"BNB","claimAmount":"0.00000132","status":1,"claimedTime":1682496343000},{"poolId":179,"poolName":"UNI/BUSD","assetRewards":"BUSD","claimAmount":"0.00050707","status":1,"claimedTime":1682496343000},{"poolId":179,"poolName":"UNI/BUSD","assetRewards":"UNI","claimAmount":"0.000127","status":1,"claimedTime":1682457957000},{"poolId":179,"poolName":"UNI/BUSD","assetRewards":"BNB","claimAmount":"0.00000096","status":1,"claimedTime":1682457957000},{"poolId":179,"poolName":"UNI/BUSD","assetRewards":"BUSD","claimAmount":"0.00076856","status":1,"claimedTime":1682457957000},{"poolId":179,"poolName":"UNI/BUSD","assetRewards":"BNB","claimAmount":"0.00000192","status":1,"claimedTime":1682429126000},{"poolId":179,"poolName":"UNI/BUSD","assetRewards":"UNI","claimAmount":"0.00017555","status":1,"claimedTime":1682429126000},{"poolId":179,"poolName":"UNI/BUSD","assetRewards":"BUSD","claimAmount":"0.00088085","status":1,"claimedTime":1682429126000},{"poolId":179,"poolName":"UNI/BUSD","assetRewards":"BUSD","claimAmount":"0.00091609","status":1,"claimedTime":1682372060000},{"poolId":179,"poolName":"UNI/BUSD","assetRewards":"BNB","claimAmount":"0.00000144","status":1,"claimedTime":1682372060000},{"poolId":179,"poolName":"UNI/BUSD","assetRewards":"UNI","claimAmount":"0.00017378","status":1,"claimedTime":1682372060000},{"poolId":179,"poolName":"UNI/BUSD","assetRewards":"BUSD","claimAmount":"0.00175664","status":1,"claimedTime":1682330463000},{"poolId":179,"poolName":"UNI/BUSD","assetRewards":"BNB","claimAmount":"0.0000024","status":1,"claimedTime":1682330463000},{"poolId":179,"poolName":"UNI/BUSD","assetRewards":"UNI","claimAmount":"0.00036414","status":1,"claimedTime":1682330463000},{"poolId":179,"poolName":"UNI/BUSD","assetRewards":"BNB","claimAmount":"0.00000468","status":1,"claimedTime":1682255554000},{"poolId":179,"poolName":"UNI/BUSD","assetRewards":"UNI","claimAmount":"0.00031104","status":1,"claimedTime":1682255554000},{"poolId":179,"poolName":"UNI/BUSD","assetRewards":"BUSD","claimAmount":"0.00170762","status":1,"claimedTime":1682255554000},{"poolId":179,"poolName":"UNI/BUSD","assetRewards":"BNB","claimAmount":"0.000003","status":1,"claimedTime":1682115557000},{"poolId":179,"poolName":"UNI/BUSD","assetRewards":"BUSD","claimAmount":"0.00263449","status":1,"claimedTime":1682115557000},{"poolId":179,"poolName":"UNI/BUSD","assetRewards":"UNI","claimAmount":"0.00054918","status":1,"claimedTime":1682115557000},{"poolId":179,"poolName":"UNI/BUSD","assetRewards":"BUSD","claimAmount":"0.00293219","status":1,"claimedTime":1682025935000},{"poolId":179,"poolName":"UNI/BUSD","assetRewards":"BNB","claimAmount":"0.00000288","status":1,"claimedTime":1682025935000},{"poolId":179,"poolName":"UNI/BUSD","assetRewards":"UNI","claimAmount":"0.00054412","status":1,"claimedTime":1682025935000},{"poolId":179,"poolName":"UNI/BUSD","assetRewards":"UNI","claimAmount":"0.00001589","status":1,"claimedTime":1681939984000},{"poolId":179,"poolName":"UNI/BUSD","assetRewards":"BUSD","claimAmount":"0.00010875","status":1,"claimedTime":1681939984000},{"poolId":179,"poolName":"UNI/BUSD","assetRewards":"BNB","claimAmount":"0.00000012","status":1,"claimedTime":1681939984000},{"poolId":179,"poolName":"UNI/BUSD","assetRewards":"UNI","claimAmount":"0.00073656","status":1,"claimedTime":1681936862000},{"poolId":179,"poolName":"UNI/BUSD","assetRewards":"BUSD","claimAmount":"0.00388905","status":1,"claimedTime":1681936862000},{"poolId":179,"poolName":"UNI/BUSD","assetRewards":"BNB","claimAmount":"0.00000288","status":1,"claimedTime":1681936862000},{"poolId":179,"poolName":"UNI/BUSD","assetRewards":"BNB","claimAmount":"0.00000264","status":1,"claimedTime":1681850008000},{"poolId":179,"poolName":"UNI/BUSD","assetRewards":"UNI","claimAmount":"0.00032824","status":1,"claimedTime":1681850008000},{"poolId":179,"poolName":"UNI/BUSD","assetRewards":"BUSD","claimAmount":"0.00226699","status":1,"claimedTime":1681850008000},{"poolId":179,"poolName":"UNI/BUSD","assetRewards":"BNB","claimAmount":"0.0000012","status":1,"claimedTime":1681771185000},{"poolId":179,"poolName":"UNI/BUSD","assetRewards":"UNI","claimAmount":"0.00009548","status":1,"claimedTime":1681771185000},{"poolId":179,"poolName":"UNI/BUSD","assetRewards":"BUSD","claimAmount":"0.00058037","status":1,"claimedTime":1681771185000},{"poolId":179,"poolName":"UNI/BUSD","assetRewards":"BUSD","claimAmount":"0.00098397","status":1,"claimedTime":1681733497000},{"poolId":179,"poolName":"UNI/BUSD","assetRewards":"BNB","claimAmount":"0.00000144","status":1,"claimedTime":1681733497000},{"poolId":179,"poolName":"UNI/BUSD","assetRewards":"UNI","claimAmount":"0.00019149","status":1,"claimedTime":1681733497000},{"poolId":179,"poolName":"UNI/BUSD","assetRewards":"UNI","claimAmount":"0.0001037","status":1,"claimedTime":1681690912000},{"poolId":179,"poolName":"UNI/BUSD","assetRewards":"BNB","claimAmount":"0.00000132","status":1,"claimedTime":1681690912000},{"poolId":179,"poolName":"UNI/BUSD","assetRewards":"BUSD","claimAmount":"0.00069243","status":1,"claimedTime":1681690912000},{"poolId":179,"poolName":"UNI/BUSD","assetRewards":"BNB","claimAmount":"0.0000018","status":1,"claimedTime":1681652755000},{"poolId":179,"poolName":"UNI/BUSD","assetRewards":"BUSD","claimAmount":"0.00123706","status":1,"claimedTime":1681652755000},{"poolId":179,"poolName":"UNI/BUSD","assetRewards":"UNI","claimAmount":"0.00019436","status":1,"claimedTime":1681652755000},{"poolId":179,"poolName":"UNI/BUSD","assetRewards":"UNI","claimAmount":"0.00009927","status":1,"claimedTime":1681597170000},{"poolId":179,"poolName":"UNI/BUSD","assetRewards":"UNI","claimAmount":"0.00009927","status":1,"claimedTime":1681597170000},{"poolId":179,"poolName":"UNI/BUSD","assetRewards":"BNB","claimAmount":"0.00000144","status":1,"claimedTime":1681597170000},{"poolId":179,"poolName":"UNI/BUSD","assetRewards":"BUSD","claimAmount":"0.00062116","status":1,"claimedTime":1681597170000},{"poolId":179,"poolName":"UNI/BUSD","assetRewards":"BUSD","claimAmount":"0.00190477","status":1,"claimedTime":1681556252000},{"poolId":179,"poolName":"UNI/BUSD","assetRewards":"BNB","claimAmount":"0.00000288","status":1,"claimedTime":1681556252000},{"poolId":179,"poolName":"UNI/BUSD","assetRewards":"UNI","claimAmount":"0.00031142","status":1,"claimedTime":1681556252000},{"poolId":179,"poolName":"UNI/BUSD","assetRewards":"UNI","claimAmount":"0.00011862","status":1,"claimedTime":1681470004000},{"poolId":179,"poolName":"UNI/BUSD","assetRewards":"BUSD","claimAmount":"0.00088978","status":1,"claimedTime":1681470004000},{"poolId":179,"poolName":"UNI/BUSD","assetRewards":"BNB","claimAmount":"0.00000144","status":1,"claimedTime":1681470004000},{"poolId":179,"poolName":"UNI/BUSD","assetRewards":"UNI","claimAmount":"0.00013261","status":1,"claimedTime":1681426895000},{"poolId":179,"poolName":"UNI/BUSD","assetRewards":"BNB","claimAmount":"0.00000144","status":1,"claimedTime":1681426895000},{"poolId":179,"poolName":"UNI/BUSD","assetRewards":"BUSD","claimAmount":"0.00091092","status":1,"claimedTime":1681426895000},{"poolId":179,"poolName":"UNI/BUSD","assetRewards":"BNB","claimAmount":"0.00000228","status":1,"claimedTime":1681381222000},{"poolId":179,"poolName":"UNI/BUSD","assetRewards":"UNI","claimAmount":"0.00017664","status":1,"claimedTime":1681381222000},{"poolId":179,"poolName":"UNI/BUSD","assetRewards":"BUSD","claimAmount":"0.00117104","status":1,"claimedTime":1681381222000},{"poolId":179,"poolName":"UNI/BUSD","assetRewards":"BNB","claimAmount":"0.00000048","status":1,"claimedTime":1681315099000},{"poolId":179,"poolName":"UNI/BUSD","assetRewards":"BUSD","claimAmount":"0.00077906","status":1,"claimedTime":1681315099000},{"poolId":179,"poolName":"UNI/BUSD","assetRewards":"UNI","claimAmount":"0.00010718","status":1,"claimedTime":1681315099000},{"poolId":179,"poolName":"UNI/BUSD","assetRewards":"UNI","claimAmount":"0.00018106","status":1,"claimedTime":1681297621000},{"poolId":179,"poolName":"UNI/BUSD","assetRewards":"BUSD","claimAmount":"0.00092915","status":1,"claimedTime":1681297621000},{"poolId":179,"poolName":"UNI/BUSD","assetRewards":"BNB","claimAmount":"0.00000156","status":1,"claimedTime":1681297621000},{"poolId":179,"poolName":"UNI/BUSD","assetRewards":"BUSD","claimAmount":"0.00196502","status":1,"claimedTime":1681253090000},{"poolId":179,"poolName":"UNI/BUSD","assetRewards":"BNB","claimAmount":"0.00000372","status":1,"claimedTime":1681253090000},{"poolId":179,"poolName":"UNI/BUSD","assetRewards":"UNI","claimAmount":"0.0003195","status":1,"claimedTime":1681253090000},{"poolId":179,"poolName":"UNI/BUSD","assetRewards":"BUSD","claimAmount":"0.00098278","status":1,"claimedTime":1681141566000},{"poolId":179,"poolName":"UNI/BUSD","assetRewards":"BNB","claimAmount":"0.0000036","status":1,"claimedTime":1681141566000},{"poolId":179,"poolName":"UNI/BUSD","assetRewards":"UNI","claimAmount":"0.00017143","status":1,"claimedTime":1681141566000},{"poolId":179,"poolName":"UNI/BUSD","assetRewards":"BNB","claimAmount":"0.00000132","status":1,"claimedTime":1681032361000},{"poolId":179,"poolName":"UNI/BUSD","assetRewards":"BUSD","claimAmount":"0.00047337","status":1,"claimedTime":1681032361000},{"poolId":179,"poolName":"UNI/BUSD","assetRewards":"UNI","claimAmount":"0.00009445","status":1,"claimedTime":1681032361000},{"poolId":179,"poolName":"UNI/BUSD","assetRewards":"BNB","claimAmount":"0.00000132","status":1,"claimedTime":1680992772000},{"poolId":179,"poolName":"UNI/BUSD","assetRewards":"UNI","claimAmount":"0.00006996","status":1,"claimedTime":1680992772000},{"poolId":179,"poolName":"UNI/BUSD","assetRewards":"BUSD","claimAmount":"0.00030426","status":1,"claimedTime":1680992772000},{"poolId":179,"poolName":"UNI/BUSD","assetRewards":"BNB","claimAmount":"0.00000336","status":1,"claimedTime":1680953654000},{"poolId":179,"poolName":"UNI/BUSD","assetRewards":"BUSD","claimAmount":"0.00097733","status":1,"claimedTime":1680953654000},{"poolId":179,"poolName":"UNI/BUSD","assetRewards":"UNI","claimAmount":"0.00016271","status":1,"claimedTime":1680953654000},{"poolId":179,"poolName":"UNI/BUSD","assetRewards":"BUSD","claimAmount":"0.00037577","status":1,"claimedTime":1680851854000},{"poolId":179,"poolName":"UNI/BUSD","assetRewards":"UNI","claimAmount":"0.00008392","status":1,"claimedTime":1680851854000},{"poolId":179,"poolName":"UNI/BUSD","assetRewards":"BNB","claimAmount":"0.00000132","status":1,"claimedTime":1680851854000},{"poolId":179,"poolName":"UNI/BUSD","assetRewards":"BUSD","claimAmount":"0.00007197","status":1,"claimedTime":1680814838000},{"poolId":179,"poolName":"UNI/BUSD","assetRewards":"UNI","claimAmount":"0.00001871","status":1,"claimedTime":1680814838000},{"poolId":179,"poolName":"UNI/BUSD","assetRewards":"BNB","claimAmount":"0.00000048","status":1,"claimedTime":1680814838000},{"poolId":179,"poolName":"UNI/BUSD","assetRewards":"BNB","claimAmount":"0.00000012","status":1,"claimedTime":1680799217000},{"poolId":179,"poolName":"UNI/BUSD","assetRewards":"UNI","claimAmount":"0.00000613","status":1,"claimedTime":1680799217000},{"poolId":179,"poolName":"UNI/BUSD","assetRewards":"BUSD","claimAmount":"0.00006445","status":1,"claimedTime":1680799217000},{"poolId":179,"poolName":"UNI/BUSD","assetRewards":"UNI","claimAmount":"0.00003514","status":1,"claimedTime":1680794103000},{"poolId":179,"poolName":"UNI/BUSD","assetRewards":"BNB","claimAmount":"0.00000036","status":1,"claimedTime":1680794103000},{"poolId":179,"poolName":"UNI/BUSD","assetRewards":"BUSD","claimAmount":"0.00021045","status":1,"claimedTime":1680794103000},{"poolId":179,"poolName":"UNI/BUSD","assetRewards":"BNB","claimAmount":"0.00000024","status":1,"claimedTime":1680782978000},{"poolId":179,"poolName":"UNI/BUSD","assetRewards":"UNI","claimAmount":"0.00003205","status":1,"claimedTime":1680782978000},{"poolId":179,"poolName":"UNI/BUSD","assetRewards":"BUSD","claimAmount":"0.00017559","status":1,"claimedTime":1680782978000},{"poolId":179,"poolName":"UNI/BUSD","assetRewards":"BUSD","claimAmount":"0.00139828","status":1,"claimedTime":1680776732000},{"poolId":179,"poolName":"UNI/BUSD","assetRewards":"UNI","claimAmount":"0.00025995","status":1,"claimedTime":1680776732000},{"poolId":179,"poolName":"UNI/BUSD","assetRewards":"BNB","claimAmount":"0.000003","status":1,"claimedTime":1680776732000},{"poolId":179,"poolName":"UNI/BUSD","assetRewards":"BNB","claimAmount":"0.00000156","status":1,"claimedTime":1680686522000},{"poolId":179,"poolName":"UNI/BUSD","assetRewards":"UNI","claimAmount":"0.00011638","status":1,"claimedTime":1680686522000},{"poolId":179,"poolName":"UNI/BUSD","assetRewards":"BUSD","claimAmount":"0.00088365","status":1,"claimedTime":1680686522000},{"poolId":179,"poolName":"UNI/BUSD","assetRewards":"BUSD","claimAmount":"0.00118722","status":1,"claimedTime":1680641878000},{"poolId":179,"poolName":"UNI/BUSD","assetRewards":"BNB","claimAmount":"0.0000012","status":1,"claimedTime":1680641878000},{"poolId":179,"poolName":"UNI/BUSD","assetRewards":"UNI","claimAmount":"0.00017309","status":1,"claimedTime":1680641878000},{"poolId":179,"poolName":"UNI/BUSD","assetRewards":"BNB","claimAmount":"0.0000018","status":1,"claimedTime":1680602777000},{"poolId":179,"poolName":"UNI/BUSD","assetRewards":"BUSD","claimAmount":"0.00120614","status":1,"claimedTime":1680602777000},{"poolId":179,"poolName":"UNI/BUSD","assetRewards":"UNI","claimAmount":"0.0002169","status":1,"claimedTime":1680602777000},{"poolId":179,"poolName":"UNI/BUSD","assetRewards":"BUSD","claimAmount":"0.00020065","status":1,"claimedTime":1680551457000},{"poolId":179,"poolName":"UNI/BUSD","assetRewards":"BNB","claimAmount":"0.00000012","status":1,"claimedTime":1680551457000},{"poolId":179,"poolName":"UNI/BUSD","assetRewards":"UNI","claimAmount":"0.00002541","status":1,"claimedTime":1680551457000},{"poolId":179,"poolName":"UNI/BUSD","assetRewards":"BUSD","claimAmount":"0.0004321","status":1,"claimedTime":1680545384000},{"poolId":179,"poolName":"UNI/BUSD","assetRewards":"UNI","claimAmount":"0.00006897","status":1,"claimedTime":1680545384000},{"poolId":179,"poolName":"UNI/BUSD","assetRewards":"BNB","claimAmount":"0.00000054","status":1,"claimedTime":1680545384000},{"poolId":179,"poolName":"UNI/BUSD","assetRewards":"UNI","claimAmount":"0.00032511","status":1,"claimedTime":1680536388000},{"poolId":179,"poolName":"UNI/BUSD","assetRewards":"BUSD","claimAmount":"0.00192024","status":1,"claimedTime":1680536388000},{"poolId":179,"poolName":"UNI/BUSD","assetRewards":"BNB","claimAmount":"0.00000342","status":1,"claimedTime":1680536388000},{"poolId":179,"poolName":"UNI/BUSD","assetRewards":"BUSD","claimAmount":"0.00146208","status":1,"claimedTime":1680466432000},{"poolId":179,"poolName":"UNI/BUSD","assetRewards":"UNI","claimAmount":"0.00028872","status":1,"claimedTime":1680466432000},{"poolId":179,"poolName":"UNI/BUSD","assetRewards":"BNB","claimAmount":"0.00000396","status":1,"claimedTime":1680466432000},{"poolId":179,"poolName":"UNI/BUSD","assetRewards":"UNI","claimAmount":"0.00028524","status":1,"claimedTime":1680388352000},{"poolId":179,"poolName":"UNI/BUSD","assetRewards":"BUSD","claimAmount":"0.00182511","status":1,"claimedTime":1680388352000},{"poolId":179,"poolName":"UNI/BUSD","assetRewards":"BNB","claimAmount":"0.00000432","status":1,"claimedTime":1680388352000},{"poolId":179,"poolName":"UNI/BUSD","assetRewards":"BUSD","claimAmount":"0.00279754","status":1,"claimedTime":1680300199000},{"poolId":179,"poolName":"UNI/BUSD","assetRewards":"UNI","claimAmount":"0.00042116","status":1,"claimedTime":1680300199000},{"poolId":179,"poolName":"UNI/BUSD","assetRewards":"BNB","claimAmount":"0.00000486","status":1,"claimedTime":1680300199000},{"poolId":179,"poolName":"UNI/BUSD","assetRewards":"BNB","claimAmount":"0.00000378","status":1,"claimedTime":1680204585000},{"poolId":179,"poolName":"UNI/BUSD","assetRewards":"UNI","claimAmount":"0.00058354","status":1,"claimedTime":1680204585000},{"poolId":179,"poolName":"UNI/BUSD","assetRewards":"BUSD","claimAmount":"0.00330559","status":1,"claimedTime":1680204585000},{"poolId":179,"poolName":"UNI/BUSD","assetRewards":"BNB","claimAmount":"0.00000018","status":1,"claimedTime":1680128126000},{"poolId":179,"poolName":"UNI/BUSD","assetRewards":"BUSD","claimAmount":"0.0000291","status":1,"claimedTime":1680128126000},{"poolId":179,"poolName":"UNI/BUSD","assetRewards":"UNI","claimAmount":"0.00001019","status":1,"claimedTime":1680128126000},{"poolId":179,"poolName":"UNI/BUSD","assetRewards":"BNB","claimAmount":"0.00000216","status":1,"claimedTime":1680127323000},{"poolId":179,"poolName":"UNI/BUSD","assetRewards":"UNI","claimAmount":"0.00020526","status":1,"claimedTime":1680127323000},{"poolId":179,"poolName":"UNI/BUSD","assetRewards":"BUSD","claimAmount":"0.00117612","status":1,"claimedTime":1680127323000},{"poolId":179,"poolName":"UNI/BUSD","assetRewards":"BNB","claimAmount":"0.00000288","status":1,"claimedTime":1680083332000},{"poolId":179,"poolName":"UNI/BUSD","assetRewards":"BUSD","claimAmount":"0.00231495","status":1,"claimedTime":1680083332000},{"poolId":179,"poolName":"UNI/BUSD","assetRewards":"UNI","claimAmount":"0.00031655","status":1,"claimedTime":1680083332000},{"poolId":179,"poolName":"UNI/BUSD","assetRewards":"BNB","claimAmount":"0.0000036","status":1,"claimedTime":1680024083000},{"poolId":179,"poolName":"UNI/BUSD","assetRewards":"UNI","claimAmount":"0.00046931","status":1,"claimedTime":1680024083000},{"poolId":179,"poolName":"UNI/BUSD","assetRewards":"BUSD","claimAmount":"0.00284531","status":1,"claimedTime":1680024083000},{"poolId":179,"poolName":"UNI/BUSD","assetRewards":"BNB","claimAmount":"0.00000475","status":1,"claimedTime":1679956293000},{"poolId":179,"poolName":"UNI/BUSD","assetRewards":"UNI","claimAmount":"0.00102559","status":1,"claimedTime":1679956293000},{"poolId":179,"poolName":"UNI/BUSD","assetRewards":"BUSD","claimAmount":"0.00560757","status":1,"claimedTime":1679956293000},{"poolId":179,"poolName":"UNI/BUSD","assetRewards":"BNB","claimAmount":"0.00000399","status":1,"claimedTime":1679865874000},{"poolId":179,"poolName":"UNI/BUSD","assetRewards":"BNB","claimAmount":"0.00000399","status":1,"claimedTime":1679865874000},{"poolId":179,"poolName":"UNI/BUSD","assetRewards":"UNI","claimAmount":"0.00032554","status":1,"claimedTime":1679865874000},{"poolId":179,"poolName":"UNI/BUSD","assetRewards":"BUSD","claimAmount":"0.00189172","status":1,"claimedTime":1679865874000},{"poolId":179,"poolName":"UNI/BUSD","assetRewards":"UNI","claimAmount":"0.00034289","status":1,"claimedTime":1679789336000},{"poolId":179,"poolName":"UNI/BUSD","assetRewards":"BNB","claimAmount":"0.00000247","status":1,"claimedTime":1679789336000},{"poolId":179,"poolName":"UNI/BUSD","assetRewards":"BUSD","claimAmount":"0.00174776","status":1,"claimedTime":1679789336000},{"poolId":179,"poolName":"UNI/BUSD","assetRewards":"UNI","claimAmount":"0.00060893","status":1,"claimedTime":1679744976000},{"poolId":179,"poolName":"UNI/BUSD","assetRewards":"BNB","claimAmount":"0.0000038","status":1,"claimedTime":1679744976000},{"poolId":179,"poolName":"UNI/BUSD","assetRewards":"BUSD","claimAmount":"0.00339349","status":1,"claimedTime":1679744976000},{"poolId":179,"poolName":"UNI/BUSD","assetRewards":"UNI","claimAmount":"0.00058689","status":1,"claimedTime":1679670805000},{"poolId":179,"poolName":"UNI/BUSD","assetRewards":"BNB","claimAmount":"0.00000342","status":1,"claimedTime":1679670805000},{"poolId":179,"poolName":"UNI/BUSD","assetRewards":"BUSD","claimAmount":"0.0031618","status":1,"claimedTime":1679670805000},{"poolId":179,"poolName":"UNI/BUSD","assetRewards":"UNI","claimAmount":"0.00072792","status":1,"claimedTime":1679607873000},{"poolId":179,"poolName":"UNI/BUSD","assetRewards":"BUSD","claimAmount":"0.0047471","status":1,"claimedTime":1679607873000},{"poolId":179,"poolName":"UNI/BUSD","assetRewards":"BNB","claimAmount":"0.00000418","status":1,"claimedTime":1679607873000},{"poolId":179,"poolName":"UNI/BUSD","assetRewards":"BUSD","claimAmount":"0.00731048","status":1,"claimedTime":1679529731000},{"poolId":179,"poolName":"UNI/BUSD","assetRewards":"UNI","claimAmount":"0.0012551","status":1,"claimedTime":1679529731000},{"poolId":179,"poolName":"UNI/BUSD","assetRewards":"BNB","claimAmount":"0.00000209","status":1,"claimedTime":1679529731000},{"poolId":179,"poolName":"UNI/BUSD","assetRewards":"UNI","claimAmount":"0.00044186","status":1,"claimedTime":1679486739000},{"poolId":179,"poolName":"UNI/BUSD","assetRewards":"BNB","claimAmount":"0.00000304","status":1,"claimedTime":1679486739000},{"poolId":179,"poolName":"UNI/BUSD","assetRewards":"BUSD","claimAmount":"0.00267037","status":1,"claimedTime":1679486739000},{"poolId":179,"poolName":"UNI/BUSD","assetRewards":"UNI","claimAmount":"0.00048221","status":1,"claimedTime":1679431471000},{"poolId":179,"poolName":"UNI/BUSD","assetRewards":"BUSD","claimAmount":"0.00335555","status":1,"claimedTime":1679431471000},{"poolId":179,"poolName":"UNI/BUSD","assetRewards":"BNB","claimAmount":"0.00000171","status":1,"claimedTime":1679431471000},{"poolId":179,"poolName":"UNI/BUSD","assetRewards":"BNB","claimAmount":"0.00000247","status":1,"claimedTime":1679397961000},{"poolId":179,"poolName":"UNI/BUSD","assetRewards":"UNI","claimAmount":"0.00053326","status":1,"claimedTime":1679397961000},{"poolId":179,"poolName":"UNI/BUSD","assetRewards":"BUSD","claimAmount":"0.00318698","status":1,"claimedTime":1679397961000}]
