[{"poolId":180,"poolName":"UNI/USDT","assetRewards":"UNI","claimAmount":"0.00002495","status":1,"claimedTime":1686000848000},{"poolId":180,"poolName":"UNI/USDT","assetRewards":"USDT","claimAmount":"0.00009434","status":1,"claimedTime":1686000848000},{"poolId":180,"poolName":"UNI/USDT","assetRewards":"BNB","claimAmount":"0.00000032","status":1,"claimedTime":1686000848000},{"poolId":180,"poolName":"UNI/USDT","assetRewards":"UNI","claimAmount":"0.00022665","status":1,"claimedTime":1685985812000},{"poolId":180,"poolName":"UNI/USDT","assetRewards":"BNB","claimAmount":"0.00000184","status":1,"claimedTime":1685985812000},{"poolId":180,"poolName":"UNI/USDT","assetRewards":"USDT","claimAmount":"0.00094747","status":1,"claimedTime":1685985812000},{"poolId":180,"poolName":"UNI/USDT","assetRewards":"BNB","claimAmount":"0.00000376","status":1,"claimedTime":1685904929000},{"poolId":180,"poolName":"UNI/USDT","assetRewards":"UNI","claimAmount":"0.00004889","status":1,"claimedTime":1685904929000},{"poolId":180,"poolName":"UNI/USDT","assetRewards":"USDT","claimAmount":"0.00024973","status":1,"claimedTime":1685904929000},{"poolId":180,"poolName":"UNI/USDT","assetRewards":"BNB","claimAmount":"0.00000392","status":1,"claimedTime":1685735343000},{"poolId":180,"poolName":"UNI/USDT","assetRewards":"UNI","claimAmount":"0.00017229","status":1,"claimedTime":1685735343000},{"poolId":180,"poolName":"UNI/USDT","assetRewards":"USDT","claimAmount":"0.00089457","status":1,"claimedTime":1685735343000},{"poolId":180,"poolName":"UNI/USDT","assetRewards":"BNB","claimAmount":"0.00000168","status":1,"claimedTime":1685556359000},{"poolId":180,"poolName":"UNI/USDT","assetRewards":"UNI","claimAmount":"0.00017526","status":1,"claimedTime":1685556359000},{"poolId":180,"poolName":"UNI/USDT","assetRewards":"USDT","claimAmount":"0.00078215","status":1,"claimedTime":1685556359000},{"poolId":180,"poolName":"UNI/USDT","assetRewards":"BNB","claimAmount":"0.00000072","status":1,"claimedTime":1685483670000},{"poolId":180,"poolName":"UNI/USDT","assetRewards":"USDT","claimAmount":"0.00020888","status":1,"claimedTime":1685483670000},{"poolId":180,"poolName":"UNI/USDT","assetRewards":"UNI","claimAmount":"0.00005106","status":1,"claimedTime":1685483670000},{"poolId":180,"poolName":"UNI/USDT","assetRewards":"USDT","claimAmount":"0.00075742","status":1,"claimedTime":1685451525000},{"poolId":180,"poolName":"UNI/USDT","assetRewards":"UNI","claimAmount":"0.00014061","status":1,"claimedTime":1685451525000},{"poolId":180,"poolName":"UNI/USDT","assetRewards":"BNB","claimAmount":"0.00000192","status":1,"claimedTime":1685451525000},{"poolId":180,"poolName":"UNI/USDT","assetRewards":"UNI","claimAmount":"0.0001208","status":1,"claimedTime":1685365008000},{"poolId":180,"poolName":"UNI/USDT","assetRewards":"USDT","claimAmount":"0.00068159","status":1,"claimedTime":1685365008000},{"poolId":180,"poolName":"UNI/USDT","assetRewards":"BNB","claimAmount":"0.00000232","status":1,"claimedTime":1685365008000},{"poolId":180,"poolName":"UNI/USDT","assetRewards":"UNI","claimAmount":"0.00006186","status":1,"claimedTime":1685260935000},{"poolId":180,"poolName":"UNI/USDT","assetRewards":"USDT","claimAmount":"0.00035408","status":1,"claimedTime":1685260935000},{"poolId":180,"poolName":"UNI/USDT","assetRewards":"BNB","claimAmount":"0.00000184","status":1,"claimedTime":1685260935000},{"poolId":180,"poolName":"UNI/USDT","assetRewards":"UNI","claimAmount":"0.00007716","status":1,"claimedTime":1685176600000},{"poolId":180,"poolName":"UNI/USDT","assetRewards":"BNB","claimAmount":"0.00000192","status":1,"claimedTime":1685176600000},{"poolId":180,"poolName":"UNI/USDT","assetRewards":"USDT","claimAmount":"0.00041142","status":1,"claimedTime":1685176600000},{"poolId":180,"poolName":"UNI/USDT","assetRewards":"BNB","claimAmount":"0.00000224","status":1,"claimedTime":1685091462000},{"poolId":180,"poolName":"UNI/USDT","assetRewards":"USDT","claimAmount":"0.00062133","status":1,"claimedTime":1685091462000},{"poolId":180,"poolName":"UNI/USDT","assetRewards":"UNI","claimAmount":"0.00011922","status":1,"claimedTime":1685091462000},{"poolId":180,"poolName":"UNI/USDT","assetRewards":"UNI","claimAmount":"0.00006473","status":1,"claimedTime":1684989641000},{"poolId":180,"poolName":"UNI/USDT","assetRewards":"USDT","claimAmount":"0.00030633","status":1,"claimedTime":1684989641000},{"poolId":180,"poolName":"UNI/USDT","assetRewards":"BNB","claimAmount":"0.00000056","status":1,"claimedTime":1684989641000},{"poolId":180,"poolName":"UNI/USDT","assetRewards":"BNB","claimAmount":"0.00000072","status":1,"claimedTime":1684963285000},{"poolId":180,"poolName":"UNI/USDT","assetRewards":"UNI","claimAmount":"0.00010659","status":1,"claimedTime":1684963285000},{"poolId":180,"poolName":"UNI/USDT","assetRewards":"USDT","claimAmount":"0.00054363","status":1,"claimedTime":1684963285000},{"poolId":180,"poolName":"UNI/USDT","assetRewards":"BNB","claimAmount":"0.00000232","status":1,"claimedTime":1684931951000},{"poolId":180,"poolName":"UNI/USDT","assetRewards":"USDT","claimAmount":"0.00079673","status":1,"claimedTime":1684931951000},{"poolId":180,"poolName":"UNI/USDT","assetRewards":"UNI","claimAmount":"0.00018439","status":1,"claimedTime":1684931951000},{"poolId":180,"poolName":"UNI/USDT","assetRewards":"USDT","claimAmount":"0.00074152","status":1,"claimedTime":1684828045000},{"poolId":180,"poolName":"UNI/USDT","assetRewards":"UNI","claimAmount":"0.00014607","status":1,"claimedTime":1684828045000},{"poolId":180,"poolName":"UNI/USDT","assetRewards":"BNB","claimAmount":"0.00000184","status":1,"claimedTime":1684828045000},{"poolId":180,"poolName":"UNI/USDT","assetRewards":"BNB","claimAmount":"0.00000192","status":1,"claimedTime":1684745220000},{"poolId":180,"poolName":"UNI/USDT","assetRewards":"USDT","claimAmount":"0.00081763","status":1,"claimedTime":1684745220000},{"poolId":180,"poolName":"UNI/USDT","assetRewards":"UNI","claimAmount":"0.00017301","status":1,"claimedTime":1684745220000},{"poolId":180,"poolName":"UNI/USDT","assetRewards":"BNB","claimAmount":"0.00000088","status":1,"claimedTime":1684658716000},{"poolId":180,"poolName":"UNI/USDT","assetRewards":"USDT","claimAmount":"0.00011365","status":1,"claimedTime":1684658716000},{"poolId":180,"poolName":"UNI/USDT","assetRewards":"UNI","claimAmount":"0.00002947","status":1,"claimedTime":1684658716000},{"poolId":180,"poolName":"UNI/USDT","assetRewards":"UNI","claimAmount":"0.00003455","status":1,"claimedTime":1684617421000},{"poolId":180,"poolName":"UNI/USDT","assetRewards":"BNB","claimAmount":"0.00000104","status":1,"claimedTime":1684617421000},{"poolId":180,"poolName":"UNI/USDT","assetRewards":"USDT","claimAmount":"0.00017966","status":1,"claimedTime":1684617421000},{"poolId":180,"poolName":"UNI/USDT","assetRewards":"UNI","claimAmount":"0.00009697","status":1,"claimedTime":1684570840000},{"poolId":180,"poolName":"UNI/USDT","assetRewards":"USDT","claimAmount":"0.00048548","status":1,"claimedTime":1684570840000},{"poolId":180,"poolName":"UNI/USDT","assetRewards":"BNB","claimAmount":"0.00000144","status":1,"claimedTime":1684570840000},{"poolId":180,"poolName":"UNI/USDT","assetRewards":"USDT","claimAmount":"0.00105496","status":1,"claimedTime":1684507388000},{"poolId":180,"poolName":"UNI/USDT","assetRewards":"UNI","claimAmount":"0.00019873","status":1,"claimedTime":1684507388000},{"poolId":180,"poolName":"UNI/USDT","assetRewards":"BNB","claimAmount":"0.00000216","status":1,"claimedTime":1684507388000},{"poolId":180,"poolName":"UNI/USDT","assetRewards":"UNI","claimAmount":"0.00029853","status":1,"claimedTime":1684407951000},{"poolId":180,"poolName":"UNI/USDT","assetRewards":"BNB","claimAmount":"0.000002","status":1,"claimedTime":1684407951000},{"poolId":180,"poolName":"UNI/USDT","assetRewards":"USDT","claimAmount":"0.00172634","status":1,"claimedTime":1684407951000},{"poolId":180,"poolName":"UNI/USDT","assetRewards":"UNI","claimAmount":"0.00016765","status":1,"claimedTime":1684318513000},{"poolId":180,"poolName":"UNI/USDT","assetRewards":"USDT","claimAmount":"0.00088188","status":1,"claimedTime":1684318513000},{"poolId":180,"poolName":"UNI/USDT","assetRewards":"BNB","claimAmount":"0.00000144","status":1,"claimedTime":1684318513000},{"poolId":180,"poolName":"UNI/USDT","assetRewards":"BNB","claimAmount":"0.00000168","status":1,"claimedTime":1684253184000},{"poolId":180,"poolName":"UNI/USDT","assetRewards":"USDT","claimAmount":"0.00100532","status":1,"claimedTime":1684253184000},{"poolId":180,"poolName":"UNI/USDT","assetRewards":"UNI","claimAmount":"0.00020015","status":1,"claimedTime":1684253184000},{"poolId":180,"poolName":"UNI/USDT","assetRewards":"BNB","claimAmount":"0.00000048","status":1,"claimedTime":1684180513000},{"poolId":180,"poolName":"UNI/USDT","assetRewards":"UNI","claimAmount":"0.00005583","status":1,"claimedTime":1684180513000},{"poolId":180,"poolName":"UNI/USDT","assetRewards":"USDT","claimAmount":"0.00025262","status":1,"claimedTime":1684180513000},{"poolId":180,"poolName":"UNI/USDT","assetRewards":"USDT","claimAmount":"0.00106808","status":1,"claimedTime":1684157653000},{"poolId":180,"poolName":"UNI/USDT","assetRewards":"UNI","claimAmount":"0.00020563","status":1,"claimedTime":1684157653000},{"poolId":180,"poolName":"UNI/USDT","assetRewards":"BNB","claimAmount":"0.00000192","status":1,"claimedTime":1684157653000},{"poolId":180,"poolName":"UNI/USDT","assetRewards":"UNI","claimAmount":"0.0000241","status":1,"claimedTime":1684070017000},{"poolId":180,"poolName":"UNI/USDT","assetRewards":"BNB","claimAmount":"0.0000004","status":1,"claimedTime":1684070017000},{"poolId":180,"poolName":"UNI/USDT","assetRewards":"USDT","claimAmount":"0.00013662","status":1,"claimedTime":1684070017000},{"poolId":180,"poolName":"UNI/USDT","assetRewards":"BNB","claimAmount":"0.00000192","status":1,"claimedTime":1684053898000},{"poolId":180,"poolName":"UNI/USDT","assetRewards":"UNI","claimAmount":"0.00016652","status":1,"claimedTime":1684053898000},{"poolId":180,"poolName":"UNI/USDT","assetRewards":"USDT","claimAmount":"0.00080277","status":1,"claimedTime":1684053898000},{"poolId":180,"poolName":"UNI/USDT","assetRewards":"USDT","claimAmount":"0.00047857","status":1,"claimedTime":1683966128000},{"poolId":180,"poolName":"UNI/USDT","assetRewards":"BNB","claimAmount":"0.00000088","status":1,"claimedTime":1683966128000},{"poolId":180,"poolName":"UNI/USDT","assetRewards":"UNI","claimAmount":"0.00008317","status":1,"claimedTime":1683966128000},{"poolId":180,"poolName":"UNI/USDT","assetRewards":"BNB","claimAmount":"0.00000072","status":1,"claimedTime":1683926079000},{"poolId":180,"poolName":"UNI/USDT","assetRewards":"UNI","claimAmount":"0.0001979","status":1,"claimedTime":1683926079000},{"poolId":180,"poolName":"UNI/USDT","assetRewards":"USDT","claimAmount":"0.00104071","status":1,"claimedTime":1683926079000},{"poolId":180,"poolName":"UNI/USDT","assetRewards":"USDT","claimAmount":"0.00037118","status":1,"claimedTime":1683896618000},{"poolId":180,"poolName":"UNI/USDT","assetRewards":"BNB","claimAmount":"0.00000032","status":1,"claimedTime":1683896618000},{"poolId":180,"poolName":"UNI/USDT","assetRewards":"UNI","claimAmount":"0.0000571","status":1,"claimedTime":1683896618000},{"poolId":180,"poolName":"UNI/USDT","assetRewards":"USDT","claimAmount":"0.00186639","status":1,"claimedTime":1683881667000},{"poolId":180,"poolName":"UNI/USDT","assetRewards":"UNI","claimAmount":"0.00038971","status":1,"claimedTime":1683881667000},{"poolId":180,"poolName":"UNI/USDT","assetRewards":"BNB","claimAmount":"0.00000128","status":1,"claimedTime":1683881667000},{"poolId":180,"poolName":"UNI/USDT","assetRewards":"UNI","claimAmount":"0.00040667","status":1,"claimedTime":1683822494000},{"poolId":180,"poolName":"UNI/USDT","assetRewards":"BNB","claimAmount":"0.00000152","status":1,"claimedTime":1683822494000},{"poolId":180,"poolName":"UNI/USDT","assetRewards":"USDT","claimAmount":"0.00210438","status":1,"claimedTime":1683822494000},{"poolId":180,"poolName":"UNI/USDT","assetRewards":"BNB","claimAmount":"0.000002","status":1,"claimedTime":1683755422000},{"poolId":180,"poolName":"UNI/USDT","assetRewards":"UNI","claimAmount":"0.00061171","status":1,"claimedTime":1683755422000},{"poolId":180,"poolName":"UNI/USDT","assetRewards":"USDT","claimAmount":"0.0032409","status":1,"claimedTime":1683755422000},{"poolId":180,"poolName":"UNI/USDT","assetRewards":"UNI","claimAmount":"0.00022629","status":1,"claimedTime":1683662842000},{"poolId":180,"poolName":"UNI/USDT","assetRewards":"UNI","claimAmount":"0.00022629","status":1,"claimedTime":1683662842000},{"poolId":180,"poolName":"UNI/USDT","assetRewards":"USDT","claimAmount":"0.00116475","status":1,"claimedTime":1683662842000},{"poolId":180,"poolName":"UNI/USDT","assetRewards":"BNB","claimAmount":"0.00000184","status":1,"claimedTime":1683662842000},{"poolId":180,"poolName":"UNI/USDT","assetRewards":"UNI","claimAmount":"0.00038537","status":1,"claimedTime":1683581876000},{"poolId":180,"poolName":"UNI/USDT","assetRewards":"USDT","claimAmount":"0.00174432","status":1,"claimedTime":1683581876000},{"poolId":180,"poolName":"UNI/USDT","assetRewards":"BNB","claimAmount":"0.00000088","status":1,"claimedTime":1683581876000},{"poolId":180,"poolName":"UNI/USDT","assetRewards":"BNB","claimAmount":"0.0000012","status":1,"claimedTime":1683541678000},{"poolId":180,"poolName":"UNI/USDT","assetRewards":"USDT","claimAmount":"0.00148265","status":1,"claimedTime":1683541678000},{"poolId":180,"poolName":"UNI/USDT","assetRewards":"UNI","claimAmount":"0.00032281","status":1,"claimedTime":1683541678000},{"poolId":180,"poolName":"UNI/USDT","assetRewards":"BNB","claimAmount":"0.00000272","status":1,"claimedTime":1683488635000},{"poolId":180,"poolName":"UNI/USDT","assetRewards":"UNI","claimAmount":"0.00038839","status":1,"claimedTime":1683488635000},{"poolId":180,"poolName":"UNI/USDT","assetRewards":"USDT","claimAmount":"0.00201587","status":1,"claimedTime":1683488635000},{"poolId":180,"poolName":"UNI/USDT","assetRewards":"UNI","claimAmount":"0.00012731","status":1,"claimedTime":1683365451000},{"poolId":180,"poolName":"UNI/USDT","assetRewards":"BNB","claimAmount":"0.00000096","status":1,"claimedTime":1683365451000},{"poolId":180,"poolName":"UNI/USDT","assetRewards":"USDT","claimAmount":"0.00063261","status":1,"claimedTime":1683365451000},{"poolId":180,"poolName":"UNI/USDT","assetRewards":"USDT","claimAmount":"0.00160854","status":1,"claimedTime":1683321390000},{"poolId":180,"poolName":"UNI/USDT","assetRewards":"UNI","claimAmount":"0.00026058","status":1,"claimedTime":1683321390000},{"poolId":180,"poolName":"UNI/USDT","assetRewards":"BNB","claimAmount":"0.00000104","status":1,"claimedTime":1683321390000},{"poolId":180,"poolName":"UNI/USDT","assetRewards":"USDT","claimAmount":"0.00102791","status":1,"claimedTime":1683277438000},{"poolId":180,"poolName":"UNI/USDT","assetRewards":"UNI","claimAmount":"0.00020017","status":1,"claimedTime":1683277438000},{"poolId":180,"poolName":"UNI/USDT","assetRewards":"BNB","claimAmount":"0.00000192","status":1,"claimedTime":1683277438000},{"poolId":180,"poolName":"UNI/USDT","assetRewards":"UNI","claimAmount":"0.00007121","status":1,"claimedTime":1683188168000},{"poolId":180,"poolName":"UNI/USDT","assetRewards":"USDT","claimAmount":"0.00039171","status":1,"claimedTime":1683188168000},{"poolId":180,"poolName":"UNI/USDT","assetRewards":"BNB","claimAmount":"0.0000007","status":1,"claimedTime":1683188168000},{"poolId":180,"poolName":"UNI/USDT","assetRewards":"BNB","claimAmount":"0.00000042","status":1,"claimedTime":1683152076000},{"poolId":180,"poolName":"UNI/USDT","assetRewards":"UNI","claimAmount":"0.00015263","status":1,"claimedTime":1683152076000},{"poolId":180,"poolName":"UNI/USDT","assetRewards":"USDT","claimAmount":"0.00089702","status":1,"claimedTime":1683152076000},{"poolId":180,"poolName":"UNI/USDT","assetRewards":"BNB","claimAmount":"0.00000133","status":1,"claimedTime":1683131421000},{"poolId":180,"poolName":"UNI/USDT","assetRewards":"UNI","claimAmount":"0.00016455","status":1,"claimedTime":1683131421000},{"poolId":180,"poolName":"UNI/USDT","assetRewards":"USDT","claimAmount":"0.00076957","status":1,"claimedTime":1683131421000},{"poolId":180,"poolName":"UNI/USDT","assetRewards":"UNI","claimAmount":"0.00038077","status":1,"claimedTime":1683063079000},{"poolId":180,"poolName":"UNI/USDT","assetRewards":"BNB","claimAmount":"0.00000266","status":1,"claimedTime":1683063079000},{"poolId":180,"poolName":"UNI/USDT","assetRewards":"USDT","claimAmount":"0.00197132","status":1,"claimedTime":1683063079000},{"poolId":180,"poolName":"UNI/USDT","assetRewards":"UNI","claimAmount":"0.00036457","status":1,"claimedTime":1682926198000},{"poolId":180,"poolName":"UNI/USDT","assetRewards":"BNB","claimAmount":"0.00000218","status":1,"claimedTime":1682926198000},{"poolId":180,"poolName":"UNI/USDT","assetRewards":"USDT","claimAmount":"0.00175988","status":1,"claimedTime":1682926198000},{"poolId":180,"poolName":"UNI/USDT","assetRewards":"BNB","claimAmount":"0.0000025","status":1,"claimedTime":1682844681000},{"poolId":180,"poolName":"UNI/USDT","assetRewards":"USDT","claimAmount":"0.00093635","status":1,"claimedTime":1682844681000},{"poolId":180,"poolName":"UNI/USDT","assetRewards":"UNI","claimAmount":"0.00016079","status":1,"claimedTime":1682844681000},{"poolId":180,"poolName":"UNI/USDT","assetRewards":"BNB","claimAmount":"0.0000025","status":1,"claimedTime":1682754226000},{"poolId":180,"poolName":"UNI/USDT","assetRewards":"USDT","claimAmount":"0.00127316","status":1,"claimedTime":1682754226000},{"poolId":180,"poolName":"UNI/USDT","assetRewards":"UNI","claimAmount":"0.00022836","status":1,"claimedTime":1682754226000},{"poolId":180,"poolName":"UNI/USDT","assetRewards":"BNB","claimAmount":"0.0000009","status":1,"claimedTime":1682664233000},{"poolId":180,"poolName":"UNI/USDT","assetRewards":"UNI","claimAmount":"0.00007967","status":1,"claimedTime":1682664233000},{"poolId":180,"poolName":"UNI/USDT","assetRewards":"USDT","claimAmount":"0.00038774","status":1,"claimedTime":1682664233000},{"poolId":180,"poolName":"UNI/USDT","assetRewards":"USDT","claimAmount":"0.00107853","status":1,"claimedTime":1682631100000},{"poolId":180,"poolName":"UNI/USDT","assetRewards":"UNI","claimAmount":"0.00017024","status":1,"claimedTime":1682631100000},{"poolId":180,"poolName":"UNI/USDT","assetRewards":"BNB","claimAmount":"0.0000007","status":1,"claimedTime":1682631100000},{"poolId":180,"poolName":"UNI/USDT","assetRewards":"BNB","claimAmount":"0.00000234","status":1,"claimedTime":1682607190000},{"poolId":180,"poolName":"UNI/USDT","assetRewards":"UNI","claimAmount":"0.0010717","status":1,"claimedTime":1682607190000},{"poolId":180,"poolName":"UNI/USDT","assetRewards":"USDT","claimAmount":"0.00560375","status":1,"claimedTime":1682607190000},{"poolId":180,"poolName":"UNI/USDT","assetRewards":"UNI","claimAmount":"0.00005729","status":1,"claimedTime":1682514259000},{"poolId":180,"poolName":"UNI/USDT","assetRewards":"USDT","claimAmount":"0.00041397","status":1,"claimedTime":1682514259000},{"poolId":180,"poolName":"UNI/USDT","assetRewards":"BNB","claimAmount":"0.00000036","status":1,"claimedTime":1682514259000},{"poolId":180,"poolName":"UNI/USDT","assetRewards":"UNI","claimAmount":"0.00009449","status":1,"claimedTime":1682496343000},{"poolId":180,"poolName":"UNI/USDT","assetRewards":"USDT","claimAmount":"0.00057763","status":1,"claimedTime":1682496343000},{"poolId":180,"poolName":"UNI/USDT","assetRewards":"BNB","claimAmount":"0.00000099","status":1,"claimedTime":1682496343000},{"poolId":180,"poolName":"UNI/USDT","assetRewards":"UNI","claimAmount":"0.00016044","status":1,"claimedTime":1682457957000},{"poolId":180,"poolName":"UNI/USDT","assetRewards":"USDT","claimAmount":"0.00091965","status":1,"claimedTime":1682457957000},{"poolId":180,"poolName":"UNI/USDT","assetRewards":"BNB","claimAmount":"0.00000072","status":1,"claimedTime":1682457957000},{"poolId":180,"poolName":"UNI/USDT","assetRewards":"UNI","claimAmount":"0.0001928","status":1,"claimedTime":1682429126000},{"poolId":180,"poolName":"UNI/USDT","assetRewards":"BNB","claimAmount":"0.00000144","status":1,"claimedTime":1682429126000},{"poolId":180,"poolName":"UNI/USDT","assetRewards":"USDT","claimAmount":"0.00098534","status":1,"claimedTime":1682429126000},{"poolId":180,"poolName":"UNI/USDT","assetRewards":"USDT","claimAmount":"0.00104202","status":1,"claimedTime":1682372060000},{"poolId":180,"poolName":"UNI/USDT","assetRewards":"UNI","claimAmount":"0.00019554","status":1,"claimedTime":1682372060000},{"poolId":180,"poolName":"UNI/USDT","assetRewards":"BNB","claimAmount":"0.00000108","status":1,"claimedTime":1682372060000},{"poolId":180,"poolName":"UNI/USDT","assetRewards":"UNI","claimAmount":"0.00040513","status":1,"claimedTime":1682330463000},{"poolId":180,"poolName":"UNI/USDT","assetRewards":"BNB","claimAmount":"0.00000185","status":1,"claimedTime":1682330463000},{"poolId":180,"poolName":"UNI/USDT","assetRewards":"USDT","claimAmount":"0.00200304","status":1,"claimedTime":1682330463000},{"poolId":180,"poolName":"UNI/USDT","assetRewards":"USDT","claimAmount":"0.0020393","status":1,"claimedTime":1682255554000},{"poolId":180,"poolName":"UNI/USDT","assetRewards":"UNI","claimAmount":"0.00036402","status":1,"claimedTime":1682255554000},{"poolId":180,"poolName":"UNI/USDT","assetRewards":"BNB","claimAmount":"0.00000385","status":1,"claimedTime":1682255554000},{"poolId":180,"poolName":"UNI/USDT","assetRewards":"USDT","claimAmount":"0.00318602","status":1,"claimedTime":1682115557000},{"poolId":180,"poolName":"UNI/USDT","assetRewards":"BNB","claimAmount":"0.00000247","status":1,"claimedTime":1682115557000},{"poolId":180,"poolName":"UNI/USDT","assetRewards":"UNI","claimAmount":"0.00065314","status":1,"claimedTime":1682115557000},{"poolId":180,"poolName":"UNI/USDT","assetRewards":"UNI","claimAmount":"0.00064393","status":1,"claimedTime":1682025935000},{"poolId":180,"poolName":"UNI/USDT","assetRewards":"BNB","claimAmount":"0.0000022","status":1,"claimedTime":1682025935000},{"poolId":180,"poolName":"UNI/USDT","assetRewards":"USDT","claimAmount":"0.00345299","status":1,"claimedTime":1682025935000},{"poolId":180,"poolName":"UNI/USDT","assetRewards":"UNI","claimAmount":"0.00001696","status":1,"claimedTime":1681939984000},{"poolId":180,"poolName":"UNI/USDT","assetRewards":"USDT","claimAmount":"0.00010592","status":1,"claimedTime":1681939984000},{"poolId":180,"poolName":"UNI/USDT","assetRewards":"BNB","claimAmount":"0.0000001","status":1,"claimedTime":1681939984000},{"poolId":180,"poolName":"UNI/USDT","assetRewards":"USDT","claimAmount":"0.00478028","status":1,"claimedTime":1681936862000},{"poolId":180,"poolName":"UNI/USDT","assetRewards":"BNB","claimAmount":"0.00000238","status":1,"claimedTime":1681936862000},{"poolId":180,"poolName":"UNI/USDT","assetRewards":"UNI","claimAmount":"0.00086092","status":1,"claimedTime":1681936862000},{"poolId":180,"poolName":"UNI/USDT","assetRewards":"USDT","claimAmount":"0.00197933","status":1,"claimedTime":1681850008000},{"poolId":180,"poolName":"UNI/USDT","assetRewards":"BNB","claimAmount":"0.00000203","status":1,"claimedTime":1681850008000},{"poolId":180,"poolName":"UNI/USDT","assetRewards":"UNI","claimAmount":"0.00030482","status":1,"claimedTime":1681850008000},{"poolId":180,"poolName":"UNI/USDT","assetRewards":"UNI","claimAmount":"0.00011961","status":1,"claimedTime":1681771185000},{"poolId":180,"poolName":"UNI/USDT","assetRewards":"BNB","claimAmount":"0.0000009","status":1,"claimedTime":1681771185000},{"poolId":180,"poolName":"UNI/USDT","assetRewards":"USDT","claimAmount":"0.0006963","status":1,"claimedTime":1681771185000},{"poolId":180,"poolName":"UNI/USDT","assetRewards":"USDT","claimAmount":"0.00137153","status":1,"claimedTime":1681733497000},{"poolId":180,"poolName":"UNI/USDT","assetRewards":"BNB","claimAmount":"0.00000108","status":1,"claimedTime":1681733497000},{"poolId":180,"poolName":"UNI/USDT","assetRewards":"UNI","claimAmount":"0.00025734","status":1,"claimedTime":1681733497000},{"poolId":180,"poolName":"UNI/USDT","assetRewards":"UNI","claimAmount":"0.00013731","status":1,"claimedTime":1681690912000},{"poolId":180,"poolName":"UNI/USDT","assetRewards":"BNB","claimAmount":"0.00000099","status":1,"claimedTime":1681690912000},{"poolId":180,"poolName":"UNI/USDT","assetRewards":"USDT","claimAmount":"0.00086225","status":1,"claimedTime":1681690912000},{"poolId":180,"poolName":"UNI/USDT","assetRewards":"BNB","claimAmount":"0.00000135","status":1,"claimedTime":1681652755000},{"poolId":180,"poolName":"UNI/USDT","assetRewards":"UNI","claimAmount":"0.0002453","status":1,"claimedTime":1681652755000},{"poolId":180,"poolName":"UNI/USDT","assetRewards":"USDT","claimAmount":"0.00151114","status":1,"claimedTime":1681652755000},{"poolId":180,"poolName":"UNI/USDT","assetRewards":"USDT","claimAmount":"0.00069894","status":1,"claimedTime":1681597170000},{"poolId":180,"poolName":"UNI/USDT","assetRewards":"USDT","claimAmount":"0.00069894","status":1,"claimedTime":1681597170000},{"poolId":180,"poolName":"UNI/USDT","assetRewards":"UNI","claimAmount":"0.00012549","status":1,"claimedTime":1681597170000},{"poolId":180,"poolName":"UNI/USDT","assetRewards":"BNB","claimAmount":"0.00000114","status":1,"claimedTime":1681597170000},{"poolId":180,"poolName":"UNI/USDT","assetRewards":"USDT","claimAmount":"0.00267884","status":1,"claimedTime":1681556252000},{"poolId":180,"poolName":"UNI/USDT","assetRewards":"BNB","claimAmount":"0.00000264","status":1,"claimedTime":1681556252000},{"poolId":180,"poolName":"UNI/USDT","assetRewards":"UNI","claimAmount":"0.00046764","status":1,"claimedTime":1681556252000},{"poolId":180,"poolName":"UNI/USDT","assetRewards":"BNB","claimAmount":"0.00000132","status":1,"claimedTime":1681470004000},{"poolId":180,"poolName":"UNI/USDT","assetRewards":"UNI","claimAmount":"0.00016965","status":1,"claimedTime":1681470004000},{"poolId":180,"poolName":"UNI/USDT","assetRewards":"USDT","claimAmount":"0.00119676","status":1,"claimedTime":1681470004000},{"poolId":180,"poolName":"UNI/USDT","assetRewards":"BNB","claimAmount":"0.00000124","status":1,"claimedTime":1681426895000},{"poolId":180,"poolName":"UNI/USDT","assetRewards":"USDT","claimAmount":"0.00129686","status":1,"claimedTime":1681426895000},{"poolId":180,"poolName":"UNI/USDT","assetRewards":"UNI","claimAmount":"0.00020004","status":1,"claimedTime":1681426895000},{"poolId":180,"poolName":"UNI/USDT","assetRewards":"UNI","claimAmount":"0.00024997","status":1,"claimedTime":1681381222000},{"poolId":180,"poolName":"UNI/USDT","assetRewards":"BNB","claimAmount":"0.0000019","status":1,"claimedTime":1681381222000},{"poolId":180,"poolName":"UNI/USDT","assetRewards":"USDT","claimAmount":"0.00150544","status":1,"claimedTime":1681381222000},{"poolId":180,"poolName":"UNI/USDT","assetRewards":"BNB","claimAmount":"0.0000004","status":1,"claimedTime":1681315099000},{"poolId":180,"poolName":"UNI/USDT","assetRewards":"USDT","claimAmount":"0.00078526","status":1,"claimedTime":1681315099000},{"poolId":180,"poolName":"UNI/USDT","assetRewards":"UNI","claimAmount":"0.00010781","status":1,"claimedTime":1681315099000},{"poolId":180,"poolName":"UNI/USDT","assetRewards":"UNI","claimAmount":"0.00018745","status":1,"claimedTime":1681297621000},{"poolId":180,"poolName":"UNI/USDT","assetRewards":"BNB","claimAmount":"0.0000013","status":1,"claimedTime":1681297621000},{"poolId":180,"poolName":"UNI/USDT","assetRewards":"USDT","claimAmount":"0.00092372","status":1,"claimedTime":1681297621000},{"poolId":180,"poolName":"UNI/USDT","assetRewards":"USDT","claimAmount":"0.00237009","status":1,"claimedTime":1681253090000},{"poolId":180,"poolName":"UNI/USDT","assetRewards":"UNI","claimAmount":"0.00040757","status":1,"claimedTime":1681253090000},{"poolId":180,"poolName":"UNI/USDT","assetRewards":"BNB","claimAmount":"0.0000031","status":1,"claimedTime":1681253090000},{"poolId":180,"poolName":"UNI/USDT","assetRewards":"USDT","claimAmount":"0.00112637","status":1,"claimedTime":1681141566000},{"poolId":180,"poolName":"UNI/USDT","assetRewards":"UNI","claimAmount":"0.00020721","status":1,"claimedTime":1681141566000},{"poolId":180,"poolName":"UNI/USDT","assetRewards":"BNB","claimAmount":"0.000003","status":1,"claimedTime":1681141566000},{"poolId":180,"poolName":"UNI/USDT","assetRewards":"USDT","claimAmount":"0.00055802","status":1,"claimedTime":1681032361000},{"poolId":180,"poolName":"UNI/USDT","assetRewards":"BNB","claimAmount":"0.0000011","status":1,"claimedTime":1681032361000},{"poolId":180,"poolName":"UNI/USDT","assetRewards":"UNI","claimAmount":"0.00011222","status":1,"claimedTime":1681032361000},{"poolId":180,"poolName":"UNI/USDT","assetRewards":"BNB","claimAmount":"0.0000011","status":1,"claimedTime":1680992772000},{"poolId":180,"poolName":"UNI/USDT","assetRewards":"USDT","claimAmount":"0.0004819","status":1,"claimedTime":1680992772000},{"poolId":180,"poolName":"UNI/USDT","assetRewards":"UNI","claimAmount":"0.00010513","status":1,"claimedTime":1680992772000},{"poolId":180,"poolName":"UNI/USDT","assetRewards":"BNB","claimAmount":"0.00000306","status":1,"claimedTime":1680953654000},{"poolId":180,"poolName":"UNI/USDT","assetRewards":"USDT","claimAmount":"0.00130884","status":1,"claimedTime":1680953654000},{"poolId":180,"poolName":"UNI/USDT","assetRewards":"UNI","claimAmount":"0.00027064","status":1,"claimedTime":1680953654000},{"poolId":180,"poolName":"UNI/USDT","assetRewards":"BNB","claimAmount":"0.00000121","status":1,"claimedTime":1680851854000},{"poolId":180,"poolName":"UNI/USDT","assetRewards":"USDT","claimAmount":"0.00054167","status":1,"claimedTime":1680851854000},{"poolId":180,"poolName":"UNI/USDT","assetRewards":"UNI","claimAmount":"0.00011542","status":1,"claimedTime":1680851854000},{"poolId":180,"poolName":"UNI/USDT","assetRewards":"UNI","claimAmount":"0.00002133","status":1,"claimedTime":1680814838000},{"poolId":180,"poolName":"UNI/USDT","assetRewards":"USDT","claimAmount":"0.00008143","status":1,"claimedTime":1680814838000},{"poolId":180,"poolName":"UNI/USDT","assetRewards":"BNB","claimAmount":"0.00000044","status":1,"claimedTime":1680814838000},{"poolId":180,"poolName":"UNI/USDT","assetRewards":"BNB","claimAmount":"0.00000011","status":1,"claimedTime":1680799217000},{"poolId":180,"poolName":"UNI/USDT","assetRewards":"UNI","claimAmount":"0.00000748","status":1,"claimedTime":1680799217000},{"poolId":180,"poolName":"UNI/USDT","assetRewards":"USDT","claimAmount":"0.00006706","status":1,"claimedTime":1680799217000},{"poolId":180,"poolName":"UNI/USDT","assetRewards":"BNB","claimAmount":"0.00000033","status":1,"claimedTime":1680794103000},{"poolId":180,"poolName":"UNI/USDT","assetRewards":"USDT","claimAmount":"0.00025518","status":1,"claimedTime":1680794103000},{"poolId":180,"poolName":"UNI/USDT","assetRewards":"UNI","claimAmount":"0.00004472","status":1,"claimedTime":1680794103000},{"poolId":180,"poolName":"UNI/USDT","assetRewards":"UNI","claimAmount":"0.00004881","status":1,"claimedTime":1680782978000},{"poolId":180,"poolName":"UNI/USDT","assetRewards":"BNB","claimAmount":"0.00000022","status":1,"claimedTime":1680782978000},{"poolId":180,"poolName":"UNI/USDT","assetRewards":"USDT","claimAmount":"0.0002884","status":1,"claimedTime":1680782978000},{"poolId":180,"poolName":"UNI/USDT","assetRewards":"UNI","claimAmount":"0.00034094","status":1,"claimedTime":1680776732000},{"poolId":180,"poolName":"UNI/USDT","assetRewards":"BNB","claimAmount":"0.00000275","status":1,"claimedTime":1680776732000},{"poolId":180,"poolName":"UNI/USDT","assetRewards":"USDT","claimAmount":"0.00181468","status":1,"claimedTime":1680776732000},{"poolId":180,"poolName":"UNI/USDT","assetRewards":"USDT","claimAmount":"0.00125744","status":1,"claimedTime":1680686522000},{"poolId":180,"poolName":"UNI/USDT","assetRewards":"UNI","claimAmount":"0.00018766","status":1,"claimedTime":1680686522000},{"poolId":180,"poolName":"UNI/USDT","assetRewards":"BNB","claimAmount":"0.00000143","status":1,"claimedTime":1680686522000},{"poolId":180,"poolName":"UNI/USDT","assetRewards":"UNI","claimAmount":"0.00020644","status":1,"claimedTime":1680641878000},{"poolId":180,"poolName":"UNI/USDT","assetRewards":"BNB","claimAmount":"0.0000011","status":1,"claimedTime":1680641878000},{"poolId":180,"poolName":"UNI/USDT","assetRewards":"USDT","claimAmount":"0.00137315","status":1,"claimedTime":1680641878000},{"poolId":180,"poolName":"UNI/USDT","assetRewards":"BNB","claimAmount":"0.00000165","status":1,"claimedTime":1680602777000},{"poolId":180,"poolName":"UNI/USDT","assetRewards":"USDT","claimAmount":"0.00170622","status":1,"claimedTime":1680602777000},{"poolId":180,"poolName":"UNI/USDT","assetRewards":"UNI","claimAmount":"0.00030921","status":1,"claimedTime":1680602777000},{"poolId":180,"poolName":"UNI/USDT","assetRewards":"UNI","claimAmount":"0.0000351","status":1,"claimedTime":1680551457000},{"poolId":180,"poolName":"UNI/USDT","assetRewards":"USDT","claimAmount":"0.00025559","status":1,"claimedTime":1680551457000},{"poolId":180,"poolName":"UNI/USDT","assetRewards":"BNB","claimAmount":"0.00000011","status":1,"claimedTime":1680551457000},{"poolId":180,"poolName":"UNI/USDT","assetRewards":"UNI","claimAmount":"0.00003029","status":1,"claimedTime":1679397961000},{"poolId":180,"poolName":"UNI/USDT","assetRewards":"USDT","claimAmount":"0.00016544","status":1,"claimedTime":1679397961000},{"poolId":180,"poolName":"UNI/USDT","assetRewards":"BNB","claimAmount":"0.00000015","status":1,"claimedTime":1679397961000},{"poolId":180,"poolName":"UNI/USDT","assetRewards":"UNI","claimAmount":"0.00063093","status":1,"claimedTime":1679348093000},{"poolId":180,"poolName":"UNI/USDT","assetRewards":"BNB","claimAmount":"0.00000105","status":1,"claimedTime":1679348093000},{"poolId":180,"poolName":"UNI/USDT","assetRewards":"USDT","claimAmount":"0.00384305","status":1,"claimedTime":1679348093000},{"poolId":180,"poolName":"UNI/USDT","assetRewards":"UNI","claimAmount":"0.00098041","status":1,"claimedTime":1679324621000},{"poolId":180,"poolName":"UNI/USDT","assetRewards":"USDT","claimAmount":"0.00594347","status":1,"claimedTime":1679324621000},{"poolId":180,"poolName":"UNI/USDT","assetRewards":"BNB","claimAmount":"0.0000024","status":1,"claimedTime":1679324621000},{"poolId":180,"poolName":"UNI/USDT","assetRewards":"BNB","claimAmount":"0.0000036","status":1,"claimedTime":1679266674000},{"poolId":180,"poolName":"UNI/USDT","assetRewards":"UNI","claimAmount":"0.00118292","status":1,"claimedTime":1679266674000},{"poolId":180,"poolName":"UNI/USDT","assetRewards":"USDT","claimAmount":"0.00760878","status":1,"claimedTime":1679266674000},{"poolId":180,"poolName":"UNI/USDT","assetRewards":"UNI","claimAmount":"0.00079994","status":1,"claimedTime":1679179653000},{"poolId":180,"poolName":"UNI/USDT","assetRewards":"USDT","claimAmount":"0.00502853","status":1,"claimedTime":1679179653000},{"poolId":180,"poolName":"UNI/USDT","assetRewards":"BNB","claimAmount":"0.00000195","status":1,"claimedTime":1679179653000},{"poolId":180,"poolName":"UNI/USDT","assetRewards":"UNI","claimAmount":"0.00008467","status":1,"claimedTime":1679132986000},{"poolId":180,"poolName":"UNI/USDT","assetRewards":"BNB","claimAmount":"0.00000015","status":1,"claimedTime":1679132986000},{"poolId":180,"poolName":"UNI/USDT","assetRewards":"USDT","claimAmount":"0.00054726","status":1,"claimedTime":1679132986000},{"poolId":180,"poolName":"UNI/USDT","assetRewards":"UNI","claimAmount":"0.00047403","status":1,"claimedTime":1679127016000},{"poolId":180,"poolName":"UNI/USDT","assetRewards":"BNB","claimAmount":"0.0000012","status":1,"claimedTime":1679127016000},{"poolId":180,"poolName":"UNI/USDT","assetRewards":"USDT","claimAmount":"0.00310042","status":1,"claimedTime":1679127016000},{"poolId":180,"poolName":"UNI/USDT","assetRewards":"USDT","claimAmount":"0.00753829","status":1,"claimedTime":1679098125000},{"poolId":180,"poolName":"UNI/USDT","assetRewards":"BNB","claimAmount":"0.00000287","status":1,"claimedTime":1679098125000},{"poolId":180,"poolName":"UNI/USDT","assetRewards":"UNI","claimAmount":"0.00114119","status":1,"claimedTime":1679098125000},{"poolId":180,"poolName":"UNI/USDT","assetRewards":"UNI","claimAmount":"0.00045602","status":1,"claimedTime":1679034534000},{"poolId":180,"poolName":"UNI/USDT","assetRewards":"USDT","claimAmount":"0.00287012","status":1,"claimedTime":1679034534000},{"poolId":180,"poolName":"UNI/USDT","assetRewards":"BNB","claimAmount":"0.00000144","status":1,"claimedTime":1679034534000}]
