[{"operationId":7171033,"poolId":180,"poolName":"UNI/USDT","operation":"ADD","status":1,"updateTime":1680547864000,"shareAmount":"8.47709484","liquidityAmount":[{"asset":"UNI","amount":"3.43969382"},{"asset":"USDT","amount":"20.89167691"}]},{"operationId":4846182,"poolId":180,"poolName":"UNI/USDT","operation":"REMOVE","status":1,"updateTime":1679349926000,"shareAmount":"12.19315651","liquidityAmount":[{"asset":"UNI","amount":"4.88186747"},{"asset":"USDT","amount":"30.45406789"}]},{"operationId":6992071,"poolId":180,"poolName":"UNI/USDT","operation":"ADD","status":1,"updateTime":1675870185000,"shareAmount":"12.19315651","liquidityAmount":[{"asset":"UNI","amount":"4.68169583"},{"asset":"USDT","amount":"31.75616727"}]},{"operationId":4008173,"poolId":180,"poolName":"UNI/USDT","operation":"REMOVE","status":1,"updateTime":1655674867000,"shareAmount":"4.1422989","liquidityAmount":[{"asset":"UNI","amount":"2.02541678"},{"asset":"USDT","amount":"8.4716359"}]},{"operationId":6062965,"poolId":180,"poolName":"UNI/USDT","operation":"ADD","status":1,"updateTime":1655674630000,"shareAmount":"4.1422989","liquidityAmount":[{"asset":"UNI","amount":"2.02393494"},{"asset":"USDT","amount":"8.4778385"}]}]
