[{"operationId":7243297,"poolId":186,"poolName":"NEAR/BUSD","operation":"ADD","status":1,"updateTime":1682492989000,"shareAmount":"14.45557533","liquidityAmount":[{"asset":"NEAR","amount":"10.3458871"},{"asset":"BUSD","amount":"20.19782037"}]},{"operationId":4935681,"poolId":186,"poolName":"NEAR/BUSD","operation":"REMOVE","status":1,"updateTime":1681657732000,"shareAmount":"20.08414165","liquidityAmount":[{"asset":"NEAR","amount":"13.26707312"},{"asset":"BUSD","amount":"30.40415116"}]},{"operationId":7082721,"poolId":186,"poolName":"NEAR/BUSD","operation":"ADD","status":1,"updateTime":1678265611000,"shareAmount":"20.08414165","liquidityAmount":[{"asset":"NEAR","amount":"14.43686733"},{"asset":"BUSD","amount":"27.94054751"}]},{"operationId":4806130,"poolId":186,"poolName":"NEAR/BUSD","operation":"REMOVE","status":1,"updateTime":1678265572000,"shareAmount":"8.76716777","liquidityAmount":[{"asset":"NEAR","amount":"6.30200882"},{"asset":"BUSD","amount":"12.19666101"}]},{"operationId":6992091,"poolId":186,"poolName":"NEAR/BUSD","operation":"ADD","status":1,"updateTime":1675870623000,"shareAmount":"8.76716777","liquidityAmount":[{"asset":"NEAR","amount":"5.36979756"},{"asset":"BUSD","amount":"14.31403292"}]},{"operationId":4728263,"poolId":186,"poolName":"NEAR/BUSD","operation":"REMOVE","status":1,"updateTime":1675870269000,"shareAmount":"22.27423391","liquidityAmount":[{"asset":"NEAR","amount":"13.60919024"},{"asset":"BUSD","amount":"36.45646515"}]},{"operationId":6757233,"poolId":186,"poolName":"NEAR/BUSD","operation":"ADD","status":1,"updateTime":1670238403000,"shareAmount":"11.23301979","liquidityAmount":[{"asset":"NEAR","amount":"8.44533296"},{"asset":"BUSD","amount":"14.94092042"}]},{"operationId":6709286,"poolId":186,"poolName":"NEAR/BUSD","operation":"ADD","status":1,"updateTime":1668898426000,"shareAmount":"11.04121412","liquidityAmount":[{"asset":"NEAR","amount":"8.35466286"},{"asset":"BUSD","amount":"14.59169622"}]}]
