[{"poolId":186,"poolName":"NEAR/BUSD","assetRewards":"NEAR","claimAmount":"0.00050431","status":1,"claimedTime":1686000848000},{"poolId":186,"poolName":"NEAR/BUSD","assetRewards":"BNB","claimAmount":"0.00000152","status":1,"claimedTime":1686000848000},{"poolId":186,"poolName":"NEAR/BUSD","assetRewards":"BUSD","claimAmount":"0.00079811","status":1,"claimedTime":1686000848000},{"poolId":186,"poolName":"NEAR/BUSD","assetRewards":"NEAR","claimAmount":"0.00322617","status":1,"claimedTime":1685985812000},{"poolId":186,"poolName":"NEAR/BUSD","assetRewards":"BUSD","claimAmount":"0.00398283","status":1,"claimedTime":1685985812000},{"poolId":186,"poolName":"NEAR/BUSD","assetRewards":"BNB","claimAmount":"0.00000874","status":1,"claimedTime":1685985812000},{"poolId":186,"poolName":"NEAR/BUSD","assetRewards":"NEAR","claimAmount":"0.00157565","status":1,"claimedTime":1685904929000},{"poolId":186,"poolName":"NEAR/BUSD","assetRewards":"BNB","claimAmount":"0.00001786","status":1,"claimedTime":1685904929000},{"poolId":186,"poolName":"NEAR/BUSD","assetRewards":"BUSD","claimAmount":"0.00270596","status":1,"claimedTime":1685904929000},{"poolId":186,"poolName":"NEAR/BUSD","assetRewards":"BUSD","claimAmount":"0.00433107","status":1,"claimedTime":1685735343000},{"poolId":186,"poolName":"NEAR/BUSD","assetRewards":"BNB","claimAmount":"0.0000184","status":1,"claimedTime":1685735343000},{"poolId":186,"poolName":"NEAR/BUSD","assetRewards":"NEAR","claimAmount":"0.00259102","status":1,"claimedTime":1685735343000},{"poolId":186,"poolName":"NEAR/BUSD","assetRewards":"NEAR","claimAmount":"0.00150253","status":1,"claimedTime":1685556359000},{"poolId":186,"poolName":"NEAR/BUSD","assetRewards":"BUSD","claimAmount":"0.00204734","status":1,"claimedTime":1685556359000},{"poolId":186,"poolName":"NEAR/BUSD","assetRewards":"BNB","claimAmount":"0.00000756","status":1,"claimedTime":1685556359000},{"poolId":186,"poolName":"NEAR/BUSD","assetRewards":"BUSD","claimAmount":"0.00076419","status":1,"claimedTime":1685483670000},{"poolId":186,"poolName":"NEAR/BUSD","assetRewards":"NEAR","claimAmount":"0.00054484","status":1,"claimedTime":1685483670000},{"poolId":186,"poolName":"NEAR/BUSD","assetRewards":"BNB","claimAmount":"0.00000324","status":1,"claimedTime":1685483670000},{"poolId":186,"poolName":"NEAR/BUSD","assetRewards":"NEAR","claimAmount":"0.00095034","status":1,"claimedTime":1685451525000},{"poolId":186,"poolName":"NEAR/BUSD","assetRewards":"BNB","claimAmount":"0.00000864","status":1,"claimedTime":1685451525000},{"poolId":186,"poolName":"NEAR/BUSD","assetRewards":"BUSD","claimAmount":"0.00154356","status":1,"claimedTime":1685451525000},{"poolId":186,"poolName":"NEAR/BUSD","assetRewards":"BNB","claimAmount":"0.00001044","status":1,"claimedTime":1685365008000},{"poolId":186,"poolName":"NEAR/BUSD","assetRewards":"NEAR","claimAmount":"0.00131454","status":1,"claimedTime":1685365008000},{"poolId":186,"poolName":"NEAR/BUSD","assetRewards":"BUSD","claimAmount":"0.00220271","status":1,"claimedTime":1685365008000},{"poolId":186,"poolName":"NEAR/BUSD","assetRewards":"BUSD","claimAmount":"0.00158915","status":1,"claimedTime":1685260935000},{"poolId":186,"poolName":"NEAR/BUSD","assetRewards":"BNB","claimAmount":"0.00000828","status":1,"claimedTime":1685260935000},{"poolId":186,"poolName":"NEAR/BUSD","assetRewards":"NEAR","claimAmount":"0.00080378","status":1,"claimedTime":1685260935000},{"poolId":186,"poolName":"NEAR/BUSD","assetRewards":"BNB","claimAmount":"0.00000864","status":1,"claimedTime":1685176600000},{"poolId":186,"poolName":"NEAR/BUSD","assetRewards":"NEAR","claimAmount":"0.00075532","status":1,"claimedTime":1685176600000},{"poolId":186,"poolName":"NEAR/BUSD","assetRewards":"BUSD","claimAmount":"0.00137027","status":1,"claimedTime":1685176600000},{"poolId":186,"poolName":"NEAR/BUSD","assetRewards":"NEAR","claimAmount":"0.00152048","status":1,"claimedTime":1685091462000},{"poolId":186,"poolName":"NEAR/BUSD","assetRewards":"BNB","claimAmount":"0.00001022","status":1,"claimedTime":1685091462000},{"poolId":186,"poolName":"NEAR/BUSD","assetRewards":"BUSD","claimAmount":"0.00197844","status":1,"claimedTime":1685091462000},{"poolId":186,"poolName":"NEAR/BUSD","assetRewards":"BNB","claimAmount":"0.00000252","status":1,"claimedTime":1684989641000},{"poolId":186,"poolName":"NEAR/BUSD","assetRewards":"BUSD","claimAmount":"0.00071491","status":1,"claimedTime":1684989641000},{"poolId":186,"poolName":"NEAR/BUSD","assetRewards":"NEAR","claimAmount":"0.00047634","status":1,"claimedTime":1684989641000},{"poolId":186,"poolName":"NEAR/BUSD","assetRewards":"NEAR","claimAmount":"0.00074764","status":1,"claimedTime":1684963285000},{"poolId":186,"poolName":"NEAR/BUSD","assetRewards":"BUSD","claimAmount":"0.00111884","status":1,"claimedTime":1684963285000},{"poolId":186,"poolName":"NEAR/BUSD","assetRewards":"BNB","claimAmount":"0.00000324","status":1,"claimedTime":1684963285000},{"poolId":186,"poolName":"NEAR/BUSD","assetRewards":"BNB","claimAmount":"0.00001044","status":1,"claimedTime":1684931951000},{"poolId":186,"poolName":"NEAR/BUSD","assetRewards":"NEAR","claimAmount":"0.00128656","status":1,"claimedTime":1684931951000},{"poolId":186,"poolName":"NEAR/BUSD","assetRewards":"BUSD","claimAmount":"0.00180756","status":1,"claimedTime":1684931951000},{"poolId":186,"poolName":"NEAR/BUSD","assetRewards":"NEAR","claimAmount":"0.00097341","status":1,"claimedTime":1684828045000},{"poolId":186,"poolName":"NEAR/BUSD","assetRewards":"BUSD","claimAmount":"0.00179735","status":1,"claimedTime":1684828045000},{"poolId":186,"poolName":"NEAR/BUSD","assetRewards":"BNB","claimAmount":"0.00000828","status":1,"claimedTime":1684828045000},{"poolId":186,"poolName":"NEAR/BUSD","assetRewards":"BNB","claimAmount":"0.00000856","status":1,"claimedTime":1684745220000},{"poolId":186,"poolName":"NEAR/BUSD","assetRewards":"BUSD","claimAmount":"0.00159864","status":1,"claimedTime":1684745220000},{"poolId":186,"poolName":"NEAR/BUSD","assetRewards":"NEAR","claimAmount":"0.00117099","status":1,"claimedTime":1684745220000},{"poolId":186,"poolName":"NEAR/BUSD","assetRewards":"NEAR","claimAmount":"0.00012967","status":1,"claimedTime":1684658716000},{"poolId":186,"poolName":"NEAR/BUSD","assetRewards":"BUSD","claimAmount":"0.00021618","status":1,"claimedTime":1684658716000},{"poolId":186,"poolName":"NEAR/BUSD","assetRewards":"BNB","claimAmount":"0.00000363","status":1,"claimedTime":1684658716000},{"poolId":186,"poolName":"NEAR/BUSD","assetRewards":"NEAR","claimAmount":"0.00020913","status":1,"claimedTime":1684617421000},{"poolId":186,"poolName":"NEAR/BUSD","assetRewards":"BNB","claimAmount":"0.00000429","status":1,"claimedTime":1684617421000},{"poolId":186,"poolName":"NEAR/BUSD","assetRewards":"BUSD","claimAmount":"0.00033359","status":1,"claimedTime":1684617421000},{"poolId":186,"poolName":"NEAR/BUSD","assetRewards":"BNB","claimAmount":"0.00000594","status":1,"claimedTime":1684570840000},{"poolId":186,"poolName":"NEAR/BUSD","assetRewards":"BUSD","claimAmount":"0.00100048","status":1,"claimedTime":1684570840000},{"poolId":186,"poolName":"NEAR/BUSD","assetRewards":"NEAR","claimAmount":"0.00065591","status":1,"claimedTime":1684570840000},{"poolId":186,"poolName":"NEAR/BUSD","assetRewards":"BNB","claimAmount":"0.00000891","status":1,"claimedTime":1684507388000},{"poolId":186,"poolName":"NEAR/BUSD","assetRewards":"NEAR","claimAmount":"0.00158729","status":1,"claimedTime":1684507388000},{"poolId":186,"poolName":"NEAR/BUSD","assetRewards":"BUSD","claimAmount":"0.00256607","status":1,"claimedTime":1684507388000},{"poolId":186,"poolName":"NEAR/BUSD","assetRewards":"BUSD","claimAmount":"0.0028519","status":1,"claimedTime":1684407951000},{"poolId":186,"poolName":"NEAR/BUSD","assetRewards":"BNB","claimAmount":"0.00000825","status":1,"claimedTime":1684407951000},{"poolId":186,"poolName":"NEAR/BUSD","assetRewards":"NEAR","claimAmount":"0.0016884","status":1,"claimedTime":1684407951000},{"poolId":186,"poolName":"NEAR/BUSD","assetRewards":"BNB","claimAmount":"0.00000594","status":1,"claimedTime":1684318513000},{"poolId":186,"poolName":"NEAR/BUSD","assetRewards":"NEAR","claimAmount":"0.00096544","status":1,"claimedTime":1684318513000},{"poolId":186,"poolName":"NEAR/BUSD","assetRewards":"BUSD","claimAmount":"0.00172117","status":1,"claimedTime":1684318513000},{"poolId":186,"poolName":"NEAR/BUSD","assetRewards":"NEAR","claimAmount":"0.00135081","status":1,"claimedTime":1684253184000},{"poolId":186,"poolName":"NEAR/BUSD","assetRewards":"BUSD","claimAmount":"0.00214088","status":1,"claimedTime":1684253184000},{"poolId":186,"poolName":"NEAR/BUSD","assetRewards":"BNB","claimAmount":"0.00000693","status":1,"claimedTime":1684253184000},{"poolId":186,"poolName":"NEAR/BUSD","assetRewards":"BUSD","claimAmount":"0.00060276","status":1,"claimedTime":1684180513000},{"poolId":186,"poolName":"NEAR/BUSD","assetRewards":"NEAR","claimAmount":"0.00040042","status":1,"claimedTime":1684180513000},{"poolId":186,"poolName":"NEAR/BUSD","assetRewards":"BNB","claimAmount":"0.00000198","status":1,"claimedTime":1684180513000},{"poolId":186,"poolName":"NEAR/BUSD","assetRewards":"BUSD","claimAmount":"0.00229498","status":1,"claimedTime":1684157653000},{"poolId":186,"poolName":"NEAR/BUSD","assetRewards":"NEAR","claimAmount":"0.00133607","status":1,"claimedTime":1684157653000},{"poolId":186,"poolName":"NEAR/BUSD","assetRewards":"BNB","claimAmount":"0.0000079","status":1,"claimedTime":1684157653000},{"poolId":186,"poolName":"NEAR/BUSD","assetRewards":"NEAR","claimAmount":"0.00014279","status":1,"claimedTime":1684070017000},{"poolId":186,"poolName":"NEAR/BUSD","assetRewards":"BUSD","claimAmount":"0.00024652","status":1,"claimedTime":1684070017000},{"poolId":186,"poolName":"NEAR/BUSD","assetRewards":"BNB","claimAmount":"0.0000016","status":1,"claimedTime":1684070017000},{"poolId":186,"poolName":"NEAR/BUSD","assetRewards":"BNB","claimAmount":"0.00000768","status":1,"claimedTime":1684053898000},{"poolId":186,"poolName":"NEAR/BUSD","assetRewards":"NEAR","claimAmount":"0.00115701","status":1,"claimedTime":1684053898000},{"poolId":186,"poolName":"NEAR/BUSD","assetRewards":"BUSD","claimAmount":"0.00199642","status":1,"claimedTime":1684053898000},{"poolId":186,"poolName":"NEAR/BUSD","assetRewards":"NEAR","claimAmount":"0.00046283","status":1,"claimedTime":1683966128000},{"poolId":186,"poolName":"NEAR/BUSD","assetRewards":"BNB","claimAmount":"0.00000352","status":1,"claimedTime":1683966128000},{"poolId":186,"poolName":"NEAR/BUSD","assetRewards":"BUSD","claimAmount":"0.00079753","status":1,"claimedTime":1683966128000},{"poolId":186,"poolName":"NEAR/BUSD","assetRewards":"BNB","claimAmount":"0.00000288","status":1,"claimedTime":1683926079000},{"poolId":186,"poolName":"NEAR/BUSD","assetRewards":"NEAR","claimAmount":"0.0012891","status":1,"claimedTime":1683926079000},{"poolId":186,"poolName":"NEAR/BUSD","assetRewards":"BUSD","claimAmount":"0.0024037","status":1,"claimedTime":1683926079000},{"poolId":186,"poolName":"NEAR/BUSD","assetRewards":"BNB","claimAmount":"0.00000129","status":1,"claimedTime":1683896618000},{"poolId":186,"poolName":"NEAR/BUSD","assetRewards":"NEAR","claimAmount":"0.00023467","status":1,"claimedTime":1683896618000},{"poolId":186,"poolName":"NEAR/BUSD","assetRewards":"BUSD","claimAmount":"0.00045459","status":1,"claimedTime":1683896618000},{"poolId":186,"poolName":"NEAR/BUSD","assetRewards":"NEAR","claimAmount":"0.00164166","status":1,"claimedTime":1683881667000},{"poolId":186,"poolName":"NEAR/BUSD","assetRewards":"BNB","claimAmount":"0.00000528","status":1,"claimedTime":1683881667000},{"poolId":186,"poolName":"NEAR/BUSD","assetRewards":"BUSD","claimAmount":"0.00244243","status":1,"claimedTime":1683881667000},{"poolId":186,"poolName":"NEAR/BUSD","assetRewards":"NEAR","claimAmount":"0.00220194","status":1,"claimedTime":1683822494000},{"poolId":186,"poolName":"NEAR/BUSD","assetRewards":"BUSD","claimAmount":"0.0029615","status":1,"claimedTime":1683822494000},{"poolId":186,"poolName":"NEAR/BUSD","assetRewards":"BNB","claimAmount":"0.00000627","status":1,"claimedTime":1683822494000},{"poolId":186,"poolName":"NEAR/BUSD","assetRewards":"BNB","claimAmount":"0.00000825","status":1,"claimedTime":1683755422000},{"poolId":186,"poolName":"NEAR/BUSD","assetRewards":"BUSD","claimAmount":"0.00668096","status":1,"claimedTime":1683755422000},{"poolId":186,"poolName":"NEAR/BUSD","assetRewards":"NEAR","claimAmount":"0.00395022","status":1,"claimedTime":1683755422000},{"poolId":186,"poolName":"NEAR/BUSD","assetRewards":"BUSD","claimAmount":"0.00221893","status":1,"claimedTime":1683662842000},{"poolId":186,"poolName":"NEAR/BUSD","assetRewards":"BUSD","claimAmount":"0.00221893","status":1,"claimedTime":1683662842000},{"poolId":186,"poolName":"NEAR/BUSD","assetRewards":"NEAR","claimAmount":"0.00139251","status":1,"claimedTime":1683662842000},{"poolId":186,"poolName":"NEAR/BUSD","assetRewards":"BNB","claimAmount":"0.00000743","status":1,"claimedTime":1683662842000},{"poolId":186,"poolName":"NEAR/BUSD","assetRewards":"BUSD","claimAmount":"0.00339714","status":1,"claimedTime":1683581876000},{"poolId":186,"poolName":"NEAR/BUSD","assetRewards":"NEAR","claimAmount":"0.0022189","status":1,"claimedTime":1683581876000},{"poolId":186,"poolName":"NEAR/BUSD","assetRewards":"BNB","claimAmount":"0.00000362","status":1,"claimedTime":1683581876000},{"poolId":186,"poolName":"NEAR/BUSD","assetRewards":"NEAR","claimAmount":"0.00219585","status":1,"claimedTime":1683541678000},{"poolId":186,"poolName":"NEAR/BUSD","assetRewards":"BUSD","claimAmount":"0.00324132","status":1,"claimedTime":1683541678000},{"poolId":186,"poolName":"NEAR/BUSD","assetRewards":"BNB","claimAmount":"0.0000048","status":1,"claimedTime":1683541678000},{"poolId":186,"poolName":"NEAR/BUSD","assetRewards":"BNB","claimAmount":"0.00001088","status":1,"claimedTime":1683488635000},{"poolId":186,"poolName":"NEAR/BUSD","assetRewards":"NEAR","claimAmount":"0.00187277","status":1,"claimedTime":1683488635000},{"poolId":186,"poolName":"NEAR/BUSD","assetRewards":"BUSD","claimAmount":"0.00306636","status":1,"claimedTime":1683488635000},{"poolId":186,"poolName":"NEAR/BUSD","assetRewards":"NEAR","claimAmount":"0.00078515","status":1,"claimedTime":1683365451000},{"poolId":186,"poolName":"NEAR/BUSD","assetRewards":"BNB","claimAmount":"0.00000384","status":1,"claimedTime":1683365451000},{"poolId":186,"poolName":"NEAR/BUSD","assetRewards":"BUSD","claimAmount":"0.0011732","status":1,"claimedTime":1683365451000},{"poolId":186,"poolName":"NEAR/BUSD","assetRewards":"BUSD","claimAmount":"0.00210224","status":1,"claimedTime":1683321390000},{"poolId":186,"poolName":"NEAR/BUSD","assetRewards":"NEAR","claimAmount":"0.001113","status":1,"claimedTime":1683321390000},{"poolId":186,"poolName":"NEAR/BUSD","assetRewards":"BNB","claimAmount":"0.00000384","status":1,"claimedTime":1683321390000},{"poolId":186,"poolName":"NEAR/BUSD","assetRewards":"NEAR","claimAmount":"0.00113257","status":1,"claimedTime":1683277438000},{"poolId":186,"poolName":"NEAR/BUSD","assetRewards":"BUSD","claimAmount":"0.00201116","status":1,"claimedTime":1683277438000},{"poolId":186,"poolName":"NEAR/BUSD","assetRewards":"BNB","claimAmount":"0.000008","status":1,"claimedTime":1683277438000},{"poolId":186,"poolName":"NEAR/BUSD","assetRewards":"BUSD","claimAmount":"0.00113807","status":1,"claimedTime":1683188168000},{"poolId":186,"poolName":"NEAR/BUSD","assetRewards":"BNB","claimAmount":"0.0000032","status":1,"claimedTime":1683188168000},{"poolId":186,"poolName":"NEAR/BUSD","assetRewards":"NEAR","claimAmount":"0.00059452","status":1,"claimedTime":1683188168000},{"poolId":186,"poolName":"NEAR/BUSD","assetRewards":"BNB","claimAmount":"0.00000192","status":1,"claimedTime":1683152076000},{"poolId":186,"poolName":"NEAR/BUSD","assetRewards":"BUSD","claimAmount":"0.00189015","status":1,"claimedTime":1683152076000},{"poolId":186,"poolName":"NEAR/BUSD","assetRewards":"NEAR","claimAmount":"0.00084857","status":1,"claimedTime":1683152076000},{"poolId":186,"poolName":"NEAR/BUSD","assetRewards":"NEAR","claimAmount":"0.0008912","status":1,"claimedTime":1683131421000},{"poolId":186,"poolName":"NEAR/BUSD","assetRewards":"BUSD","claimAmount":"0.00139834","status":1,"claimedTime":1683131421000},{"poolId":186,"poolName":"NEAR/BUSD","assetRewards":"BNB","claimAmount":"0.00000608","status":1,"claimedTime":1683131421000},{"poolId":186,"poolName":"NEAR/BUSD","assetRewards":"BUSD","claimAmount":"0.00404552","status":1,"claimedTime":1683063079000},{"poolId":186,"poolName":"NEAR/BUSD","assetRewards":"NEAR","claimAmount":"0.00233788","status":1,"claimedTime":1683063079000},{"poolId":186,"poolName":"NEAR/BUSD","assetRewards":"BNB","claimAmount":"0.00001157","status":1,"claimedTime":1683063079000},{"poolId":186,"poolName":"NEAR/BUSD","assetRewards":"BNB","claimAmount":"0.0000069","status":1,"claimedTime":1682926198000},{"poolId":186,"poolName":"NEAR/BUSD","assetRewards":"BUSD","claimAmount":"0.00385536","status":1,"claimedTime":1682926198000},{"poolId":186,"poolName":"NEAR/BUSD","assetRewards":"NEAR","claimAmount":"0.0020517","status":1,"claimedTime":1682926198000},{"poolId":186,"poolName":"NEAR/BUSD","assetRewards":"BUSD","claimAmount":"0.0014369","status":1,"claimedTime":1682844681000},{"poolId":186,"poolName":"NEAR/BUSD","assetRewards":"BNB","claimAmount":"0.0000075","status":1,"claimedTime":1682844681000},{"poolId":186,"poolName":"NEAR/BUSD","assetRewards":"NEAR","claimAmount":"0.00075298","status":1,"claimedTime":1682844681000},{"poolId":186,"poolName":"NEAR/BUSD","assetRewards":"BUSD","claimAmount":"0.00244349","status":1,"claimedTime":1682754226000},{"poolId":186,"poolName":"NEAR/BUSD","assetRewards":"BNB","claimAmount":"0.0000075","status":1,"claimedTime":1682754226000},{"poolId":186,"poolName":"NEAR/BUSD","assetRewards":"NEAR","claimAmount":"0.00128667","status":1,"claimedTime":1682754226000},{"poolId":186,"poolName":"NEAR/BUSD","assetRewards":"NEAR","claimAmount":"0.0003921","status":1,"claimedTime":1682664233000},{"poolId":186,"poolName":"NEAR/BUSD","assetRewards":"BNB","claimAmount":"0.0000027","status":1,"claimedTime":1682664233000},{"poolId":186,"poolName":"NEAR/BUSD","assetRewards":"BUSD","claimAmount":"0.00074675","status":1,"claimedTime":1682664233000},{"poolId":186,"poolName":"NEAR/BUSD","assetRewards":"NEAR","claimAmount":"0.00080456","status":1,"claimedTime":1682631100000},{"poolId":186,"poolName":"NEAR/BUSD","assetRewards":"BUSD","claimAmount":"0.00172119","status":1,"claimedTime":1682631100000},{"poolId":186,"poolName":"NEAR/BUSD","assetRewards":"BNB","claimAmount":"0.0000021","status":1,"claimedTime":1682631100000},{"poolId":186,"poolName":"NEAR/BUSD","assetRewards":"BUSD","claimAmount":"0.00931976","status":1,"claimedTime":1682607190000},{"poolId":186,"poolName":"NEAR/BUSD","assetRewards":"BNB","claimAmount":"0.00000768","status":1,"claimedTime":1682607190000},{"poolId":186,"poolName":"NEAR/BUSD","assetRewards":"NEAR","claimAmount":"0.00508212","status":1,"claimedTime":1682607190000},{"poolId":186,"poolName":"NEAR/BUSD","assetRewards":"BUSD","claimAmount":"0.00071611","status":1,"claimedTime":1682514259000},{"poolId":186,"poolName":"NEAR/BUSD","assetRewards":"BNB","claimAmount":"0.00000155","status":1,"claimedTime":1682514259000},{"poolId":186,"poolName":"NEAR/BUSD","assetRewards":"NEAR","claimAmount":"0.00026758","status":1,"claimedTime":1682514259000},{"poolId":186,"poolName":"NEAR/BUSD","assetRewards":"BNB","claimAmount":"0.00000031","status":1,"claimedTime":1682496343000},{"poolId":186,"poolName":"NEAR/BUSD","assetRewards":"BUSD","claimAmount":"0.00006905","status":1,"claimedTime":1682496343000},{"poolId":186,"poolName":"NEAR/BUSD","assetRewards":"NEAR","claimAmount":"0.00007138","status":1,"claimedTime":1682496343000},{"poolId":186,"poolName":"NEAR/BUSD","assetRewards":"NEAR","claimAmount":"0.00022033","status":1,"claimedTime":1681657723000},{"poolId":186,"poolName":"NEAR/BUSD","assetRewards":"BUSD","claimAmount":"0.00052023","status":1,"claimedTime":1681657723000},{"poolId":186,"poolName":"NEAR/BUSD","assetRewards":"BNB","claimAmount":"0.00000086","status":1,"claimedTime":1681657723000},{"poolId":186,"poolName":"NEAR/BUSD","assetRewards":"BNB","claimAmount":"0.00000652","status":1,"claimedTime":1681652755000},{"poolId":186,"poolName":"NEAR/BUSD","assetRewards":"NEAR","claimAmount":"0.00155739","status":1,"claimedTime":1681652755000},{"poolId":186,"poolName":"NEAR/BUSD","assetRewards":"BUSD","claimAmount":"0.00291171","status":1,"claimedTime":1681652755000},{"poolId":186,"poolName":"NEAR/BUSD","assetRewards":"NEAR","claimAmount":"0.00254053","status":1,"claimedTime":1681597170000},{"poolId":186,"poolName":"NEAR/BUSD","assetRewards":"BUSD","claimAmount":"0.00551372","status":1,"claimedTime":1681597170000},{"poolId":186,"poolName":"NEAR/BUSD","assetRewards":"BNB","claimAmount":"0.00000528","status":1,"claimedTime":1681597170000},{"poolId":186,"poolName":"NEAR/BUSD","assetRewards":"NEAR","claimAmount":"0.00478873","status":1,"claimedTime":1681556252000},{"poolId":186,"poolName":"NEAR/BUSD","assetRewards":"BNB","claimAmount":"0.00001056","status":1,"claimedTime":1681556252000},{"poolId":186,"poolName":"NEAR/BUSD","assetRewards":"BUSD","claimAmount":"0.01132138","status":1,"claimedTime":1681556252000},{"poolId":186,"poolName":"NEAR/BUSD","assetRewards":"BNB","claimAmount":"0.00000528","status":1,"claimedTime":1681470004000},{"poolId":186,"poolName":"NEAR/BUSD","assetRewards":"NEAR","claimAmount":"0.00206626","status":1,"claimedTime":1681470004000},{"poolId":186,"poolName":"NEAR/BUSD","assetRewards":"BUSD","claimAmount":"0.00500778","status":1,"claimedTime":1681470004000},{"poolId":186,"poolName":"NEAR/BUSD","assetRewards":"NEAR","claimAmount":"0.00132989","status":1,"claimedTime":1681426895000},{"poolId":186,"poolName":"NEAR/BUSD","assetRewards":"BUSD","claimAmount":"0.00288158","status":1,"claimedTime":1681426895000},{"poolId":186,"poolName":"NEAR/BUSD","assetRewards":"BNB","claimAmount":"0.00000528","status":1,"claimedTime":1681426895000},{"poolId":186,"poolName":"NEAR/BUSD","assetRewards":"NEAR","claimAmount":"0.00481583","status":1,"claimedTime":1681381222000},{"poolId":186,"poolName":"NEAR/BUSD","assetRewards":"BNB","claimAmount":"0.00000847","status":1,"claimedTime":1681381222000},{"poolId":186,"poolName":"NEAR/BUSD","assetRewards":"BUSD","claimAmount":"0.01111965","status":1,"claimedTime":1681381222000},{"poolId":186,"poolName":"NEAR/BUSD","assetRewards":"BNB","claimAmount":"0.0000018","status":1,"claimedTime":1681315099000},{"poolId":186,"poolName":"NEAR/BUSD","assetRewards":"BUSD","claimAmount":"0.00493897","status":1,"claimedTime":1681315099000},{"poolId":186,"poolName":"NEAR/BUSD","assetRewards":"NEAR","claimAmount":"0.00209893","status":1,"claimedTime":1681315099000},{"poolId":186,"poolName":"NEAR/BUSD","assetRewards":"BNB","claimAmount":"0.00000565","status":1,"claimedTime":1681297621000},{"poolId":186,"poolName":"NEAR/BUSD","assetRewards":"BUSD","claimAmount":"0.00624448","status":1,"claimedTime":1681297621000},{"poolId":186,"poolName":"NEAR/BUSD","assetRewards":"NEAR","claimAmount":"0.00289115","status":1,"claimedTime":1681297621000},{"poolId":186,"poolName":"NEAR/BUSD","assetRewards":"BUSD","claimAmount":"0.00723615","status":1,"claimedTime":1681253090000},{"poolId":186,"poolName":"NEAR/BUSD","assetRewards":"BNB","claimAmount":"0.00001333","status":1,"claimedTime":1681253090000},{"poolId":186,"poolName":"NEAR/BUSD","assetRewards":"NEAR","claimAmount":"0.00334699","status":1,"claimedTime":1681253090000},{"poolId":186,"poolName":"NEAR/BUSD","assetRewards":"BUSD","claimAmount":"0.00376667","status":1,"claimedTime":1681141566000},{"poolId":186,"poolName":"NEAR/BUSD","assetRewards":"BNB","claimAmount":"0.00001303","status":1,"claimedTime":1681141566000},{"poolId":186,"poolName":"NEAR/BUSD","assetRewards":"NEAR","claimAmount":"0.00185843","status":1,"claimedTime":1681141566000}]
