[{"poolId":208,"poolName":"ELF/USDT","assetRewards":"BNB","claimAmount":"0.00000228","status":1,"claimedTime":1686000848000},{"poolId":208,"poolName":"ELF/USDT","assetRewards":"USDT","claimAmount":"0.00221555","status":1,"claimedTime":1686000848000},{"poolId":208,"poolName":"ELF/USDT","assetRewards":"ELF","claimAmount":"0.00923565","status":1,"claimedTime":1686000848000},{"poolId":208,"poolName":"ELF/USDT","assetRewards":"ELF","claimAmount":"0.10285876","status":1,"claimedTime":1685985812000},{"poolId":208,"poolName":"ELF/USDT","assetRewards":"USDT","claimAmount":"0.03144786","status":1,"claimedTime":1685985812000},{"poolId":208,"poolName":"ELF/USDT","assetRewards":"BNB","claimAmount":"0.00001348","status":1,"claimedTime":1685985812000},{"poolId":208,"poolName":"ELF/USDT","assetRewards":"ELF","claimAmount":"0.02698577","status":1,"claimedTime":1685904929000},{"poolId":208,"poolName":"ELF/USDT","assetRewards":"BNB","claimAmount":"0.00002773","status":1,"claimedTime":1685904929000},{"poolId":208,"poolName":"ELF/USDT","assetRewards":"USDT","claimAmount":"0.00791474","status":1,"claimedTime":1685904929000},{"poolId":208,"poolName":"ELF/USDT","assetRewards":"USDT","claimAmount":"0.01782846","status":1,"claimedTime":1685735343000},{"poolId":208,"poolName":"ELF/USDT","assetRewards":"ELF","claimAmount":"0.05377698","status":1,"claimedTime":1685735343000},{"poolId":208,"poolName":"ELF/USDT","assetRewards":"BNB","claimAmount":"0.00002891","status":1,"claimedTime":1685735343000},{"poolId":208,"poolName":"ELF/USDT","assetRewards":"USDT","claimAmount":"0.00595764","status":1,"claimedTime":1685556359000},{"poolId":208,"poolName":"ELF/USDT","assetRewards":"ELF","claimAmount":"0.02226563","status":1,"claimedTime":1685556359000},{"poolId":208,"poolName":"ELF/USDT","assetRewards":"BNB","claimAmount":"0.00001271","status":1,"claimedTime":1685556359000},{"poolId":208,"poolName":"ELF/USDT","assetRewards":"ELF","claimAmount":"0.00784866","status":1,"claimedTime":1685483670000},{"poolId":208,"poolName":"ELF/USDT","assetRewards":"USDT","claimAmount":"0.00214254","status":1,"claimedTime":1685483670000},{"poolId":208,"poolName":"ELF/USDT","assetRewards":"BNB","claimAmount":"0.00000549","status":1,"claimedTime":1685483670000},{"poolId":208,"poolName":"ELF/USDT","assetRewards":"USDT","claimAmount":"0.00339517","status":1,"claimedTime":1685451525000},{"poolId":208,"poolName":"ELF/USDT","assetRewards":"BNB","claimAmount":"0.00001464","status":1,"claimedTime":1685451525000},{"poolId":208,"poolName":"ELF/USDT","assetRewards":"ELF","claimAmount":"0.01098717","status":1,"claimedTime":1685451525000},{"poolId":208,"poolName":"ELF/USDT","assetRewards":"ELF","claimAmount":"0.01058844","status":1,"claimedTime":1685365008000},{"poolId":208,"poolName":"ELF/USDT","assetRewards":"USDT","claimAmount":"0.00387695","status":1,"claimedTime":1685365008000},{"poolId":208,"poolName":"ELF/USDT","assetRewards":"BNB","claimAmount":"0.00001693","status":1,"claimedTime":1685365008000},{"poolId":208,"poolName":"ELF/USDT","assetRewards":"BNB","claimAmount":"0.0000144","status":1,"claimedTime":1685260935000},{"poolId":208,"poolName":"ELF/USDT","assetRewards":"USDT","claimAmount":"0.00254156","status":1,"claimedTime":1685260935000},{"poolId":208,"poolName":"ELF/USDT","assetRewards":"ELF","claimAmount":"0.00644393","status":1,"claimedTime":1685260935000},{"poolId":208,"poolName":"ELF/USDT","assetRewards":"ELF","claimAmount":"0.00859941","status":1,"claimedTime":1685176600000},{"poolId":208,"poolName":"ELF/USDT","assetRewards":"USDT","claimAmount":"0.00266939","status":1,"claimedTime":1685176600000},{"poolId":208,"poolName":"ELF/USDT","assetRewards":"BNB","claimAmount":"0.0000144","status":1,"claimedTime":1685176600000},{"poolId":208,"poolName":"ELF/USDT","assetRewards":"USDT","claimAmount":"0.00361521","status":1,"claimedTime":1685091462000},{"poolId":208,"poolName":"ELF/USDT","assetRewards":"BNB","claimAmount":"0.00001683","status":1,"claimedTime":1685091462000},{"poolId":208,"poolName":"ELF/USDT","assetRewards":"ELF","claimAmount":"0.01170179","status":1,"claimedTime":1685091462000},{"poolId":208,"poolName":"ELF/USDT","assetRewards":"USDT","claimAmount":"0.00119181","status":1,"claimedTime":1684989641000},{"poolId":208,"poolName":"ELF/USDT","assetRewards":"ELF","claimAmount":"0.00559078","status":1,"claimedTime":1684989641000},{"poolId":208,"poolName":"ELF/USDT","assetRewards":"BNB","claimAmount":"0.00000441","status":1,"claimedTime":1684989641000},{"poolId":208,"poolName":"ELF/USDT","assetRewards":"ELF","claimAmount":"0.01567905","status":1,"claimedTime":1684963285000},{"poolId":208,"poolName":"ELF/USDT","assetRewards":"BNB","claimAmount":"0.00000561","status":1,"claimedTime":1684963285000},{"poolId":208,"poolName":"ELF/USDT","assetRewards":"USDT","claimAmount":"0.00387343","status":1,"claimedTime":1684963285000},{"poolId":208,"poolName":"ELF/USDT","assetRewards":"ELF","claimAmount":"0.02566989","status":1,"claimedTime":1684931951000},{"poolId":208,"poolName":"ELF/USDT","assetRewards":"BNB","claimAmount":"0.0000174","status":1,"claimedTime":1684931951000},{"poolId":208,"poolName":"ELF/USDT","assetRewards":"USDT","claimAmount":"0.00635556","status":1,"claimedTime":1684931951000},{"poolId":208,"poolName":"ELF/USDT","assetRewards":"USDT","claimAmount":"0.00694621","status":1,"claimedTime":1684828045000},{"poolId":208,"poolName":"ELF/USDT","assetRewards":"BNB","claimAmount":"0.0000138","status":1,"claimedTime":1684828045000},{"poolId":208,"poolName":"ELF/USDT","assetRewards":"ELF","claimAmount":"0.02189055","status":1,"claimedTime":1684828045000},{"poolId":208,"poolName":"ELF/USDT","assetRewards":"BNB","claimAmount":"0.0000144","status":1,"claimedTime":1684745220000},{"poolId":208,"poolName":"ELF/USDT","assetRewards":"USDT","claimAmount":"0.01113835","status":1,"claimedTime":1684745220000},{"poolId":208,"poolName":"ELF/USDT","assetRewards":"ELF","claimAmount":"0.03639741","status":1,"claimedTime":1684745220000},{"poolId":208,"poolName":"ELF/USDT","assetRewards":"USDT","claimAmount":"0.00173181","status":1,"claimedTime":1684658716000},{"poolId":208,"poolName":"ELF/USDT","assetRewards":"ELF","claimAmount":"0.00569865","status":1,"claimedTime":1684658716000},{"poolId":208,"poolName":"ELF/USDT","assetRewards":"BNB","claimAmount":"0.0000066","status":1,"claimedTime":1684658716000},{"poolId":208,"poolName":"ELF/USDT","assetRewards":"ELF","claimAmount":"0.00308625","status":1,"claimedTime":1684617421000},{"poolId":208,"poolName":"ELF/USDT","assetRewards":"BNB","claimAmount":"0.0000078","status":1,"claimedTime":1684617421000},{"poolId":208,"poolName":"ELF/USDT","assetRewards":"USDT","claimAmount":"0.00119552","status":1,"claimedTime":1684617421000},{"poolId":208,"poolName":"ELF/USDT","assetRewards":"ELF","claimAmount":"0.0086828","status":1,"claimedTime":1684570840000},{"poolId":208,"poolName":"ELF/USDT","assetRewards":"USDT","claimAmount":"0.00239077","status":1,"claimedTime":1684570840000},{"poolId":208,"poolName":"ELF/USDT","assetRewards":"BNB","claimAmount":"0.0000108","status":1,"claimedTime":1684570840000},{"poolId":208,"poolName":"ELF/USDT","assetRewards":"BNB","claimAmount":"0.0000162","status":1,"claimedTime":1684507388000},{"poolId":208,"poolName":"ELF/USDT","assetRewards":"USDT","claimAmount":"0.00608435","status":1,"claimedTime":1684507388000},{"poolId":208,"poolName":"ELF/USDT","assetRewards":"ELF","claimAmount":"0.02417064","status":1,"claimedTime":1684507388000},{"poolId":208,"poolName":"ELF/USDT","assetRewards":"ELF","claimAmount":"0.04982264","status":1,"claimedTime":1684407951000},{"poolId":208,"poolName":"ELF/USDT","assetRewards":"BNB","claimAmount":"0.000015","status":1,"claimedTime":1684407951000},{"poolId":208,"poolName":"ELF/USDT","assetRewards":"USDT","claimAmount":"0.01635826","status":1,"claimedTime":1684407951000},{"poolId":208,"poolName":"ELF/USDT","assetRewards":"BNB","claimAmount":"0.0000108","status":1,"claimedTime":1684318513000},{"poolId":208,"poolName":"ELF/USDT","assetRewards":"ELF","claimAmount":"0.01140597","status":1,"claimedTime":1684318513000},{"poolId":208,"poolName":"ELF/USDT","assetRewards":"USDT","claimAmount":"0.00265657","status":1,"claimedTime":1684318513000},{"poolId":208,"poolName":"ELF/USDT","assetRewards":"BNB","claimAmount":"0.00001195","status":1,"claimedTime":1684253184000},{"poolId":208,"poolName":"ELF/USDT","assetRewards":"USDT","claimAmount":"0.00483997","status":1,"claimedTime":1684253184000},{"poolId":208,"poolName":"ELF/USDT","assetRewards":"ELF","claimAmount":"0.02605207","status":1,"claimedTime":1684253184000},{"poolId":208,"poolName":"ELF/USDT","assetRewards":"BNB","claimAmount":"0.00000186","status":1,"claimedTime":1684180513000},{"poolId":208,"poolName":"ELF/USDT","assetRewards":"USDT","claimAmount":"0.0006197","status":1,"claimedTime":1684180513000},{"poolId":208,"poolName":"ELF/USDT","assetRewards":"ELF","claimAmount":"0.00192918","status":1,"claimedTime":1684180513000},{"poolId":208,"poolName":"ELF/USDT","assetRewards":"ELF","claimAmount":"0.00935845","status":1,"claimedTime":1684157653000},{"poolId":208,"poolName":"ELF/USDT","assetRewards":"USDT","claimAmount":"0.00274546","status":1,"claimedTime":1684157653000},{"poolId":208,"poolName":"ELF/USDT","assetRewards":"BNB","claimAmount":"0.00000744","status":1,"claimedTime":1684157653000},{"poolId":208,"poolName":"ELF/USDT","assetRewards":"BNB","claimAmount":"0.00000155","status":1,"claimedTime":1684070017000},{"poolId":208,"poolName":"ELF/USDT","assetRewards":"USDT","claimAmount":"0.00019411","status":1,"claimedTime":1684070017000},{"poolId":208,"poolName":"ELF/USDT","assetRewards":"ELF","claimAmount":"0.00041305","status":1,"claimedTime":1684070017000},{"poolId":208,"poolName":"ELF/USDT","assetRewards":"BNB","claimAmount":"0.00000744","status":1,"claimedTime":1684053898000},{"poolId":208,"poolName":"ELF/USDT","assetRewards":"ELF","claimAmount":"0.00622248","status":1,"claimedTime":1684053898000},{"poolId":208,"poolName":"ELF/USDT","assetRewards":"USDT","claimAmount":"0.00172066","status":1,"claimedTime":1684053898000},{"poolId":208,"poolName":"ELF/USDT","assetRewards":"USDT","claimAmount":"0.00127467","status":1,"claimedTime":1683966128000},{"poolId":208,"poolName":"ELF/USDT","assetRewards":"BNB","claimAmount":"0.00000341","status":1,"claimedTime":1683966128000},{"poolId":208,"poolName":"ELF/USDT","assetRewards":"ELF","claimAmount":"0.00406312","status":1,"claimedTime":1683966128000},{"poolId":208,"poolName":"ELF/USDT","assetRewards":"ELF","claimAmount":"0.01245488","status":1,"claimedTime":1683926079000},{"poolId":208,"poolName":"ELF/USDT","assetRewards":"BNB","claimAmount":"0.00000248","status":1,"claimedTime":1683926079000},{"poolId":208,"poolName":"ELF/USDT","assetRewards":"USDT","claimAmount":"0.00387575","status":1,"claimedTime":1683926079000},{"poolId":208,"poolName":"ELF/USDT","assetRewards":"ELF","claimAmount":"0.00313877","status":1,"claimedTime":1683896618000},{"poolId":208,"poolName":"ELF/USDT","assetRewards":"USDT","claimAmount":"0.00085847","status":1,"claimedTime":1683896618000},{"poolId":208,"poolName":"ELF/USDT","assetRewards":"BNB","claimAmount":"0.00000155","status":1,"claimedTime":1683896618000},{"poolId":208,"poolName":"ELF/USDT","assetRewards":"ELF","claimAmount":"0.03025512","status":1,"claimedTime":1683881667000},{"poolId":208,"poolName":"ELF/USDT","assetRewards":"USDT","claimAmount":"0.00678369","status":1,"claimedTime":1683881667000},{"poolId":208,"poolName":"ELF/USDT","assetRewards":"BNB","claimAmount":"0.00000496","status":1,"claimedTime":1683881667000},{"poolId":208,"poolName":"ELF/USDT","assetRewards":"BNB","claimAmount":"0.00000603","status":1,"claimedTime":1683822494000},{"poolId":208,"poolName":"ELF/USDT","assetRewards":"USDT","claimAmount":"0.01955031","status":1,"claimedTime":1683822494000},{"poolId":208,"poolName":"ELF/USDT","assetRewards":"ELF","claimAmount":"0.06250143","status":1,"claimedTime":1683822494000},{"poolId":208,"poolName":"ELF/USDT","assetRewards":"BNB","claimAmount":"0.000008","status":1,"claimedTime":1683755422000},{"poolId":208,"poolName":"ELF/USDT","assetRewards":"USDT","claimAmount":"0.00735131","status":1,"claimedTime":1683755422000},{"poolId":208,"poolName":"ELF/USDT","assetRewards":"ELF","claimAmount":"0.02233841","status":1,"claimedTime":1683755422000},{"poolId":208,"poolName":"ELF/USDT","assetRewards":"BNB","claimAmount":"0.00000736","status":1,"claimedTime":1683662842000},{"poolId":208,"poolName":"ELF/USDT","assetRewards":"BNB","claimAmount":"0.00000736","status":1,"claimedTime":1683662842000},{"poolId":208,"poolName":"ELF/USDT","assetRewards":"USDT","claimAmount":"0.00398038","status":1,"claimedTime":1683662842000},{"poolId":208,"poolName":"ELF/USDT","assetRewards":"ELF","claimAmount":"0.01309502","status":1,"claimedTime":1683662842000},{"poolId":208,"poolName":"ELF/USDT","assetRewards":"ELF","claimAmount":"0.00999127","status":1,"claimedTime":1683581876000},{"poolId":208,"poolName":"ELF/USDT","assetRewards":"BNB","claimAmount":"0.00000352","status":1,"claimedTime":1683581876000},{"poolId":208,"poolName":"ELF/USDT","assetRewards":"USDT","claimAmount":"0.00233291","status":1,"claimedTime":1683581876000},{"poolId":208,"poolName":"ELF/USDT","assetRewards":"USDT","claimAmount":"0.00323168","status":1,"claimedTime":1683541678000},{"poolId":208,"poolName":"ELF/USDT","assetRewards":"BNB","claimAmount":"0.00000471","status":1,"claimedTime":1683541678000},{"poolId":208,"poolName":"ELF/USDT","assetRewards":"ELF","claimAmount":"0.01618861","status":1,"claimedTime":1683541678000},{"poolId":208,"poolName":"ELF/USDT","assetRewards":"BNB","claimAmount":"0.00001054","status":1,"claimedTime":1683488635000},{"poolId":208,"poolName":"ELF/USDT","assetRewards":"USDT","claimAmount":"0.00588886","status":1,"claimedTime":1683488635000},{"poolId":208,"poolName":"ELF/USDT","assetRewards":"ELF","claimAmount":"0.02282977","status":1,"claimedTime":1683488635000},{"poolId":208,"poolName":"ELF/USDT","assetRewards":"USDT","claimAmount":"0.00147525","status":1,"claimedTime":1683365451000},{"poolId":208,"poolName":"ELF/USDT","assetRewards":"ELF","claimAmount":"0.0056233","status":1,"claimedTime":1683365451000},{"poolId":208,"poolName":"ELF/USDT","assetRewards":"BNB","claimAmount":"0.00000372","status":1,"claimedTime":1683365451000},{"poolId":208,"poolName":"ELF/USDT","assetRewards":"BNB","claimAmount":"0.00000372","status":1,"claimedTime":1683321390000},{"poolId":208,"poolName":"ELF/USDT","assetRewards":"ELF","claimAmount":"0.00868251","status":1,"claimedTime":1683321390000},{"poolId":208,"poolName":"ELF/USDT","assetRewards":"USDT","claimAmount":"0.00310401","status":1,"claimedTime":1683321390000},{"poolId":208,"poolName":"ELF/USDT","assetRewards":"BNB","claimAmount":"0.00000775","status":1,"claimedTime":1683277438000},{"poolId":208,"poolName":"ELF/USDT","assetRewards":"USDT","claimAmount":"0.00245158","status":1,"claimedTime":1683277438000},{"poolId":208,"poolName":"ELF/USDT","assetRewards":"ELF","claimAmount":"0.00836844","status":1,"claimedTime":1683277438000},{"poolId":208,"poolName":"ELF/USDT","assetRewards":"BNB","claimAmount":"0.0000031","status":1,"claimedTime":1683188168000},{"poolId":208,"poolName":"ELF/USDT","assetRewards":"USDT","claimAmount":"0.00217848","status":1,"claimedTime":1683188168000},{"poolId":208,"poolName":"ELF/USDT","assetRewards":"ELF","claimAmount":"0.00636173","status":1,"claimedTime":1683188168000},{"poolId":208,"poolName":"ELF/USDT","assetRewards":"ELF","claimAmount":"0.01310287","status":1,"claimedTime":1683152076000},{"poolId":208,"poolName":"ELF/USDT","assetRewards":"USDT","claimAmount":"0.00394288","status":1,"claimedTime":1683152076000},{"poolId":208,"poolName":"ELF/USDT","assetRewards":"BNB","claimAmount":"0.00000188","status":1,"claimedTime":1683152076000},{"poolId":208,"poolName":"ELF/USDT","assetRewards":"ELF","claimAmount":"0.05450097","status":1,"claimedTime":1683131421000},{"poolId":208,"poolName":"ELF/USDT","assetRewards":"BNB","claimAmount":"0.00000608","status":1,"claimedTime":1683131421000},{"poolId":208,"poolName":"ELF/USDT","assetRewards":"USDT","claimAmount":"0.01668262","status":1,"claimedTime":1683131421000},{"poolId":208,"poolName":"ELF/USDT","assetRewards":"BNB","claimAmount":"0.00001216","status":1,"claimedTime":1683063079000},{"poolId":208,"poolName":"ELF/USDT","assetRewards":"ELF","claimAmount":"0.02542319","status":1,"claimedTime":1683063079000},{"poolId":208,"poolName":"ELF/USDT","assetRewards":"USDT","claimAmount":"0.00865018","status":1,"claimedTime":1683063079000},{"poolId":208,"poolName":"ELF/USDT","assetRewards":"USDT","claimAmount":"0.00477629","status":1,"claimedTime":1682926198000},{"poolId":208,"poolName":"ELF/USDT","assetRewards":"BNB","claimAmount":"0.00000736","status":1,"claimedTime":1682926198000},{"poolId":208,"poolName":"ELF/USDT","assetRewards":"ELF","claimAmount":"0.01947604","status":1,"claimedTime":1682926198000},{"poolId":208,"poolName":"ELF/USDT","assetRewards":"BNB","claimAmount":"0.000008","status":1,"claimedTime":1682844681000},{"poolId":208,"poolName":"ELF/USDT","assetRewards":"ELF","claimAmount":"0.01125321","status":1,"claimedTime":1682844681000},{"poolId":208,"poolName":"ELF/USDT","assetRewards":"USDT","claimAmount":"0.0029931","status":1,"claimedTime":1682844681000},{"poolId":208,"poolName":"ELF/USDT","assetRewards":"BNB","claimAmount":"0.000008","status":1,"claimedTime":1682754226000},{"poolId":208,"poolName":"ELF/USDT","assetRewards":"USDT","claimAmount":"0.0092295","status":1,"claimedTime":1682754226000},{"poolId":208,"poolName":"ELF/USDT","assetRewards":"ELF","claimAmount":"0.03197811","status":1,"claimedTime":1682754226000},{"poolId":208,"poolName":"ELF/USDT","assetRewards":"ELF","claimAmount":"0.02815292","status":1,"claimedTime":1682664233000},{"poolId":208,"poolName":"ELF/USDT","assetRewards":"USDT","claimAmount":"0.00923942","status":1,"claimedTime":1682664233000},{"poolId":208,"poolName":"ELF/USDT","assetRewards":"BNB","claimAmount":"0.00000288","status":1,"claimedTime":1682664233000},{"poolId":208,"poolName":"ELF/USDT","assetRewards":"ELF","claimAmount":"0.00441707","status":1,"claimedTime":1682631100000},{"poolId":208,"poolName":"ELF/USDT","assetRewards":"BNB","claimAmount":"0.00000224","status":1,"claimedTime":1682631100000},{"poolId":208,"poolName":"ELF/USDT","assetRewards":"USDT","claimAmount":"0.00175309","status":1,"claimedTime":1682631100000},{"poolId":208,"poolName":"ELF/USDT","assetRewards":"BNB","claimAmount":"0.000008","status":1,"claimedTime":1682607190000},{"poolId":208,"poolName":"ELF/USDT","assetRewards":"USDT","claimAmount":"0.00955124","status":1,"claimedTime":1682607190000},{"poolId":208,"poolName":"ELF/USDT","assetRewards":"ELF","claimAmount":"0.03573374","status":1,"claimedTime":1682607190000},{"poolId":208,"poolName":"ELF/USDT","assetRewards":"BNB","claimAmount":"0.0000016","status":1,"claimedTime":1682514259000},{"poolId":208,"poolName":"ELF/USDT","assetRewards":"USDT","claimAmount":"0.00135031","status":1,"claimedTime":1682514259000},{"poolId":208,"poolName":"ELF/USDT","assetRewards":"ELF","claimAmount":"0.00281172","status":1,"claimedTime":1682514259000},{"poolId":208,"poolName":"ELF/USDT","assetRewards":"USDT","claimAmount":"0.00645991","status":1,"claimedTime":1682496343000},{"poolId":208,"poolName":"ELF/USDT","assetRewards":"BNB","claimAmount":"0.00000352","status":1,"claimedTime":1682496343000},{"poolId":208,"poolName":"ELF/USDT","assetRewards":"ELF","claimAmount":"0.02045444","status":1,"claimedTime":1682496343000},{"poolId":208,"poolName":"ELF/USDT","assetRewards":"ELF","claimAmount":"0.00355138","status":1,"claimedTime":1682457957000},{"poolId":208,"poolName":"ELF/USDT","assetRewards":"USDT","claimAmount":"0.00129018","status":1,"claimedTime":1682457957000},{"poolId":208,"poolName":"ELF/USDT","assetRewards":"BNB","claimAmount":"0.00000256","status":1,"claimedTime":1682457957000},{"poolId":208,"poolName":"ELF/USDT","assetRewards":"USDT","claimAmount":"0.00216365","status":1,"claimedTime":1682429126000},{"poolId":208,"poolName":"ELF/USDT","assetRewards":"BNB","claimAmount":"0.00000511","status":1,"claimedTime":1682429126000},{"poolId":208,"poolName":"ELF/USDT","assetRewards":"ELF","claimAmount":"0.00933287","status":1,"claimedTime":1682429126000},{"poolId":208,"poolName":"ELF/USDT","assetRewards":"USDT","claimAmount":"0.00199118","status":1,"claimedTime":1682372060000},{"poolId":208,"poolName":"ELF/USDT","assetRewards":"BNB","claimAmount":"0.00000372","status":1,"claimedTime":1682372060000},{"poolId":208,"poolName":"ELF/USDT","assetRewards":"ELF","claimAmount":"0.00634582","status":1,"claimedTime":1682372060000},{"poolId":208,"poolName":"ELF/USDT","assetRewards":"ELF","claimAmount":"0.01330181","status":1,"claimedTime":1682330463000},{"poolId":208,"poolName":"ELF/USDT","assetRewards":"BNB","claimAmount":"0.0000062","status":1,"claimedTime":1682330463000},{"poolId":208,"poolName":"ELF/USDT","assetRewards":"USDT","claimAmount":"0.00273508","status":1,"claimedTime":1682330463000},{"poolId":208,"poolName":"ELF/USDT","assetRewards":"USDT","claimAmount":"0.00570293","status":1,"claimedTime":1682255554000},{"poolId":208,"poolName":"ELF/USDT","assetRewards":"BNB","claimAmount":"0.00001209","status":1,"claimedTime":1682255554000},{"poolId":208,"poolName":"ELF/USDT","assetRewards":"ELF","claimAmount":"0.01974527","status":1,"claimedTime":1682255554000},{"poolId":208,"poolName":"ELF/USDT","assetRewards":"BNB","claimAmount":"0.00000775","status":1,"claimedTime":1682115557000},{"poolId":208,"poolName":"ELF/USDT","assetRewards":"ELF","claimAmount":"0.01818351","status":1,"claimedTime":1682115557000},{"poolId":208,"poolName":"ELF/USDT","assetRewards":"USDT","claimAmount":"0.0046747","status":1,"claimedTime":1682115557000},{"poolId":208,"poolName":"ELF/USDT","assetRewards":"ELF","claimAmount":"0.02575413","status":1,"claimedTime":1682025935000},{"poolId":208,"poolName":"ELF/USDT","assetRewards":"USDT","claimAmount":"0.00739948","status":1,"claimedTime":1682025935000},{"poolId":208,"poolName":"ELF/USDT","assetRewards":"BNB","claimAmount":"0.00000744","status":1,"claimedTime":1682025935000},{"poolId":208,"poolName":"ELF/USDT","assetRewards":"BNB","claimAmount":"0.00000031","status":1,"claimedTime":1681939984000},{"poolId":208,"poolName":"ELF/USDT","assetRewards":"USDT","claimAmount":"0.00002923","status":1,"claimedTime":1681939984000},{"poolId":208,"poolName":"ELF/USDT","assetRewards":"ELF","claimAmount":"0.00021542","status":1,"claimedTime":1681939984000},{"poolId":208,"poolName":"ELF/USDT","assetRewards":"ELF","claimAmount":"0.01501231","status":1,"claimedTime":1681936862000},{"poolId":208,"poolName":"ELF/USDT","assetRewards":"USDT","claimAmount":"0.00378266","status":1,"claimedTime":1681936862000},{"poolId":208,"poolName":"ELF/USDT","assetRewards":"BNB","claimAmount":"0.00000744","status":1,"claimedTime":1681936862000},{"poolId":208,"poolName":"ELF/USDT","assetRewards":"ELF","claimAmount":"0.00769832","status":1,"claimedTime":1681850008000},{"poolId":208,"poolName":"ELF/USDT","assetRewards":"BNB","claimAmount":"0.00000682","status":1,"claimedTime":1681850008000},{"poolId":208,"poolName":"ELF/USDT","assetRewards":"USDT","claimAmount":"0.0027222","status":1,"claimedTime":1681850008000},{"poolId":208,"poolName":"ELF/USDT","assetRewards":"ELF","claimAmount":"0.00350192","status":1,"claimedTime":1681771185000},{"poolId":208,"poolName":"ELF/USDT","assetRewards":"BNB","claimAmount":"0.0000031","status":1,"claimedTime":1681771185000},{"poolId":208,"poolName":"ELF/USDT","assetRewards":"USDT","claimAmount":"0.00107487","status":1,"claimedTime":1681771185000},{"poolId":208,"poolName":"ELF/USDT","assetRewards":"BNB","claimAmount":"0.00000365","status":1,"claimedTime":1681733497000},{"poolId":208,"poolName":"ELF/USDT","assetRewards":"USDT","claimAmount":"0.00093466","status":1,"claimedTime":1681733497000},{"poolId":208,"poolName":"ELF/USDT","assetRewards":"ELF","claimAmount":"0.00524496","status":1,"claimedTime":1681733497000},{"poolId":208,"poolName":"ELF/USDT","assetRewards":"ELF","claimAmount":"0.00285668","status":1,"claimedTime":1681690912000},{"poolId":208,"poolName":"ELF/USDT","assetRewards":"USDT","claimAmount":"0.0010562","status":1,"claimedTime":1681690912000},{"poolId":208,"poolName":"ELF/USDT","assetRewards":"BNB","claimAmount":"0.0000033","status":1,"claimedTime":1681690912000},{"poolId":208,"poolName":"ELF/USDT","assetRewards":"USDT","claimAmount":"0.0005344","status":1,"claimedTime":1681652755000},{"poolId":208,"poolName":"ELF/USDT","assetRewards":"ELF","claimAmount":"0.00223066","status":1,"claimedTime":1681652755000},{"poolId":208,"poolName":"ELF/USDT","assetRewards":"BNB","claimAmount":"0.00000427","status":1,"claimedTime":1681652755000},{"poolId":208,"poolName":"ELF/USDT","assetRewards":"USDT","claimAmount":"0.00097483","status":1,"claimedTime":1681597170000},{"poolId":208,"poolName":"ELF/USDT","assetRewards":"USDT","claimAmount":"0.00097483","status":1,"claimedTime":1681597170000},{"poolId":208,"poolName":"ELF/USDT","assetRewards":"ELF","claimAmount":"0.0031057","status":1,"claimedTime":1681597170000},{"poolId":208,"poolName":"ELF/USDT","assetRewards":"BNB","claimAmount":"0.00000336","status":1,"claimedTime":1681597170000},{"poolId":208,"poolName":"ELF/USDT","assetRewards":"USDT","claimAmount":"0.00248766","status":1,"claimedTime":1681556252000},{"poolId":208,"poolName":"ELF/USDT","assetRewards":"BNB","claimAmount":"0.00000672","status":1,"claimedTime":1681556252000},{"poolId":208,"poolName":"ELF/USDT","assetRewards":"ELF","claimAmount":"0.01022573","status":1,"claimedTime":1681556252000},{"poolId":208,"poolName":"ELF/USDT","assetRewards":"USDT","claimAmount":"0.00651247","status":1,"claimedTime":1681470004000},{"poolId":208,"poolName":"ELF/USDT","assetRewards":"ELF","claimAmount":"0.0185225","status":1,"claimedTime":1681470004000},{"poolId":208,"poolName":"ELF/USDT","assetRewards":"BNB","claimAmount":"0.00000336","status":1,"claimedTime":1681470004000},{"poolId":208,"poolName":"ELF/USDT","assetRewards":"USDT","claimAmount":"0.00171208","status":1,"claimedTime":1681426895000},{"poolId":208,"poolName":"ELF/USDT","assetRewards":"BNB","claimAmount":"0.00000336","status":1,"claimedTime":1681426895000},{"poolId":208,"poolName":"ELF/USDT","assetRewards":"ELF","claimAmount":"0.00475726","status":1,"claimedTime":1681426895000},{"poolId":208,"poolName":"ELF/USDT","assetRewards":"USDT","claimAmount":"0.0045059","status":1,"claimedTime":1681381222000},{"poolId":208,"poolName":"ELF/USDT","assetRewards":"BNB","claimAmount":"0.00000532","status":1,"claimedTime":1681381222000},{"poolId":208,"poolName":"ELF/USDT","assetRewards":"ELF","claimAmount":"0.01372915","status":1,"claimedTime":1681381222000},{"poolId":208,"poolName":"ELF/USDT","assetRewards":"USDT","claimAmount":"0.00248812","status":1,"claimedTime":1681315099000},{"poolId":208,"poolName":"ELF/USDT","assetRewards":"BNB","claimAmount":"0.00000112","status":1,"claimedTime":1681315099000},{"poolId":208,"poolName":"ELF/USDT","assetRewards":"ELF","claimAmount":"0.00679172","status":1,"claimedTime":1681315099000},{"poolId":208,"poolName":"ELF/USDT","assetRewards":"USDT","claimAmount":"0.00380607","status":1,"claimedTime":1681297621000},{"poolId":208,"poolName":"ELF/USDT","assetRewards":"BNB","claimAmount":"0.00000364","status":1,"claimedTime":1681297621000},{"poolId":208,"poolName":"ELF/USDT","assetRewards":"ELF","claimAmount":"0.01215813","status":1,"claimedTime":1681297621000},{"poolId":208,"poolName":"ELF/USDT","assetRewards":"USDT","claimAmount":"0.00378021","status":1,"claimedTime":1681253090000},{"poolId":208,"poolName":"ELF/USDT","assetRewards":"BNB","claimAmount":"0.00000868","status":1,"claimedTime":1681253090000},{"poolId":208,"poolName":"ELF/USDT","assetRewards":"ELF","claimAmount":"0.01093042","status":1,"claimedTime":1681253090000},{"poolId":208,"poolName":"ELF/USDT","assetRewards":"ELF","claimAmount":"0.00758197","status":1,"claimedTime":1681141566000},{"poolId":208,"poolName":"ELF/USDT","assetRewards":"BNB","claimAmount":"0.00000811","status":1,"claimedTime":1681141566000},{"poolId":208,"poolName":"ELF/USDT","assetRewards":"USDT","claimAmount":"0.00203133","status":1,"claimedTime":1681141566000},{"poolId":208,"poolName":"ELF/USDT","assetRewards":"ELF","claimAmount":"0.00232602","status":1,"claimedTime":1681032361000},{"poolId":208,"poolName":"ELF/USDT","assetRewards":"USDT","claimAmount":"0.00062735","status":1,"claimedTime":1681032361000},{"poolId":208,"poolName":"ELF/USDT","assetRewards":"BNB","claimAmount":"0.00000297","status":1,"claimedTime":1681032361000},{"poolId":208,"poolName":"ELF/USDT","assetRewards":"USDT","claimAmount":"0.00078991","status":1,"claimedTime":1680992772000},{"poolId":208,"poolName":"ELF/USDT","assetRewards":"BNB","claimAmount":"0.00000291","status":1,"claimedTime":1680992772000},{"poolId":208,"poolName":"ELF/USDT","assetRewards":"ELF","claimAmount":"0.00377642","status":1,"claimedTime":1680992772000},{"poolId":208,"poolName":"ELF/USDT","assetRewards":"USDT","claimAmount":"0.00414163","status":1,"claimedTime":1680953654000},{"poolId":208,"poolName":"ELF/USDT","assetRewards":"BNB","claimAmount":"0.00000729","status":1,"claimedTime":1680953654000},{"poolId":208,"poolName":"ELF/USDT","assetRewards":"ELF","claimAmount":"0.01999163","status":1,"claimedTime":1680953654000},{"poolId":208,"poolName":"ELF/USDT","assetRewards":"BNB","claimAmount":"0.00000295","status":1,"claimedTime":1680851854000},{"poolId":208,"poolName":"ELF/USDT","assetRewards":"ELF","claimAmount":"0.04222474","status":1,"claimedTime":1680851854000},{"poolId":208,"poolName":"ELF/USDT","assetRewards":"USDT","claimAmount":"0.01410257","status":1,"claimedTime":1680851854000},{"poolId":208,"poolName":"ELF/USDT","assetRewards":"ELF","claimAmount":"0.00346676","status":1,"claimedTime":1680814838000},{"poolId":208,"poolName":"ELF/USDT","assetRewards":"BNB","claimAmount":"0.00000112","status":1,"claimedTime":1680814838000},{"poolId":208,"poolName":"ELF/USDT","assetRewards":"USDT","claimAmount":"0.00089447","status":1,"claimedTime":1680814838000},{"poolId":208,"poolName":"ELF/USDT","assetRewards":"USDT","claimAmount":"0.00029597","status":1,"claimedTime":1680799217000},{"poolId":208,"poolName":"ELF/USDT","assetRewards":"BNB","claimAmount":"0.00000028","status":1,"claimedTime":1680799217000},{"poolId":208,"poolName":"ELF/USDT","assetRewards":"ELF","claimAmount":"0.00027573","status":1,"claimedTime":1680799217000},{"poolId":208,"poolName":"ELF/USDT","assetRewards":"BNB","claimAmount":"0.00000084","status":1,"claimedTime":1680794103000},{"poolId":208,"poolName":"ELF/USDT","assetRewards":"ELF","claimAmount":"0.01350409","status":1,"claimedTime":1680794103000},{"poolId":208,"poolName":"ELF/USDT","assetRewards":"USDT","claimAmount":"0.00424731","status":1,"claimedTime":1680794103000},{"poolId":208,"poolName":"ELF/USDT","assetRewards":"ELF","claimAmount":"0.00237934","status":1,"claimedTime":1680782978000},{"poolId":208,"poolName":"ELF/USDT","assetRewards":"USDT","claimAmount":"0.000858","status":1,"claimedTime":1680782978000},{"poolId":208,"poolName":"ELF/USDT","assetRewards":"BNB","claimAmount":"0.00000056","status":1,"claimedTime":1680782978000},{"poolId":208,"poolName":"ELF/USDT","assetRewards":"ELF","claimAmount":"0.03626189","status":1,"claimedTime":1680776732000},{"poolId":208,"poolName":"ELF/USDT","assetRewards":"BNB","claimAmount":"0.000007","status":1,"claimedTime":1680776732000},{"poolId":208,"poolName":"ELF/USDT","assetRewards":"USDT","claimAmount":"0.01166451","status":1,"claimedTime":1680776732000},{"poolId":208,"poolName":"ELF/USDT","assetRewards":"ELF","claimAmount":"0.01761889","status":1,"claimedTime":1680686522000},{"poolId":208,"poolName":"ELF/USDT","assetRewards":"BNB","claimAmount":"0.00000352","status":1,"claimedTime":1680686522000},{"poolId":208,"poolName":"ELF/USDT","assetRewards":"USDT","claimAmount":"0.00604345","status":1,"claimedTime":1680686522000},{"poolId":208,"poolName":"ELF/USDT","assetRewards":"BNB","claimAmount":"0.0000027","status":1,"claimedTime":1680641878000},{"poolId":208,"poolName":"ELF/USDT","assetRewards":"ELF","claimAmount":"0.02600169","status":1,"claimedTime":1680641878000},{"poolId":208,"poolName":"ELF/USDT","assetRewards":"USDT","claimAmount":"0.00895999","status":1,"claimedTime":1680641878000},{"poolId":208,"poolName":"ELF/USDT","assetRewards":"USDT","claimAmount":"0.00270733","status":1,"claimedTime":1680602777000},{"poolId":208,"poolName":"ELF/USDT","assetRewards":"BNB","claimAmount":"0.00000405","status":1,"claimedTime":1680602777000},{"poolId":208,"poolName":"ELF/USDT","assetRewards":"ELF","claimAmount":"0.00835749","status":1,"claimedTime":1680602777000},{"poolId":208,"poolName":"ELF/USDT","assetRewards":"BNB","claimAmount":"0.00000027","status":1,"claimedTime":1680551457000},{"poolId":208,"poolName":"ELF/USDT","assetRewards":"USDT","claimAmount":"0.00033755","status":1,"claimedTime":1680551457000},{"poolId":208,"poolName":"ELF/USDT","assetRewards":"ELF","claimAmount":"0.00027201","status":1,"claimedTime":1680551457000},{"poolId":208,"poolName":"ELF/USDT","assetRewards":"USDT","claimAmount":"0.00016565","status":1,"claimedTime":1680545384000},{"poolId":208,"poolName":"ELF/USDT","assetRewards":"BNB","claimAmount":"0.00000081","status":1,"claimedTime":1680545384000},{"poolId":208,"poolName":"ELF/USDT","assetRewards":"ELF","claimAmount":"0.00062695","status":1,"claimedTime":1680545384000},{"poolId":208,"poolName":"ELF/USDT","assetRewards":"ELF","claimAmount":"0.00616748","status":1,"claimedTime":1680536388000},{"poolId":208,"poolName":"ELF/USDT","assetRewards":"BNB","claimAmount":"0.00000513","status":1,"claimedTime":1680536388000},{"poolId":208,"poolName":"ELF/USDT","assetRewards":"USDT","claimAmount":"0.00229637","status":1,"claimedTime":1680536388000},{"poolId":208,"poolName":"ELF/USDT","assetRewards":"ELF","claimAmount":"0.01164734","status":1,"claimedTime":1680466432000},{"poolId":208,"poolName":"ELF/USDT","assetRewards":"BNB","claimAmount":"0.00000511","status":1,"claimedTime":1680466432000},{"poolId":208,"poolName":"ELF/USDT","assetRewards":"USDT","claimAmount":"0.00263925","status":1,"claimedTime":1680466432000},{"poolId":208,"poolName":"ELF/USDT","assetRewards":"USDT","claimAmount":"0.00899015","status":1,"claimedTime":1680388352000},{"poolId":208,"poolName":"ELF/USDT","assetRewards":"ELF","claimAmount":"0.03431532","status":1,"claimedTime":1680388352000},{"poolId":208,"poolName":"ELF/USDT","assetRewards":"BNB","claimAmount":"0.00000433","status":1,"claimedTime":1680388352000},{"poolId":208,"poolName":"ELF/USDT","assetRewards":"BNB","claimAmount":"0.00000612","status":1,"claimedTime":1680300199000},{"poolId":208,"poolName":"ELF/USDT","assetRewards":"USDT","claimAmount":"0.11379587","status":1,"claimedTime":1680300199000},{"poolId":208,"poolName":"ELF/USDT","assetRewards":"ELF","claimAmount":"0.32471015","status":1,"claimedTime":1680300199000},{"poolId":208,"poolName":"ELF/USDT","assetRewards":"USDT","claimAmount":"0.00411297","status":1,"claimedTime":1680204585000},{"poolId":208,"poolName":"ELF/USDT","assetRewards":"ELF","claimAmount":"0.01362356","status":1,"claimedTime":1680204585000},{"poolId":208,"poolName":"ELF/USDT","assetRewards":"BNB","claimAmount":"0.00000561","status":1,"claimedTime":1680204585000},{"poolId":208,"poolName":"ELF/USDT","assetRewards":"USDT","claimAmount":"0.00008268","status":1,"claimedTime":1680128126000},{"poolId":208,"poolName":"ELF/USDT","assetRewards":"BNB","claimAmount":"0.00000027","status":1,"claimedTime":1680128126000},{"poolId":208,"poolName":"ELF/USDT","assetRewards":"ELF","claimAmount":"0.00022713","status":1,"claimedTime":1680128126000},{"poolId":208,"poolName":"ELF/USDT","assetRewards":"USDT","claimAmount":"0.00202126","status":1,"claimedTime":1680127323000},{"poolId":208,"poolName":"ELF/USDT","assetRewards":"ELF","claimAmount":"0.00658711","status":1,"claimedTime":1680127323000},{"poolId":208,"poolName":"ELF/USDT","assetRewards":"BNB","claimAmount":"0.00000324","status":1,"claimedTime":1680127323000},{"poolId":208,"poolName":"ELF/USDT","assetRewards":"ELF","claimAmount":"0.01291373","status":1,"claimedTime":1680083332000},{"poolId":208,"poolName":"ELF/USDT","assetRewards":"USDT","claimAmount":"0.00369428","status":1,"claimedTime":1680083332000},{"poolId":208,"poolName":"ELF/USDT","assetRewards":"BNB","claimAmount":"0.00000432","status":1,"claimedTime":1680083332000},{"poolId":208,"poolName":"ELF/USDT","assetRewards":"ELF","claimAmount":"0.01333856","status":1,"claimedTime":1680024083000},{"poolId":208,"poolName":"ELF/USDT","assetRewards":"BNB","claimAmount":"0.00000513","status":1,"claimedTime":1680024083000},{"poolId":208,"poolName":"ELF/USDT","assetRewards":"USDT","claimAmount":"0.00381077","status":1,"claimedTime":1680024083000},{"poolId":208,"poolName":"ELF/USDT","assetRewards":"USDT","claimAmount":"0.0048482","status":1,"claimedTime":1679956293000},{"poolId":208,"poolName":"ELF/USDT","assetRewards":"BNB","claimAmount":"0.00000677","status":1,"claimedTime":1679956293000},{"poolId":208,"poolName":"ELF/USDT","assetRewards":"ELF","claimAmount":"0.0176296","status":1,"claimedTime":1679956293000},{"poolId":208,"poolName":"ELF/USDT","assetRewards":"BNB","claimAmount":"0.00000567","status":1,"claimedTime":1679865874000},{"poolId":208,"poolName":"ELF/USDT","assetRewards":"BNB","claimAmount":"0.00000567","status":1,"claimedTime":1679865874000},{"poolId":208,"poolName":"ELF/USDT","assetRewards":"USDT","claimAmount":"0.00255513","status":1,"claimedTime":1679865874000},{"poolId":208,"poolName":"ELF/USDT","assetRewards":"ELF","claimAmount":"0.00942712","status":1,"claimedTime":1679865874000},{"poolId":208,"poolName":"ELF/USDT","assetRewards":"BNB","claimAmount":"0.00000351","status":1,"claimedTime":1679789336000},{"poolId":208,"poolName":"ELF/USDT","assetRewards":"ELF","claimAmount":"0.0060287","status":1,"claimedTime":1679789336000},{"poolId":208,"poolName":"ELF/USDT","assetRewards":"USDT","claimAmount":"0.00162863","status":1,"claimedTime":1679789336000},{"poolId":208,"poolName":"ELF/USDT","assetRewards":"ELF","claimAmount":"0.02153353","status":1,"claimedTime":1679744976000},{"poolId":208,"poolName":"ELF/USDT","assetRewards":"USDT","claimAmount":"0.00663548","status":1,"claimedTime":1679744976000},{"poolId":208,"poolName":"ELF/USDT","assetRewards":"BNB","claimAmount":"0.0000054","status":1,"claimedTime":1679744976000},{"poolId":208,"poolName":"ELF/USDT","assetRewards":"BNB","claimAmount":"0.00000486","status":1,"claimedTime":1679670805000},{"poolId":208,"poolName":"ELF/USDT","assetRewards":"ELF","claimAmount":"0.02499794","status":1,"claimedTime":1679670805000},{"poolId":208,"poolName":"ELF/USDT","assetRewards":"USDT","claimAmount":"0.00792713","status":1,"claimedTime":1679670805000},{"poolId":208,"poolName":"ELF/USDT","assetRewards":"ELF","claimAmount":"0.01708895","status":1,"claimedTime":1679607873000},{"poolId":208,"poolName":"ELF/USDT","assetRewards":"USDT","claimAmount":"0.00537478","status":1,"claimedTime":1679607873000},{"poolId":208,"poolName":"ELF/USDT","assetRewards":"BNB","claimAmount":"0.00000505","status":1,"claimedTime":1679607873000},{"poolId":208,"poolName":"ELF/USDT","assetRewards":"BNB","claimAmount":"0.00000231","status":1,"claimedTime":1679529731000},{"poolId":208,"poolName":"ELF/USDT","assetRewards":"ELF","claimAmount":"0.02123491","status":1,"claimedTime":1679529731000},{"poolId":208,"poolName":"ELF/USDT","assetRewards":"USDT","claimAmount":"0.00574425","status":1,"claimedTime":1679529731000},{"poolId":208,"poolName":"ELF/USDT","assetRewards":"USDT","claimAmount":"0.01060383","status":1,"claimedTime":1679486739000},{"poolId":208,"poolName":"ELF/USDT","assetRewards":"ELF","claimAmount":"0.03185327","status":1,"claimedTime":1679486739000},{"poolId":208,"poolName":"ELF/USDT","assetRewards":"BNB","claimAmount":"0.00000354","status":1,"claimedTime":1679486739000},{"poolId":208,"poolName":"ELF/USDT","assetRewards":"USDT","claimAmount":"0.01068581","status":1,"claimedTime":1679431471000},{"poolId":208,"poolName":"ELF/USDT","assetRewards":"ELF","claimAmount":"0.03585541","status":1,"claimedTime":1679431471000},{"poolId":208,"poolName":"ELF/USDT","assetRewards":"BNB","claimAmount":"0.00000251","status":1,"claimedTime":1679431471000},{"poolId":208,"poolName":"ELF/USDT","assetRewards":"USDT","claimAmount":"0.01515204","status":1,"claimedTime":1679397961000},{"poolId":208,"poolName":"ELF/USDT","assetRewards":"ELF","claimAmount":"0.04675082","status":1,"claimedTime":1679397961000},{"poolId":208,"poolName":"ELF/USDT","assetRewards":"BNB","claimAmount":"0.00000386","status":1,"claimedTime":1679397961000},{"poolId":208,"poolName":"ELF/USDT","assetRewards":"BNB","claimAmount":"0.00000162","status":1,"claimedTime":1679348093000},{"poolId":208,"poolName":"ELF/USDT","assetRewards":"USDT","claimAmount":"0.00140451","status":1,"claimedTime":1679348093000},{"poolId":208,"poolName":"ELF/USDT","assetRewards":"ELF","claimAmount":"0.00505833","status":1,"claimedTime":1679348093000},{"poolId":208,"poolName":"ELF/USDT","assetRewards":"USDT","claimAmount":"0.00501765","status":1,"claimedTime":1679324621000},{"poolId":208,"poolName":"ELF/USDT","assetRewards":"ELF","claimAmount":"0.01888094","status":1,"claimedTime":1679324621000},{"poolId":208,"poolName":"ELF/USDT","assetRewards":"BNB","claimAmount":"0.00000454","status":1,"claimedTime":1679324621000},{"poolId":208,"poolName":"ELF/USDT","assetRewards":"ELF","claimAmount":"0.03244635","status":1,"claimedTime":1679266674000},{"poolId":208,"poolName":"ELF/USDT","assetRewards":"USDT","claimAmount":"0.00935911","status":1,"claimedTime":1679266674000},{"poolId":208,"poolName":"ELF/USDT","assetRewards":"BNB","claimAmount":"0.00000624","status":1,"claimedTime":1679266674000},{"poolId":208,"poolName":"ELF/USDT","assetRewards":"ELF","claimAmount":"0.02005515","status":1,"claimedTime":1679179653000},{"poolId":208,"poolName":"ELF/USDT","assetRewards":"BNB","claimAmount":"0.00000346","status":1,"claimedTime":1679179653000},{"poolId":208,"poolName":"ELF/USDT","assetRewards":"USDT","claimAmount":"0.00606376","status":1,"claimedTime":1679179653000},{"poolId":208,"poolName":"ELF/USDT","assetRewards":"USDT","claimAmount":"0.00054231","status":1,"claimedTime":1679132986000},{"poolId":208,"poolName":"ELF/USDT","assetRewards":"BNB","claimAmount":"0.00000027","status":1,"claimedTime":1679132986000},{"poolId":208,"poolName":"ELF/USDT","assetRewards":"ELF","claimAmount":"0.00218426","status":1,"claimedTime":1679132986000},{"poolId":208,"poolName":"ELF/USDT","assetRewards":"USDT","claimAmount":"0.00460256","status":1,"claimedTime":1679127016000},{"poolId":208,"poolName":"ELF/USDT","assetRewards":"ELF","claimAmount":"0.01602454","status":1,"claimedTime":1679127016000},{"poolId":208,"poolName":"ELF/USDT","assetRewards":"BNB","claimAmount":"0.00000209","status":1,"claimedTime":1679127016000},{"poolId":208,"poolName":"ELF/USDT","assetRewards":"ELF","claimAmount":"0.03340704","status":1,"claimedTime":1679098125000},{"poolId":208,"poolName":"ELF/USDT","assetRewards":"BNB","claimAmount":"0.00000468","status":1,"claimedTime":1679098125000},{"poolId":208,"poolName":"ELF/USDT","assetRewards":"USDT","claimAmount":"0.0109307","status":1,"claimedTime":1679098125000},{"poolId":208,"poolName":"ELF/USDT","assetRewards":"BNB","claimAmount":"0.00000233","status":1,"claimedTime":1679034534000},{"poolId":208,"poolName":"ELF/USDT","assetRewards":"USDT","claimAmount":"0.00382336","status":1,"claimedTime":1679034534000},{"poolId":208,"poolName":"ELF/USDT","assetRewards":"ELF","claimAmount":"0.01000729","status":1,"claimedTime":1679034534000},{"poolId":208,"poolName":"ELF/USDT","assetRewards":"ELF","claimAmount":"0.0069775","status":1,"claimedTime":1679003407000},{"poolId":208,"poolName":"ELF/USDT","assetRewards":"USDT","claimAmount":"0.00182604","status":1,"claimedTime":1679003407000},{"poolId":208,"poolName":"ELF/USDT","assetRewards":"BNB","claimAmount":"0.00000146","status":1,"claimedTime":1679003407000},{"poolId":208,"poolName":"ELF/USDT","assetRewards":"USDT","claimAmount":"0.01131974","status":1,"claimedTime":1678982193000},{"poolId":208,"poolName":"ELF/USDT","assetRewards":"ELF","claimAmount":"0.03499289","status":1,"claimedTime":1678982193000},{"poolId":208,"poolName":"ELF/USDT","assetRewards":"BNB","claimAmount":"0.00000432","status":1,"claimedTime":1678982193000},{"poolId":208,"poolName":"ELF/USDT","assetRewards":"USDT","claimAmount":"0.01050219","status":1,"claimedTime":1678916856000},{"poolId":208,"poolName":"ELF/USDT","assetRewards":"BNB","claimAmount":"0.0000035","status":1,"claimedTime":1678916856000},{"poolId":208,"poolName":"ELF/USDT","assetRewards":"ELF","claimAmount":"0.04268776","status":1,"claimedTime":1678916856000},{"poolId":208,"poolName":"ELF/USDT","assetRewards":"USDT","claimAmount":"0.00634594","status":1,"claimedTime":1678860650000},{"poolId":208,"poolName":"ELF/USDT","assetRewards":"BNB","claimAmount":"0.00000259","status":1,"claimedTime":1678860650000},{"poolId":208,"poolName":"ELF/USDT","assetRewards":"ELF","claimAmount":"0.01929497","status":1,"claimedTime":1678860650000},{"poolId":208,"poolName":"ELF/USDT","assetRewards":"BNB","claimAmount":"0.00000144","status":1,"claimedTime":1678823277000},{"poolId":208,"poolName":"ELF/USDT","assetRewards":"USDT","claimAmount":"0.00929218","status":1,"claimedTime":1678823277000},{"poolId":208,"poolName":"ELF/USDT","assetRewards":"ELF","claimAmount":"0.02773421","status":1,"claimedTime":1678823277000},{"poolId":208,"poolName":"ELF/USDT","assetRewards":"BNB","claimAmount":"0.00000024","status":1,"claimedTime":1678801414000},{"poolId":208,"poolName":"ELF/USDT","assetRewards":"USDT","claimAmount":"0.00360823","status":1,"claimedTime":1678801414000},{"poolId":208,"poolName":"ELF/USDT","assetRewards":"ELF","claimAmount":"0.00932346","status":1,"claimedTime":1678801414000},{"poolId":208,"poolName":"ELF/USDT","assetRewards":"BNB","claimAmount":"0.00000048","status":1,"claimedTime":1678798912000},{"poolId":208,"poolName":"ELF/USDT","assetRewards":"ELF","claimAmount":"0.00709465","status":1,"claimedTime":1678798912000},{"poolId":208,"poolName":"ELF/USDT","assetRewards":"USDT","claimAmount":"0.00216635","status":1,"claimedTime":1678798912000},{"poolId":208,"poolName":"ELF/USDT","assetRewards":"USDT","claimAmount":"0.02706447","status":1,"claimedTime":1678791230000},{"poolId":208,"poolName":"ELF/USDT","assetRewards":"ELF","claimAmount":"0.07441418","status":1,"claimedTime":1678791230000},{"poolId":208,"poolName":"ELF/USDT","assetRewards":"BNB","claimAmount":"0.00000284","status":1,"claimedTime":1678791230000},{"poolId":208,"poolName":"ELF/USDT","assetRewards":"ELF","claimAmount":"0.05083524","status":1,"claimedTime":1678747598000},{"poolId":208,"poolName":"ELF/USDT","assetRewards":"BNB","claimAmount":"0.00000292","status":1,"claimedTime":1678747598000},{"poolId":208,"poolName":"ELF/USDT","assetRewards":"USDT","claimAmount":"0.01751957","status":1,"claimedTime":1678747598000},{"poolId":208,"poolName":"ELF/USDT","assetRewards":"USDT","claimAmount":"0.01396558","status":1,"claimedTime":1678700744000},{"poolId":208,"poolName":"ELF/USDT","assetRewards":"ELF","claimAmount":"0.04100278","status":1,"claimedTime":1678700744000},{"poolId":208,"poolName":"ELF/USDT","assetRewards":"BNB","claimAmount":"0.00000241","status":1,"claimedTime":1678700744000},{"poolId":208,"poolName":"ELF/USDT","assetRewards":"USDT","claimAmount":"0.00255013","status":1,"claimedTime":1678661844000},{"poolId":208,"poolName":"ELF/USDT","assetRewards":"BNB","claimAmount":"0.00000108","status":1,"claimedTime":1678661844000},{"poolId":208,"poolName":"ELF/USDT","assetRewards":"ELF","claimAmount":"0.00719064","status":1,"claimedTime":1678661844000},{"poolId":208,"poolName":"ELF/USDT","assetRewards":"BNB","claimAmount":"0.00000179","status":1,"claimedTime":1678642144000},{"poolId":208,"poolName":"ELF/USDT","assetRewards":"ELF","claimAmount":"0.03009277","status":1,"claimedTime":1678642144000},{"poolId":208,"poolName":"ELF/USDT","assetRewards":"USDT","claimAmount":"0.00848101","status":1,"claimedTime":1678642144000},{"poolId":208,"poolName":"ELF/USDT","assetRewards":"BNB","claimAmount":"0.00000259","status":1,"claimedTime":1678613762000},{"poolId":208,"poolName":"ELF/USDT","assetRewards":"USDT","claimAmount":"0.03679525","status":1,"claimedTime":1678613762000},{"poolId":208,"poolName":"ELF/USDT","assetRewards":"ELF","claimAmount":"0.11503729","status":1,"claimedTime":1678613762000},{"poolId":208,"poolName":"ELF/USDT","assetRewards":"BNB","claimAmount":"0.0000094","status":1,"claimedTime":1678577203000},{"poolId":208,"poolName":"ELF/USDT","assetRewards":"ELF","claimAmount":"0.15391026","status":1,"claimedTime":1678577203000},{"poolId":208,"poolName":"ELF/USDT","assetRewards":"USDT","claimAmount":"0.04930848","status":1,"claimedTime":1678577203000},{"poolId":208,"poolName":"ELF/USDT","assetRewards":"BNB","claimAmount":"0.00000027","status":1,"claimedTime":1678452678000},{"poolId":208,"poolName":"ELF/USDT","assetRewards":"USDT","claimAmount":"0.00775654","status":1,"claimedTime":1678452678000},{"poolId":208,"poolName":"ELF/USDT","assetRewards":"ELF","claimAmount":"0.02813675","status":1,"claimedTime":1678452678000},{"poolId":208,"poolName":"ELF/USDT","assetRewards":"USDT","claimAmount":"0.01164309","status":1,"claimedTime":1678449333000},{"poolId":208,"poolName":"ELF/USDT","assetRewards":"ELF","claimAmount":"0.03751156","status":1,"claimedTime":1678449333000},{"poolId":208,"poolName":"ELF/USDT","assetRewards":"BNB","claimAmount":"0.00000364","status":1,"claimedTime":1678449333000},{"poolId":208,"poolName":"ELF/USDT","assetRewards":"BNB","claimAmount":"0.00000025","status":1,"claimedTime":1678398431000},{"poolId":208,"poolName":"ELF/USDT","assetRewards":"BNB","claimAmount":"0.00000025","status":1,"claimedTime":1678398431000},{"poolId":208,"poolName":"ELF/USDT","assetRewards":"ELF","claimAmount":"0.00416294","status":1,"claimedTime":1678398431000},{"poolId":208,"poolName":"ELF/USDT","assetRewards":"USDT","claimAmount":"0.00124574","status":1,"claimedTime":1678398431000},{"poolId":208,"poolName":"ELF/USDT","assetRewards":"ELF","claimAmount":"0.01058662","status":1,"claimedTime":1678395635000},{"poolId":208,"poolName":"ELF/USDT","assetRewards":"USDT","claimAmount":"0.00299164","status":1,"claimedTime":1678395635000},{"poolId":208,"poolName":"ELF/USDT","assetRewards":"BNB","claimAmount":"0.00000525","status":1,"claimedTime":1678395635000},{"poolId":208,"poolName":"ELF/USDT","assetRewards":"USDT","claimAmount":"0.00580082","status":1,"claimedTime":1678319605000},{"poolId":208,"poolName":"ELF/USDT","assetRewards":"BNB","claimAmount":"0.00000375","status":1,"claimedTime":1678319605000},{"poolId":208,"poolName":"ELF/USDT","assetRewards":"ELF","claimAmount":"0.02029853","status":1,"claimedTime":1678319605000},{"poolId":208,"poolName":"ELF/USDT","assetRewards":"ELF","claimAmount":"0.01302793","status":1,"claimedTime":1678265557000},{"poolId":208,"poolName":"ELF/USDT","assetRewards":"USDT","claimAmount":"0.00390646","status":1,"claimedTime":1678265557000},{"poolId":208,"poolName":"ELF/USDT","assetRewards":"BNB","claimAmount":"0.00000473","status":1,"claimedTime":1678265557000},{"poolId":208,"poolName":"ELF/USDT","assetRewards":"BNB","claimAmount":"0.00000552","status":1,"claimedTime":1678194816000},{"poolId":208,"poolName":"ELF/USDT","assetRewards":"USDT","claimAmount":"0.00279895","status":1,"claimedTime":1678194816000},{"poolId":208,"poolName":"ELF/USDT","assetRewards":"ELF","claimAmount":"0.01312394","status":1,"claimedTime":1678194816000},{"poolId":208,"poolName":"ELF/USDT","assetRewards":"ELF","claimAmount":"0.00169996","status":1,"claimedTime":1678112411000},{"poolId":208,"poolName":"ELF/USDT","assetRewards":"USDT","claimAmount":"0.00060702","status":1,"claimedTime":1678112411000},{"poolId":208,"poolName":"ELF/USDT","assetRewards":"BNB","claimAmount":"0.00000048","status":1,"claimedTime":1678112411000},{"poolId":208,"poolName":"ELF/USDT","assetRewards":"USDT","claimAmount":"0.00644075","status":1,"claimedTime":1678106873000},{"poolId":208,"poolName":"ELF/USDT","assetRewards":"BNB","claimAmount":"0.00000336","status":1,"claimedTime":1678106873000},{"poolId":208,"poolName":"ELF/USDT","assetRewards":"ELF","claimAmount":"0.02101834","status":1,"claimedTime":1678106873000},{"poolId":208,"poolName":"ELF/USDT","assetRewards":"ELF","claimAmount":"0.01619379","status":1,"claimedTime":1678054482000},{"poolId":208,"poolName":"ELF/USDT","assetRewards":"USDT","claimAmount":"0.00363592","status":1,"claimedTime":1678054482000},{"poolId":208,"poolName":"ELF/USDT","assetRewards":"BNB","claimAmount":"0.00000568","status":1,"claimedTime":1678054482000},{"poolId":208,"poolName":"ELF/USDT","assetRewards":"BNB","claimAmount":"0.00000716","status":1,"claimedTime":1677964156000},{"poolId":208,"poolName":"ELF/USDT","assetRewards":"USDT","claimAmount":"0.00641723","status":1,"claimedTime":1677964156000},{"poolId":208,"poolName":"ELF/USDT","assetRewards":"ELF","claimAmount":"0.02715583","status":1,"claimedTime":1677964156000},{"poolId":208,"poolName":"ELF/USDT","assetRewards":"ELF","claimAmount":"0.16823325","status":1,"claimedTime":1677842367000},{"poolId":208,"poolName":"ELF/USDT","assetRewards":"USDT","claimAmount":"0.05084979","status":1,"claimedTime":1677842367000},{"poolId":208,"poolName":"ELF/USDT","assetRewards":"BNB","claimAmount":"0.00000772","status":1,"claimedTime":1677842367000},{"poolId":208,"poolName":"ELF/USDT","assetRewards":"BNB","claimAmount":"0.0000022","status":1,"claimedTime":1677711164000},{"poolId":208,"poolName":"ELF/USDT","assetRewards":"USDT","claimAmount":"0.0009781","status":1,"claimedTime":1677711164000},{"poolId":208,"poolName":"ELF/USDT","assetRewards":"ELF","claimAmount":"0.00372797","status":1,"claimedTime":1677711164000},{"poolId":208,"poolName":"ELF/USDT","assetRewards":"BNB","claimAmount":"0.00000297","status":1,"claimedTime":1677673348000},{"poolId":208,"poolName":"ELF/USDT","assetRewards":"USDT","claimAmount":"0.00351287","status":1,"claimedTime":1677673348000},{"poolId":208,"poolName":"ELF/USDT","assetRewards":"ELF","claimAmount":"0.0146701","status":1,"claimedTime":1677673348000},{"poolId":208,"poolName":"ELF/USDT","assetRewards":"USDT","claimAmount":"0.00243634","status":1,"claimedTime":1677622556000},{"poolId":208,"poolName":"ELF/USDT","assetRewards":"ELF","claimAmount":"0.0093248","status":1,"claimedTime":1677622556000},{"poolId":208,"poolName":"ELF/USDT","assetRewards":"BNB","claimAmount":"0.00000231","status":1,"claimedTime":1677622556000},{"poolId":208,"poolName":"ELF/USDT","assetRewards":"BNB","claimAmount":"0.0000081","status":1,"claimedTime":1677582731000},{"poolId":208,"poolName":"ELF/USDT","assetRewards":"ELF","claimAmount":"0.04722071","status":1,"claimedTime":1677582731000},{"poolId":208,"poolName":"ELF/USDT","assetRewards":"USDT","claimAmount":"0.01190368","status":1,"claimedTime":1677582731000},{"poolId":208,"poolName":"ELF/USDT","assetRewards":"BNB","claimAmount":"0.00000513","status":1,"claimedTime":1677444269000},{"poolId":208,"poolName":"ELF/USDT","assetRewards":"ELF","claimAmount":"0.10256897","status":1,"claimedTime":1677444269000},{"poolId":208,"poolName":"ELF/USDT","assetRewards":"USDT","claimAmount":"0.02723142","status":1,"claimedTime":1677444269000},{"poolId":208,"poolName":"ELF/USDT","assetRewards":"BNB","claimAmount":"0.00000075","status":1,"claimedTime":1677347903000},{"poolId":208,"poolName":"ELF/USDT","assetRewards":"USDT","claimAmount":"0.02387905","status":1,"claimedTime":1677347903000},{"poolId":208,"poolName":"ELF/USDT","assetRewards":"ELF","claimAmount":"0.07832589","status":1,"claimedTime":1677347903000},{"poolId":208,"poolName":"ELF/USDT","assetRewards":"USDT","claimAmount":"0.06088915","status":1,"claimedTime":1677336099000},{"poolId":208,"poolName":"ELF/USDT","assetRewards":"ELF","claimAmount":"0.19357695","status":1,"claimedTime":1677336099000},{"poolId":208,"poolName":"ELF/USDT","assetRewards":"BNB","claimAmount":"0.00000468","status":1,"claimedTime":1677336099000},{"poolId":208,"poolName":"ELF/USDT","assetRewards":"BNB","claimAmount":"0.00000598","status":1,"claimedTime":1677270448000},{"poolId":208,"poolName":"ELF/USDT","assetRewards":"ELF","claimAmount":"0.04300413","status":1,"claimedTime":1677270448000},{"poolId":208,"poolName":"ELF/USDT","assetRewards":"USDT","claimAmount":"0.0115809","status":1,"claimedTime":1677270448000},{"poolId":208,"poolName":"ELF/USDT","assetRewards":"ELF","claimAmount":"0.01661414","status":1,"claimedTime":1677188596000},{"poolId":208,"poolName":"ELF/USDT","assetRewards":"USDT","claimAmount":"0.00534823","status":1,"claimedTime":1677188596000},{"poolId":208,"poolName":"ELF/USDT","assetRewards":"BNB","claimAmount":"0.00000554","status":1,"claimedTime":1677188596000},{"poolId":208,"poolName":"ELF/USDT","assetRewards":"ELF","claimAmount":"0.01005166","status":1,"claimedTime":1677108209000},{"poolId":208,"poolName":"ELF/USDT","assetRewards":"BNB","claimAmount":"0.00000325","status":1,"claimedTime":1677108209000},{"poolId":208,"poolName":"ELF/USDT","assetRewards":"USDT","claimAmount":"0.00301773","status":1,"claimedTime":1677108209000},{"poolId":208,"poolName":"ELF/USDT","assetRewards":"USDT","claimAmount":"0.0203154","status":1,"claimedTime":1677062363000},{"poolId":208,"poolName":"ELF/USDT","assetRewards":"ELF","claimAmount":"0.07741361","status":1,"claimedTime":1677062363000},{"poolId":208,"poolName":"ELF/USDT","assetRewards":"BNB","claimAmount":"0.00000916","status":1,"claimedTime":1677062363000},{"poolId":208,"poolName":"ELF/USDT","assetRewards":"BNB","claimAmount":"0.00000288","status":1,"claimedTime":1676930328000},{"poolId":208,"poolName":"ELF/USDT","assetRewards":"ELF","claimAmount":"0.05809184","status":1,"claimedTime":1676930328000},{"poolId":208,"poolName":"ELF/USDT","assetRewards":"USDT","claimAmount":"0.01512861","status":1,"claimedTime":1676930328000},{"poolId":208,"poolName":"ELF/USDT","assetRewards":"ELF","claimAmount":"0.08391193","status":1,"claimedTime":1676890272000},{"poolId":208,"poolName":"ELF/USDT","assetRewards":"USDT","claimAmount":"0.02126159","status":1,"claimedTime":1676890272000},{"poolId":208,"poolName":"ELF/USDT","assetRewards":"BNB","claimAmount":"0.00000336","status":1,"claimedTime":1676890272000},{"poolId":208,"poolName":"ELF/USDT","assetRewards":"USDT","claimAmount":"0.00494967","status":1,"claimedTime":1676845593000},{"poolId":208,"poolName":"ELF/USDT","assetRewards":"ELF","claimAmount":"0.02248685","status":1,"claimedTime":1676845593000},{"poolId":208,"poolName":"ELF/USDT","assetRewards":"BNB","claimAmount":"0.00000639","status":1,"claimedTime":1676845593000},{"poolId":208,"poolName":"ELF/USDT","assetRewards":"USDT","claimAmount":"0.00858114","status":1,"claimedTime":1676762014000},{"poolId":208,"poolName":"ELF/USDT","assetRewards":"ELF","claimAmount":"0.03314878","status":1,"claimedTime":1676762014000},{"poolId":208,"poolName":"ELF/USDT","assetRewards":"BNB","claimAmount":"0.00000786","status":1,"claimedTime":1676762014000},{"poolId":208,"poolName":"ELF/USDT","assetRewards":"BNB","claimAmount":"0.0000054","status":1,"claimedTime":1676660246000},{"poolId":208,"poolName":"ELF/USDT","assetRewards":"USDT","claimAmount":"0.00491508","status":1,"claimedTime":1676660246000},{"poolId":208,"poolName":"ELF/USDT","assetRewards":"ELF","claimAmount":"0.02067749","status":1,"claimedTime":1676660246000},{"poolId":208,"poolName":"ELF/USDT","assetRewards":"ELF","claimAmount":"0.05000663","status":1,"claimedTime":1676586804000},{"poolId":208,"poolName":"ELF/USDT","assetRewards":"USDT","claimAmount":"0.01181675","status":1,"claimedTime":1676586804000},{"poolId":208,"poolName":"ELF/USDT","assetRewards":"BNB","claimAmount":"0.00000617","status":1,"claimedTime":1676586804000},{"poolId":208,"poolName":"ELF/USDT","assetRewards":"ELF","claimAmount":"0.03394554","status":1,"claimedTime":1676503580000},{"poolId":208,"poolName":"ELF/USDT","assetRewards":"BNB","claimAmount":"0.00000661","status":1,"claimedTime":1676503580000},{"poolId":208,"poolName":"ELF/USDT","assetRewards":"USDT","claimAmount":"0.00833625","status":1,"claimedTime":1676503580000},{"poolId":208,"poolName":"ELF/USDT","assetRewards":"BNB","claimAmount":"0.000003","status":1,"claimedTime":1676409350000},{"poolId":208,"poolName":"ELF/USDT","assetRewards":"ELF","claimAmount":"0.02364624","status":1,"claimedTime":1676409350000},{"poolId":208,"poolName":"ELF/USDT","assetRewards":"USDT","claimAmount":"0.00503953","status":1,"claimedTime":1676409350000},{"poolId":208,"poolName":"ELF/USDT","assetRewards":"BNB","claimAmount":"0.0000025","status":1,"claimedTime":1676368488000},{"poolId":208,"poolName":"ELF/USDT","assetRewards":"USDT","claimAmount":"0.00855856","status":1,"claimedTime":1676368488000},{"poolId":208,"poolName":"ELF/USDT","assetRewards":"ELF","claimAmount":"0.03539447","status":1,"claimedTime":1676368488000},{"poolId":208,"poolName":"ELF/USDT","assetRewards":"USDT","claimAmount":"0.01290792","status":1,"claimedTime":1676330935000},{"poolId":208,"poolName":"ELF/USDT","assetRewards":"BNB","claimAmount":"0.00000275","status":1,"claimedTime":1676330935000},{"poolId":208,"poolName":"ELF/USDT","assetRewards":"ELF","claimAmount":"0.05514869","status":1,"claimedTime":1676330935000},{"poolId":208,"poolName":"ELF/USDT","assetRewards":"USDT","claimAmount":"0.00056816","status":1,"claimedTime":1676290099000},{"poolId":208,"poolName":"ELF/USDT","assetRewards":"BNB","claimAmount":"0.00000025","status":1,"claimedTime":1676290099000},{"poolId":208,"poolName":"ELF/USDT","assetRewards":"ELF","claimAmount":"0.00162105","status":1,"claimedTime":1676290099000},{"poolId":208,"poolName":"ELF/USDT","assetRewards":"ELF","claimAmount":"0.08292708","status":1,"claimedTime":1676289186000},{"poolId":208,"poolName":"ELF/USDT","assetRewards":"BNB","claimAmount":"0.00000325","status":1,"claimedTime":1676289186000},{"poolId":208,"poolName":"ELF/USDT","assetRewards":"USDT","claimAmount":"0.01967378","status":1,"claimedTime":1676289186000},{"poolId":208,"poolName":"ELF/USDT","assetRewards":"USDT","claimAmount":"0.00097655","status":1,"claimedTime":1676240410000},{"poolId":208,"poolName":"ELF/USDT","assetRewards":"USDT","claimAmount":"0.00097655","status":1,"claimedTime":1676240410000},{"poolId":208,"poolName":"ELF/USDT","assetRewards":"BNB","claimAmount":"0.00000224","status":1,"claimedTime":1676240410000},{"poolId":208,"poolName":"ELF/USDT","assetRewards":"ELF","claimAmount":"0.00443457","status":1,"claimedTime":1676240410000},{"poolId":208,"poolName":"ELF/USDT","assetRewards":"ELF","claimAmount":"0.01772776","status":1,"claimedTime":1676210483000},{"poolId":208,"poolName":"ELF/USDT","assetRewards":"USDT","claimAmount":"0.00291528","status":1,"claimedTime":1676210483000},{"poolId":208,"poolName":"ELF/USDT","assetRewards":"BNB","claimAmount":"0.0000033","status":1,"claimedTime":1676210483000},{"poolId":208,"poolName":"ELF/USDT","assetRewards":"ELF","claimAmount":"0.01550465","status":1,"claimedTime":1676157114000},{"poolId":208,"poolName":"ELF/USDT","assetRewards":"BNB","claimAmount":"0.00000251","status":1,"claimedTime":1676157114000},{"poolId":208,"poolName":"ELF/USDT","assetRewards":"USDT","claimAmount":"0.00324516","status":1,"claimedTime":1676157114000},{"poolId":208,"poolName":"ELF/USDT","assetRewards":"BNB","claimAmount":"0.00000044","status":1,"claimedTime":1676117936000},{"poolId":208,"poolName":"ELF/USDT","assetRewards":"USDT","claimAmount":"0.00053254","status":1,"claimedTime":1676117936000},{"poolId":208,"poolName":"ELF/USDT","assetRewards":"ELF","claimAmount":"0.00515287","status":1,"claimedTime":1676117936000},{"poolId":208,"poolName":"ELF/USDT","assetRewards":"BNB","claimAmount":"0.00000218","status":1,"claimedTime":1676112178000},{"poolId":208,"poolName":"ELF/USDT","assetRewards":"USDT","claimAmount":"0.0135775","status":1,"claimedTime":1676112178000},{"poolId":208,"poolName":"ELF/USDT","assetRewards":"ELF","claimAmount":"0.05609484","status":1,"claimedTime":1676112178000},{"poolId":208,"poolName":"ELF/USDT","assetRewards":"USDT","claimAmount":"0.13097307","status":1,"claimedTime":1676075602000},{"poolId":208,"poolName":"ELF/USDT","assetRewards":"ELF","claimAmount":"0.57837146","status":1,"claimedTime":1676075602000},{"poolId":208,"poolName":"ELF/USDT","assetRewards":"BNB","claimAmount":"0.00000768","status":1,"claimedTime":1676075602000}]
