[{"operationId":7296588,"poolId":208,"poolName":"ELF/USDT","operation":"ADD","status":1,"updateTime":1684180928000,"shareAmount":"73.70164677","liquidityAmount":[{"asset":"ELF","amount":"138.34898324"},{"asset":"USDT","amount":"39.26258041"}]},{"operationId":5008047,"poolId":208,"poolName":"ELF/USDT","operation":"REMOVE","status":1,"updateTime":1684180756000,"shareAmount":"38.5884277","liquidityAmount":[{"asset":"ELF","amount":"72.43623407"},{"asset":"USDT","amount":"20.55695241"}]},{"operationId":6997161,"poolId":208,"poolName":"ELF/USDT","operation":"ADD","status":1,"updateTime":1675969760000,"shareAmount":"38.5884277","liquidityAmount":[{"asset":"ELF","amount":"84.30437355"},{"asset":"USDT","amount":"17.66299182"}]}]
