[{"poolId":221,"poolName":"LINK/BUSD","assetRewards":"LINK","claimAmount":"0.0000141","status":1,"claimedTime":1686000848000},{"poolId":221,"poolName":"LINK/BUSD","assetRewards":"BNB","claimAmount":"0.00000036","status":1,"claimedTime":1686000848000},{"poolId":221,"poolName":"LINK/BUSD","assetRewards":"BUSD","claimAmount":"0.00007299","status":1,"claimedTime":1686000848000},{"poolId":221,"poolName":"LINK/BUSD","assetRewards":"LINK","claimAmount":"0.00010239","status":1,"claimedTime":1685985812000},{"poolId":221,"poolName":"LINK/BUSD","assetRewards":"BNB","claimAmount":"0.00000207","status":1,"claimedTime":1685985812000},{"poolId":221,"poolName":"LINK/BUSD","assetRewards":"BUSD","claimAmount":"0.00049797","status":1,"claimedTime":1685985812000},{"poolId":221,"poolName":"LINK/BUSD","assetRewards":"LINK","claimAmount":"0.00003159","status":1,"claimedTime":1685904929000},{"poolId":221,"poolName":"LINK/BUSD","assetRewards":"BNB","claimAmount":"0.00000423","status":1,"claimedTime":1685904929000},{"poolId":221,"poolName":"LINK/BUSD","assetRewards":"BUSD","claimAmount":"0.00021705","status":1,"claimedTime":1685904929000},{"poolId":221,"poolName":"LINK/BUSD","assetRewards":"LINK","claimAmount":"0.00013798","status":1,"claimedTime":1685735343000},{"poolId":221,"poolName":"LINK/BUSD","assetRewards":"BNB","claimAmount":"0.00000441","status":1,"claimedTime":1685735343000},{"poolId":221,"poolName":"LINK/BUSD","assetRewards":"BUSD","claimAmount":"0.00085342","status":1,"claimedTime":1685735343000},{"poolId":221,"poolName":"LINK/BUSD","assetRewards":"BUSD","claimAmount":"0.00070121","status":1,"claimedTime":1685556359000},{"poolId":221,"poolName":"LINK/BUSD","assetRewards":"LINK","claimAmount":"0.00012396","status":1,"claimedTime":1685556359000},{"poolId":221,"poolName":"LINK/BUSD","assetRewards":"BNB","claimAmount":"0.00000175","status":1,"claimedTime":1685556359000},{"poolId":221,"poolName":"LINK/BUSD","assetRewards":"LINK","claimAmount":"0.00004111","status":1,"claimedTime":1685483670000},{"poolId":221,"poolName":"LINK/BUSD","assetRewards":"BNB","claimAmount":"0.00000072","status":1,"claimedTime":1685483670000},{"poolId":221,"poolName":"LINK/BUSD","assetRewards":"BUSD","claimAmount":"0.00026747","status":1,"claimedTime":1685483670000},{"poolId":221,"poolName":"LINK/BUSD","assetRewards":"BNB","claimAmount":"0.00000192","status":1,"claimedTime":1685451525000},{"poolId":221,"poolName":"LINK/BUSD","assetRewards":"BUSD","claimAmount":"0.00059789","status":1,"claimedTime":1685451525000},{"poolId":221,"poolName":"LINK/BUSD","assetRewards":"LINK","claimAmount":"0.00008998","status":1,"claimedTime":1685451525000},{"poolId":221,"poolName":"LINK/BUSD","assetRewards":"BNB","claimAmount":"0.00000232","status":1,"claimedTime":1685365008000},{"poolId":221,"poolName":"LINK/BUSD","assetRewards":"BUSD","claimAmount":"0.00069914","status":1,"claimedTime":1685365008000},{"poolId":221,"poolName":"LINK/BUSD","assetRewards":"LINK","claimAmount":"0.0000948","status":1,"claimedTime":1685365008000},{"poolId":221,"poolName":"LINK/BUSD","assetRewards":"BUSD","claimAmount":"0.00045241","status":1,"claimedTime":1685260935000},{"poolId":221,"poolName":"LINK/BUSD","assetRewards":"LINK","claimAmount":"0.00005364","status":1,"claimedTime":1685260935000},{"poolId":221,"poolName":"LINK/BUSD","assetRewards":"BNB","claimAmount":"0.00000184","status":1,"claimedTime":1685260935000},{"poolId":221,"poolName":"LINK/BUSD","assetRewards":"BNB","claimAmount":"0.00000192","status":1,"claimedTime":1685176600000},{"poolId":221,"poolName":"LINK/BUSD","assetRewards":"BUSD","claimAmount":"0.00041084","status":1,"claimedTime":1685176600000},{"poolId":221,"poolName":"LINK/BUSD","assetRewards":"LINK","claimAmount":"0.00006016","status":1,"claimedTime":1685176600000},{"poolId":221,"poolName":"LINK/BUSD","assetRewards":"BUSD","claimAmount":"0.00055676","status":1,"claimedTime":1685091462000},{"poolId":221,"poolName":"LINK/BUSD","assetRewards":"BNB","claimAmount":"0.00000224","status":1,"claimedTime":1685091462000},{"poolId":221,"poolName":"LINK/BUSD","assetRewards":"LINK","claimAmount":"0.00008491","status":1,"claimedTime":1685091462000},{"poolId":221,"poolName":"LINK/BUSD","assetRewards":"BNB","claimAmount":"0.00000056","status":1,"claimedTime":1684989641000},{"poolId":221,"poolName":"LINK/BUSD","assetRewards":"LINK","claimAmount":"0.00004635","status":1,"claimedTime":1684989641000},{"poolId":221,"poolName":"LINK/BUSD","assetRewards":"BUSD","claimAmount":"0.00024047","status":1,"claimedTime":1684989641000},{"poolId":221,"poolName":"LINK/BUSD","assetRewards":"LINK","claimAmount":"0.00007324","status":1,"claimedTime":1684963285000},{"poolId":221,"poolName":"LINK/BUSD","assetRewards":"BNB","claimAmount":"0.00000072","status":1,"claimedTime":1684963285000},{"poolId":221,"poolName":"LINK/BUSD","assetRewards":"BUSD","claimAmount":"0.00047406","status":1,"claimedTime":1684963285000},{"poolId":221,"poolName":"LINK/BUSD","assetRewards":"BNB","claimAmount":"0.00000244","status":1,"claimedTime":1684931951000},{"poolId":221,"poolName":"LINK/BUSD","assetRewards":"LINK","claimAmount":"0.00012059","status":1,"claimedTime":1684931951000},{"poolId":221,"poolName":"LINK/BUSD","assetRewards":"BUSD","claimAmount":"0.00060926","status":1,"claimedTime":1684931951000},{"poolId":221,"poolName":"LINK/BUSD","assetRewards":"BUSD","claimAmount":"0.00078736","status":1,"claimedTime":1684828045000},{"poolId":221,"poolName":"LINK/BUSD","assetRewards":"LINK","claimAmount":"0.00010837","status":1,"claimedTime":1684828045000},{"poolId":221,"poolName":"LINK/BUSD","assetRewards":"BNB","claimAmount":"0.00000207","status":1,"claimedTime":1684828045000},{"poolId":221,"poolName":"LINK/BUSD","assetRewards":"BUSD","claimAmount":"0.00066179","status":1,"claimedTime":1684745220000},{"poolId":221,"poolName":"LINK/BUSD","assetRewards":"BNB","claimAmount":"0.00000216","status":1,"claimedTime":1684745220000},{"poolId":221,"poolName":"LINK/BUSD","assetRewards":"LINK","claimAmount":"0.00010985","status":1,"claimedTime":1684745220000},{"poolId":221,"poolName":"LINK/BUSD","assetRewards":"LINK","claimAmount":"0.00001247","status":1,"claimedTime":1684658716000},{"poolId":221,"poolName":"LINK/BUSD","assetRewards":"BUSD","claimAmount":"0.00009578","status":1,"claimedTime":1684658716000},{"poolId":221,"poolName":"LINK/BUSD","assetRewards":"BNB","claimAmount":"0.00000099","status":1,"claimedTime":1684658716000},{"poolId":221,"poolName":"LINK/BUSD","assetRewards":"LINK","claimAmount":"0.00001852","status":1,"claimedTime":1684617421000},{"poolId":221,"poolName":"LINK/BUSD","assetRewards":"BUSD","claimAmount":"0.00014521","status":1,"claimedTime":1684617421000},{"poolId":221,"poolName":"LINK/BUSD","assetRewards":"BNB","claimAmount":"0.00000117","status":1,"claimedTime":1684617421000},{"poolId":221,"poolName":"LINK/BUSD","assetRewards":"BUSD","claimAmount":"0.00044807","status":1,"claimedTime":1684570840000},{"poolId":221,"poolName":"LINK/BUSD","assetRewards":"LINK","claimAmount":"0.00007063","status":1,"claimedTime":1684570840000},{"poolId":221,"poolName":"LINK/BUSD","assetRewards":"BNB","claimAmount":"0.00000162","status":1,"claimedTime":1684570840000},{"poolId":221,"poolName":"LINK/BUSD","assetRewards":"BNB","claimAmount":"0.00000243","status":1,"claimedTime":1684507388000},{"poolId":221,"poolName":"LINK/BUSD","assetRewards":"BUSD","claimAmount":"0.00089668","status":1,"claimedTime":1684507388000},{"poolId":221,"poolName":"LINK/BUSD","assetRewards":"LINK","claimAmount":"0.00015904","status":1,"claimedTime":1684507388000},{"poolId":221,"poolName":"LINK/BUSD","assetRewards":"LINK","claimAmount":"0.00012245","status":1,"claimedTime":1684407951000},{"poolId":221,"poolName":"LINK/BUSD","assetRewards":"BNB","claimAmount":"0.00000225","status":1,"claimedTime":1684407951000},{"poolId":221,"poolName":"LINK/BUSD","assetRewards":"BUSD","claimAmount":"0.00089034","status":1,"claimedTime":1684407951000},{"poolId":221,"poolName":"LINK/BUSD","assetRewards":"BUSD","claimAmount":"0.00058071","status":1,"claimedTime":1684318513000},{"poolId":221,"poolName":"LINK/BUSD","assetRewards":"LINK","claimAmount":"0.00009429","status":1,"claimedTime":1684318513000},{"poolId":221,"poolName":"LINK/BUSD","assetRewards":"BNB","claimAmount":"0.00000162","status":1,"claimedTime":1684318513000},{"poolId":221,"poolName":"LINK/BUSD","assetRewards":"BUSD","claimAmount":"0.00097083","status":1,"claimedTime":1684253184000},{"poolId":221,"poolName":"LINK/BUSD","assetRewards":"LINK","claimAmount":"0.00014642","status":1,"claimedTime":1684253184000},{"poolId":221,"poolName":"LINK/BUSD","assetRewards":"BNB","claimAmount":"0.00000189","status":1,"claimedTime":1684253184000},{"poolId":221,"poolName":"LINK/BUSD","assetRewards":"BNB","claimAmount":"0.00000054","status":1,"claimedTime":1684180513000},{"poolId":221,"poolName":"LINK/BUSD","assetRewards":"BUSD","claimAmount":"0.00022439","status":1,"claimedTime":1684180513000},{"poolId":221,"poolName":"LINK/BUSD","assetRewards":"LINK","claimAmount":"0.00003421","status":1,"claimedTime":1684180513000},{"poolId":221,"poolName":"LINK/BUSD","assetRewards":"BUSD","claimAmount":"0.00105572","status":1,"claimedTime":1684157653000},{"poolId":221,"poolName":"LINK/BUSD","assetRewards":"BNB","claimAmount":"0.00000216","status":1,"claimedTime":1684157653000},{"poolId":221,"poolName":"LINK/BUSD","assetRewards":"LINK","claimAmount":"0.00013954","status":1,"claimedTime":1684157653000},{"poolId":221,"poolName":"LINK/BUSD","assetRewards":"BNB","claimAmount":"0.00000045","status":1,"claimedTime":1684070017000},{"poolId":221,"poolName":"LINK/BUSD","assetRewards":"LINK","claimAmount":"0.00001095","status":1,"claimedTime":1684070017000},{"poolId":221,"poolName":"LINK/BUSD","assetRewards":"BUSD","claimAmount":"0.00008366","status":1,"claimedTime":1684070017000},{"poolId":221,"poolName":"LINK/BUSD","assetRewards":"BNB","claimAmount":"0.00000216","status":1,"claimedTime":1684053898000},{"poolId":221,"poolName":"LINK/BUSD","assetRewards":"BUSD","claimAmount":"0.00064094","status":1,"claimedTime":1684053898000},{"poolId":221,"poolName":"LINK/BUSD","assetRewards":"LINK","claimAmount":"0.00010616","status":1,"claimedTime":1684053898000},{"poolId":221,"poolName":"LINK/BUSD","assetRewards":"BUSD","claimAmount":"0.00046479","status":1,"claimedTime":1683966128000},{"poolId":221,"poolName":"LINK/BUSD","assetRewards":"BNB","claimAmount":"0.00000099","status":1,"claimedTime":1683966128000},{"poolId":221,"poolName":"LINK/BUSD","assetRewards":"LINK","claimAmount":"0.00005719","status":1,"claimedTime":1683966128000},{"poolId":221,"poolName":"LINK/BUSD","assetRewards":"BNB","claimAmount":"0.00000081","status":1,"claimedTime":1683926079000},{"poolId":221,"poolName":"LINK/BUSD","assetRewards":"BUSD","claimAmount":"0.00087962","status":1,"claimedTime":1683926079000},{"poolId":221,"poolName":"LINK/BUSD","assetRewards":"LINK","claimAmount":"0.00012812","status":1,"claimedTime":1683926079000},{"poolId":221,"poolName":"LINK/BUSD","assetRewards":"BUSD","claimAmount":"0.00017915","status":1,"claimedTime":1683896618000},{"poolId":221,"poolName":"LINK/BUSD","assetRewards":"LINK","claimAmount":"0.00002443","status":1,"claimedTime":1683896618000},{"poolId":221,"poolName":"LINK/BUSD","assetRewards":"BNB","claimAmount":"0.00000036","status":1,"claimedTime":1683896618000},{"poolId":221,"poolName":"LINK/BUSD","assetRewards":"BUSD","claimAmount":"0.0013553","status":1,"claimedTime":1683881667000},{"poolId":221,"poolName":"LINK/BUSD","assetRewards":"LINK","claimAmount":"0.0002005","status":1,"claimedTime":1683881667000},{"poolId":221,"poolName":"LINK/BUSD","assetRewards":"BNB","claimAmount":"0.00000144","status":1,"claimedTime":1683881667000},{"poolId":221,"poolName":"LINK/BUSD","assetRewards":"LINK","claimAmount":"0.00029519","status":1,"claimedTime":1683822494000},{"poolId":221,"poolName":"LINK/BUSD","assetRewards":"BUSD","claimAmount":"0.00165389","status":1,"claimedTime":1683822494000},{"poolId":221,"poolName":"LINK/BUSD","assetRewards":"BNB","claimAmount":"0.00000171","status":1,"claimedTime":1683822494000},{"poolId":221,"poolName":"LINK/BUSD","assetRewards":"LINK","claimAmount":"0.00032975","status":1,"claimedTime":1683755422000},{"poolId":221,"poolName":"LINK/BUSD","assetRewards":"BNB","claimAmount":"0.00000225","status":1,"claimedTime":1683755422000},{"poolId":221,"poolName":"LINK/BUSD","assetRewards":"BUSD","claimAmount":"0.00221287","status":1,"claimedTime":1683755422000},{"poolId":221,"poolName":"LINK/BUSD","assetRewards":"LINK","claimAmount":"0.00016455","status":1,"claimedTime":1683662842000},{"poolId":221,"poolName":"LINK/BUSD","assetRewards":"LINK","claimAmount":"0.00016455","status":1,"claimedTime":1683662842000},{"poolId":221,"poolName":"LINK/BUSD","assetRewards":"BNB","claimAmount":"0.00000207","status":1,"claimedTime":1683662842000},{"poolId":221,"poolName":"LINK/BUSD","assetRewards":"BUSD","claimAmount":"0.00103687","status":1,"claimedTime":1683662842000},{"poolId":221,"poolName":"LINK/BUSD","assetRewards":"LINK","claimAmount":"0.00022304","status":1,"claimedTime":1683581876000},{"poolId":221,"poolName":"LINK/BUSD","assetRewards":"BNB","claimAmount":"0.00000099","status":1,"claimedTime":1683581876000},{"poolId":221,"poolName":"LINK/BUSD","assetRewards":"BUSD","claimAmount":"0.00136048","status":1,"claimedTime":1683581876000},{"poolId":221,"poolName":"LINK/BUSD","assetRewards":"BNB","claimAmount":"0.00000135","status":1,"claimedTime":1683541678000},{"poolId":221,"poolName":"LINK/BUSD","assetRewards":"BUSD","claimAmount":"0.00130718","status":1,"claimedTime":1683541678000},{"poolId":221,"poolName":"LINK/BUSD","assetRewards":"LINK","claimAmount":"0.00022684","status":1,"claimedTime":1683541678000},{"poolId":221,"poolName":"LINK/BUSD","assetRewards":"BNB","claimAmount":"0.00000306","status":1,"claimedTime":1683488635000},{"poolId":221,"poolName":"LINK/BUSD","assetRewards":"BUSD","claimAmount":"0.00114513","status":1,"claimedTime":1683488635000},{"poolId":221,"poolName":"LINK/BUSD","assetRewards":"LINK","claimAmount":"0.00018008","status":1,"claimedTime":1683488635000},{"poolId":221,"poolName":"LINK/BUSD","assetRewards":"BNB","claimAmount":"0.00000108","status":1,"claimedTime":1683365451000},{"poolId":221,"poolName":"LINK/BUSD","assetRewards":"BUSD","claimAmount":"0.0003778","status":1,"claimedTime":1683365451000},{"poolId":221,"poolName":"LINK/BUSD","assetRewards":"LINK","claimAmount":"0.00007159","status":1,"claimedTime":1683365451000},{"poolId":221,"poolName":"LINK/BUSD","assetRewards":"BNB","claimAmount":"0.00000117","status":1,"claimedTime":1683321390000},{"poolId":221,"poolName":"LINK/BUSD","assetRewards":"BUSD","claimAmount":"0.00112437","status":1,"claimedTime":1683321390000},{"poolId":221,"poolName":"LINK/BUSD","assetRewards":"LINK","claimAmount":"0.00013772","status":1,"claimedTime":1683321390000},{"poolId":221,"poolName":"LINK/BUSD","assetRewards":"BNB","claimAmount":"0.00000216","status":1,"claimedTime":1683277438000},{"poolId":221,"poolName":"LINK/BUSD","assetRewards":"BUSD","claimAmount":"0.00077432","status":1,"claimedTime":1683277438000},{"poolId":221,"poolName":"LINK/BUSD","assetRewards":"LINK","claimAmount":"0.00011224","status":1,"claimedTime":1683277438000},{"poolId":221,"poolName":"LINK/BUSD","assetRewards":"LINK","claimAmount":"0.00004611","status":1,"claimedTime":1683188168000},{"poolId":221,"poolName":"LINK/BUSD","assetRewards":"BNB","claimAmount":"0.0000009","status":1,"claimedTime":1683188168000},{"poolId":221,"poolName":"LINK/BUSD","assetRewards":"BUSD","claimAmount":"0.00031218","status":1,"claimedTime":1683188168000},{"poolId":221,"poolName":"LINK/BUSD","assetRewards":"BNB","claimAmount":"0.00000054","status":1,"claimedTime":1683152076000},{"poolId":221,"poolName":"LINK/BUSD","assetRewards":"BUSD","claimAmount":"0.00098912","status":1,"claimedTime":1683152076000},{"poolId":221,"poolName":"LINK/BUSD","assetRewards":"LINK","claimAmount":"0.00012017","status":1,"claimedTime":1683152076000},{"poolId":221,"poolName":"LINK/BUSD","assetRewards":"BUSD","claimAmount":"0.00122334","status":1,"claimedTime":1683131421000},{"poolId":221,"poolName":"LINK/BUSD","assetRewards":"BNB","claimAmount":"0.00000171","status":1,"claimedTime":1683131421000},{"poolId":221,"poolName":"LINK/BUSD","assetRewards":"LINK","claimAmount":"0.00013193","status":1,"claimedTime":1683131421000},{"poolId":221,"poolName":"LINK/BUSD","assetRewards":"LINK","claimAmount":"0.00029796","status":1,"claimedTime":1683063079000},{"poolId":221,"poolName":"LINK/BUSD","assetRewards":"BUSD","claimAmount":"0.00203583","status":1,"claimedTime":1683063079000},{"poolId":221,"poolName":"LINK/BUSD","assetRewards":"BNB","claimAmount":"0.00000342","status":1,"claimedTime":1683063079000},{"poolId":221,"poolName":"LINK/BUSD","assetRewards":"BUSD","claimAmount":"0.00167198","status":1,"claimedTime":1682926198000},{"poolId":221,"poolName":"LINK/BUSD","assetRewards":"LINK","claimAmount":"0.00025645","status":1,"claimedTime":1682926198000},{"poolId":221,"poolName":"LINK/BUSD","assetRewards":"BNB","claimAmount":"0.00000207","status":1,"claimedTime":1682926198000},{"poolId":221,"poolName":"LINK/BUSD","assetRewards":"LINK","claimAmount":"0.00011646","status":1,"claimedTime":1682844681000},{"poolId":221,"poolName":"LINK/BUSD","assetRewards":"BUSD","claimAmount":"0.00092667","status":1,"claimedTime":1682844681000},{"poolId":221,"poolName":"LINK/BUSD","assetRewards":"BNB","claimAmount":"0.00000225","status":1,"claimedTime":1682844681000},{"poolId":221,"poolName":"LINK/BUSD","assetRewards":"BUSD","claimAmount":"0.00117406","status":1,"claimedTime":1682754226000},{"poolId":221,"poolName":"LINK/BUSD","assetRewards":"LINK","claimAmount":"0.00017738","status":1,"claimedTime":1682754226000},{"poolId":221,"poolName":"LINK/BUSD","assetRewards":"BNB","claimAmount":"0.00000225","status":1,"claimedTime":1682754226000},{"poolId":221,"poolName":"LINK/BUSD","assetRewards":"LINK","claimAmount":"0.00007193","status":1,"claimedTime":1682664233000},{"poolId":221,"poolName":"LINK/BUSD","assetRewards":"BUSD","claimAmount":"0.00047009","status":1,"claimedTime":1682664233000},{"poolId":221,"poolName":"LINK/BUSD","assetRewards":"BNB","claimAmount":"0.00000081","status":1,"claimedTime":1682664233000},{"poolId":221,"poolName":"LINK/BUSD","assetRewards":"BUSD","claimAmount":"0.00089293","status":1,"claimedTime":1682631100000},{"poolId":221,"poolName":"LINK/BUSD","assetRewards":"LINK","claimAmount":"0.0001123","status":1,"claimedTime":1682631100000},{"poolId":221,"poolName":"LINK/BUSD","assetRewards":"BNB","claimAmount":"0.00000063","status":1,"claimedTime":1682631100000},{"poolId":221,"poolName":"LINK/BUSD","assetRewards":"LINK","claimAmount":"0.00078333","status":1,"claimedTime":1682607190000},{"poolId":221,"poolName":"LINK/BUSD","assetRewards":"BNB","claimAmount":"0.00000234","status":1,"claimedTime":1682607190000},{"poolId":221,"poolName":"LINK/BUSD","assetRewards":"BUSD","claimAmount":"0.00515679","status":1,"claimedTime":1682607190000},{"poolId":221,"poolName":"LINK/BUSD","assetRewards":"BUSD","claimAmount":"0.00037807","status":1,"claimedTime":1682514259000},{"poolId":221,"poolName":"LINK/BUSD","assetRewards":"BNB","claimAmount":"0.00000036","status":1,"claimedTime":1682514259000},{"poolId":221,"poolName":"LINK/BUSD","assetRewards":"LINK","claimAmount":"0.00003825","status":1,"claimedTime":1682514259000},{"poolId":221,"poolName":"LINK/BUSD","assetRewards":"LINK","claimAmount":"0.00006593","status":1,"claimedTime":1682496343000},{"poolId":221,"poolName":"LINK/BUSD","assetRewards":"BNB","claimAmount":"0.00000099","status":1,"claimedTime":1682496343000},{"poolId":221,"poolName":"LINK/BUSD","assetRewards":"BUSD","claimAmount":"0.0005093","status":1,"claimedTime":1682496343000},{"poolId":221,"poolName":"LINK/BUSD","assetRewards":"BUSD","claimAmount":"0.00085779","status":1,"claimedTime":1682457957000},{"poolId":221,"poolName":"LINK/BUSD","assetRewards":"LINK","claimAmount":"0.00010843","status":1,"claimedTime":1682457957000},{"poolId":221,"poolName":"LINK/BUSD","assetRewards":"BNB","claimAmount":"0.00000072","status":1,"claimedTime":1682457957000},{"poolId":221,"poolName":"LINK/BUSD","assetRewards":"BNB","claimAmount":"0.00000144","status":1,"claimedTime":1682429126000},{"poolId":221,"poolName":"LINK/BUSD","assetRewards":"LINK","claimAmount":"0.0001406","status":1,"claimedTime":1682429126000},{"poolId":221,"poolName":"LINK/BUSD","assetRewards":"BUSD","claimAmount":"0.00095508","status":1,"claimedTime":1682429126000},{"poolId":221,"poolName":"LINK/BUSD","assetRewards":"BUSD","claimAmount":"0.00113301","status":1,"claimedTime":1682372060000},{"poolId":221,"poolName":"LINK/BUSD","assetRewards":"BNB","claimAmount":"0.00000108","status":1,"claimedTime":1682372060000},{"poolId":221,"poolName":"LINK/BUSD","assetRewards":"LINK","claimAmount":"0.00016017","status":1,"claimedTime":1682372060000},{"poolId":221,"poolName":"LINK/BUSD","assetRewards":"LINK","claimAmount":"0.00033213","status":1,"claimedTime":1682330463000},{"poolId":221,"poolName":"LINK/BUSD","assetRewards":"BUSD","claimAmount":"0.00231273","status":1,"claimedTime":1682330463000},{"poolId":221,"poolName":"LINK/BUSD","assetRewards":"BNB","claimAmount":"0.0000018","status":1,"claimedTime":1682330463000},{"poolId":221,"poolName":"LINK/BUSD","assetRewards":"LINK","claimAmount":"0.00028743","status":1,"claimedTime":1682255554000},{"poolId":221,"poolName":"LINK/BUSD","assetRewards":"BUSD","claimAmount":"0.0020761","status":1,"claimedTime":1682255554000},{"poolId":221,"poolName":"LINK/BUSD","assetRewards":"BNB","claimAmount":"0.00000351","status":1,"claimedTime":1682255554000},{"poolId":221,"poolName":"LINK/BUSD","assetRewards":"BNB","claimAmount":"0.00000238","status":1,"claimedTime":1682115557000},{"poolId":221,"poolName":"LINK/BUSD","assetRewards":"LINK","claimAmount":"0.00054425","status":1,"claimedTime":1682115557000},{"poolId":221,"poolName":"LINK/BUSD","assetRewards":"BUSD","claimAmount":"0.00359638","status":1,"claimedTime":1682115557000},{"poolId":221,"poolName":"LINK/BUSD","assetRewards":"BUSD","claimAmount":"0.00486418","status":1,"claimedTime":1682025935000},{"poolId":221,"poolName":"LINK/BUSD","assetRewards":"LINK","claimAmount":"0.00067254","status":1,"claimedTime":1682025935000},{"poolId":221,"poolName":"LINK/BUSD","assetRewards":"BNB","claimAmount":"0.0000024","status":1,"claimedTime":1682025935000},{"poolId":221,"poolName":"LINK/BUSD","assetRewards":"BNB","claimAmount":"0.0000001","status":1,"claimedTime":1681939984000},{"poolId":221,"poolName":"LINK/BUSD","assetRewards":"BUSD","claimAmount":"0.00016288","status":1,"claimedTime":1681939984000},{"poolId":221,"poolName":"LINK/BUSD","assetRewards":"LINK","claimAmount":"0.00002054","status":1,"claimedTime":1681939984000},{"poolId":221,"poolName":"LINK/BUSD","assetRewards":"LINK","claimAmount":"0.00061063","status":1,"claimedTime":1681936862000},{"poolId":221,"poolName":"LINK/BUSD","assetRewards":"BNB","claimAmount":"0.0000024","status":1,"claimedTime":1681936862000},{"poolId":221,"poolName":"LINK/BUSD","assetRewards":"BUSD","claimAmount":"0.00443318","status":1,"claimedTime":1681936862000},{"poolId":221,"poolName":"LINK/BUSD","assetRewards":"LINK","claimAmount":"0.00039033","status":1,"claimedTime":1681850008000},{"poolId":221,"poolName":"LINK/BUSD","assetRewards":"BUSD","claimAmount":"0.00353598","status":1,"claimedTime":1681850008000},{"poolId":221,"poolName":"LINK/BUSD","assetRewards":"BNB","claimAmount":"0.0000022","status":1,"claimedTime":1681850008000},{"poolId":221,"poolName":"LINK/BUSD","assetRewards":"BUSD","claimAmount":"0.00180099","status":1,"claimedTime":1681771185000},{"poolId":221,"poolName":"LINK/BUSD","assetRewards":"BNB","claimAmount":"0.000001","status":1,"claimedTime":1681771185000},{"poolId":221,"poolName":"LINK/BUSD","assetRewards":"LINK","claimAmount":"0.0001967","status":1,"claimedTime":1681771185000},{"poolId":221,"poolName":"LINK/BUSD","assetRewards":"BUSD","claimAmount":"0.0020794","status":1,"claimedTime":1681733497000},{"poolId":221,"poolName":"LINK/BUSD","assetRewards":"BNB","claimAmount":"0.0000012","status":1,"claimedTime":1681733497000},{"poolId":221,"poolName":"LINK/BUSD","assetRewards":"LINK","claimAmount":"0.0002735","status":1,"claimedTime":1681733497000},{"poolId":221,"poolName":"LINK/BUSD","assetRewards":"LINK","claimAmount":"0.00009961","status":1,"claimedTime":1681690912000},{"poolId":221,"poolName":"LINK/BUSD","assetRewards":"BUSD","claimAmount":"0.00088807","status":1,"claimedTime":1681690912000},{"poolId":221,"poolName":"LINK/BUSD","assetRewards":"BNB","claimAmount":"0.0000011","status":1,"claimedTime":1681690912000},{"poolId":221,"poolName":"LINK/BUSD","assetRewards":"LINK","claimAmount":"0.00015562","status":1,"claimedTime":1681652755000},{"poolId":221,"poolName":"LINK/BUSD","assetRewards":"BUSD","claimAmount":"0.00155564","status":1,"claimedTime":1681652755000},{"poolId":221,"poolName":"LINK/BUSD","assetRewards":"BNB","claimAmount":"0.00000144","status":1,"claimedTime":1681652755000},{"poolId":221,"poolName":"LINK/BUSD","assetRewards":"LINK","claimAmount":"0.00016586","status":1,"claimedTime":1681597170000},{"poolId":221,"poolName":"LINK/BUSD","assetRewards":"LINK","claimAmount":"0.00016586","status":1,"claimedTime":1681597170000},{"poolId":221,"poolName":"LINK/BUSD","assetRewards":"BNB","claimAmount":"0.00000108","status":1,"claimedTime":1681597170000},{"poolId":221,"poolName":"LINK/BUSD","assetRewards":"BUSD","claimAmount":"0.00139802","status":1,"claimedTime":1681597170000},{"poolId":221,"poolName":"LINK/BUSD","assetRewards":"BUSD","claimAmount":"0.00234787","status":1,"claimedTime":1681556252000},{"poolId":221,"poolName":"LINK/BUSD","assetRewards":"BNB","claimAmount":"0.00000216","status":1,"claimedTime":1681556252000},{"poolId":221,"poolName":"LINK/BUSD","assetRewards":"LINK","claimAmount":"0.00031242","status":1,"claimedTime":1681556252000},{"poolId":221,"poolName":"LINK/BUSD","assetRewards":"LINK","claimAmount":"0.00015307","status":1,"claimedTime":1681470004000},{"poolId":221,"poolName":"LINK/BUSD","assetRewards":"BNB","claimAmount":"0.00000108","status":1,"claimedTime":1681470004000},{"poolId":221,"poolName":"LINK/BUSD","assetRewards":"BUSD","claimAmount":"0.0015249","status":1,"claimedTime":1681470004000},{"poolId":221,"poolName":"LINK/BUSD","assetRewards":"BNB","claimAmount":"0.00000108","status":1,"claimedTime":1681426895000},{"poolId":221,"poolName":"LINK/BUSD","assetRewards":"LINK","claimAmount":"0.0000917","status":1,"claimedTime":1681426895000},{"poolId":221,"poolName":"LINK/BUSD","assetRewards":"BUSD","claimAmount":"0.0007253","status":1,"claimedTime":1681426895000},{"poolId":221,"poolName":"LINK/BUSD","assetRewards":"LINK","claimAmount":"0.00012641","status":1,"claimedTime":1681381222000},{"poolId":221,"poolName":"LINK/BUSD","assetRewards":"BNB","claimAmount":"0.00000171","status":1,"claimedTime":1681381222000},{"poolId":221,"poolName":"LINK/BUSD","assetRewards":"BUSD","claimAmount":"0.00096471","status":1,"claimedTime":1681381222000},{"poolId":221,"poolName":"LINK/BUSD","assetRewards":"LINK","claimAmount":"0.00005865","status":1,"claimedTime":1681315099000},{"poolId":221,"poolName":"LINK/BUSD","assetRewards":"BNB","claimAmount":"0.00000036","status":1,"claimedTime":1681315099000},{"poolId":221,"poolName":"LINK/BUSD","assetRewards":"BUSD","claimAmount":"0.00052779","status":1,"claimedTime":1681315099000},{"poolId":221,"poolName":"LINK/BUSD","assetRewards":"BNB","claimAmount":"0.00000117","status":1,"claimedTime":1681297621000},{"poolId":221,"poolName":"LINK/BUSD","assetRewards":"LINK","claimAmount":"0.00009147","status":1,"claimedTime":1681297621000},{"poolId":221,"poolName":"LINK/BUSD","assetRewards":"BUSD","claimAmount":"0.00054448","status":1,"claimedTime":1681297621000},{"poolId":221,"poolName":"LINK/BUSD","assetRewards":"BUSD","claimAmount":"0.00167404","status":1,"claimedTime":1681253090000},{"poolId":221,"poolName":"LINK/BUSD","assetRewards":"LINK","claimAmount":"0.00021862","status":1,"claimedTime":1681253090000},{"poolId":221,"poolName":"LINK/BUSD","assetRewards":"BNB","claimAmount":"0.00000279","status":1,"claimedTime":1681253090000},{"poolId":221,"poolName":"LINK/BUSD","assetRewards":"LINK","claimAmount":"0.0001009","status":1,"claimedTime":1681141566000},{"poolId":221,"poolName":"LINK/BUSD","assetRewards":"BNB","claimAmount":"0.0000027","status":1,"claimedTime":1681141566000},{"poolId":221,"poolName":"LINK/BUSD","assetRewards":"BUSD","claimAmount":"0.0007685","status":1,"claimedTime":1681141566000},{"poolId":221,"poolName":"LINK/BUSD","assetRewards":"BUSD","claimAmount":"0.00025846","status":1,"claimedTime":1681032361000},{"poolId":221,"poolName":"LINK/BUSD","assetRewards":"LINK","claimAmount":"0.00004005","status":1,"claimedTime":1681032361000},{"poolId":221,"poolName":"LINK/BUSD","assetRewards":"BNB","claimAmount":"0.00000099","status":1,"claimedTime":1681032361000},{"poolId":221,"poolName":"LINK/BUSD","assetRewards":"LINK","claimAmount":"0.0000394","status":1,"claimedTime":1680992772000},{"poolId":221,"poolName":"LINK/BUSD","assetRewards":"BUSD","claimAmount":"0.00020418","status":1,"claimedTime":1680992772000},{"poolId":221,"poolName":"LINK/BUSD","assetRewards":"BNB","claimAmount":"0.00000099","status":1,"claimedTime":1680992772000},{"poolId":221,"poolName":"LINK/BUSD","assetRewards":"LINK","claimAmount":"0.00012746","status":1,"claimedTime":1680953654000},{"poolId":221,"poolName":"LINK/BUSD","assetRewards":"BUSD","claimAmount":"0.00094578","status":1,"claimedTime":1680953654000},{"poolId":221,"poolName":"LINK/BUSD","assetRewards":"BNB","claimAmount":"0.00000252","status":1,"claimedTime":1680953654000},{"poolId":221,"poolName":"LINK/BUSD","assetRewards":"LINK","claimAmount":"0.0000629","status":1,"claimedTime":1680851854000},{"poolId":221,"poolName":"LINK/BUSD","assetRewards":"BNB","claimAmount":"0.00000099","status":1,"claimedTime":1680851854000},{"poolId":221,"poolName":"LINK/BUSD","assetRewards":"BUSD","claimAmount":"0.00041992","status":1,"claimedTime":1680851854000},{"poolId":221,"poolName":"LINK/BUSD","assetRewards":"BUSD","claimAmount":"0.00010268","status":1,"claimedTime":1680814838000},{"poolId":221,"poolName":"LINK/BUSD","assetRewards":"BNB","claimAmount":"0.00000036","status":1,"claimedTime":1680814838000},{"poolId":221,"poolName":"LINK/BUSD","assetRewards":"LINK","claimAmount":"0.00002135","status":1,"claimedTime":1680814838000},{"poolId":221,"poolName":"LINK/BUSD","assetRewards":"BNB","claimAmount":"0.00000009","status":1,"claimedTime":1680799217000},{"poolId":221,"poolName":"LINK/BUSD","assetRewards":"BUSD","claimAmount":"0.00005972","status":1,"claimedTime":1680799217000},{"poolId":221,"poolName":"LINK/BUSD","assetRewards":"LINK","claimAmount":"0.00000391","status":1,"claimedTime":1680799217000},{"poolId":221,"poolName":"LINK/BUSD","assetRewards":"BNB","claimAmount":"0.00000027","status":1,"claimedTime":1680794103000},{"poolId":221,"poolName":"LINK/BUSD","assetRewards":"BUSD","claimAmount":"0.00017428","status":1,"claimedTime":1680794103000},{"poolId":221,"poolName":"LINK/BUSD","assetRewards":"LINK","claimAmount":"0.00002534","status":1,"claimedTime":1680794103000},{"poolId":221,"poolName":"LINK/BUSD","assetRewards":"BUSD","claimAmount":"0.00015472","status":1,"claimedTime":1680782978000},{"poolId":221,"poolName":"LINK/BUSD","assetRewards":"BNB","claimAmount":"0.00000018","status":1,"claimedTime":1680782978000},{"poolId":221,"poolName":"LINK/BUSD","assetRewards":"LINK","claimAmount":"0.00002012","status":1,"claimedTime":1680782978000},{"poolId":221,"poolName":"LINK/BUSD","assetRewards":"BUSD","claimAmount":"0.00168407","status":1,"claimedTime":1680776732000},{"poolId":221,"poolName":"LINK/BUSD","assetRewards":"LINK","claimAmount":"0.00025976","status":1,"claimedTime":1680776732000},{"poolId":221,"poolName":"LINK/BUSD","assetRewards":"BNB","claimAmount":"0.00000225","status":1,"claimedTime":1680776732000},{"poolId":221,"poolName":"LINK/BUSD","assetRewards":"LINK","claimAmount":"0.00012706","status":1,"claimedTime":1680686522000},{"poolId":221,"poolName":"LINK/BUSD","assetRewards":"BUSD","claimAmount":"0.00100245","status":1,"claimedTime":1680686522000},{"poolId":221,"poolName":"LINK/BUSD","assetRewards":"BNB","claimAmount":"0.00000117","status":1,"claimedTime":1680686522000},{"poolId":221,"poolName":"LINK/BUSD","assetRewards":"LINK","claimAmount":"0.00011971","status":1,"claimedTime":1680641878000},{"poolId":221,"poolName":"LINK/BUSD","assetRewards":"BNB","claimAmount":"0.0000009","status":1,"claimedTime":1680641878000},{"poolId":221,"poolName":"LINK/BUSD","assetRewards":"BUSD","claimAmount":"0.00094933","status":1,"claimedTime":1680641878000},{"poolId":221,"poolName":"LINK/BUSD","assetRewards":"BNB","claimAmount":"0.00000135","status":1,"claimedTime":1680602777000},{"poolId":221,"poolName":"LINK/BUSD","assetRewards":"LINK","claimAmount":"0.00024101","status":1,"claimedTime":1680602777000},{"poolId":221,"poolName":"LINK/BUSD","assetRewards":"BUSD","claimAmount":"0.00167343","status":1,"claimedTime":1680602777000},{"poolId":221,"poolName":"LINK/BUSD","assetRewards":"BUSD","claimAmount":"0.00028907","status":1,"claimedTime":1680551457000},{"poolId":221,"poolName":"LINK/BUSD","assetRewards":"LINK","claimAmount":"0.00002933","status":1,"claimedTime":1680551457000},{"poolId":221,"poolName":"LINK/BUSD","assetRewards":"BNB","claimAmount":"0.00000009","status":1,"claimedTime":1680551457000},{"poolId":221,"poolName":"LINK/BUSD","assetRewards":"LINK","claimAmount":"0.0000332","status":1,"claimedTime":1680545384000},{"poolId":221,"poolName":"LINK/BUSD","assetRewards":"BNB","claimAmount":"0.00000027","status":1,"claimedTime":1680545384000},{"poolId":221,"poolName":"LINK/BUSD","assetRewards":"BUSD","claimAmount":"0.00027519","status":1,"claimedTime":1680545384000},{"poolId":221,"poolName":"LINK/BUSD","assetRewards":"BNB","claimAmount":"0.00000171","status":1,"claimedTime":1680536388000},{"poolId":221,"poolName":"LINK/BUSD","assetRewards":"BUSD","claimAmount":"0.00142217","status":1,"claimedTime":1680536388000},{"poolId":221,"poolName":"LINK/BUSD","assetRewards":"LINK","claimAmount":"0.00019932","status":1,"claimedTime":1680536388000},{"poolId":221,"poolName":"LINK/BUSD","assetRewards":"BNB","claimAmount":"0.00000182","status":1,"claimedTime":1680466432000},{"poolId":221,"poolName":"LINK/BUSD","assetRewards":"LINK","claimAmount":"0.00015459","status":1,"claimedTime":1680466432000},{"poolId":221,"poolName":"LINK/BUSD","assetRewards":"BUSD","claimAmount":"0.00095592","status":1,"claimedTime":1680466432000},{"poolId":221,"poolName":"LINK/BUSD","assetRewards":"BNB","claimAmount":"0.00000192","status":1,"claimedTime":1680388352000},{"poolId":221,"poolName":"LINK/BUSD","assetRewards":"LINK","claimAmount":"0.00014608","status":1,"claimedTime":1680388352000},{"poolId":221,"poolName":"LINK/BUSD","assetRewards":"BUSD","claimAmount":"0.00101868","status":1,"claimedTime":1680388352000},{"poolId":221,"poolName":"LINK/BUSD","assetRewards":"LINK","claimAmount":"0.00036456","status":1,"claimedTime":1680300199000},{"poolId":221,"poolName":"LINK/BUSD","assetRewards":"BUSD","claimAmount":"0.00296074","status":1,"claimedTime":1680300199000},{"poolId":221,"poolName":"LINK/BUSD","assetRewards":"BNB","claimAmount":"0.00000216","status":1,"claimedTime":1680300199000},{"poolId":221,"poolName":"LINK/BUSD","assetRewards":"BUSD","claimAmount":"0.00245834","status":1,"claimedTime":1680204585000},{"poolId":221,"poolName":"LINK/BUSD","assetRewards":"LINK","claimAmount":"0.00035468","status":1,"claimedTime":1680204585000},{"poolId":221,"poolName":"LINK/BUSD","assetRewards":"BNB","claimAmount":"0.00000168","status":1,"claimedTime":1680204585000},{"poolId":221,"poolName":"LINK/BUSD","assetRewards":"LINK","claimAmount":"0.0000163","status":1,"claimedTime":1680128126000},{"poolId":221,"poolName":"LINK/BUSD","assetRewards":"BUSD","claimAmount":"0.0000999","status":1,"claimedTime":1680128126000},{"poolId":221,"poolName":"LINK/BUSD","assetRewards":"BNB","claimAmount":"0.00000008","status":1,"claimedTime":1680128126000},{"poolId":221,"poolName":"LINK/BUSD","assetRewards":"BNB","claimAmount":"0.00000096","status":1,"claimedTime":1680127323000},{"poolId":221,"poolName":"LINK/BUSD","assetRewards":"BUSD","claimAmount":"0.00103935","status":1,"claimedTime":1680127323000},{"poolId":221,"poolName":"LINK/BUSD","assetRewards":"LINK","claimAmount":"0.00013205","status":1,"claimedTime":1680127323000},{"poolId":221,"poolName":"LINK/BUSD","assetRewards":"LINK","claimAmount":"0.00017053","status":1,"claimedTime":1680083332000},{"poolId":221,"poolName":"LINK/BUSD","assetRewards":"BNB","claimAmount":"0.00000127","status":1,"claimedTime":1680083332000},{"poolId":221,"poolName":"LINK/BUSD","assetRewards":"BUSD","claimAmount":"0.00141927","status":1,"claimedTime":1680083332000},{"poolId":221,"poolName":"LINK/BUSD","assetRewards":"BUSD","claimAmount":"0.00134739","status":1,"claimedTime":1680024083000},{"poolId":221,"poolName":"LINK/BUSD","assetRewards":"BNB","claimAmount":"0.00000152","status":1,"claimedTime":1680024083000},{"poolId":221,"poolName":"LINK/BUSD","assetRewards":"LINK","claimAmount":"0.0002021","status":1,"claimedTime":1680024083000},{"poolId":221,"poolName":"LINK/BUSD","assetRewards":"BUSD","claimAmount":"0.00189833","status":1,"claimedTime":1679956293000},{"poolId":221,"poolName":"LINK/BUSD","assetRewards":"BNB","claimAmount":"0.000002","status":1,"claimedTime":1679956293000},{"poolId":221,"poolName":"LINK/BUSD","assetRewards":"LINK","claimAmount":"0.00031235","status":1,"claimedTime":1679956293000},{"poolId":221,"poolName":"LINK/BUSD","assetRewards":"BNB","claimAmount":"0.00000168","status":1,"claimedTime":1679865874000},{"poolId":221,"poolName":"LINK/BUSD","assetRewards":"BNB","claimAmount":"0.00000168","status":1,"claimedTime":1679865874000},{"poolId":221,"poolName":"LINK/BUSD","assetRewards":"LINK","claimAmount":"0.00012959","status":1,"claimedTime":1679865874000},{"poolId":221,"poolName":"LINK/BUSD","assetRewards":"BUSD","claimAmount":"0.00100758","status":1,"claimedTime":1679865874000},{"poolId":221,"poolName":"LINK/BUSD","assetRewards":"BUSD","claimAmount":"0.00095933","status":1,"claimedTime":1679789336000},{"poolId":221,"poolName":"LINK/BUSD","assetRewards":"BNB","claimAmount":"0.00000104","status":1,"claimedTime":1679789336000},{"poolId":221,"poolName":"LINK/BUSD","assetRewards":"LINK","claimAmount":"0.00014547","status":1,"claimedTime":1679789336000},{"poolId":221,"poolName":"LINK/BUSD","assetRewards":"LINK","claimAmount":"0.00027042","status":1,"claimedTime":1679744976000},{"poolId":221,"poolName":"LINK/BUSD","assetRewards":"BNB","claimAmount":"0.00000154","status":1,"claimedTime":1679744976000},{"poolId":221,"poolName":"LINK/BUSD","assetRewards":"BUSD","claimAmount":"0.001724","status":1,"claimedTime":1679744976000},{"poolId":221,"poolName":"LINK/BUSD","assetRewards":"BUSD","claimAmount":"0.00121062","status":1,"claimedTime":1679670805000},{"poolId":221,"poolName":"LINK/BUSD","assetRewards":"BNB","claimAmount":"0.00000108","status":1,"claimedTime":1679670805000},{"poolId":221,"poolName":"LINK/BUSD","assetRewards":"LINK","claimAmount":"0.00017861","status":1,"claimedTime":1679670805000},{"poolId":221,"poolName":"LINK/BUSD","assetRewards":"BUSD","claimAmount":"0.00258875","status":1,"claimedTime":1679607873000},{"poolId":221,"poolName":"LINK/BUSD","assetRewards":"BNB","claimAmount":"0.00000132","status":1,"claimedTime":1679607873000},{"poolId":221,"poolName":"LINK/BUSD","assetRewards":"LINK","claimAmount":"0.00031168","status":1,"claimedTime":1679607873000},{"poolId":221,"poolName":"LINK/BUSD","assetRewards":"BNB","claimAmount":"0.00000066","status":1,"claimedTime":1679529731000},{"poolId":221,"poolName":"LINK/BUSD","assetRewards":"BUSD","claimAmount":"0.00443391","status":1,"claimedTime":1679529731000},{"poolId":221,"poolName":"LINK/BUSD","assetRewards":"LINK","claimAmount":"0.00064125","status":1,"claimedTime":1679529731000},{"poolId":221,"poolName":"LINK/BUSD","assetRewards":"BUSD","claimAmount":"0.00232347","status":1,"claimedTime":1679486739000},{"poolId":221,"poolName":"LINK/BUSD","assetRewards":"LINK","claimAmount":"0.00029736","status":1,"claimedTime":1679486739000},{"poolId":221,"poolName":"LINK/BUSD","assetRewards":"BNB","claimAmount":"0.00000096","status":1,"claimedTime":1679486739000},{"poolId":221,"poolName":"LINK/BUSD","assetRewards":"BUSD","claimAmount":"0.0014874","status":1,"claimedTime":1679431471000},{"poolId":221,"poolName":"LINK/BUSD","assetRewards":"LINK","claimAmount":"0.00018917","status":1,"claimedTime":1679431471000},{"poolId":221,"poolName":"LINK/BUSD","assetRewards":"BNB","claimAmount":"0.00000054","status":1,"claimedTime":1679431471000},{"poolId":221,"poolName":"LINK/BUSD","assetRewards":"LINK","claimAmount":"0.00026586","status":1,"claimedTime":1679397961000},{"poolId":221,"poolName":"LINK/BUSD","assetRewards":"BUSD","claimAmount":"0.00187874","status":1,"claimedTime":1679397961000},{"poolId":221,"poolName":"LINK/BUSD","assetRewards":"BNB","claimAmount":"0.00000084","status":1,"claimedTime":1679397961000},{"poolId":221,"poolName":"LINK/BUSD","assetRewards":"BNB","claimAmount":"0.00000036","status":1,"claimedTime":1679348093000},{"poolId":221,"poolName":"LINK/BUSD","assetRewards":"BUSD","claimAmount":"0.00180386","status":1,"claimedTime":1679348093000},{"poolId":221,"poolName":"LINK/BUSD","assetRewards":"LINK","claimAmount":"0.00025958","status":1,"claimedTime":1679348093000},{"poolId":221,"poolName":"LINK/BUSD","assetRewards":"LINK","claimAmount":"0.00040493","status":1,"claimedTime":1679324621000},{"poolId":221,"poolName":"LINK/BUSD","assetRewards":"BNB","claimAmount":"0.00000104","status":1,"claimedTime":1679324621000},{"poolId":221,"poolName":"LINK/BUSD","assetRewards":"BUSD","claimAmount":"0.00308879","status":1,"claimedTime":1679324621000},{"poolId":221,"poolName":"LINK/BUSD","assetRewards":"LINK","claimAmount":"0.00037863","status":1,"claimedTime":1679266674000},{"poolId":221,"poolName":"LINK/BUSD","assetRewards":"BUSD","claimAmount":"0.00268718","status":1,"claimedTime":1679266674000},{"poolId":221,"poolName":"LINK/BUSD","assetRewards":"BNB","claimAmount":"0.00000182","status":1,"claimedTime":1679266674000},{"poolId":221,"poolName":"LINK/BUSD","assetRewards":"BNB","claimAmount":"0.00000117","status":1,"claimedTime":1679179653000},{"poolId":221,"poolName":"LINK/BUSD","assetRewards":"LINK","claimAmount":"0.00030889","status":1,"claimedTime":1679179653000},{"poolId":221,"poolName":"LINK/BUSD","assetRewards":"BUSD","claimAmount":"0.00199605","status":1,"claimedTime":1679179653000},{"poolId":221,"poolName":"LINK/BUSD","assetRewards":"BUSD","claimAmount":"0.00016952","status":1,"claimedTime":1679132986000},{"poolId":221,"poolName":"LINK/BUSD","assetRewards":"LINK","claimAmount":"0.00002783","status":1,"claimedTime":1679132986000},{"poolId":221,"poolName":"LINK/BUSD","assetRewards":"BNB","claimAmount":"0.00000009","status":1,"claimedTime":1679132986000},{"poolId":221,"poolName":"LINK/BUSD","assetRewards":"LINK","claimAmount":"0.00014496","status":1,"claimedTime":1679127016000},{"poolId":221,"poolName":"LINK/BUSD","assetRewards":"BUSD","claimAmount":"0.00109643","status":1,"claimedTime":1679127016000},{"poolId":221,"poolName":"LINK/BUSD","assetRewards":"BNB","claimAmount":"0.00000072","status":1,"claimedTime":1679127016000},{"poolId":221,"poolName":"LINK/BUSD","assetRewards":"BUSD","claimAmount":"0.00317968","status":1,"claimedTime":1679098125000},{"poolId":221,"poolName":"LINK/BUSD","assetRewards":"BNB","claimAmount":"0.00000162","status":1,"claimedTime":1679098125000},{"poolId":221,"poolName":"LINK/BUSD","assetRewards":"LINK","claimAmount":"0.00041776","status":1,"claimedTime":1679098125000},{"poolId":221,"poolName":"LINK/BUSD","assetRewards":"LINK","claimAmount":"0.00017146","status":1,"claimedTime":1679034534000},{"poolId":221,"poolName":"LINK/BUSD","assetRewards":"BNB","claimAmount":"0.00000081","status":1,"claimedTime":1679034534000},{"poolId":221,"poolName":"LINK/BUSD","assetRewards":"BUSD","claimAmount":"0.00133444","status":1,"claimedTime":1679034534000},{"poolId":221,"poolName":"LINK/BUSD","assetRewards":"LINK","claimAmount":"0.0001207","status":1,"claimedTime":1679003407000},{"poolId":221,"poolName":"LINK/BUSD","assetRewards":"BUSD","claimAmount":"0.00075009","status":1,"claimedTime":1679003407000},{"poolId":221,"poolName":"LINK/BUSD","assetRewards":"BNB","claimAmount":"0.00000054","status":1,"claimedTime":1679003407000},{"poolId":221,"poolName":"LINK/BUSD","assetRewards":"BNB","claimAmount":"0.00000162","status":1,"claimedTime":1678982193000},{"poolId":221,"poolName":"LINK/BUSD","assetRewards":"BUSD","claimAmount":"0.0026496","status":1,"claimedTime":1678982193000},{"poolId":221,"poolName":"LINK/BUSD","assetRewards":"LINK","claimAmount":"0.00041408","status":1,"claimedTime":1678982193000},{"poolId":221,"poolName":"LINK/BUSD","assetRewards":"BUSD","claimAmount":"0.00427149","status":1,"claimedTime":1678916856000},{"poolId":221,"poolName":"LINK/BUSD","assetRewards":"BNB","claimAmount":"0.00000135","status":1,"claimedTime":1678916856000},{"poolId":221,"poolName":"LINK/BUSD","assetRewards":"LINK","claimAmount":"0.00068955","status":1,"claimedTime":1678916856000},{"poolId":221,"poolName":"LINK/BUSD","assetRewards":"BUSD","claimAmount":"0.00243254","status":1,"claimedTime":1678860650000},{"poolId":221,"poolName":"LINK/BUSD","assetRewards":"LINK","claimAmount":"0.00034331","status":1,"claimedTime":1678860650000},{"poolId":221,"poolName":"LINK/BUSD","assetRewards":"BNB","claimAmount":"0.00000099","status":1,"claimedTime":1678860650000},{"poolId":221,"poolName":"LINK/BUSD","assetRewards":"BUSD","claimAmount":"0.0023517","status":1,"claimedTime":1678823277000},{"poolId":221,"poolName":"LINK/BUSD","assetRewards":"LINK","claimAmount":"0.00032856","status":1,"claimedTime":1678823277000},{"poolId":221,"poolName":"LINK/BUSD","assetRewards":"BNB","claimAmount":"0.00000054","status":1,"claimedTime":1678823277000},{"poolId":221,"poolName":"LINK/BUSD","assetRewards":"BNB","claimAmount":"0.00000009","status":1,"claimedTime":1678801414000},{"poolId":221,"poolName":"LINK/BUSD","assetRewards":"LINK","claimAmount":"0.00017443","status":1,"claimedTime":1678801414000},{"poolId":221,"poolName":"LINK/BUSD","assetRewards":"BUSD","claimAmount":"0.0014577","status":1,"claimedTime":1678801414000},{"poolId":221,"poolName":"LINK/BUSD","assetRewards":"BNB","claimAmount":"0.00000018","status":1,"claimedTime":1678798912000},{"poolId":221,"poolName":"LINK/BUSD","assetRewards":"LINK","claimAmount":"0.00002461","status":1,"claimedTime":1678798912000},{"poolId":221,"poolName":"LINK/BUSD","assetRewards":"BUSD","claimAmount":"0.00015155","status":1,"claimedTime":1678798912000},{"poolId":221,"poolName":"LINK/BUSD","assetRewards":"BUSD","claimAmount":"0.00127087","status":1,"claimedTime":1678791230000},{"poolId":221,"poolName":"LINK/BUSD","assetRewards":"BNB","claimAmount":"0.00000108","status":1,"claimedTime":1678791230000},{"poolId":221,"poolName":"LINK/BUSD","assetRewards":"LINK","claimAmount":"0.00020209","status":1,"claimedTime":1678791230000},{"poolId":221,"poolName":"LINK/BUSD","assetRewards":"BNB","claimAmount":"0.00000117","status":1,"claimedTime":1678747598000},{"poolId":221,"poolName":"LINK/BUSD","assetRewards":"LINK","claimAmount":"0.0004732","status":1,"claimedTime":1678747598000},{"poolId":221,"poolName":"LINK/BUSD","assetRewards":"BUSD","claimAmount":"0.00330806","status":1,"claimedTime":1678747598000},{"poolId":221,"poolName":"LINK/BUSD","assetRewards":"BNB","claimAmount":"0.00000099","status":1,"claimedTime":1678700744000},{"poolId":221,"poolName":"LINK/BUSD","assetRewards":"LINK","claimAmount":"0.00029089","status":1,"claimedTime":1678700744000},{"poolId":221,"poolName":"LINK/BUSD","assetRewards":"BUSD","claimAmount":"0.00208593","status":1,"claimedTime":1678700744000},{"poolId":221,"poolName":"LINK/BUSD","assetRewards":"LINK","claimAmount":"0.00015546","status":1,"claimedTime":1678661844000},{"poolId":221,"poolName":"LINK/BUSD","assetRewards":"BNB","claimAmount":"0.00000045","status":1,"claimedTime":1678661844000},{"poolId":221,"poolName":"LINK/BUSD","assetRewards":"BUSD","claimAmount":"0.00120478","status":1,"claimedTime":1678661844000},{"poolId":221,"poolName":"LINK/BUSD","assetRewards":"BNB","claimAmount":"0.00000072","status":1,"claimedTime":1678642144000},{"poolId":221,"poolName":"LINK/BUSD","assetRewards":"LINK","claimAmount":"0.00007908","status":1,"claimedTime":1678642144000},{"poolId":221,"poolName":"LINK/BUSD","assetRewards":"BUSD","claimAmount":"0.00043855","status":1,"claimedTime":1678642144000},{"poolId":221,"poolName":"LINK/BUSD","assetRewards":"BUSD","claimAmount":"0.00046796","status":1,"claimedTime":1678613762000},{"poolId":221,"poolName":"LINK/BUSD","assetRewards":"LINK","claimAmount":"0.00007453","status":1,"claimedTime":1678613762000},{"poolId":221,"poolName":"LINK/BUSD","assetRewards":"BNB","claimAmount":"0.0000009","status":1,"claimedTime":1678613762000},{"poolId":221,"poolName":"LINK/BUSD","assetRewards":"BUSD","claimAmount":"0.00531735","status":1,"claimedTime":1678577203000},{"poolId":221,"poolName":"LINK/BUSD","assetRewards":"LINK","claimAmount":"0.00085591","status":1,"claimedTime":1678577203000},{"poolId":221,"poolName":"LINK/BUSD","assetRewards":"BNB","claimAmount":"0.00000296","status":1,"claimedTime":1678577203000},{"poolId":221,"poolName":"LINK/BUSD","assetRewards":"BUSD","claimAmount":"0.00016533","status":1,"claimedTime":1678452678000},{"poolId":221,"poolName":"LINK/BUSD","assetRewards":"LINK","claimAmount":"0.00001784","status":1,"claimedTime":1678452678000},{"poolId":221,"poolName":"LINK/BUSD","assetRewards":"BNB","claimAmount":"0.00000008","status":1,"claimedTime":1678452678000},{"poolId":221,"poolName":"LINK/BUSD","assetRewards":"BNB","claimAmount":"0.00000112","status":1,"claimedTime":1678449333000},{"poolId":221,"poolName":"LINK/BUSD","assetRewards":"LINK","claimAmount":"0.00035976","status":1,"claimedTime":1678449333000},{"poolId":221,"poolName":"LINK/BUSD","assetRewards":"BUSD","claimAmount":"0.00224932","status":1,"claimedTime":1678449333000},{"poolId":221,"poolName":"LINK/BUSD","assetRewards":"LINK","claimAmount":"0.00009774","status":1,"claimedTime":1678398431000},{"poolId":221,"poolName":"LINK/BUSD","assetRewards":"LINK","claimAmount":"0.00009774","status":1,"claimedTime":1678398431000},{"poolId":221,"poolName":"LINK/BUSD","assetRewards":"BUSD","claimAmount":"0.00039873","status":1,"claimedTime":1678398431000},{"poolId":221,"poolName":"LINK/BUSD","assetRewards":"BNB","claimAmount":"0.00000008","status":1,"claimedTime":1678398431000},{"poolId":221,"poolName":"LINK/BUSD","assetRewards":"BUSD","claimAmount":"0.00184081","status":1,"claimedTime":1678395635000},{"poolId":221,"poolName":"LINK/BUSD","assetRewards":"BNB","claimAmount":"0.00000168","status":1,"claimedTime":1678395635000},{"poolId":221,"poolName":"LINK/BUSD","assetRewards":"LINK","claimAmount":"0.00031749","status":1,"claimedTime":1678395635000},{"poolId":221,"poolName":"LINK/BUSD","assetRewards":"BNB","claimAmount":"0.0000012","status":1,"claimedTime":1678319605000},{"poolId":221,"poolName":"LINK/BUSD","assetRewards":"BUSD","claimAmount":"0.00145645","status":1,"claimedTime":1678319605000},{"poolId":221,"poolName":"LINK/BUSD","assetRewards":"LINK","claimAmount":"0.00024404","status":1,"claimedTime":1678319605000},{"poolId":221,"poolName":"LINK/BUSD","assetRewards":"BUSD","claimAmount":"0.00181723","status":1,"claimedTime":1678265557000},{"poolId":221,"poolName":"LINK/BUSD","assetRewards":"BNB","claimAmount":"0.00000152","status":1,"claimedTime":1678265557000},{"poolId":221,"poolName":"LINK/BUSD","assetRewards":"LINK","claimAmount":"0.0002732","status":1,"claimedTime":1678265557000},{"poolId":221,"poolName":"LINK/BUSD","assetRewards":"BNB","claimAmount":"0.00000184","status":1,"claimedTime":1678194816000},{"poolId":221,"poolName":"LINK/BUSD","assetRewards":"BUSD","claimAmount":"0.00119621","status":1,"claimedTime":1678194816000},{"poolId":221,"poolName":"LINK/BUSD","assetRewards":"LINK","claimAmount":"0.00017864","status":1,"claimedTime":1678194816000},{"poolId":221,"poolName":"LINK/BUSD","assetRewards":"LINK","claimAmount":"0.00000945","status":1,"claimedTime":1678112411000},{"poolId":221,"poolName":"LINK/BUSD","assetRewards":"BUSD","claimAmount":"0.00008623","status":1,"claimedTime":1678112411000},{"poolId":221,"poolName":"LINK/BUSD","assetRewards":"BNB","claimAmount":"0.00000016","status":1,"claimedTime":1678112411000},{"poolId":221,"poolName":"LINK/BUSD","assetRewards":"BUSD","claimAmount":"0.0007673","status":1,"claimedTime":1678106873000},{"poolId":221,"poolName":"LINK/BUSD","assetRewards":"BNB","claimAmount":"0.00000107","status":1,"claimedTime":1678106873000},{"poolId":221,"poolName":"LINK/BUSD","assetRewards":"LINK","claimAmount":"0.00012361","status":1,"claimedTime":1678106873000},{"poolId":221,"poolName":"LINK/BUSD","assetRewards":"LINK","claimAmount":"0.00018203","status":1,"claimedTime":1678054482000},{"poolId":221,"poolName":"LINK/BUSD","assetRewards":"BUSD","claimAmount":"0.00139577","status":1,"claimedTime":1678054482000},{"poolId":221,"poolName":"LINK/BUSD","assetRewards":"BNB","claimAmount":"0.00000175","status":1,"claimedTime":1678054482000},{"poolId":221,"poolName":"LINK/BUSD","assetRewards":"BNB","claimAmount":"0.00000238","status":1,"claimedTime":1677964156000},{"poolId":221,"poolName":"LINK/BUSD","assetRewards":"BUSD","claimAmount":"0.001571","status":1,"claimedTime":1677964156000},{"poolId":221,"poolName":"LINK/BUSD","assetRewards":"LINK","claimAmount":"0.00022224","status":1,"claimedTime":1677964156000},{"poolId":221,"poolName":"LINK/BUSD","assetRewards":"BNB","claimAmount":"0.00000259","status":1,"claimedTime":1677842367000},{"poolId":221,"poolName":"LINK/BUSD","assetRewards":"BUSD","claimAmount":"0.00335262","status":1,"claimedTime":1677842367000},{"poolId":221,"poolName":"LINK/BUSD","assetRewards":"LINK","claimAmount":"0.0005325","status":1,"claimedTime":1677842367000},{"poolId":221,"poolName":"LINK/BUSD","assetRewards":"BNB","claimAmount":"0.0000007","status":1,"claimedTime":1677711164000},{"poolId":221,"poolName":"LINK/BUSD","assetRewards":"LINK","claimAmount":"0.00010282","status":1,"claimedTime":1677711164000},{"poolId":221,"poolName":"LINK/BUSD","assetRewards":"BUSD","claimAmount":"0.0007892","status":1,"claimedTime":1677711164000},{"poolId":221,"poolName":"LINK/BUSD","assetRewards":"BUSD","claimAmount":"0.00102185","status":1,"claimedTime":1677673348000},{"poolId":221,"poolName":"LINK/BUSD","assetRewards":"BNB","claimAmount":"0.00000098","status":1,"claimedTime":1677673348000},{"poolId":221,"poolName":"LINK/BUSD","assetRewards":"LINK","claimAmount":"0.00011657","status":1,"claimedTime":1677673348000},{"poolId":221,"poolName":"LINK/BUSD","assetRewards":"BUSD","claimAmount":"0.00106431","status":1,"claimedTime":1677622556000},{"poolId":221,"poolName":"LINK/BUSD","assetRewards":"BNB","claimAmount":"0.00000077","status":1,"claimedTime":1677622556000},{"poolId":221,"poolName":"LINK/BUSD","assetRewards":"LINK","claimAmount":"0.00015655","status":1,"claimedTime":1677622556000},{"poolId":221,"poolName":"LINK/BUSD","assetRewards":"BNB","claimAmount":"0.00000273","status":1,"claimedTime":1677582731000},{"poolId":221,"poolName":"LINK/BUSD","assetRewards":"LINK","claimAmount":"0.00042547","status":1,"claimedTime":1677582731000},{"poolId":221,"poolName":"LINK/BUSD","assetRewards":"BUSD","claimAmount":"0.00297399","status":1,"claimedTime":1677582731000},{"poolId":221,"poolName":"LINK/BUSD","assetRewards":"LINK","claimAmount":"0.00025637","status":1,"claimedTime":1677444269000},{"poolId":221,"poolName":"LINK/BUSD","assetRewards":"BNB","claimAmount":"0.00000189","status":1,"claimedTime":1677444269000},{"poolId":221,"poolName":"LINK/BUSD","assetRewards":"BUSD","claimAmount":"0.00197711","status":1,"claimedTime":1677444269000},{"poolId":221,"poolName":"LINK/BUSD","assetRewards":"BNB","claimAmount":"0.00000021","status":1,"claimedTime":1677347903000},{"poolId":221,"poolName":"LINK/BUSD","assetRewards":"LINK","claimAmount":"0.00002589","status":1,"claimedTime":1677347903000},{"poolId":221,"poolName":"LINK/BUSD","assetRewards":"BUSD","claimAmount":"0.00019036","status":1,"claimedTime":1677347903000},{"poolId":221,"poolName":"LINK/BUSD","assetRewards":"BNB","claimAmount":"0.00000126","status":1,"claimedTime":1677336099000},{"poolId":221,"poolName":"LINK/BUSD","assetRewards":"LINK","claimAmount":"0.00036879","status":1,"claimedTime":1677336099000},{"poolId":221,"poolName":"LINK/BUSD","assetRewards":"BUSD","claimAmount":"0.00206651","status":1,"claimedTime":1677336099000},{"poolId":221,"poolName":"LINK/BUSD","assetRewards":"BUSD","claimAmount":"0.00314743","status":1,"claimedTime":1677270448000},{"poolId":221,"poolName":"LINK/BUSD","assetRewards":"BNB","claimAmount":"0.00000161","status":1,"claimedTime":1677270448000},{"poolId":221,"poolName":"LINK/BUSD","assetRewards":"LINK","claimAmount":"0.00042341","status":1,"claimedTime":1677270448000},{"poolId":221,"poolName":"LINK/BUSD","assetRewards":"LINK","claimAmount":"0.00052158","status":1,"claimedTime":1677188596000},{"poolId":221,"poolName":"LINK/BUSD","assetRewards":"BNB","claimAmount":"0.00000154","status":1,"claimedTime":1677188596000},{"poolId":221,"poolName":"LINK/BUSD","assetRewards":"BUSD","claimAmount":"0.00423344","status":1,"claimedTime":1677188596000},{"poolId":221,"poolName":"LINK/BUSD","assetRewards":"BUSD","claimAmount":"0.00209036","status":1,"claimedTime":1677108209000},{"poolId":221,"poolName":"LINK/BUSD","assetRewards":"BNB","claimAmount":"0.00000091","status":1,"claimedTime":1677108209000},{"poolId":221,"poolName":"LINK/BUSD","assetRewards":"LINK","claimAmount":"0.00024174","status":1,"claimedTime":1677108209000},{"poolId":221,"poolName":"LINK/BUSD","assetRewards":"BNB","claimAmount":"0.00000259","status":1,"claimedTime":1677062363000},{"poolId":221,"poolName":"LINK/BUSD","assetRewards":"BUSD","claimAmount":"0.00518613","status":1,"claimedTime":1677062363000},{"poolId":221,"poolName":"LINK/BUSD","assetRewards":"LINK","claimAmount":"0.00071727","status":1,"claimedTime":1677062363000},{"poolId":221,"poolName":"LINK/BUSD","assetRewards":"BUSD","claimAmount":"0.00147465","status":1,"claimedTime":1676930328000},{"poolId":221,"poolName":"LINK/BUSD","assetRewards":"LINK","claimAmount":"0.00019799","status":1,"claimedTime":1676930328000},{"poolId":221,"poolName":"LINK/BUSD","assetRewards":"BNB","claimAmount":"0.00000077","status":1,"claimedTime":1676930328000},{"poolId":221,"poolName":"LINK/BUSD","assetRewards":"BNB","claimAmount":"0.00000084","status":1,"claimedTime":1676890272000},{"poolId":221,"poolName":"LINK/BUSD","assetRewards":"BUSD","claimAmount":"0.00267211","status":1,"claimedTime":1676890272000},{"poolId":221,"poolName":"LINK/BUSD","assetRewards":"LINK","claimAmount":"0.00030901","status":1,"claimedTime":1676890272000},{"poolId":221,"poolName":"LINK/BUSD","assetRewards":"BUSD","claimAmount":"0.00500583","status":1,"claimedTime":1676845593000},{"poolId":221,"poolName":"LINK/BUSD","assetRewards":"BNB","claimAmount":"0.00000161","status":1,"claimedTime":1676845593000},{"poolId":221,"poolName":"LINK/BUSD","assetRewards":"LINK","claimAmount":"0.00059372","status":1,"claimedTime":1676845593000},{"poolId":221,"poolName":"LINK/BUSD","assetRewards":"BNB","claimAmount":"0.00000203","status":1,"claimedTime":1676762014000},{"poolId":221,"poolName":"LINK/BUSD","assetRewards":"BUSD","claimAmount":"0.0058013","status":1,"claimedTime":1676762014000},{"poolId":221,"poolName":"LINK/BUSD","assetRewards":"LINK","claimAmount":"0.00068953","status":1,"claimedTime":1676762014000},{"poolId":221,"poolName":"LINK/BUSD","assetRewards":"BNB","claimAmount":"0.0000014","status":1,"claimedTime":1676660246000},{"poolId":221,"poolName":"LINK/BUSD","assetRewards":"BUSD","claimAmount":"0.00305208","status":1,"claimedTime":1676660246000},{"poolId":221,"poolName":"LINK/BUSD","assetRewards":"LINK","claimAmount":"0.0004073","status":1,"claimedTime":1676660246000},{"poolId":221,"poolName":"LINK/BUSD","assetRewards":"LINK","claimAmount":"0.00046163","status":1,"claimedTime":1676586804000},{"poolId":221,"poolName":"LINK/BUSD","assetRewards":"BUSD","claimAmount":"0.0033512","status":1,"claimedTime":1676586804000},{"poolId":221,"poolName":"LINK/BUSD","assetRewards":"BNB","claimAmount":"0.00000161","status":1,"claimedTime":1676586804000},{"poolId":221,"poolName":"LINK/BUSD","assetRewards":"LINK","claimAmount":"0.00024838","status":1,"claimedTime":1676503580000},{"poolId":221,"poolName":"LINK/BUSD","assetRewards":"BUSD","claimAmount":"0.00187981","status":1,"claimedTime":1676503580000},{"poolId":221,"poolName":"LINK/BUSD","assetRewards":"BNB","claimAmount":"0.00000182","status":1,"claimedTime":1676503580000},{"poolId":221,"poolName":"LINK/BUSD","assetRewards":"BNB","claimAmount":"0.00000084","status":1,"claimedTime":1676409350000},{"poolId":221,"poolName":"LINK/BUSD","assetRewards":"LINK","claimAmount":"0.00027742","status":1,"claimedTime":1676409350000},{"poolId":221,"poolName":"LINK/BUSD","assetRewards":"BUSD","claimAmount":"0.00206423","status":1,"claimedTime":1676409350000},{"poolId":221,"poolName":"LINK/BUSD","assetRewards":"BUSD","claimAmount":"0.00037146","status":1,"claimedTime":1676368488000},{"poolId":221,"poolName":"LINK/BUSD","assetRewards":"LINK","claimAmount":"0.00005711","status":1,"claimedTime":1676368488000},{"poolId":221,"poolName":"LINK/BUSD","assetRewards":"BNB","claimAmount":"0.0000007","status":1,"claimedTime":1676368488000},{"poolId":221,"poolName":"LINK/BUSD","assetRewards":"BUSD","claimAmount":"0.00133729","status":1,"claimedTime":1676330935000},{"poolId":221,"poolName":"LINK/BUSD","assetRewards":"LINK","claimAmount":"0.00018223","status":1,"claimedTime":1676330935000},{"poolId":221,"poolName":"LINK/BUSD","assetRewards":"BNB","claimAmount":"0.00000067","status":1,"claimedTime":1676330935000},{"poolId":221,"poolName":"LINK/BUSD","assetRewards":"BNB","claimAmount":"0.00000005","status":1,"claimedTime":1676290099000},{"poolId":221,"poolName":"LINK/BUSD","assetRewards":"BUSD","claimAmount":"0.00007388","status":1,"claimedTime":1676290099000},{"poolId":221,"poolName":"LINK/BUSD","assetRewards":"LINK","claimAmount":"0.00001088","status":1,"claimedTime":1676290099000},{"poolId":221,"poolName":"LINK/BUSD","assetRewards":"LINK","claimAmount":"0.00034587","status":1,"claimedTime":1676289186000},{"poolId":221,"poolName":"LINK/BUSD","assetRewards":"BUSD","claimAmount":"0.00210436","status":1,"claimedTime":1676289186000},{"poolId":221,"poolName":"LINK/BUSD","assetRewards":"BNB","claimAmount":"0.00000065","status":1,"claimedTime":1676289186000},{"poolId":221,"poolName":"LINK/BUSD","assetRewards":"BNB","claimAmount":"0.00000045","status":1,"claimedTime":1676240410000},{"poolId":221,"poolName":"LINK/BUSD","assetRewards":"BNB","claimAmount":"0.00000045","status":1,"claimedTime":1676240410000},{"poolId":221,"poolName":"LINK/BUSD","assetRewards":"BUSD","claimAmount":"0.00058041","status":1,"claimedTime":1676240410000},{"poolId":221,"poolName":"LINK/BUSD","assetRewards":"LINK","claimAmount":"0.00009238","status":1,"claimedTime":1676240410000},{"poolId":221,"poolName":"LINK/BUSD","assetRewards":"LINK","claimAmount":"0.00006356","status":1,"claimedTime":1676210483000},{"poolId":221,"poolName":"LINK/BUSD","assetRewards":"BNB","claimAmount":"0.0000007","status":1,"claimedTime":1676210483000},{"poolId":221,"poolName":"LINK/BUSD","assetRewards":"BUSD","claimAmount":"0.0003844","status":1,"claimedTime":1676210483000},{"poolId":221,"poolName":"LINK/BUSD","assetRewards":"BNB","claimAmount":"0.00000055","status":1,"claimedTime":1676157114000},{"poolId":221,"poolName":"LINK/BUSD","assetRewards":"LINK","claimAmount":"0.00007589","status":1,"claimedTime":1676157114000},{"poolId":221,"poolName":"LINK/BUSD","assetRewards":"BUSD","claimAmount":"0.00056013","status":1,"claimedTime":1676157114000}]
