[{"poolId":225,"poolName":"ETC/BUSD","assetRewards":"BUSD","claimAmount":"0.00015529","status":1,"claimedTime":1686000848000},{"poolId":225,"poolName":"ETC/BUSD","assetRewards":"BNB","claimAmount":"0.00000164","status":1,"claimedTime":1686000848000},{"poolId":225,"poolName":"ETC/BUSD","assetRewards":"ETC","claimAmount":"0.00000787","status":1,"claimedTime":1686000848000},{"poolId":225,"poolName":"ETC/BUSD","assetRewards":"BUSD","claimAmount":"0.00071347","status":1,"claimedTime":1685985812000},{"poolId":225,"poolName":"ETC/BUSD","assetRewards":"BNB","claimAmount":"0.00000943","status":1,"claimedTime":1685985812000},{"poolId":225,"poolName":"ETC/BUSD","assetRewards":"ETC","claimAmount":"0.00005884","status":1,"claimedTime":1685985812000},{"poolId":225,"poolName":"ETC/BUSD","assetRewards":"ETC","claimAmount":"0.00002626","status":1,"claimedTime":1685904929000},{"poolId":225,"poolName":"ETC/BUSD","assetRewards":"BNB","claimAmount":"0.00001928","status":1,"claimedTime":1685904929000},{"poolId":225,"poolName":"ETC/BUSD","assetRewards":"BUSD","claimAmount":"0.00036418","status":1,"claimedTime":1685904929000},{"poolId":225,"poolName":"ETC/BUSD","assetRewards":"BUSD","claimAmount":"0.00097082","status":1,"claimedTime":1685735343000},{"poolId":225,"poolName":"ETC/BUSD","assetRewards":"ETC","claimAmount":"0.00005617","status":1,"claimedTime":1685735343000},{"poolId":225,"poolName":"ETC/BUSD","assetRewards":"BNB","claimAmount":"0.00001987","status":1,"claimedTime":1685735343000},{"poolId":225,"poolName":"ETC/BUSD","assetRewards":"ETC","claimAmount":"0.00004665","status":1,"claimedTime":1685556359000},{"poolId":225,"poolName":"ETC/BUSD","assetRewards":"BUSD","claimAmount":"0.00066913","status":1,"claimedTime":1685556359000},{"poolId":225,"poolName":"ETC/BUSD","assetRewards":"BNB","claimAmount":"0.0000084","status":1,"claimedTime":1685556359000},{"poolId":225,"poolName":"ETC/BUSD","assetRewards":"BNB","claimAmount":"0.0000036","status":1,"claimedTime":1685483670000},{"poolId":225,"poolName":"ETC/BUSD","assetRewards":"BUSD","claimAmount":"0.00040758","status":1,"claimedTime":1685483670000},{"poolId":225,"poolName":"ETC/BUSD","assetRewards":"ETC","claimAmount":"0.00002635","status":1,"claimedTime":1685483670000},{"poolId":225,"poolName":"ETC/BUSD","assetRewards":"BUSD","claimAmount":"0.00066219","status":1,"claimedTime":1685451525000},{"poolId":225,"poolName":"ETC/BUSD","assetRewards":"BNB","claimAmount":"0.0000096","status":1,"claimedTime":1685451525000},{"poolId":225,"poolName":"ETC/BUSD","assetRewards":"ETC","claimAmount":"0.00003476","status":1,"claimedTime":1685451525000},{"poolId":225,"poolName":"ETC/BUSD","assetRewards":"ETC","claimAmount":"0.00004988","status":1,"claimedTime":1685365008000},{"poolId":225,"poolName":"ETC/BUSD","assetRewards":"BUSD","claimAmount":"0.00098189","status":1,"claimedTime":1685365008000},{"poolId":225,"poolName":"ETC/BUSD","assetRewards":"BNB","claimAmount":"0.0000112","status":1,"claimedTime":1685365008000},{"poolId":225,"poolName":"ETC/BUSD","assetRewards":"BUSD","claimAmount":"0.00069283","status":1,"claimedTime":1685260935000},{"poolId":225,"poolName":"ETC/BUSD","assetRewards":"ETC","claimAmount":"0.00002811","status":1,"claimedTime":1685260935000},{"poolId":225,"poolName":"ETC/BUSD","assetRewards":"BNB","claimAmount":"0.0000096","status":1,"claimedTime":1685260935000},{"poolId":225,"poolName":"ETC/BUSD","assetRewards":"ETC","claimAmount":"0.00004818","status":1,"claimedTime":1685176600000},{"poolId":225,"poolName":"ETC/BUSD","assetRewards":"BUSD","claimAmount":"0.00096224","status":1,"claimedTime":1685176600000},{"poolId":225,"poolName":"ETC/BUSD","assetRewards":"BNB","claimAmount":"0.0000096","status":1,"claimedTime":1685176600000},{"poolId":225,"poolName":"ETC/BUSD","assetRewards":"BNB","claimAmount":"0.0000112","status":1,"claimedTime":1685091462000},{"poolId":225,"poolName":"ETC/BUSD","assetRewards":"ETC","claimAmount":"0.00004975","status":1,"claimedTime":1685091462000},{"poolId":225,"poolName":"ETC/BUSD","assetRewards":"BUSD","claimAmount":"0.00090365","status":1,"claimedTime":1685091462000},{"poolId":225,"poolName":"ETC/BUSD","assetRewards":"BNB","claimAmount":"0.0000028","status":1,"claimedTime":1684989641000},{"poolId":225,"poolName":"ETC/BUSD","assetRewards":"BUSD","claimAmount":"0.00049458","status":1,"claimedTime":1684989641000},{"poolId":225,"poolName":"ETC/BUSD","assetRewards":"ETC","claimAmount":"0.00003164","status":1,"claimedTime":1684989641000},{"poolId":225,"poolName":"ETC/BUSD","assetRewards":"BUSD","claimAmount":"0.00087113","status":1,"claimedTime":1684963285000},{"poolId":225,"poolName":"ETC/BUSD","assetRewards":"ETC","claimAmount":"0.00005333","status":1,"claimedTime":1684963285000},{"poolId":225,"poolName":"ETC/BUSD","assetRewards":"BNB","claimAmount":"0.0000036","status":1,"claimedTime":1684963285000},{"poolId":225,"poolName":"ETC/BUSD","assetRewards":"BNB","claimAmount":"0.0000116","status":1,"claimedTime":1684931951000},{"poolId":225,"poolName":"ETC/BUSD","assetRewards":"BUSD","claimAmount":"0.00082369","status":1,"claimedTime":1684931951000},{"poolId":225,"poolName":"ETC/BUSD","assetRewards":"ETC","claimAmount":"0.00005533","status":1,"claimedTime":1684931951000},{"poolId":225,"poolName":"ETC/BUSD","assetRewards":"ETC","claimAmount":"0.00006389","status":1,"claimedTime":1684828045000},{"poolId":225,"poolName":"ETC/BUSD","assetRewards":"BNB","claimAmount":"0.0000092","status":1,"claimedTime":1684828045000},{"poolId":225,"poolName":"ETC/BUSD","assetRewards":"BUSD","claimAmount":"0.00135803","status":1,"claimedTime":1684828045000},{"poolId":225,"poolName":"ETC/BUSD","assetRewards":"BUSD","claimAmount":"0.00117081","status":1,"claimedTime":1684745220000},{"poolId":225,"poolName":"ETC/BUSD","assetRewards":"ETC","claimAmount":"0.00007615","status":1,"claimedTime":1684745220000},{"poolId":225,"poolName":"ETC/BUSD","assetRewards":"BNB","claimAmount":"0.0000084","status":1,"claimedTime":1684745220000}]
