[{"poolId":234,"poolName":"LDO/USDT","assetRewards":"BNB","claimAmount":"0.00000076","status":1,"claimedTime":1686000848000},{"poolId":234,"poolName":"LDO/USDT","assetRewards":"LDO","claimAmount":"0.00086988","status":1,"claimedTime":1686000848000},{"poolId":234,"poolName":"LDO/USDT","assetRewards":"USDT","claimAmount":"0.00166075","status":1,"claimedTime":1686000848000},{"poolId":234,"poolName":"LDO/USDT","assetRewards":"USDT","claimAmount":"0.00905653","status":1,"claimedTime":1685985812000},{"poolId":234,"poolName":"LDO/USDT","assetRewards":"BNB","claimAmount":"0.00000437","status":1,"claimedTime":1685985812000},{"poolId":234,"poolName":"LDO/USDT","assetRewards":"LDO","claimAmount":"0.00430944","status":1,"claimedTime":1685985812000},{"poolId":234,"poolName":"LDO/USDT","assetRewards":"USDT","claimAmount":"0.00851281","status":1,"claimedTime":1685904929000},{"poolId":234,"poolName":"LDO/USDT","assetRewards":"BNB","claimAmount":"0.00000893","status":1,"claimedTime":1685904929000},{"poolId":234,"poolName":"LDO/USDT","assetRewards":"LDO","claimAmount":"0.0036895","status":1,"claimedTime":1685904929000},{"poolId":234,"poolName":"LDO/USDT","assetRewards":"LDO","claimAmount":"0.0042868","status":1,"claimedTime":1685735343000},{"poolId":234,"poolName":"LDO/USDT","assetRewards":"USDT","claimAmount":"0.00987974","status":1,"claimedTime":1685735343000},{"poolId":234,"poolName":"LDO/USDT","assetRewards":"BNB","claimAmount":"0.00000969","status":1,"claimedTime":1685735343000},{"poolId":234,"poolName":"LDO/USDT","assetRewards":"USDT","claimAmount":"0.0052532","status":1,"claimedTime":1685556359000},{"poolId":234,"poolName":"LDO/USDT","assetRewards":"LDO","claimAmount":"0.00258938","status":1,"claimedTime":1685556359000},{"poolId":234,"poolName":"LDO/USDT","assetRewards":"BNB","claimAmount":"0.0000042","status":1,"claimedTime":1685556359000},{"poolId":234,"poolName":"LDO/USDT","assetRewards":"USDT","claimAmount":"0.00226168","status":1,"claimedTime":1685483670000},{"poolId":234,"poolName":"LDO/USDT","assetRewards":"BNB","claimAmount":"0.0000018","status":1,"claimedTime":1685483670000},{"poolId":234,"poolName":"LDO/USDT","assetRewards":"LDO","claimAmount":"0.00111772","status":1,"claimedTime":1685483670000},{"poolId":234,"poolName":"LDO/USDT","assetRewards":"BNB","claimAmount":"0.0000048","status":1,"claimedTime":1685451525000},{"poolId":234,"poolName":"LDO/USDT","assetRewards":"LDO","claimAmount":"0.00325867","status":1,"claimedTime":1685451525000},{"poolId":234,"poolName":"LDO/USDT","assetRewards":"USDT","claimAmount":"0.00741448","status":1,"claimedTime":1685451525000},{"poolId":234,"poolName":"LDO/USDT","assetRewards":"USDT","claimAmount":"0.00593319","status":1,"claimedTime":1685365008000},{"poolId":234,"poolName":"LDO/USDT","assetRewards":"LDO","claimAmount":"0.00281105","status":1,"claimedTime":1685365008000},{"poolId":234,"poolName":"LDO/USDT","assetRewards":"BNB","claimAmount":"0.00000545","status":1,"claimedTime":1685365008000},{"poolId":234,"poolName":"LDO/USDT","assetRewards":"LDO","claimAmount":"0.00094236","status":1,"claimedTime":1685260935000},{"poolId":234,"poolName":"LDO/USDT","assetRewards":"BNB","claimAmount":"0.00000456","status":1,"claimedTime":1685260935000},{"poolId":234,"poolName":"LDO/USDT","assetRewards":"USDT","claimAmount":"0.00191888","status":1,"claimedTime":1685260935000},{"poolId":234,"poolName":"LDO/USDT","assetRewards":"USDT","claimAmount":"0.00314614","status":1,"claimedTime":1685176600000},{"poolId":234,"poolName":"LDO/USDT","assetRewards":"LDO","claimAmount":"0.00152554","status":1,"claimedTime":1685176600000},{"poolId":234,"poolName":"LDO/USDT","assetRewards":"BNB","claimAmount":"0.00000456","status":1,"claimedTime":1685176600000},{"poolId":234,"poolName":"LDO/USDT","assetRewards":"USDT","claimAmount":"0.00463743","status":1,"claimedTime":1685091462000},{"poolId":234,"poolName":"LDO/USDT","assetRewards":"BNB","claimAmount":"0.00000532","status":1,"claimedTime":1685091462000},{"poolId":234,"poolName":"LDO/USDT","assetRewards":"LDO","claimAmount":"0.00238216","status":1,"claimedTime":1685091462000},{"poolId":234,"poolName":"LDO/USDT","assetRewards":"LDO","claimAmount":"0.00089924","status":1,"claimedTime":1684989641000},{"poolId":234,"poolName":"LDO/USDT","assetRewards":"BNB","claimAmount":"0.00000133","status":1,"claimedTime":1684989641000},{"poolId":234,"poolName":"LDO/USDT","assetRewards":"USDT","claimAmount":"0.0016013","status":1,"claimedTime":1684989641000},{"poolId":234,"poolName":"LDO/USDT","assetRewards":"LDO","claimAmount":"0.00147456","status":1,"claimedTime":1684963285000},{"poolId":234,"poolName":"LDO/USDT","assetRewards":"USDT","claimAmount":"0.00323269","status":1,"claimedTime":1684963285000},{"poolId":234,"poolName":"LDO/USDT","assetRewards":"BNB","claimAmount":"0.00000171","status":1,"claimedTime":1684963285000},{"poolId":234,"poolName":"LDO/USDT","assetRewards":"USDT","claimAmount":"0.00336162","status":1,"claimedTime":1684931951000},{"poolId":234,"poolName":"LDO/USDT","assetRewards":"LDO","claimAmount":"0.0018659","status":1,"claimedTime":1684931951000},{"poolId":234,"poolName":"LDO/USDT","assetRewards":"BNB","claimAmount":"0.00000551","status":1,"claimedTime":1684931951000},{"poolId":234,"poolName":"LDO/USDT","assetRewards":"USDT","claimAmount":"0.00389982","status":1,"claimedTime":1684828045000},{"poolId":234,"poolName":"LDO/USDT","assetRewards":"LDO","claimAmount":"0.00186433","status":1,"claimedTime":1684828045000},{"poolId":234,"poolName":"LDO/USDT","assetRewards":"BNB","claimAmount":"0.00000437","status":1,"claimedTime":1684828045000},{"poolId":234,"poolName":"LDO/USDT","assetRewards":"LDO","claimAmount":"0.00167689","status":1,"claimedTime":1684745220000},{"poolId":234,"poolName":"LDO/USDT","assetRewards":"USDT","claimAmount":"0.00306767","status":1,"claimedTime":1684745220000},{"poolId":234,"poolName":"LDO/USDT","assetRewards":"BNB","claimAmount":"0.00000456","status":1,"claimedTime":1684745220000},{"poolId":234,"poolName":"LDO/USDT","assetRewards":"BNB","claimAmount":"0.00000209","status":1,"claimedTime":1684658716000},{"poolId":234,"poolName":"LDO/USDT","assetRewards":"LDO","claimAmount":"0.00042669","status":1,"claimedTime":1684658716000},{"poolId":234,"poolName":"LDO/USDT","assetRewards":"USDT","claimAmount":"0.0008487","status":1,"claimedTime":1684658716000},{"poolId":234,"poolName":"LDO/USDT","assetRewards":"USDT","claimAmount":"0.00119225","status":1,"claimedTime":1684617421000},{"poolId":234,"poolName":"LDO/USDT","assetRewards":"BNB","claimAmount":"0.00000247","status":1,"claimedTime":1684617421000},{"poolId":234,"poolName":"LDO/USDT","assetRewards":"LDO","claimAmount":"0.00055092","status":1,"claimedTime":1684617421000},{"poolId":234,"poolName":"LDO/USDT","assetRewards":"LDO","claimAmount":"0.00068451","status":1,"claimedTime":1684570840000},{"poolId":234,"poolName":"LDO/USDT","assetRewards":"USDT","claimAmount":"0.00129282","status":1,"claimedTime":1684570840000},{"poolId":234,"poolName":"LDO/USDT","assetRewards":"BNB","claimAmount":"0.00000209","status":1,"claimedTime":1684570840000},{"poolId":234,"poolName":"LDO/USDT","assetRewards":"BNB","claimAmount":"0.00000019","status":1,"claimedTime":1684180513000},{"poolId":234,"poolName":"LDO/USDT","assetRewards":"LDO","claimAmount":"0.00011707","status":1,"claimedTime":1684180513000},{"poolId":234,"poolName":"LDO/USDT","assetRewards":"USDT","claimAmount":"0.00031365","status":1,"claimedTime":1684180513000},{"poolId":234,"poolName":"LDO/USDT","assetRewards":"BNB","claimAmount":"0.0000042","status":1,"claimedTime":1684157653000},{"poolId":234,"poolName":"LDO/USDT","assetRewards":"USDT","claimAmount":"0.00754753","status":1,"claimedTime":1684157653000},{"poolId":234,"poolName":"LDO/USDT","assetRewards":"LDO","claimAmount":"0.00342998","status":1,"claimedTime":1684157653000},{"poolId":234,"poolName":"LDO/USDT","assetRewards":"USDT","claimAmount":"0.00061629","status":1,"claimedTime":1684070017000},{"poolId":234,"poolName":"LDO/USDT","assetRewards":"LDO","claimAmount":"0.00031075","status":1,"claimedTime":1684070017000},{"poolId":234,"poolName":"LDO/USDT","assetRewards":"BNB","claimAmount":"0.00000085","status":1,"claimedTime":1684070017000},{"poolId":234,"poolName":"LDO/USDT","assetRewards":"BNB","claimAmount":"0.00000408","status":1,"claimedTime":1684053898000},{"poolId":234,"poolName":"LDO/USDT","assetRewards":"USDT","claimAmount":"0.00341522","status":1,"claimedTime":1684053898000},{"poolId":234,"poolName":"LDO/USDT","assetRewards":"LDO","claimAmount":"0.00177754","status":1,"claimedTime":1684053898000},{"poolId":234,"poolName":"LDO/USDT","assetRewards":"LDO","claimAmount":"0.00124112","status":1,"claimedTime":1683966128000},{"poolId":234,"poolName":"LDO/USDT","assetRewards":"USDT","claimAmount":"0.00256236","status":1,"claimedTime":1683966128000},{"poolId":234,"poolName":"LDO/USDT","assetRewards":"BNB","claimAmount":"0.00000176","status":1,"claimedTime":1683966128000},{"poolId":234,"poolName":"LDO/USDT","assetRewards":"LDO","claimAmount":"0.00276828","status":1,"claimedTime":1683926079000},{"poolId":234,"poolName":"LDO/USDT","assetRewards":"USDT","claimAmount":"0.00575561","status":1,"claimedTime":1683926079000},{"poolId":234,"poolName":"LDO/USDT","assetRewards":"BNB","claimAmount":"0.00000128","status":1,"claimedTime":1683926079000},{"poolId":234,"poolName":"LDO/USDT","assetRewards":"BNB","claimAmount":"0.0000008","status":1,"claimedTime":1683896618000},{"poolId":234,"poolName":"LDO/USDT","assetRewards":"LDO","claimAmount":"0.00053787","status":1,"claimedTime":1683896618000},{"poolId":234,"poolName":"LDO/USDT","assetRewards":"USDT","claimAmount":"0.00118872","status":1,"claimedTime":1683896618000},{"poolId":234,"poolName":"LDO/USDT","assetRewards":"LDO","claimAmount":"0.00144276","status":1,"claimedTime":1683881667000},{"poolId":234,"poolName":"LDO/USDT","assetRewards":"BNB","claimAmount":"0.00000192","status":1,"claimedTime":1683881667000},{"poolId":234,"poolName":"LDO/USDT","assetRewards":"USDT","claimAmount":"0.00243344","status":1,"claimedTime":1683881667000}]
