[{"operationId":7306361,"poolId":234,"poolName":"LDO/USDT","operation":"ADD","status":1,"updateTime":1684531768000,"shareAmount":"17.48108082","liquidityAmount":[{"asset":"LDO","amount":"11.85251556"},{"asset":"USDT","amount":"25.78255032"}]},{"operationId":5007387,"poolId":234,"poolName":"LDO/USDT","operation":"REMOVE","status":1,"updateTime":1684159206000,"shareAmount":"17.23195767","liquidityAmount":[{"asset":"LDO","amount":"11.83861394"},{"asset":"USDT","amount":"25.08235014"}]},{"operationId":7286074,"poolId":234,"poolName":"LDO/USDT","operation":"ADD","status":1,"updateTime":1683837861000,"shareAmount":"17.23195767","liquidityAmount":[{"asset":"LDO","amount":"13.47501387"},{"asset":"USDT","amount":"22.03635992"}]},{"operationId":4980424,"poolId":234,"poolName":"LDO/USDT","operation":"REMOVE","status":1,"updateTime":1683133065000,"shareAmount":"7.51694913","liquidityAmount":[{"asset":"LDO","amount":"5.48464843"},{"asset":"USDT","amount":"10.30230159"}]},{"operationId":7179555,"poolId":234,"poolName":"LDO/USDT","operation":"ADD","status":1,"updateTime":1680795614000,"shareAmount":"7.51694913","liquidityAmount":[{"asset":"LDO","amount":"4.70526498"},{"asset":"USDT","amount":"12.00878182"}]}]
