[{"operationId":7309849,"poolId":245,"poolName":"XRP/BUSD","operation":"ADD","status":1,"updateTime":1684668086000,"shareAmount":"68.4983973","liquidityAmount":[{"asset":"XRP","amount":"100.42830204"},{"asset":"BUSD","amount":"46.72019815"}]},{"operationId":5019003,"poolId":245,"poolName":"XRP/BUSD","operation":"REMOVE","status":1,"updateTime":1684668027000,"shareAmount":"33.66236409","liquidityAmount":[{"asset":"XRP","amount":"49.35328808"},{"asset":"BUSD","amount":"22.9600648"}]},{"operationId":7286120,"poolId":245,"poolName":"XRP/BUSD","operation":"ADD","status":1,"updateTime":1683838641000,"shareAmount":"33.66236409","liquidityAmount":[{"asset":"XRP","amount":"52"},{"asset":"BUSD","amount":"21.79143638"}]}]
