[{"poolId":245,"poolName":"XRP/BUSD","assetRewards":"BNB","claimAmount":"0.00000176","status":1,"claimedTime":1686000848000},{"poolId":245,"poolName":"XRP/BUSD","assetRewards":"BUSD","claimAmount":"0.00112972","status":1,"claimedTime":1686000848000},{"poolId":245,"poolName":"XRP/BUSD","assetRewards":"XRP","claimAmount":"0.00230038","status":1,"claimedTime":1686000848000},{"poolId":245,"poolName":"XRP/BUSD","assetRewards":"XRP","claimAmount":"0.00767075","status":1,"claimedTime":1685985812000},{"poolId":245,"poolName":"XRP/BUSD","assetRewards":"BUSD","claimAmount":"0.00381548","status":1,"claimedTime":1685985812000},{"poolId":245,"poolName":"XRP/BUSD","assetRewards":"BNB","claimAmount":"0.00000607","status":1,"claimedTime":1685985812000},{"poolId":245,"poolName":"XRP/BUSD","assetRewards":"XRP","claimAmount":"0.00502403","status":1,"claimedTime":1685904929000},{"poolId":245,"poolName":"XRP/BUSD","assetRewards":"BUSD","claimAmount":"0.002439","status":1,"claimedTime":1685904929000},{"poolId":245,"poolName":"XRP/BUSD","assetRewards":"BNB","claimAmount":"0.00001183","status":1,"claimedTime":1685904929000},{"poolId":245,"poolName":"XRP/BUSD","assetRewards":"BNB","claimAmount":"0.00001256","status":1,"claimedTime":1685735343000},{"poolId":245,"poolName":"XRP/BUSD","assetRewards":"XRP","claimAmount":"0.01642259","status":1,"claimedTime":1685735343000},{"poolId":245,"poolName":"XRP/BUSD","assetRewards":"BUSD","claimAmount":"0.00845328","status":1,"claimedTime":1685735343000},{"poolId":245,"poolName":"XRP/BUSD","assetRewards":"BNB","claimAmount":"0.00000541","status":1,"claimedTime":1685556359000},{"poolId":245,"poolName":"XRP/BUSD","assetRewards":"XRP","claimAmount":"0.02043023","status":1,"claimedTime":1685556359000},{"poolId":245,"poolName":"XRP/BUSD","assetRewards":"BUSD","claimAmount":"0.00993264","status":1,"claimedTime":1685556359000},{"poolId":245,"poolName":"XRP/BUSD","assetRewards":"XRP","claimAmount":"0.0128952","status":1,"claimedTime":1685483670000},{"poolId":245,"poolName":"XRP/BUSD","assetRewards":"BNB","claimAmount":"0.00000227","status":1,"claimedTime":1685483670000},{"poolId":245,"poolName":"XRP/BUSD","assetRewards":"BUSD","claimAmount":"0.00740599","status":1,"claimedTime":1685483670000},{"poolId":245,"poolName":"XRP/BUSD","assetRewards":"BNB","claimAmount":"0.00000624","status":1,"claimedTime":1685451525000},{"poolId":245,"poolName":"XRP/BUSD","assetRewards":"BUSD","claimAmount":"0.0073425","status":1,"claimedTime":1685451525000},{"poolId":245,"poolName":"XRP/BUSD","assetRewards":"XRP","claimAmount":"0.01338747","status":1,"claimedTime":1685451525000},{"poolId":245,"poolName":"XRP/BUSD","assetRewards":"BUSD","claimAmount":"0.00374669","status":1,"claimedTime":1685365008000},{"poolId":245,"poolName":"XRP/BUSD","assetRewards":"BNB","claimAmount":"0.00000754","status":1,"claimedTime":1685365008000},{"poolId":245,"poolName":"XRP/BUSD","assetRewards":"XRP","claimAmount":"0.00715524","status":1,"claimedTime":1685365008000},{"poolId":245,"poolName":"XRP/BUSD","assetRewards":"XRP","claimAmount":"0.00318783","status":1,"claimedTime":1685260935000},{"poolId":245,"poolName":"XRP/BUSD","assetRewards":"BUSD","claimAmount":"0.00141408","status":1,"claimedTime":1685260935000},{"poolId":245,"poolName":"XRP/BUSD","assetRewards":"BNB","claimAmount":"0.00000598","status":1,"claimedTime":1685260935000},{"poolId":245,"poolName":"XRP/BUSD","assetRewards":"BNB","claimAmount":"0.00000624","status":1,"claimedTime":1685176600000},{"poolId":245,"poolName":"XRP/BUSD","assetRewards":"XRP","claimAmount":"0.00816706","status":1,"claimedTime":1685176600000},{"poolId":245,"poolName":"XRP/BUSD","assetRewards":"BUSD","claimAmount":"0.00438283","status":1,"claimedTime":1685176600000},{"poolId":245,"poolName":"XRP/BUSD","assetRewards":"BUSD","claimAmount":"0.00382657","status":1,"claimedTime":1685091462000},{"poolId":245,"poolName":"XRP/BUSD","assetRewards":"BNB","claimAmount":"0.00000728","status":1,"claimedTime":1685091462000},{"poolId":245,"poolName":"XRP/BUSD","assetRewards":"XRP","claimAmount":"0.00754548","status":1,"claimedTime":1685091462000},{"poolId":245,"poolName":"XRP/BUSD","assetRewards":"BNB","claimAmount":"0.00000182","status":1,"claimedTime":1684989641000},{"poolId":245,"poolName":"XRP/BUSD","assetRewards":"BUSD","claimAmount":"0.00097909","status":1,"claimedTime":1684989641000},{"poolId":245,"poolName":"XRP/BUSD","assetRewards":"XRP","claimAmount":"0.00230425","status":1,"claimedTime":1684989641000},{"poolId":245,"poolName":"XRP/BUSD","assetRewards":"BNB","claimAmount":"0.00000234","status":1,"claimedTime":1684963285000},{"poolId":245,"poolName":"XRP/BUSD","assetRewards":"XRP","claimAmount":"0.00409887","status":1,"claimedTime":1684963285000},{"poolId":245,"poolName":"XRP/BUSD","assetRewards":"BUSD","claimAmount":"0.00172823","status":1,"claimedTime":1684963285000},{"poolId":245,"poolName":"XRP/BUSD","assetRewards":"BUSD","claimAmount":"0.00298155","status":1,"claimedTime":1684931951000},{"poolId":245,"poolName":"XRP/BUSD","assetRewards":"BNB","claimAmount":"0.00000754","status":1,"claimedTime":1684931951000},{"poolId":245,"poolName":"XRP/BUSD","assetRewards":"XRP","claimAmount":"0.00720374","status":1,"claimedTime":1684931951000},{"poolId":245,"poolName":"XRP/BUSD","assetRewards":"BNB","claimAmount":"0.00000598","status":1,"claimedTime":1684828045000},{"poolId":245,"poolName":"XRP/BUSD","assetRewards":"BUSD","claimAmount":"0.00312048","status":1,"claimedTime":1684828045000},{"poolId":245,"poolName":"XRP/BUSD","assetRewards":"XRP","claimAmount":"0.00704519","status":1,"claimedTime":1684828045000},{"poolId":245,"poolName":"XRP/BUSD","assetRewards":"BUSD","claimAmount":"0.00375256","status":1,"claimedTime":1684745220000},{"poolId":245,"poolName":"XRP/BUSD","assetRewards":"XRP","claimAmount":"0.00905244","status":1,"claimedTime":1684745220000},{"poolId":245,"poolName":"XRP/BUSD","assetRewards":"BNB","claimAmount":"0.00000546","status":1,"claimedTime":1684745220000},{"poolId":245,"poolName":"XRP/BUSD","assetRewards":"BNB","claimAmount":"0.00000038","status":1,"claimedTime":1684668020000},{"poolId":245,"poolName":"XRP/BUSD","assetRewards":"XRP","claimAmount":"0.00024961","status":1,"claimedTime":1684668020000},{"poolId":245,"poolName":"XRP/BUSD","assetRewards":"BUSD","claimAmount":"0.00007635","status":1,"claimedTime":1684668020000},{"poolId":245,"poolName":"XRP/BUSD","assetRewards":"XRP","claimAmount":"0.00071454","status":1,"claimedTime":1684658716000},{"poolId":245,"poolName":"XRP/BUSD","assetRewards":"BNB","claimAmount":"0.00000132","status":1,"claimedTime":1684658716000},{"poolId":245,"poolName":"XRP/BUSD","assetRewards":"BUSD","claimAmount":"0.00036469","status":1,"claimedTime":1684658716000},{"poolId":245,"poolName":"XRP/BUSD","assetRewards":"BUSD","claimAmount":"0.00052876","status":1,"claimedTime":1684617421000},{"poolId":245,"poolName":"XRP/BUSD","assetRewards":"XRP","claimAmount":"0.00104595","status":1,"claimedTime":1684617421000},{"poolId":245,"poolName":"XRP/BUSD","assetRewards":"BNB","claimAmount":"0.00000156","status":1,"claimedTime":1684617421000},{"poolId":245,"poolName":"XRP/BUSD","assetRewards":"BNB","claimAmount":"0.00000216","status":1,"claimedTime":1684570840000},{"poolId":245,"poolName":"XRP/BUSD","assetRewards":"BUSD","claimAmount":"0.00206482","status":1,"claimedTime":1684570840000},{"poolId":245,"poolName":"XRP/BUSD","assetRewards":"XRP","claimAmount":"0.00445538","status":1,"claimedTime":1684570840000},{"poolId":245,"poolName":"XRP/BUSD","assetRewards":"BNB","claimAmount":"0.00000329","status":1,"claimedTime":1684507388000},{"poolId":245,"poolName":"XRP/BUSD","assetRewards":"BUSD","claimAmount":"0.00391035","status":1,"claimedTime":1684507388000},{"poolId":245,"poolName":"XRP/BUSD","assetRewards":"XRP","claimAmount":"0.0088402","status":1,"claimedTime":1684507388000},{"poolId":245,"poolName":"XRP/BUSD","assetRewards":"BUSD","claimAmount":"0.0041435","status":1,"claimedTime":1684407951000},{"poolId":245,"poolName":"XRP/BUSD","assetRewards":"XRP","claimAmount":"0.008117","status":1,"claimedTime":1684407951000},{"poolId":245,"poolName":"XRP/BUSD","assetRewards":"BNB","claimAmount":"0.00000325","status":1,"claimedTime":1684407951000},{"poolId":245,"poolName":"XRP/BUSD","assetRewards":"BNB","claimAmount":"0.00000234","status":1,"claimedTime":1684318513000},{"poolId":245,"poolName":"XRP/BUSD","assetRewards":"BUSD","claimAmount":"0.00426482","status":1,"claimedTime":1684318513000},{"poolId":245,"poolName":"XRP/BUSD","assetRewards":"XRP","claimAmount":"0.00838477","status":1,"claimedTime":1684318513000},{"poolId":245,"poolName":"XRP/BUSD","assetRewards":"XRP","claimAmount":"0.00293664","status":1,"claimedTime":1684253184000},{"poolId":245,"poolName":"XRP/BUSD","assetRewards":"BNB","claimAmount":"0.00000273","status":1,"claimedTime":1684253184000},{"poolId":245,"poolName":"XRP/BUSD","assetRewards":"BUSD","claimAmount":"0.00115284","status":1,"claimedTime":1684253184000},{"poolId":245,"poolName":"XRP/BUSD","assetRewards":"XRP","claimAmount":"0.00066982","status":1,"claimedTime":1684180513000},{"poolId":245,"poolName":"XRP/BUSD","assetRewards":"BUSD","claimAmount":"0.0002916","status":1,"claimedTime":1684180513000},{"poolId":245,"poolName":"XRP/BUSD","assetRewards":"BNB","claimAmount":"0.00000078","status":1,"claimedTime":1684180513000},{"poolId":245,"poolName":"XRP/BUSD","assetRewards":"BNB","claimAmount":"0.00000305","status":1,"claimedTime":1684157653000},{"poolId":245,"poolName":"XRP/BUSD","assetRewards":"XRP","claimAmount":"0.00313068","status":1,"claimedTime":1684157653000},{"poolId":245,"poolName":"XRP/BUSD","assetRewards":"BUSD","claimAmount":"0.0012776","status":1,"claimedTime":1684157653000},{"poolId":245,"poolName":"XRP/BUSD","assetRewards":"BUSD","claimAmount":"0.00007029","status":1,"claimedTime":1684070017000},{"poolId":245,"poolName":"XRP/BUSD","assetRewards":"XRP","claimAmount":"0.00012457","status":1,"claimedTime":1684070017000},{"poolId":245,"poolName":"XRP/BUSD","assetRewards":"BNB","claimAmount":"0.0000006","status":1,"claimedTime":1684070017000},{"poolId":245,"poolName":"XRP/BUSD","assetRewards":"XRP","claimAmount":"0.00184509","status":1,"claimedTime":1684053898000},{"poolId":245,"poolName":"XRP/BUSD","assetRewards":"BNB","claimAmount":"0.00000288","status":1,"claimedTime":1684053898000},{"poolId":245,"poolName":"XRP/BUSD","assetRewards":"BUSD","claimAmount":"0.0007311","status":1,"claimedTime":1684053898000},{"poolId":245,"poolName":"XRP/BUSD","assetRewards":"BNB","claimAmount":"0.00000132","status":1,"claimedTime":1683966128000},{"poolId":245,"poolName":"XRP/BUSD","assetRewards":"XRP","claimAmount":"0.00121384","status":1,"claimedTime":1683966128000},{"poolId":245,"poolName":"XRP/BUSD","assetRewards":"BUSD","claimAmount":"0.000535","status":1,"claimedTime":1683966128000},{"poolId":245,"poolName":"XRP/BUSD","assetRewards":"BNB","claimAmount":"0.00000108","status":1,"claimedTime":1683926079000},{"poolId":245,"poolName":"XRP/BUSD","assetRewards":"BUSD","claimAmount":"0.00105874","status":1,"claimedTime":1683926079000},{"poolId":245,"poolName":"XRP/BUSD","assetRewards":"XRP","claimAmount":"0.00258783","status":1,"claimedTime":1683926079000},{"poolId":245,"poolName":"XRP/BUSD","assetRewards":"BNB","claimAmount":"0.00000048","status":1,"claimedTime":1683896618000},{"poolId":245,"poolName":"XRP/BUSD","assetRewards":"BUSD","claimAmount":"0.00048305","status":1,"claimedTime":1683896618000},{"poolId":245,"poolName":"XRP/BUSD","assetRewards":"XRP","claimAmount":"0.00095142","status":1,"claimedTime":1683896618000},{"poolId":245,"poolName":"XRP/BUSD","assetRewards":"BUSD","claimAmount":"0.00263075","status":1,"claimedTime":1683881667000},{"poolId":245,"poolName":"XRP/BUSD","assetRewards":"BNB","claimAmount":"0.00000144","status":1,"claimedTime":1683881667000},{"poolId":245,"poolName":"XRP/BUSD","assetRewards":"XRP","claimAmount":"0.00564098","status":1,"claimedTime":1683881667000}]
