[{"poolId":248,"poolName":"HFT/USDT","assetRewards":"HFT","claimAmount":"0.00110703","status":1,"claimedTime":1686000848000},{"poolId":248,"poolName":"HFT/USDT","assetRewards":"USDT","claimAmount":"0.00042584","status":1,"claimedTime":1686000848000},{"poolId":248,"poolName":"HFT/USDT","assetRewards":"BNB","claimAmount":"0.00000028","status":1,"claimedTime":1686000848000},{"poolId":248,"poolName":"HFT/USDT","assetRewards":"BNB","claimAmount":"0.00000161","status":1,"claimedTime":1685985812000},{"poolId":248,"poolName":"HFT/USDT","assetRewards":"HFT","claimAmount":"0.00585273","status":1,"claimedTime":1685985812000},{"poolId":248,"poolName":"HFT/USDT","assetRewards":"USDT","claimAmount":"0.00216192","status":1,"claimedTime":1685985812000},{"poolId":248,"poolName":"HFT/USDT","assetRewards":"BNB","claimAmount":"0.00000329","status":1,"claimedTime":1685904929000},{"poolId":248,"poolName":"HFT/USDT","assetRewards":"HFT","claimAmount":"0.00339601","status":1,"claimedTime":1685904929000},{"poolId":248,"poolName":"HFT/USDT","assetRewards":"USDT","claimAmount":"0.00155025","status":1,"claimedTime":1685904929000},{"poolId":248,"poolName":"HFT/USDT","assetRewards":"USDT","claimAmount":"0.00302193","status":1,"claimedTime":1685735343000},{"poolId":248,"poolName":"HFT/USDT","assetRewards":"BNB","claimAmount":"0.0000035","status":1,"claimedTime":1685735343000},{"poolId":248,"poolName":"HFT/USDT","assetRewards":"HFT","claimAmount":"0.00617608","status":1,"claimedTime":1685735343000},{"poolId":248,"poolName":"HFT/USDT","assetRewards":"USDT","claimAmount":"0.00191236","status":1,"claimedTime":1685556359000},{"poolId":248,"poolName":"HFT/USDT","assetRewards":"HFT","claimAmount":"0.00498577","status":1,"claimedTime":1685556359000},{"poolId":248,"poolName":"HFT/USDT","assetRewards":"BNB","claimAmount":"0.0000014","status":1,"claimedTime":1685556359000},{"poolId":248,"poolName":"HFT/USDT","assetRewards":"HFT","claimAmount":"0.00296447","status":1,"claimedTime":1685483670000},{"poolId":248,"poolName":"HFT/USDT","assetRewards":"BNB","claimAmount":"0.00000063","status":1,"claimedTime":1685483670000},{"poolId":248,"poolName":"HFT/USDT","assetRewards":"USDT","claimAmount":"0.00137909","status":1,"claimedTime":1685483670000},{"poolId":248,"poolName":"HFT/USDT","assetRewards":"USDT","claimAmount":"0.0050579","status":1,"claimedTime":1685451525000},{"poolId":248,"poolName":"HFT/USDT","assetRewards":"HFT","claimAmount":"0.00988947","status":1,"claimedTime":1685451525000},{"poolId":248,"poolName":"HFT/USDT","assetRewards":"BNB","claimAmount":"0.00000168","status":1,"claimedTime":1685451525000},{"poolId":248,"poolName":"HFT/USDT","assetRewards":"BNB","claimAmount":"0.00000259","status":1,"claimedTime":1685365008000},{"poolId":248,"poolName":"HFT/USDT","assetRewards":"HFT","claimAmount":"0.00586153","status":1,"claimedTime":1685365008000},{"poolId":248,"poolName":"HFT/USDT","assetRewards":"USDT","claimAmount":"0.00281856","status":1,"claimedTime":1685365008000},{"poolId":248,"poolName":"HFT/USDT","assetRewards":"BNB","claimAmount":"0.00000207","status":1,"claimedTime":1685260935000},{"poolId":248,"poolName":"HFT/USDT","assetRewards":"USDT","claimAmount":"0.00066646","status":1,"claimedTime":1685260935000},{"poolId":248,"poolName":"HFT/USDT","assetRewards":"HFT","claimAmount":"0.00136012","status":1,"claimedTime":1685260935000},{"poolId":248,"poolName":"HFT/USDT","assetRewards":"HFT","claimAmount":"0.00217792","status":1,"claimedTime":1685176600000},{"poolId":248,"poolName":"HFT/USDT","assetRewards":"BNB","claimAmount":"0.00000216","status":1,"claimedTime":1685176600000},{"poolId":248,"poolName":"HFT/USDT","assetRewards":"USDT","claimAmount":"0.00093148","status":1,"claimedTime":1685176600000},{"poolId":248,"poolName":"HFT/USDT","assetRewards":"BNB","claimAmount":"0.00000252","status":1,"claimedTime":1685091462000},{"poolId":248,"poolName":"HFT/USDT","assetRewards":"USDT","claimAmount":"0.0013294","status":1,"claimedTime":1685091462000},{"poolId":248,"poolName":"HFT/USDT","assetRewards":"HFT","claimAmount":"0.00328576","status":1,"claimedTime":1685091462000},{"poolId":248,"poolName":"HFT/USDT","assetRewards":"USDT","claimAmount":"0.00064735","status":1,"claimedTime":1684989641000},{"poolId":248,"poolName":"HFT/USDT","assetRewards":"HFT","claimAmount":"0.00123519","status":1,"claimedTime":1684989641000},{"poolId":248,"poolName":"HFT/USDT","assetRewards":"BNB","claimAmount":"0.00000063","status":1,"claimedTime":1684989641000},{"poolId":248,"poolName":"HFT/USDT","assetRewards":"BNB","claimAmount":"0.00000081","status":1,"claimedTime":1684963285000},{"poolId":248,"poolName":"HFT/USDT","assetRewards":"HFT","claimAmount":"0.00164598","status":1,"claimedTime":1684963285000},{"poolId":248,"poolName":"HFT/USDT","assetRewards":"USDT","claimAmount":"0.00080433","status":1,"claimedTime":1684963285000},{"poolId":248,"poolName":"HFT/USDT","assetRewards":"BNB","claimAmount":"0.00000261","status":1,"claimedTime":1684931951000},{"poolId":248,"poolName":"HFT/USDT","assetRewards":"HFT","claimAmount":"0.00335972","status":1,"claimedTime":1684931951000},{"poolId":248,"poolName":"HFT/USDT","assetRewards":"USDT","claimAmount":"0.00137295","status":1,"claimedTime":1684931951000},{"poolId":248,"poolName":"HFT/USDT","assetRewards":"BNB","claimAmount":"0.00000207","status":1,"claimedTime":1684828045000},{"poolId":248,"poolName":"HFT/USDT","assetRewards":"USDT","claimAmount":"0.00162429","status":1,"claimedTime":1684828045000},{"poolId":248,"poolName":"HFT/USDT","assetRewards":"HFT","claimAmount":"0.00340675","status":1,"claimedTime":1684828045000},{"poolId":248,"poolName":"HFT/USDT","assetRewards":"HFT","claimAmount":"0.00335182","status":1,"claimedTime":1684745220000},{"poolId":248,"poolName":"HFT/USDT","assetRewards":"USDT","claimAmount":"0.00113212","status":1,"claimedTime":1684745220000},{"poolId":248,"poolName":"HFT/USDT","assetRewards":"BNB","claimAmount":"0.00000216","status":1,"claimedTime":1684745220000},{"poolId":248,"poolName":"HFT/USDT","assetRewards":"BNB","claimAmount":"0.00000099","status":1,"claimedTime":1684658716000},{"poolId":248,"poolName":"HFT/USDT","assetRewards":"HFT","claimAmount":"0.00098733","status":1,"claimedTime":1684658716000},{"poolId":248,"poolName":"HFT/USDT","assetRewards":"USDT","claimAmount":"0.00029694","status":1,"claimedTime":1684658716000},{"poolId":248,"poolName":"HFT/USDT","assetRewards":"HFT","claimAmount":"0.00116215","status":1,"claimedTime":1684617421000},{"poolId":248,"poolName":"HFT/USDT","assetRewards":"USDT","claimAmount":"0.0007746","status":1,"claimedTime":1684617421000},{"poolId":248,"poolName":"HFT/USDT","assetRewards":"BNB","claimAmount":"0.00000117","status":1,"claimedTime":1684617421000},{"poolId":248,"poolName":"HFT/USDT","assetRewards":"HFT","claimAmount":"0.00377541","status":1,"claimedTime":1684570840000},{"poolId":248,"poolName":"HFT/USDT","assetRewards":"BNB","claimAmount":"0.00000162","status":1,"claimedTime":1684570840000},{"poolId":248,"poolName":"HFT/USDT","assetRewards":"USDT","claimAmount":"0.00178194","status":1,"claimedTime":1684570840000},{"poolId":248,"poolName":"HFT/USDT","assetRewards":"HFT","claimAmount":"0.00346753","status":1,"claimedTime":1684507388000},{"poolId":248,"poolName":"HFT/USDT","assetRewards":"USDT","claimAmount":"0.00150783","status":1,"claimedTime":1684507388000},{"poolId":248,"poolName":"HFT/USDT","assetRewards":"BNB","claimAmount":"0.00000243","status":1,"claimedTime":1684507388000},{"poolId":248,"poolName":"HFT/USDT","assetRewards":"USDT","claimAmount":"0.00185848","status":1,"claimedTime":1684407951000},{"poolId":248,"poolName":"HFT/USDT","assetRewards":"HFT","claimAmount":"0.00385641","status":1,"claimedTime":1684407951000},{"poolId":248,"poolName":"HFT/USDT","assetRewards":"BNB","claimAmount":"0.00000225","status":1,"claimedTime":1684407951000},{"poolId":248,"poolName":"HFT/USDT","assetRewards":"HFT","claimAmount":"0.00231192","status":1,"claimedTime":1684318513000},{"poolId":248,"poolName":"HFT/USDT","assetRewards":"USDT","claimAmount":"0.00101501","status":1,"claimedTime":1684318513000},{"poolId":248,"poolName":"HFT/USDT","assetRewards":"BNB","claimAmount":"0.00000171","status":1,"claimedTime":1684318513000},{"poolId":248,"poolName":"HFT/USDT","assetRewards":"HFT","claimAmount":"0.00293162","status":1,"claimedTime":1684253184000},{"poolId":248,"poolName":"HFT/USDT","assetRewards":"USDT","claimAmount":"0.00121752","status":1,"claimedTime":1684253184000},{"poolId":248,"poolName":"HFT/USDT","assetRewards":"BNB","claimAmount":"0.0000018","status":1,"claimedTime":1684253184000},{"poolId":248,"poolName":"HFT/USDT","assetRewards":"USDT","claimAmount":"0.00050032","status":1,"claimedTime":1684180513000},{"poolId":248,"poolName":"HFT/USDT","assetRewards":"HFT","claimAmount":"0.0011767","status":1,"claimedTime":1684180513000},{"poolId":248,"poolName":"HFT/USDT","assetRewards":"BNB","claimAmount":"0.00000054","status":1,"claimedTime":1684180513000},{"poolId":248,"poolName":"HFT/USDT","assetRewards":"HFT","claimAmount":"0.00434879","status":1,"claimedTime":1684157653000},{"poolId":248,"poolName":"HFT/USDT","assetRewards":"BNB","claimAmount":"0.00000216","status":1,"claimedTime":1684157653000},{"poolId":248,"poolName":"HFT/USDT","assetRewards":"USDT","claimAmount":"0.002146","status":1,"claimedTime":1684157653000},{"poolId":248,"poolName":"HFT/USDT","assetRewards":"BNB","claimAmount":"0.00000045","status":1,"claimedTime":1684070017000},{"poolId":248,"poolName":"HFT/USDT","assetRewards":"USDT","claimAmount":"0.00020016","status":1,"claimedTime":1684070017000},{"poolId":248,"poolName":"HFT/USDT","assetRewards":"HFT","claimAmount":"0.00037108","status":1,"claimedTime":1684070017000},{"poolId":248,"poolName":"HFT/USDT","assetRewards":"BNB","claimAmount":"0.00000216","status":1,"claimedTime":1684053898000},{"poolId":248,"poolName":"HFT/USDT","assetRewards":"HFT","claimAmount":"0.00344906","status":1,"claimedTime":1684053898000},{"poolId":248,"poolName":"HFT/USDT","assetRewards":"USDT","claimAmount":"0.00150644","status":1,"claimedTime":1684053898000},{"poolId":248,"poolName":"HFT/USDT","assetRewards":"USDT","claimAmount":"0.00089363","status":1,"claimedTime":1683966128000},{"poolId":248,"poolName":"HFT/USDT","assetRewards":"BNB","claimAmount":"0.00000099","status":1,"claimedTime":1683966128000},{"poolId":248,"poolName":"HFT/USDT","assetRewards":"HFT","claimAmount":"0.00182612","status":1,"claimedTime":1683966128000},{"poolId":248,"poolName":"HFT/USDT","assetRewards":"USDT","claimAmount":"0.00129768","status":1,"claimedTime":1683926079000},{"poolId":248,"poolName":"HFT/USDT","assetRewards":"HFT","claimAmount":"0.00267069","status":1,"claimedTime":1683926079000},{"poolId":248,"poolName":"HFT/USDT","assetRewards":"BNB","claimAmount":"0.00000081","status":1,"claimedTime":1683926079000},{"poolId":248,"poolName":"HFT/USDT","assetRewards":"HFT","claimAmount":"0.00077446","status":1,"claimedTime":1683896618000},{"poolId":248,"poolName":"HFT/USDT","assetRewards":"BNB","claimAmount":"0.00000036","status":1,"claimedTime":1683896618000},{"poolId":248,"poolName":"HFT/USDT","assetRewards":"USDT","claimAmount":"0.0003757","status":1,"claimedTime":1683896618000},{"poolId":248,"poolName":"HFT/USDT","assetRewards":"HFT","claimAmount":"0.0031519","status":1,"claimedTime":1683881667000},{"poolId":248,"poolName":"HFT/USDT","assetRewards":"USDT","claimAmount":"0.00124961","status":1,"claimedTime":1683881667000},{"poolId":248,"poolName":"HFT/USDT","assetRewards":"BNB","claimAmount":"0.00000108","status":1,"claimedTime":1683881667000}]
