[{"poolId":252,"poolName":"APT/BUSD","assetRewards":"BUSD","claimAmount":"0.00331594","status":1,"claimedTime":1686000848000},{"poolId":252,"poolName":"APT/BUSD","assetRewards":"BNB","claimAmount":"0.00000084","status":1,"claimedTime":1686000848000},{"poolId":252,"poolName":"APT/BUSD","assetRewards":"APT","claimAmount":"0.00048777","status":1,"claimedTime":1686000848000},{"poolId":252,"poolName":"APT/BUSD","assetRewards":"BNB","claimAmount":"0.00000483","status":1,"claimedTime":1685985812000},{"poolId":252,"poolName":"APT/BUSD","assetRewards":"APT","claimAmount":"0.0025132","status":1,"claimedTime":1685985812000},{"poolId":252,"poolName":"APT/BUSD","assetRewards":"BUSD","claimAmount":"0.01836559","status":1,"claimedTime":1685985812000},{"poolId":252,"poolName":"APT/BUSD","assetRewards":"APT","claimAmount":"0.00170958","status":1,"claimedTime":1685904929000},{"poolId":252,"poolName":"APT/BUSD","assetRewards":"BNB","claimAmount":"0.00000987","status":1,"claimedTime":1685904929000},{"poolId":252,"poolName":"APT/BUSD","assetRewards":"BUSD","claimAmount":"0.01613419","status":1,"claimedTime":1685904929000},{"poolId":252,"poolName":"APT/BUSD","assetRewards":"APT","claimAmount":"0.00278346","status":1,"claimedTime":1685735343000},{"poolId":252,"poolName":"APT/BUSD","assetRewards":"BUSD","claimAmount":"0.02657297","status":1,"claimedTime":1685735343000},{"poolId":252,"poolName":"APT/BUSD","assetRewards":"BNB","claimAmount":"0.00001029","status":1,"claimedTime":1685735343000},{"poolId":252,"poolName":"APT/BUSD","assetRewards":"BUSD","claimAmount":"0.01205892","status":1,"claimedTime":1685556359000},{"poolId":252,"poolName":"APT/BUSD","assetRewards":"APT","claimAmount":"0.00150777","status":1,"claimedTime":1685556359000},{"poolId":252,"poolName":"APT/BUSD","assetRewards":"BNB","claimAmount":"0.00000441","status":1,"claimedTime":1685556359000},{"poolId":252,"poolName":"APT/BUSD","assetRewards":"APT","claimAmount":"0.00040717","status":1,"claimedTime":1685483670000},{"poolId":252,"poolName":"APT/BUSD","assetRewards":"BUSD","claimAmount":"0.0034496","status":1,"claimedTime":1685483670000},{"poolId":252,"poolName":"APT/BUSD","assetRewards":"BNB","claimAmount":"0.00000189","status":1,"claimedTime":1685483670000},{"poolId":252,"poolName":"APT/BUSD","assetRewards":"BNB","claimAmount":"0.00000504","status":1,"claimedTime":1685451525000},{"poolId":252,"poolName":"APT/BUSD","assetRewards":"APT","claimAmount":"0.00111518","status":1,"claimedTime":1685451525000},{"poolId":252,"poolName":"APT/BUSD","assetRewards":"BUSD","claimAmount":"0.00946812","status":1,"claimedTime":1685451525000},{"poolId":252,"poolName":"APT/BUSD","assetRewards":"BNB","claimAmount":"0.00000609","status":1,"claimedTime":1685365008000},{"poolId":252,"poolName":"APT/BUSD","assetRewards":"BUSD","claimAmount":"0.01132787","status":1,"claimedTime":1685365008000},{"poolId":252,"poolName":"APT/BUSD","assetRewards":"APT","claimAmount":"0.0012757","status":1,"claimedTime":1685365008000},{"poolId":252,"poolName":"APT/BUSD","assetRewards":"BNB","claimAmount":"0.00000483","status":1,"claimedTime":1685260935000},{"poolId":252,"poolName":"APT/BUSD","assetRewards":"APT","claimAmount":"0.00039673","status":1,"claimedTime":1685260935000},{"poolId":252,"poolName":"APT/BUSD","assetRewards":"BUSD","claimAmount":"0.00394873","status":1,"claimedTime":1685260935000},{"poolId":252,"poolName":"APT/BUSD","assetRewards":"BNB","claimAmount":"0.00000504","status":1,"claimedTime":1685176600000},{"poolId":252,"poolName":"APT/BUSD","assetRewards":"APT","claimAmount":"0.00051419","status":1,"claimedTime":1685176600000},{"poolId":252,"poolName":"APT/BUSD","assetRewards":"BUSD","claimAmount":"0.00458536","status":1,"claimedTime":1685176600000},{"poolId":252,"poolName":"APT/BUSD","assetRewards":"APT","claimAmount":"0.00065221","status":1,"claimedTime":1685091462000},{"poolId":252,"poolName":"APT/BUSD","assetRewards":"BUSD","claimAmount":"0.00533865","status":1,"claimedTime":1685091462000},{"poolId":252,"poolName":"APT/BUSD","assetRewards":"BNB","claimAmount":"0.00000588","status":1,"claimedTime":1685091462000},{"poolId":252,"poolName":"APT/BUSD","assetRewards":"BNB","claimAmount":"0.00000147","status":1,"claimedTime":1684989641000},{"poolId":252,"poolName":"APT/BUSD","assetRewards":"APT","claimAmount":"0.00037259","status":1,"claimedTime":1684989641000},{"poolId":252,"poolName":"APT/BUSD","assetRewards":"BUSD","claimAmount":"0.00228191","status":1,"claimedTime":1684989641000},{"poolId":252,"poolName":"APT/BUSD","assetRewards":"BNB","claimAmount":"0.00000191","status":1,"claimedTime":1684963285000},{"poolId":252,"poolName":"APT/BUSD","assetRewards":"APT","claimAmount":"0.00056001","status":1,"claimedTime":1684963285000},{"poolId":252,"poolName":"APT/BUSD","assetRewards":"BUSD","claimAmount":"0.00411275","status":1,"claimedTime":1684963285000},{"poolId":252,"poolName":"APT/BUSD","assetRewards":"BUSD","claimAmount":"0.00894227","status":1,"claimedTime":1684931951000},{"poolId":252,"poolName":"APT/BUSD","assetRewards":"APT","claimAmount":"0.00109444","status":1,"claimedTime":1684931951000},{"poolId":252,"poolName":"APT/BUSD","assetRewards":"BNB","claimAmount":"0.00000638","status":1,"claimedTime":1684931951000},{"poolId":252,"poolName":"APT/BUSD","assetRewards":"BUSD","claimAmount":"0.00647928","status":1,"claimedTime":1684828045000},{"poolId":252,"poolName":"APT/BUSD","assetRewards":"APT","claimAmount":"0.00072207","status":1,"claimedTime":1684828045000},{"poolId":252,"poolName":"APT/BUSD","assetRewards":"BNB","claimAmount":"0.00000506","status":1,"claimedTime":1684828045000},{"poolId":252,"poolName":"APT/BUSD","assetRewards":"APT","claimAmount":"0.00088983","status":1,"claimedTime":1684745220000},{"poolId":252,"poolName":"APT/BUSD","assetRewards":"BNB","claimAmount":"0.00000528","status":1,"claimedTime":1684745220000},{"poolId":252,"poolName":"APT/BUSD","assetRewards":"BUSD","claimAmount":"0.00618602","status":1,"claimedTime":1684745220000},{"poolId":252,"poolName":"APT/BUSD","assetRewards":"BNB","claimAmount":"0.0000023","status":1,"claimedTime":1684658716000},{"poolId":252,"poolName":"APT/BUSD","assetRewards":"BUSD","claimAmount":"0.00095304","status":1,"claimedTime":1684658716000},{"poolId":252,"poolName":"APT/BUSD","assetRewards":"APT","claimAmount":"0.00013126","status":1,"claimedTime":1684658716000},{"poolId":252,"poolName":"APT/BUSD","assetRewards":"APT","claimAmount":"0.00016486","status":1,"claimedTime":1684617421000},{"poolId":252,"poolName":"APT/BUSD","assetRewards":"BUSD","claimAmount":"0.00148917","status":1,"claimedTime":1684617421000},{"poolId":252,"poolName":"APT/BUSD","assetRewards":"BNB","claimAmount":"0.00000247","status":1,"claimedTime":1684617421000},{"poolId":252,"poolName":"APT/BUSD","assetRewards":"APT","claimAmount":"0.00045718","status":1,"claimedTime":1684570840000},{"poolId":252,"poolName":"APT/BUSD","assetRewards":"BNB","claimAmount":"0.00000342","status":1,"claimedTime":1684570840000},{"poolId":252,"poolName":"APT/BUSD","assetRewards":"BUSD","claimAmount":"0.00376922","status":1,"claimedTime":1684570840000},{"poolId":252,"poolName":"APT/BUSD","assetRewards":"APT","claimAmount":"0.0010847","status":1,"claimedTime":1684507388000},{"poolId":252,"poolName":"APT/BUSD","assetRewards":"BUSD","claimAmount":"0.00865625","status":1,"claimedTime":1684507388000},{"poolId":252,"poolName":"APT/BUSD","assetRewards":"BNB","claimAmount":"0.00000513","status":1,"claimedTime":1684507388000},{"poolId":252,"poolName":"APT/BUSD","assetRewards":"APT","claimAmount":"0.00112937","status":1,"claimedTime":1684407951000},{"poolId":252,"poolName":"APT/BUSD","assetRewards":"BNB","claimAmount":"0.00000475","status":1,"claimedTime":1684407951000},{"poolId":252,"poolName":"APT/BUSD","assetRewards":"BUSD","claimAmount":"0.01028576","status":1,"claimedTime":1684407951000},{"poolId":252,"poolName":"APT/BUSD","assetRewards":"BNB","claimAmount":"0.00000342","status":1,"claimedTime":1684318513000},{"poolId":252,"poolName":"APT/BUSD","assetRewards":"BUSD","claimAmount":"0.00529519","status":1,"claimedTime":1684318513000},{"poolId":252,"poolName":"APT/BUSD","assetRewards":"APT","claimAmount":"0.00066226","status":1,"claimedTime":1684318513000},{"poolId":252,"poolName":"APT/BUSD","assetRewards":"BNB","claimAmount":"0.00000399","status":1,"claimedTime":1684253184000},{"poolId":252,"poolName":"APT/BUSD","assetRewards":"APT","claimAmount":"0.00105233","status":1,"claimedTime":1684253184000},{"poolId":252,"poolName":"APT/BUSD","assetRewards":"BUSD","claimAmount":"0.00873416","status":1,"claimedTime":1684253184000},{"poolId":252,"poolName":"APT/BUSD","assetRewards":"BUSD","claimAmount":"0.00271024","status":1,"claimedTime":1684180513000},{"poolId":252,"poolName":"APT/BUSD","assetRewards":"APT","claimAmount":"0.00030898","status":1,"claimedTime":1684180513000},{"poolId":252,"poolName":"APT/BUSD","assetRewards":"BNB","claimAmount":"0.00000114","status":1,"claimedTime":1684180513000},{"poolId":252,"poolName":"APT/BUSD","assetRewards":"BUSD","claimAmount":"0.01397953","status":1,"claimedTime":1684157653000},{"poolId":252,"poolName":"APT/BUSD","assetRewards":"BNB","claimAmount":"0.000005","status":1,"claimedTime":1684157653000},{"poolId":252,"poolName":"APT/BUSD","assetRewards":"APT","claimAmount":"0.00149079","status":1,"claimedTime":1684157653000},{"poolId":252,"poolName":"APT/BUSD","assetRewards":"BNB","claimAmount":"0.00000115","status":1,"claimedTime":1684070017000},{"poolId":252,"poolName":"APT/BUSD","assetRewards":"APT","claimAmount":"0.00012807","status":1,"claimedTime":1684070017000},{"poolId":252,"poolName":"APT/BUSD","assetRewards":"BUSD","claimAmount":"0.00100111","status":1,"claimedTime":1684070017000},{"poolId":252,"poolName":"APT/BUSD","assetRewards":"APT","claimAmount":"0.00109421","status":1,"claimedTime":1684053898000},{"poolId":252,"poolName":"APT/BUSD","assetRewards":"BUSD","claimAmount":"0.00924482","status":1,"claimedTime":1684053898000},{"poolId":252,"poolName":"APT/BUSD","assetRewards":"BNB","claimAmount":"0.00000552","status":1,"claimedTime":1684053898000},{"poolId":252,"poolName":"APT/BUSD","assetRewards":"BNB","claimAmount":"0.00000253","status":1,"claimedTime":1683966128000},{"poolId":252,"poolName":"APT/BUSD","assetRewards":"BUSD","claimAmount":"0.00418484","status":1,"claimedTime":1683966128000},{"poolId":252,"poolName":"APT/BUSD","assetRewards":"APT","claimAmount":"0.00047204","status":1,"claimedTime":1683966128000},{"poolId":252,"poolName":"APT/BUSD","assetRewards":"BUSD","claimAmount":"0.00832652","status":1,"claimedTime":1683926079000},{"poolId":252,"poolName":"APT/BUSD","assetRewards":"BNB","claimAmount":"0.00000207","status":1,"claimedTime":1683926079000},{"poolId":252,"poolName":"APT/BUSD","assetRewards":"APT","claimAmount":"0.00094106","status":1,"claimedTime":1683926079000},{"poolId":252,"poolName":"APT/BUSD","assetRewards":"APT","claimAmount":"0.00020381","status":1,"claimedTime":1683896618000},{"poolId":252,"poolName":"APT/BUSD","assetRewards":"BNB","claimAmount":"0.00000092","status":1,"claimedTime":1683896618000},{"poolId":252,"poolName":"APT/BUSD","assetRewards":"BUSD","claimAmount":"0.00174541","status":1,"claimedTime":1683896618000},{"poolId":252,"poolName":"APT/BUSD","assetRewards":"BNB","claimAmount":"0.00000368","status":1,"claimedTime":1683881667000},{"poolId":252,"poolName":"APT/BUSD","assetRewards":"APT","claimAmount":"0.00164858","status":1,"claimedTime":1683881667000},{"poolId":252,"poolName":"APT/BUSD","assetRewards":"BUSD","claimAmount":"0.01224247","status":1,"claimedTime":1683881667000},{"poolId":252,"poolName":"APT/BUSD","assetRewards":"BNB","claimAmount":"0.00000437","status":1,"claimedTime":1683822494000},{"poolId":252,"poolName":"APT/BUSD","assetRewards":"APT","claimAmount":"0.00187992","status":1,"claimedTime":1683822494000},{"poolId":252,"poolName":"APT/BUSD","assetRewards":"BUSD","claimAmount":"0.01334412","status":1,"claimedTime":1683822494000},{"poolId":252,"poolName":"APT/BUSD","assetRewards":"BNB","claimAmount":"0.00000561","status":1,"claimedTime":1683755422000},{"poolId":252,"poolName":"APT/BUSD","assetRewards":"APT","claimAmount":"0.00252142","status":1,"claimedTime":1683755422000},{"poolId":252,"poolName":"APT/BUSD","assetRewards":"BUSD","claimAmount":"0.02323883","status":1,"claimedTime":1683755422000},{"poolId":252,"poolName":"APT/BUSD","assetRewards":"BUSD","claimAmount":"0.01042099","status":1,"claimedTime":1683662842000},{"poolId":252,"poolName":"APT/BUSD","assetRewards":"BUSD","claimAmount":"0.01042099","status":1,"claimedTime":1683662842000},{"poolId":252,"poolName":"APT/BUSD","assetRewards":"APT","claimAmount":"0.00119792","status":1,"claimedTime":1683662842000},{"poolId":252,"poolName":"APT/BUSD","assetRewards":"BNB","claimAmount":"0.00000506","status":1,"claimedTime":1683662842000},{"poolId":252,"poolName":"APT/BUSD","assetRewards":"APT","claimAmount":"0.00173974","status":1,"claimedTime":1683581876000},{"poolId":252,"poolName":"APT/BUSD","assetRewards":"BNB","claimAmount":"0.00000242","status":1,"claimedTime":1683581876000},{"poolId":252,"poolName":"APT/BUSD","assetRewards":"BUSD","claimAmount":"0.01179701","status":1,"claimedTime":1683581876000},{"poolId":252,"poolName":"APT/BUSD","assetRewards":"BUSD","claimAmount":"0.01017662","status":1,"claimedTime":1683541678000},{"poolId":252,"poolName":"APT/BUSD","assetRewards":"BNB","claimAmount":"0.00000312","status":1,"claimedTime":1683541678000},{"poolId":252,"poolName":"APT/BUSD","assetRewards":"APT","claimAmount":"0.00136494","status":1,"claimedTime":1683541678000},{"poolId":252,"poolName":"APT/BUSD","assetRewards":"BNB","claimAmount":"0.00000646","status":1,"claimedTime":1683488635000},{"poolId":252,"poolName":"APT/BUSD","assetRewards":"BUSD","claimAmount":"0.01417609","status":1,"claimedTime":1683488635000},{"poolId":252,"poolName":"APT/BUSD","assetRewards":"APT","claimAmount":"0.00152327","status":1,"claimedTime":1683488635000},{"poolId":252,"poolName":"APT/BUSD","assetRewards":"APT","claimAmount":"0.00054493","status":1,"claimedTime":1683365451000},{"poolId":252,"poolName":"APT/BUSD","assetRewards":"BNB","claimAmount":"0.00000228","status":1,"claimedTime":1683365451000},{"poolId":252,"poolName":"APT/BUSD","assetRewards":"BUSD","claimAmount":"0.00398143","status":1,"claimedTime":1683365451000},{"poolId":252,"poolName":"APT/BUSD","assetRewards":"BUSD","claimAmount":"0.00645927","status":1,"claimedTime":1683321390000},{"poolId":252,"poolName":"APT/BUSD","assetRewards":"BNB","claimAmount":"0.00000247","status":1,"claimedTime":1683321390000},{"poolId":252,"poolName":"APT/BUSD","assetRewards":"APT","claimAmount":"0.00062495","status":1,"claimedTime":1683321390000},{"poolId":252,"poolName":"APT/BUSD","assetRewards":"BUSD","claimAmount":"0.00684629","status":1,"claimedTime":1683277438000},{"poolId":252,"poolName":"APT/BUSD","assetRewards":"APT","claimAmount":"0.00078835","status":1,"claimedTime":1683277438000},{"poolId":252,"poolName":"APT/BUSD","assetRewards":"BNB","claimAmount":"0.00000456","status":1,"claimedTime":1683277438000},{"poolId":252,"poolName":"APT/BUSD","assetRewards":"BNB","claimAmount":"0.0000019","status":1,"claimedTime":1683188168000},{"poolId":252,"poolName":"APT/BUSD","assetRewards":"BUSD","claimAmount":"0.00353415","status":1,"claimedTime":1683188168000},{"poolId":252,"poolName":"APT/BUSD","assetRewards":"APT","claimAmount":"0.00038088","status":1,"claimedTime":1683188168000},{"poolId":252,"poolName":"APT/BUSD","assetRewards":"BNB","claimAmount":"0.00000114","status":1,"claimedTime":1683152076000},{"poolId":252,"poolName":"APT/BUSD","assetRewards":"BUSD","claimAmount":"0.00841332","status":1,"claimedTime":1683152076000},{"poolId":252,"poolName":"APT/BUSD","assetRewards":"APT","claimAmount":"0.00072461","status":1,"claimedTime":1683152076000},{"poolId":252,"poolName":"APT/BUSD","assetRewards":"BNB","claimAmount":"0.00000361","status":1,"claimedTime":1683131421000},{"poolId":252,"poolName":"APT/BUSD","assetRewards":"APT","claimAmount":"0.00086184","status":1,"claimedTime":1683131421000},{"poolId":252,"poolName":"APT/BUSD","assetRewards":"BUSD","claimAmount":"0.00716142","status":1,"claimedTime":1683131421000},{"poolId":252,"poolName":"APT/BUSD","assetRewards":"BNB","claimAmount":"0.00000686","status":1,"claimedTime":1683063079000},{"poolId":252,"poolName":"APT/BUSD","assetRewards":"BUSD","claimAmount":"0.01367533","status":1,"claimedTime":1683063079000},{"poolId":252,"poolName":"APT/BUSD","assetRewards":"APT","claimAmount":"0.00142316","status":1,"claimedTime":1683063079000},{"poolId":252,"poolName":"APT/BUSD","assetRewards":"BUSD","claimAmount":"0.00965663","status":1,"claimedTime":1682926198000},{"poolId":252,"poolName":"APT/BUSD","assetRewards":"BNB","claimAmount":"0.00000383","status":1,"claimedTime":1682926198000},{"poolId":252,"poolName":"APT/BUSD","assetRewards":"APT","claimAmount":"0.00109192","status":1,"claimedTime":1682926198000},{"poolId":252,"poolName":"APT/BUSD","assetRewards":"BUSD","claimAmount":"0.0159389","status":1,"claimedTime":1682844681000},{"poolId":252,"poolName":"APT/BUSD","assetRewards":"APT","claimAmount":"0.00146901","status":1,"claimedTime":1682844681000},{"poolId":252,"poolName":"APT/BUSD","assetRewards":"BNB","claimAmount":"0.00000491","status":1,"claimedTime":1682844681000},{"poolId":252,"poolName":"APT/BUSD","assetRewards":"BNB","claimAmount":"0.00000475","status":1,"claimedTime":1682754226000},{"poolId":252,"poolName":"APT/BUSD","assetRewards":"BUSD","claimAmount":"0.01481758","status":1,"claimedTime":1682754226000},{"poolId":252,"poolName":"APT/BUSD","assetRewards":"APT","claimAmount":"0.00128381","status":1,"claimedTime":1682754226000},{"poolId":252,"poolName":"APT/BUSD","assetRewards":"BUSD","claimAmount":"0.00301959","status":1,"claimedTime":1682664233000},{"poolId":252,"poolName":"APT/BUSD","assetRewards":"BNB","claimAmount":"0.00000177","status":1,"claimedTime":1682664233000},{"poolId":252,"poolName":"APT/BUSD","assetRewards":"APT","claimAmount":"0.00033041","status":1,"claimedTime":1682664233000},{"poolId":252,"poolName":"APT/BUSD","assetRewards":"BUSD","claimAmount":"0.00532775","status":1,"claimedTime":1682631100000},{"poolId":252,"poolName":"APT/BUSD","assetRewards":"APT","claimAmount":"0.00048469","status":1,"claimedTime":1682631100000},{"poolId":252,"poolName":"APT/BUSD","assetRewards":"BNB","claimAmount":"0.0000014","status":1,"claimedTime":1682631100000},{"poolId":252,"poolName":"APT/BUSD","assetRewards":"APT","claimAmount":"0.00316229","status":1,"claimedTime":1682607190000},{"poolId":252,"poolName":"APT/BUSD","assetRewards":"BNB","claimAmount":"0.0000052","status":1,"claimedTime":1682607190000},{"poolId":252,"poolName":"APT/BUSD","assetRewards":"BUSD","claimAmount":"0.03097095","status":1,"claimedTime":1682607190000},{"poolId":252,"poolName":"APT/BUSD","assetRewards":"BUSD","claimAmount":"0.00401253","status":1,"claimedTime":1682514259000},{"poolId":252,"poolName":"APT/BUSD","assetRewards":"BNB","claimAmount":"0.000001","status":1,"claimedTime":1682514259000},{"poolId":252,"poolName":"APT/BUSD","assetRewards":"APT","claimAmount":"0.00029231","status":1,"claimedTime":1682514259000},{"poolId":252,"poolName":"APT/BUSD","assetRewards":"BUSD","claimAmount":"0.00442973","status":1,"claimedTime":1682496343000},{"poolId":252,"poolName":"APT/BUSD","assetRewards":"BNB","claimAmount":"0.000002","status":1,"claimedTime":1682496343000},{"poolId":252,"poolName":"APT/BUSD","assetRewards":"APT","claimAmount":"0.00040499","status":1,"claimedTime":1682496343000},{"poolId":252,"poolName":"APT/BUSD","assetRewards":"BNB","claimAmount":"0.0000016","status":1,"claimedTime":1682457957000},{"poolId":252,"poolName":"APT/BUSD","assetRewards":"BUSD","claimAmount":"0.00704291","status":1,"claimedTime":1682457957000},{"poolId":252,"poolName":"APT/BUSD","assetRewards":"APT","claimAmount":"0.00062676","status":1,"claimedTime":1682457957000},{"poolId":252,"poolName":"APT/BUSD","assetRewards":"APT","claimAmount":"0.0008289","status":1,"claimedTime":1682429126000},{"poolId":252,"poolName":"APT/BUSD","assetRewards":"BNB","claimAmount":"0.0000032","status":1,"claimedTime":1682429126000},{"poolId":252,"poolName":"APT/BUSD","assetRewards":"BUSD","claimAmount":"0.00715975","status":1,"claimedTime":1682429126000},{"poolId":252,"poolName":"APT/BUSD","assetRewards":"BUSD","claimAmount":"0.00886401","status":1,"claimedTime":1682372060000},{"poolId":252,"poolName":"APT/BUSD","assetRewards":"APT","claimAmount":"0.00080763","status":1,"claimedTime":1682372060000},{"poolId":252,"poolName":"APT/BUSD","assetRewards":"BNB","claimAmount":"0.00000239","status":1,"claimedTime":1682372060000},{"poolId":252,"poolName":"APT/BUSD","assetRewards":"APT","claimAmount":"0.00162111","status":1,"claimedTime":1682330463000},{"poolId":252,"poolName":"APT/BUSD","assetRewards":"BUSD","claimAmount":"0.01556575","status":1,"claimedTime":1682330463000},{"poolId":252,"poolName":"APT/BUSD","assetRewards":"BNB","claimAmount":"0.000004","status":1,"claimedTime":1682330463000},{"poolId":252,"poolName":"APT/BUSD","assetRewards":"BNB","claimAmount":"0.0000083","status":1,"claimedTime":1682255554000},{"poolId":252,"poolName":"APT/BUSD","assetRewards":"APT","claimAmount":"0.00198335","status":1,"claimedTime":1682255554000},{"poolId":252,"poolName":"APT/BUSD","assetRewards":"BUSD","claimAmount":"0.01990453","status":1,"claimedTime":1682255554000},{"poolId":252,"poolName":"APT/BUSD","assetRewards":"BUSD","claimAmount":"0.02351981","status":1,"claimedTime":1682115557000},{"poolId":252,"poolName":"APT/BUSD","assetRewards":"APT","claimAmount":"0.0025049","status":1,"claimedTime":1682115557000},{"poolId":252,"poolName":"APT/BUSD","assetRewards":"BNB","claimAmount":"0.00000569","status":1,"claimedTime":1682115557000},{"poolId":252,"poolName":"APT/BUSD","assetRewards":"BNB","claimAmount":"0.00000532","status":1,"claimedTime":1682025935000},{"poolId":252,"poolName":"APT/BUSD","assetRewards":"BUSD","claimAmount":"0.02472636","status":1,"claimedTime":1682025935000},{"poolId":252,"poolName":"APT/BUSD","assetRewards":"APT","claimAmount":"0.00234194","status":1,"claimedTime":1682025935000},{"poolId":252,"poolName":"APT/BUSD","assetRewards":"BNB","claimAmount":"0.00000022","status":1,"claimedTime":1681939984000},{"poolId":252,"poolName":"APT/BUSD","assetRewards":"APT","claimAmount":"0.00006353","status":1,"claimedTime":1681939984000},{"poolId":252,"poolName":"APT/BUSD","assetRewards":"BUSD","claimAmount":"0.00068916","status":1,"claimedTime":1681939984000},{"poolId":252,"poolName":"APT/BUSD","assetRewards":"BNB","claimAmount":"0.00000529","status":1,"claimedTime":1681936862000},{"poolId":252,"poolName":"APT/BUSD","assetRewards":"BUSD","claimAmount":"0.02667002","status":1,"claimedTime":1681936862000},{"poolId":252,"poolName":"APT/BUSD","assetRewards":"APT","claimAmount":"0.00243331","status":1,"claimedTime":1681936862000},{"poolId":252,"poolName":"APT/BUSD","assetRewards":"BNB","claimAmount":"0.00000435","status":1,"claimedTime":1681850008000},{"poolId":252,"poolName":"APT/BUSD","assetRewards":"APT","claimAmount":"0.00104843","status":1,"claimedTime":1681850008000},{"poolId":252,"poolName":"APT/BUSD","assetRewards":"BUSD","claimAmount":"0.01186089","status":1,"claimedTime":1681850008000},{"poolId":252,"poolName":"APT/BUSD","assetRewards":"APT","claimAmount":"0.00051595","status":1,"claimedTime":1681771185000},{"poolId":252,"poolName":"APT/BUSD","assetRewards":"BNB","claimAmount":"0.000002","status":1,"claimedTime":1681771185000},{"poolId":252,"poolName":"APT/BUSD","assetRewards":"BUSD","claimAmount":"0.00622762","status":1,"claimedTime":1681771185000},{"poolId":252,"poolName":"APT/BUSD","assetRewards":"APT","claimAmount":"0.00099088","status":1,"claimedTime":1681733497000},{"poolId":252,"poolName":"APT/BUSD","assetRewards":"BUSD","claimAmount":"0.01291414","status":1,"claimedTime":1681733497000},{"poolId":252,"poolName":"APT/BUSD","assetRewards":"BNB","claimAmount":"0.0000024","status":1,"claimedTime":1681733497000},{"poolId":252,"poolName":"APT/BUSD","assetRewards":"BNB","claimAmount":"0.0000022","status":1,"claimedTime":1681690912000},{"poolId":252,"poolName":"APT/BUSD","assetRewards":"BUSD","claimAmount":"0.0066461","status":1,"claimedTime":1681690912000},{"poolId":252,"poolName":"APT/BUSD","assetRewards":"APT","claimAmount":"0.00050842","status":1,"claimedTime":1681690912000},{"poolId":252,"poolName":"APT/BUSD","assetRewards":"BNB","claimAmount":"0.00000307","status":1,"claimedTime":1681652755000},{"poolId":252,"poolName":"APT/BUSD","assetRewards":"APT","claimAmount":"0.00046159","status":1,"claimedTime":1681652755000},{"poolId":252,"poolName":"APT/BUSD","assetRewards":"BUSD","claimAmount":"0.00544115","status":1,"claimedTime":1681652755000},{"poolId":252,"poolName":"APT/BUSD","assetRewards":"APT","claimAmount":"0.00066896","status":1,"claimedTime":1681597170000},{"poolId":252,"poolName":"APT/BUSD","assetRewards":"APT","claimAmount":"0.00066896","status":1,"claimedTime":1681597170000},{"poolId":252,"poolName":"APT/BUSD","assetRewards":"BUSD","claimAmount":"0.00728686","status":1,"claimedTime":1681597170000},{"poolId":252,"poolName":"APT/BUSD","assetRewards":"BNB","claimAmount":"0.00000242","status":1,"claimedTime":1681597170000},{"poolId":252,"poolName":"APT/BUSD","assetRewards":"APT","claimAmount":"0.00190099","status":1,"claimedTime":1681556252000},{"poolId":252,"poolName":"APT/BUSD","assetRewards":"BUSD","claimAmount":"0.02359925","status":1,"claimedTime":1681556252000},{"poolId":252,"poolName":"APT/BUSD","assetRewards":"BNB","claimAmount":"0.00000497","status":1,"claimedTime":1681556252000},{"poolId":252,"poolName":"APT/BUSD","assetRewards":"APT","claimAmount":"0.00177497","status":1,"claimedTime":1681470004000},{"poolId":252,"poolName":"APT/BUSD","assetRewards":"BUSD","claimAmount":"0.02360762","status":1,"claimedTime":1681470004000},{"poolId":252,"poolName":"APT/BUSD","assetRewards":"BNB","claimAmount":"0.00000248","status":1,"claimedTime":1681470004000},{"poolId":252,"poolName":"APT/BUSD","assetRewards":"BUSD","claimAmount":"0.01583555","status":1,"claimedTime":1681426895000},{"poolId":252,"poolName":"APT/BUSD","assetRewards":"APT","claimAmount":"0.00116107","status":1,"claimedTime":1681426895000},{"poolId":252,"poolName":"APT/BUSD","assetRewards":"BNB","claimAmount":"0.0000024","status":1,"claimedTime":1681426895000},{"poolId":252,"poolName":"APT/BUSD","assetRewards":"APT","claimAmount":"0.0009346","status":1,"claimedTime":1681381222000},{"poolId":252,"poolName":"APT/BUSD","assetRewards":"BUSD","claimAmount":"0.01167305","status":1,"claimedTime":1681381222000},{"poolId":252,"poolName":"APT/BUSD","assetRewards":"BNB","claimAmount":"0.0000038","status":1,"claimedTime":1681381222000},{"poolId":252,"poolName":"APT/BUSD","assetRewards":"BUSD","claimAmount":"0.00453758","status":1,"claimedTime":1681315099000},{"poolId":252,"poolName":"APT/BUSD","assetRewards":"APT","claimAmount":"0.00035882","status":1,"claimedTime":1681315099000},{"poolId":252,"poolName":"APT/BUSD","assetRewards":"BNB","claimAmount":"0.00000086","status":1,"claimedTime":1681315099000},{"poolId":252,"poolName":"APT/BUSD","assetRewards":"APT","claimAmount":"0.00107686","status":1,"claimedTime":1681297621000},{"poolId":252,"poolName":"APT/BUSD","assetRewards":"BUSD","claimAmount":"0.01026373","status":1,"claimedTime":1681297621000},{"poolId":252,"poolName":"APT/BUSD","assetRewards":"BNB","claimAmount":"0.00000263","status":1,"claimedTime":1681297621000},{"poolId":252,"poolName":"APT/BUSD","assetRewards":"BNB","claimAmount":"0.0000062","status":1,"claimedTime":1681253090000},{"poolId":252,"poolName":"APT/BUSD","assetRewards":"APT","claimAmount":"0.00179736","status":1,"claimedTime":1681253090000},{"poolId":252,"poolName":"APT/BUSD","assetRewards":"BUSD","claimAmount":"0.02242764","status":1,"claimedTime":1681253090000},{"poolId":252,"poolName":"APT/BUSD","assetRewards":"BUSD","claimAmount":"0.00672628","status":1,"claimedTime":1681141566000},{"poolId":252,"poolName":"APT/BUSD","assetRewards":"APT","claimAmount":"0.00063025","status":1,"claimedTime":1681141566000},{"poolId":252,"poolName":"APT/BUSD","assetRewards":"BNB","claimAmount":"0.000006","status":1,"claimedTime":1681141566000},{"poolId":252,"poolName":"APT/BUSD","assetRewards":"BUSD","claimAmount":"0.00343655","status":1,"claimedTime":1681032361000},{"poolId":252,"poolName":"APT/BUSD","assetRewards":"BNB","claimAmount":"0.0000022","status":1,"claimedTime":1681032361000},{"poolId":252,"poolName":"APT/BUSD","assetRewards":"APT","claimAmount":"0.00028918","status":1,"claimedTime":1681032361000},{"poolId":252,"poolName":"APT/BUSD","assetRewards":"BNB","claimAmount":"0.0000022","status":1,"claimedTime":1680992772000},{"poolId":252,"poolName":"APT/BUSD","assetRewards":"BUSD","claimAmount":"0.00381803","status":1,"claimedTime":1680992772000},{"poolId":252,"poolName":"APT/BUSD","assetRewards":"APT","claimAmount":"0.00043925","status":1,"claimedTime":1680992772000},{"poolId":252,"poolName":"APT/BUSD","assetRewards":"BNB","claimAmount":"0.0000056","status":1,"claimedTime":1680953654000},{"poolId":252,"poolName":"APT/BUSD","assetRewards":"APT","claimAmount":"0.00074648","status":1,"claimedTime":1680953654000},{"poolId":252,"poolName":"APT/BUSD","assetRewards":"BUSD","claimAmount":"0.0084207","status":1,"claimedTime":1680953654000},{"poolId":252,"poolName":"APT/BUSD","assetRewards":"BUSD","claimAmount":"0.00443418","status":1,"claimedTime":1680851854000},{"poolId":252,"poolName":"APT/BUSD","assetRewards":"APT","claimAmount":"0.00045146","status":1,"claimedTime":1680851854000},{"poolId":252,"poolName":"APT/BUSD","assetRewards":"BNB","claimAmount":"0.0000022","status":1,"claimedTime":1680851854000},{"poolId":252,"poolName":"APT/BUSD","assetRewards":"BUSD","claimAmount":"0.00186971","status":1,"claimedTime":1680814838000},{"poolId":252,"poolName":"APT/BUSD","assetRewards":"APT","claimAmount":"0.00015244","status":1,"claimedTime":1680814838000},{"poolId":252,"poolName":"APT/BUSD","assetRewards":"BNB","claimAmount":"0.0000008","status":1,"claimedTime":1680814838000},{"poolId":252,"poolName":"APT/BUSD","assetRewards":"BNB","claimAmount":"0.0000002","status":1,"claimedTime":1680799217000},{"poolId":252,"poolName":"APT/BUSD","assetRewards":"APT","claimAmount":"0.00002993","status":1,"claimedTime":1680799217000},{"poolId":252,"poolName":"APT/BUSD","assetRewards":"BUSD","claimAmount":"0.00055459","status":1,"claimedTime":1680799217000},{"poolId":252,"poolName":"APT/BUSD","assetRewards":"APT","claimAmount":"0.00023648","status":1,"claimedTime":1680794103000},{"poolId":252,"poolName":"APT/BUSD","assetRewards":"BUSD","claimAmount":"0.00214354","status":1,"claimedTime":1680794103000},{"poolId":252,"poolName":"APT/BUSD","assetRewards":"BNB","claimAmount":"0.0000006","status":1,"claimedTime":1680794103000},{"poolId":252,"poolName":"APT/BUSD","assetRewards":"BUSD","claimAmount":"0.00290678","status":1,"claimedTime":1680782978000},{"poolId":252,"poolName":"APT/BUSD","assetRewards":"APT","claimAmount":"0.00023222","status":1,"claimedTime":1680782978000},{"poolId":252,"poolName":"APT/BUSD","assetRewards":"BNB","claimAmount":"0.0000004","status":1,"claimedTime":1680782978000},{"poolId":252,"poolName":"APT/BUSD","assetRewards":"BNB","claimAmount":"0.00000509","status":1,"claimedTime":1680776732000},{"poolId":252,"poolName":"APT/BUSD","assetRewards":"BUSD","claimAmount":"0.01449342","status":1,"claimedTime":1680776732000},{"poolId":252,"poolName":"APT/BUSD","assetRewards":"APT","claimAmount":"0.0013649","status":1,"claimedTime":1680776732000},{"poolId":252,"poolName":"APT/BUSD","assetRewards":"BNB","claimAmount":"0.00000267","status":1,"claimedTime":1680686522000},{"poolId":252,"poolName":"APT/BUSD","assetRewards":"APT","claimAmount":"0.00054371","status":1,"claimedTime":1680686522000},{"poolId":252,"poolName":"APT/BUSD","assetRewards":"BUSD","claimAmount":"0.00723246","status":1,"claimedTime":1680686522000},{"poolId":252,"poolName":"APT/BUSD","assetRewards":"BNB","claimAmount":"0.00000201","status":1,"claimedTime":1680641878000},{"poolId":252,"poolName":"APT/BUSD","assetRewards":"APT","claimAmount":"0.000547","status":1,"claimedTime":1680641878000},{"poolId":252,"poolName":"APT/BUSD","assetRewards":"BUSD","claimAmount":"0.00651452","status":1,"claimedTime":1680641878000},{"poolId":252,"poolName":"APT/BUSD","assetRewards":"BUSD","claimAmount":"0.00984031","status":1,"claimedTime":1680602777000},{"poolId":252,"poolName":"APT/BUSD","assetRewards":"BNB","claimAmount":"0.00000301","status":1,"claimedTime":1680602777000},{"poolId":252,"poolName":"APT/BUSD","assetRewards":"APT","claimAmount":"0.00094055","status":1,"claimedTime":1680602777000},{"poolId":252,"poolName":"APT/BUSD","assetRewards":"APT","claimAmount":"0.0001257","status":1,"claimedTime":1680551457000},{"poolId":252,"poolName":"APT/BUSD","assetRewards":"BUSD","claimAmount":"0.00204427","status":1,"claimedTime":1680551457000},{"poolId":252,"poolName":"APT/BUSD","assetRewards":"BNB","claimAmount":"0.00000021","status":1,"claimedTime":1680551457000},{"poolId":252,"poolName":"APT/BUSD","assetRewards":"BNB","claimAmount":"0.00000065","status":1,"claimedTime":1680545384000},{"poolId":252,"poolName":"APT/BUSD","assetRewards":"BUSD","claimAmount":"0.00219669","status":1,"claimedTime":1680545384000},{"poolId":252,"poolName":"APT/BUSD","assetRewards":"APT","claimAmount":"0.00021688","status":1,"claimedTime":1680545384000},{"poolId":252,"poolName":"APT/BUSD","assetRewards":"BNB","claimAmount":"0.00000428","status":1,"claimedTime":1680536388000},{"poolId":252,"poolName":"APT/BUSD","assetRewards":"BUSD","claimAmount":"0.01869553","status":1,"claimedTime":1680536388000},{"poolId":252,"poolName":"APT/BUSD","assetRewards":"APT","claimAmount":"0.00176757","status":1,"claimedTime":1680536388000},{"poolId":252,"poolName":"APT/BUSD","assetRewards":"APT","claimAmount":"0.0023857","status":1,"claimedTime":1680466432000},{"poolId":252,"poolName":"APT/BUSD","assetRewards":"BUSD","claimAmount":"0.03033164","status":1,"claimedTime":1680466432000},{"poolId":252,"poolName":"APT/BUSD","assetRewards":"BNB","claimAmount":"0.00000467","status":1,"claimedTime":1680466432000},{"poolId":252,"poolName":"APT/BUSD","assetRewards":"BNB","claimAmount":"0.000005","status":1,"claimedTime":1680388352000},{"poolId":252,"poolName":"APT/BUSD","assetRewards":"APT","claimAmount":"0.00062914","status":1,"claimedTime":1680388352000},{"poolId":252,"poolName":"APT/BUSD","assetRewards":"BUSD","claimAmount":"0.00692605","status":1,"claimedTime":1680388352000},{"poolId":252,"poolName":"APT/BUSD","assetRewards":"APT","claimAmount":"0.00137521","status":1,"claimedTime":1680300199000},{"poolId":252,"poolName":"APT/BUSD","assetRewards":"BNB","claimAmount":"0.00000508","status":1,"claimedTime":1680300199000},{"poolId":252,"poolName":"APT/BUSD","assetRewards":"BUSD","claimAmount":"0.01624096","status":1,"claimedTime":1680300199000},{"poolId":252,"poolName":"APT/BUSD","assetRewards":"APT","claimAmount":"0.00156978","status":1,"claimedTime":1680204585000},{"poolId":252,"poolName":"APT/BUSD","assetRewards":"BNB","claimAmount":"0.00000399","status":1,"claimedTime":1680204585000},{"poolId":252,"poolName":"APT/BUSD","assetRewards":"BUSD","claimAmount":"0.015842","status":1,"claimedTime":1680204585000},{"poolId":252,"poolName":"APT/BUSD","assetRewards":"APT","claimAmount":"0.00003055","status":1,"claimedTime":1680128126000},{"poolId":252,"poolName":"APT/BUSD","assetRewards":"BUSD","claimAmount":"0.00027461","status":1,"claimedTime":1680128126000},{"poolId":252,"poolName":"APT/BUSD","assetRewards":"BNB","claimAmount":"0.00000019","status":1,"claimedTime":1680128126000},{"poolId":252,"poolName":"APT/BUSD","assetRewards":"APT","claimAmount":"0.00056173","status":1,"claimedTime":1680127323000},{"poolId":252,"poolName":"APT/BUSD","assetRewards":"BUSD","claimAmount":"0.00631563","status":1,"claimedTime":1680127323000},{"poolId":252,"poolName":"APT/BUSD","assetRewards":"BNB","claimAmount":"0.00000223","status":1,"claimedTime":1680127323000},{"poolId":252,"poolName":"APT/BUSD","assetRewards":"BUSD","claimAmount":"0.01090455","status":1,"claimedTime":1680083332000},{"poolId":252,"poolName":"APT/BUSD","assetRewards":"BNB","claimAmount":"0.00000288","status":1,"claimedTime":1680083332000},{"poolId":252,"poolName":"APT/BUSD","assetRewards":"APT","claimAmount":"0.00085207","status":1,"claimedTime":1680083332000},{"poolId":252,"poolName":"APT/BUSD","assetRewards":"APT","claimAmount":"0.00107651","status":1,"claimedTime":1680024083000},{"poolId":252,"poolName":"APT/BUSD","assetRewards":"BNB","claimAmount":"0.00000342","status":1,"claimedTime":1680024083000},{"poolId":252,"poolName":"APT/BUSD","assetRewards":"BUSD","claimAmount":"0.01177401","status":1,"claimedTime":1680024083000},{"poolId":252,"poolName":"APT/BUSD","assetRewards":"BNB","claimAmount":"0.00000434","status":1,"claimedTime":1679956293000},{"poolId":252,"poolName":"APT/BUSD","assetRewards":"BUSD","claimAmount":"0.01773696","status":1,"claimedTime":1679956293000},{"poolId":252,"poolName":"APT/BUSD","assetRewards":"APT","claimAmount":"0.00176019","status":1,"claimedTime":1679956293000},{"poolId":252,"poolName":"APT/BUSD","assetRewards":"APT","claimAmount":"0.00065097","status":1,"claimedTime":1679865874000},{"poolId":252,"poolName":"APT/BUSD","assetRewards":"APT","claimAmount":"0.00065097","status":1,"claimedTime":1679865874000},{"poolId":252,"poolName":"APT/BUSD","assetRewards":"BUSD","claimAmount":"0.00807519","status":1,"claimedTime":1679865874000},{"poolId":252,"poolName":"APT/BUSD","assetRewards":"BNB","claimAmount":"0.00000294","status":1,"claimedTime":1679865874000},{"poolId":252,"poolName":"APT/BUSD","assetRewards":"APT","claimAmount":"0.00054263","status":1,"claimedTime":1679789336000},{"poolId":252,"poolName":"APT/BUSD","assetRewards":"BNB","claimAmount":"0.00000182","status":1,"claimedTime":1679789336000},{"poolId":252,"poolName":"APT/BUSD","assetRewards":"BUSD","claimAmount":"0.00571869","status":1,"claimedTime":1679789336000},{"poolId":252,"poolName":"APT/BUSD","assetRewards":"BNB","claimAmount":"0.0000028","status":1,"claimedTime":1679744976000},{"poolId":252,"poolName":"APT/BUSD","assetRewards":"BUSD","claimAmount":"0.0111389","status":1,"claimedTime":1679744976000},{"poolId":252,"poolName":"APT/BUSD","assetRewards":"APT","claimAmount":"0.00100809","status":1,"claimedTime":1679744976000},{"poolId":252,"poolName":"APT/BUSD","assetRewards":"BNB","claimAmount":"0.00000252","status":1,"claimedTime":1679670805000},{"poolId":252,"poolName":"APT/BUSD","assetRewards":"APT","claimAmount":"0.00083222","status":1,"claimedTime":1679670805000},{"poolId":252,"poolName":"APT/BUSD","assetRewards":"BUSD","claimAmount":"0.01070675","status":1,"claimedTime":1679670805000},{"poolId":252,"poolName":"APT/BUSD","assetRewards":"BNB","claimAmount":"0.00000314","status":1,"claimedTime":1679607873000},{"poolId":252,"poolName":"APT/BUSD","assetRewards":"APT","claimAmount":"0.00266617","status":1,"claimedTime":1679607873000},{"poolId":252,"poolName":"APT/BUSD","assetRewards":"BUSD","claimAmount":"0.0353621","status":1,"claimedTime":1679607873000},{"poolId":252,"poolName":"APT/BUSD","assetRewards":"APT","claimAmount":"0.00293257","status":1,"claimedTime":1679529731000},{"poolId":252,"poolName":"APT/BUSD","assetRewards":"BUSD","claimAmount":"0.03729949","status":1,"claimedTime":1679529731000},{"poolId":252,"poolName":"APT/BUSD","assetRewards":"BNB","claimAmount":"0.00000187","status":1,"claimedTime":1679529731000},{"poolId":252,"poolName":"APT/BUSD","assetRewards":"BUSD","claimAmount":"0.01454404","status":1,"claimedTime":1679486739000},{"poolId":252,"poolName":"APT/BUSD","assetRewards":"BNB","claimAmount":"0.00000272","status":1,"claimedTime":1679486739000},{"poolId":252,"poolName":"APT/BUSD","assetRewards":"APT","claimAmount":"0.0012145","status":1,"claimedTime":1679486739000},{"poolId":252,"poolName":"APT/BUSD","assetRewards":"BUSD","claimAmount":"0.01417259","status":1,"claimedTime":1679431471000},{"poolId":252,"poolName":"APT/BUSD","assetRewards":"BNB","claimAmount":"0.00000153","status":1,"claimedTime":1679431471000},{"poolId":252,"poolName":"APT/BUSD","assetRewards":"APT","claimAmount":"0.00115591","status":1,"claimedTime":1679431471000},{"poolId":252,"poolName":"APT/BUSD","assetRewards":"BUSD","claimAmount":"0.01733546","status":1,"claimedTime":1679397961000},{"poolId":252,"poolName":"APT/BUSD","assetRewards":"BNB","claimAmount":"0.00000238","status":1,"claimedTime":1679397961000},{"poolId":252,"poolName":"APT/BUSD","assetRewards":"APT","claimAmount":"0.00146444","status":1,"claimedTime":1679397961000},{"poolId":252,"poolName":"APT/BUSD","assetRewards":"BNB","claimAmount":"0.0000012","status":1,"claimedTime":1679348093000},{"poolId":252,"poolName":"APT/BUSD","assetRewards":"APT","claimAmount":"0.00105485","status":1,"claimedTime":1679348093000},{"poolId":252,"poolName":"APT/BUSD","assetRewards":"BUSD","claimAmount":"0.01227894","status":1,"claimedTime":1679348093000},{"poolId":252,"poolName":"APT/BUSD","assetRewards":"BNB","claimAmount":"0.00000272","status":1,"claimedTime":1679324621000},{"poolId":252,"poolName":"APT/BUSD","assetRewards":"APT","claimAmount":"0.00194268","status":1,"claimedTime":1679324621000},{"poolId":252,"poolName":"APT/BUSD","assetRewards":"BUSD","claimAmount":"0.02432524","status":1,"claimedTime":1679324621000},{"poolId":252,"poolName":"APT/BUSD","assetRewards":"BNB","claimAmount":"0.00000421","status":1,"claimedTime":1679266674000},{"poolId":252,"poolName":"APT/BUSD","assetRewards":"APT","claimAmount":"0.00285875","status":1,"claimedTime":1679266674000},{"poolId":252,"poolName":"APT/BUSD","assetRewards":"BUSD","claimAmount":"0.0371399","status":1,"claimedTime":1679266674000},{"poolId":252,"poolName":"APT/BUSD","assetRewards":"BUSD","claimAmount":"0.02838458","status":1,"claimedTime":1679179653000},{"poolId":252,"poolName":"APT/BUSD","assetRewards":"BNB","claimAmount":"0.00000245","status":1,"claimedTime":1679179653000},{"poolId":252,"poolName":"APT/BUSD","assetRewards":"APT","claimAmount":"0.0022167","status":1,"claimedTime":1679179653000},{"poolId":252,"poolName":"APT/BUSD","assetRewards":"APT","claimAmount":"0.00021053","status":1,"claimedTime":1679132986000},{"poolId":252,"poolName":"APT/BUSD","assetRewards":"BNB","claimAmount":"0.00000019","status":1,"claimedTime":1679132986000},{"poolId":252,"poolName":"APT/BUSD","assetRewards":"BUSD","claimAmount":"0.00230782","status":1,"claimedTime":1679132986000},{"poolId":252,"poolName":"APT/BUSD","assetRewards":"BNB","claimAmount":"0.00000149","status":1,"claimedTime":1679127016000},{"poolId":252,"poolName":"APT/BUSD","assetRewards":"BUSD","claimAmount":"0.0268897","status":1,"claimedTime":1679127016000},{"poolId":252,"poolName":"APT/BUSD","assetRewards":"APT","claimAmount":"0.00178997","status":1,"claimedTime":1679127016000},{"poolId":252,"poolName":"APT/BUSD","assetRewards":"BNB","claimAmount":"0.00000322","status":1,"claimedTime":1679098125000},{"poolId":252,"poolName":"APT/BUSD","assetRewards":"APT","claimAmount":"0.00259912","status":1,"claimedTime":1679098125000},{"poolId":252,"poolName":"APT/BUSD","assetRewards":"BUSD","claimAmount":"0.03632557","status":1,"claimedTime":1679098125000},{"poolId":252,"poolName":"APT/BUSD","assetRewards":"APT","claimAmount":"0.00131669","status":1,"claimedTime":1679034534000},{"poolId":252,"poolName":"APT/BUSD","assetRewards":"BNB","claimAmount":"0.00000165","status":1,"claimedTime":1679034534000},{"poolId":252,"poolName":"APT/BUSD","assetRewards":"BUSD","claimAmount":"0.01837579","status":1,"claimedTime":1679034534000},{"poolId":252,"poolName":"APT/BUSD","assetRewards":"BNB","claimAmount":"0.00000102","status":1,"claimedTime":1679003407000},{"poolId":252,"poolName":"APT/BUSD","assetRewards":"BUSD","claimAmount":"0.01054508","status":1,"claimedTime":1679003407000},{"poolId":252,"poolName":"APT/BUSD","assetRewards":"APT","claimAmount":"0.00089353","status":1,"claimedTime":1679003407000},{"poolId":252,"poolName":"APT/BUSD","assetRewards":"APT","claimAmount":"0.00263508","status":1,"claimedTime":1678982193000},{"poolId":252,"poolName":"APT/BUSD","assetRewards":"BUSD","claimAmount":"0.0318836","status":1,"claimedTime":1678982193000},{"poolId":252,"poolName":"APT/BUSD","assetRewards":"BNB","claimAmount":"0.00000285","status":1,"claimedTime":1678982193000}]
