[{"poolId":253,"poolName":"OP/BUSD","assetRewards":"BNB","claimAmount":"0.00000072","status":1,"claimedTime":1686000848000},{"poolId":253,"poolName":"OP/BUSD","assetRewards":"BUSD","claimAmount":"0.00349551","status":1,"claimedTime":1686000848000},{"poolId":253,"poolName":"OP/BUSD","assetRewards":"OP","claimAmount":"0.00306968","status":1,"claimedTime":1686000848000},{"poolId":253,"poolName":"OP/BUSD","assetRewards":"BUSD","claimAmount":"0.01953113","status":1,"claimedTime":1685985812000},{"poolId":253,"poolName":"OP/BUSD","assetRewards":"BNB","claimAmount":"0.00000414","status":1,"claimedTime":1685985812000},{"poolId":253,"poolName":"OP/BUSD","assetRewards":"OP","claimAmount":"0.01632192","status":1,"claimedTime":1685985812000},{"poolId":253,"poolName":"OP/BUSD","assetRewards":"OP","claimAmount":"0.01021132","status":1,"claimedTime":1685904929000},{"poolId":253,"poolName":"OP/BUSD","assetRewards":"BUSD","claimAmount":"0.01606934","status":1,"claimedTime":1685904929000},{"poolId":253,"poolName":"OP/BUSD","assetRewards":"BNB","claimAmount":"0.00000846","status":1,"claimedTime":1685904929000},{"poolId":253,"poolName":"OP/BUSD","assetRewards":"OP","claimAmount":"0.01765631","status":1,"claimedTime":1685735343000},{"poolId":253,"poolName":"OP/BUSD","assetRewards":"BNB","claimAmount":"0.00000882","status":1,"claimedTime":1685735343000},{"poolId":253,"poolName":"OP/BUSD","assetRewards":"BUSD","claimAmount":"0.02608513","status":1,"claimedTime":1685735343000},{"poolId":253,"poolName":"OP/BUSD","assetRewards":"OP","claimAmount":"0.01775933","status":1,"claimedTime":1685556359000},{"poolId":253,"poolName":"OP/BUSD","assetRewards":"BUSD","claimAmount":"0.02486816","status":1,"claimedTime":1685556359000},{"poolId":253,"poolName":"OP/BUSD","assetRewards":"BNB","claimAmount":"0.00000378","status":1,"claimedTime":1685556359000},{"poolId":253,"poolName":"OP/BUSD","assetRewards":"BUSD","claimAmount":"0.00748818","status":1,"claimedTime":1685483670000},{"poolId":253,"poolName":"OP/BUSD","assetRewards":"BNB","claimAmount":"0.00000162","status":1,"claimedTime":1685483670000},{"poolId":253,"poolName":"OP/BUSD","assetRewards":"OP","claimAmount":"0.00621268","status":1,"claimedTime":1685483670000},{"poolId":253,"poolName":"OP/BUSD","assetRewards":"BUSD","claimAmount":"0.01065658","status":1,"claimedTime":1685451525000},{"poolId":253,"poolName":"OP/BUSD","assetRewards":"OP","claimAmount":"0.00782281","status":1,"claimedTime":1685451525000},{"poolId":253,"poolName":"OP/BUSD","assetRewards":"BNB","claimAmount":"0.00000432","status":1,"claimedTime":1685451525000},{"poolId":253,"poolName":"OP/BUSD","assetRewards":"BNB","claimAmount":"0.00000522","status":1,"claimedTime":1685365008000},{"poolId":253,"poolName":"OP/BUSD","assetRewards":"OP","claimAmount":"0.00546581","status":1,"claimedTime":1685365008000},{"poolId":253,"poolName":"OP/BUSD","assetRewards":"BUSD","claimAmount":"0.00919553","status":1,"claimedTime":1685365008000},{"poolId":253,"poolName":"OP/BUSD","assetRewards":"BUSD","claimAmount":"0.00535228","status":1,"claimedTime":1685260935000},{"poolId":253,"poolName":"OP/BUSD","assetRewards":"OP","claimAmount":"0.00274025","status":1,"claimedTime":1685260935000},{"poolId":253,"poolName":"OP/BUSD","assetRewards":"BNB","claimAmount":"0.00000414","status":1,"claimedTime":1685260935000},{"poolId":253,"poolName":"OP/BUSD","assetRewards":"OP","claimAmount":"0.00384354","status":1,"claimedTime":1685176600000},{"poolId":253,"poolName":"OP/BUSD","assetRewards":"BUSD","claimAmount":"0.00575807","status":1,"claimedTime":1685176600000},{"poolId":253,"poolName":"OP/BUSD","assetRewards":"BNB","claimAmount":"0.00000432","status":1,"claimedTime":1685176600000},{"poolId":253,"poolName":"OP/BUSD","assetRewards":"OP","claimAmount":"0.00604901","status":1,"claimedTime":1685091462000},{"poolId":253,"poolName":"OP/BUSD","assetRewards":"BNB","claimAmount":"0.00000504","status":1,"claimedTime":1685091462000},{"poolId":253,"poolName":"OP/BUSD","assetRewards":"BUSD","claimAmount":"0.0110706","status":1,"claimedTime":1685091462000},{"poolId":253,"poolName":"OP/BUSD","assetRewards":"BUSD","claimAmount":"0.00358491","status":1,"claimedTime":1684989641000},{"poolId":253,"poolName":"OP/BUSD","assetRewards":"OP","claimAmount":"0.00236723","status":1,"claimedTime":1684989641000},{"poolId":253,"poolName":"OP/BUSD","assetRewards":"BNB","claimAmount":"0.00000126","status":1,"claimedTime":1684989641000},{"poolId":253,"poolName":"OP/BUSD","assetRewards":"BNB","claimAmount":"0.00000162","status":1,"claimedTime":1684963285000},{"poolId":253,"poolName":"OP/BUSD","assetRewards":"BUSD","claimAmount":"0.00551924","status":1,"claimedTime":1684963285000},{"poolId":253,"poolName":"OP/BUSD","assetRewards":"OP","claimAmount":"0.00369406","status":1,"claimedTime":1684963285000},{"poolId":253,"poolName":"OP/BUSD","assetRewards":"BUSD","claimAmount":"0.0116366","status":1,"claimedTime":1684931951000},{"poolId":253,"poolName":"OP/BUSD","assetRewards":"OP","claimAmount":"0.00753847","status":1,"claimedTime":1684931951000},{"poolId":253,"poolName":"OP/BUSD","assetRewards":"BNB","claimAmount":"0.00000525","status":1,"claimedTime":1684931951000},{"poolId":253,"poolName":"OP/BUSD","assetRewards":"BNB","claimAmount":"0.00000425","status":1,"claimedTime":1684828045000},{"poolId":253,"poolName":"OP/BUSD","assetRewards":"BUSD","claimAmount":"0.00988976","status":1,"claimedTime":1684828045000},{"poolId":253,"poolName":"OP/BUSD","assetRewards":"OP","claimAmount":"0.00539392","status":1,"claimedTime":1684828045000},{"poolId":253,"poolName":"OP/BUSD","assetRewards":"BNB","claimAmount":"0.00000432","status":1,"claimedTime":1684745220000},{"poolId":253,"poolName":"OP/BUSD","assetRewards":"OP","claimAmount":"0.00720058","status":1,"claimedTime":1684745220000},{"poolId":253,"poolName":"OP/BUSD","assetRewards":"BUSD","claimAmount":"0.01025088","status":1,"claimedTime":1684745220000},{"poolId":253,"poolName":"OP/BUSD","assetRewards":"BUSD","claimAmount":"0.00279448","status":1,"claimedTime":1684658716000},{"poolId":253,"poolName":"OP/BUSD","assetRewards":"BNB","claimAmount":"0.00000198","status":1,"claimedTime":1684658716000},{"poolId":253,"poolName":"OP/BUSD","assetRewards":"OP","claimAmount":"0.00204855","status":1,"claimedTime":1684658716000},{"poolId":253,"poolName":"OP/BUSD","assetRewards":"BNB","claimAmount":"0.00000234","status":1,"claimedTime":1684617421000},{"poolId":253,"poolName":"OP/BUSD","assetRewards":"OP","claimAmount":"0.00186994","status":1,"claimedTime":1684617421000},{"poolId":253,"poolName":"OP/BUSD","assetRewards":"BUSD","claimAmount":"0.00387243","status":1,"claimedTime":1684617421000},{"poolId":253,"poolName":"OP/BUSD","assetRewards":"BNB","claimAmount":"0.00000324","status":1,"claimedTime":1684570840000},{"poolId":253,"poolName":"OP/BUSD","assetRewards":"BUSD","claimAmount":"0.01014235","status":1,"claimedTime":1684570840000},{"poolId":253,"poolName":"OP/BUSD","assetRewards":"OP","claimAmount":"0.00622243","status":1,"claimedTime":1684570840000},{"poolId":253,"poolName":"OP/BUSD","assetRewards":"OP","claimAmount":"0.01511845","status":1,"claimedTime":1684507388000},{"poolId":253,"poolName":"OP/BUSD","assetRewards":"BNB","claimAmount":"0.00000486","status":1,"claimedTime":1684507388000},{"poolId":253,"poolName":"OP/BUSD","assetRewards":"BUSD","claimAmount":"0.02401931","status":1,"claimedTime":1684507388000},{"poolId":253,"poolName":"OP/BUSD","assetRewards":"BNB","claimAmount":"0.0000046","status":1,"claimedTime":1684407951000},{"poolId":253,"poolName":"OP/BUSD","assetRewards":"BUSD","claimAmount":"0.028984","status":1,"claimedTime":1684407951000},{"poolId":253,"poolName":"OP/BUSD","assetRewards":"OP","claimAmount":"0.01511223","status":1,"claimedTime":1684407951000},{"poolId":253,"poolName":"OP/BUSD","assetRewards":"BNB","claimAmount":"0.00000342","status":1,"claimedTime":1684318513000},{"poolId":253,"poolName":"OP/BUSD","assetRewards":"OP","claimAmount":"0.00790248","status":1,"claimedTime":1684318513000},{"poolId":253,"poolName":"OP/BUSD","assetRewards":"BUSD","claimAmount":"0.01505021","status":1,"claimedTime":1684318513000},{"poolId":253,"poolName":"OP/BUSD","assetRewards":"OP","claimAmount":"0.00672371","status":1,"claimedTime":1684253184000},{"poolId":253,"poolName":"OP/BUSD","assetRewards":"BUSD","claimAmount":"0.01037815","status":1,"claimedTime":1684253184000},{"poolId":253,"poolName":"OP/BUSD","assetRewards":"BNB","claimAmount":"0.00000387","status":1,"claimedTime":1684253184000},{"poolId":253,"poolName":"OP/BUSD","assetRewards":"OP","claimAmount":"0.00177465","status":1,"claimedTime":1684180513000},{"poolId":253,"poolName":"OP/BUSD","assetRewards":"BNB","claimAmount":"0.00000102","status":1,"claimedTime":1684180513000},{"poolId":253,"poolName":"OP/BUSD","assetRewards":"BUSD","claimAmount":"0.00282318","status":1,"claimedTime":1684180513000},{"poolId":253,"poolName":"OP/BUSD","assetRewards":"BNB","claimAmount":"0.00000408","status":1,"claimedTime":1684157653000},{"poolId":253,"poolName":"OP/BUSD","assetRewards":"OP","claimAmount":"0.00720085","status":1,"claimedTime":1684157653000},{"poolId":253,"poolName":"OP/BUSD","assetRewards":"BUSD","claimAmount":"0.0120974","status":1,"claimedTime":1684157653000},{"poolId":253,"poolName":"OP/BUSD","assetRewards":"BNB","claimAmount":"0.00000045","status":1,"claimedTime":1684070017000},{"poolId":253,"poolName":"OP/BUSD","assetRewards":"BUSD","claimAmount":"0.00102067","status":1,"claimedTime":1684070017000},{"poolId":253,"poolName":"OP/BUSD","assetRewards":"OP","claimAmount":"0.00052476","status":1,"claimedTime":1684070017000},{"poolId":253,"poolName":"OP/BUSD","assetRewards":"BUSD","claimAmount":"0.00603524","status":1,"claimedTime":1684053898000},{"poolId":253,"poolName":"OP/BUSD","assetRewards":"OP","claimAmount":"0.00370029","status":1,"claimedTime":1684053898000},{"poolId":253,"poolName":"OP/BUSD","assetRewards":"BNB","claimAmount":"0.00000216","status":1,"claimedTime":1684053898000},{"poolId":253,"poolName":"OP/BUSD","assetRewards":"BUSD","claimAmount":"0.00376631","status":1,"claimedTime":1683966128000},{"poolId":253,"poolName":"OP/BUSD","assetRewards":"OP","claimAmount":"0.0022186","status":1,"claimedTime":1683966128000},{"poolId":253,"poolName":"OP/BUSD","assetRewards":"BNB","claimAmount":"0.00000099","status":1,"claimedTime":1683966128000},{"poolId":253,"poolName":"OP/BUSD","assetRewards":"OP","claimAmount":"0.00575421","status":1,"claimedTime":1683926079000},{"poolId":253,"poolName":"OP/BUSD","assetRewards":"BNB","claimAmount":"0.00000109","status":1,"claimedTime":1683926079000},{"poolId":253,"poolName":"OP/BUSD","assetRewards":"BUSD","claimAmount":"0.00985785","status":1,"claimedTime":1683926079000},{"poolId":253,"poolName":"OP/BUSD","assetRewards":"BNB","claimAmount":"0.0000005","status":1,"claimedTime":1683896618000},{"poolId":253,"poolName":"OP/BUSD","assetRewards":"BUSD","claimAmount":"0.00354186","status":1,"claimedTime":1683896618000},{"poolId":253,"poolName":"OP/BUSD","assetRewards":"OP","claimAmount":"0.00176491","status":1,"claimedTime":1683896618000},{"poolId":253,"poolName":"OP/BUSD","assetRewards":"OP","claimAmount":"0.00918778","status":1,"claimedTime":1683881667000},{"poolId":253,"poolName":"OP/BUSD","assetRewards":"BUSD","claimAmount":"0.01365999","status":1,"claimedTime":1683881667000},{"poolId":253,"poolName":"OP/BUSD","assetRewards":"BNB","claimAmount":"0.00000237","status":1,"claimedTime":1683881667000},{"poolId":253,"poolName":"OP/BUSD","assetRewards":"BUSD","claimAmount":"0.00772821","status":1,"claimedTime":1683822494000},{"poolId":253,"poolName":"OP/BUSD","assetRewards":"OP","claimAmount":"0.00575789","status":1,"claimedTime":1683822494000},{"poolId":253,"poolName":"OP/BUSD","assetRewards":"BNB","claimAmount":"0.00000171","status":1,"claimedTime":1683822494000},{"poolId":253,"poolName":"OP/BUSD","assetRewards":"BUSD","claimAmount":"0.01279492","status":1,"claimedTime":1683755422000},{"poolId":253,"poolName":"OP/BUSD","assetRewards":"OP","claimAmount":"0.00735088","status":1,"claimedTime":1683755422000},{"poolId":253,"poolName":"OP/BUSD","assetRewards":"BNB","claimAmount":"0.00000225","status":1,"claimedTime":1683755422000},{"poolId":253,"poolName":"OP/BUSD","assetRewards":"OP","claimAmount":"0.00788648","status":1,"claimedTime":1683662842000},{"poolId":253,"poolName":"OP/BUSD","assetRewards":"OP","claimAmount":"0.00788648","status":1,"claimedTime":1683662842000},{"poolId":253,"poolName":"OP/BUSD","assetRewards":"BUSD","claimAmount":"0.01385766","status":1,"claimedTime":1683662842000},{"poolId":253,"poolName":"OP/BUSD","assetRewards":"BNB","claimAmount":"0.00000359","status":1,"claimedTime":1683662842000},{"poolId":253,"poolName":"OP/BUSD","assetRewards":"BNB","claimAmount":"0.00000187","status":1,"claimedTime":1683581876000},{"poolId":253,"poolName":"OP/BUSD","assetRewards":"BUSD","claimAmount":"0.01463677","status":1,"claimedTime":1683581876000},{"poolId":253,"poolName":"OP/BUSD","assetRewards":"OP","claimAmount":"0.00932113","status":1,"claimedTime":1683581876000},{"poolId":253,"poolName":"OP/BUSD","assetRewards":"BUSD","claimAmount":"0.01181233","status":1,"claimedTime":1683541678000},{"poolId":253,"poolName":"OP/BUSD","assetRewards":"OP","claimAmount":"0.00728358","status":1,"claimedTime":1683541678000},{"poolId":253,"poolName":"OP/BUSD","assetRewards":"BNB","claimAmount":"0.00000249","status":1,"claimedTime":1683541678000},{"poolId":253,"poolName":"OP/BUSD","assetRewards":"BUSD","claimAmount":"0.01708853","status":1,"claimedTime":1683488635000},{"poolId":253,"poolName":"OP/BUSD","assetRewards":"OP","claimAmount":"0.00917152","status":1,"claimedTime":1683488635000},{"poolId":253,"poolName":"OP/BUSD","assetRewards":"BNB","claimAmount":"0.00000544","status":1,"claimedTime":1683488635000},{"poolId":253,"poolName":"OP/BUSD","assetRewards":"BNB","claimAmount":"0.00000192","status":1,"claimedTime":1683365451000},{"poolId":253,"poolName":"OP/BUSD","assetRewards":"BUSD","claimAmount":"0.0047928","status":1,"claimedTime":1683365451000},{"poolId":253,"poolName":"OP/BUSD","assetRewards":"OP","claimAmount":"0.00324198","status":1,"claimedTime":1683365451000},{"poolId":253,"poolName":"OP/BUSD","assetRewards":"BUSD","claimAmount":"0.00861523","status":1,"claimedTime":1683321390000},{"poolId":253,"poolName":"OP/BUSD","assetRewards":"BNB","claimAmount":"0.00000208","status":1,"claimedTime":1683321390000},{"poolId":253,"poolName":"OP/BUSD","assetRewards":"OP","claimAmount":"0.00480334","status":1,"claimedTime":1683321390000},{"poolId":253,"poolName":"OP/BUSD","assetRewards":"OP","claimAmount":"0.00541785","status":1,"claimedTime":1683277438000},{"poolId":253,"poolName":"OP/BUSD","assetRewards":"BNB","claimAmount":"0.00000384","status":1,"claimedTime":1683277438000},{"poolId":253,"poolName":"OP/BUSD","assetRewards":"BUSD","claimAmount":"0.0090997","status":1,"claimedTime":1683277438000},{"poolId":253,"poolName":"OP/BUSD","assetRewards":"BNB","claimAmount":"0.0000016","status":1,"claimedTime":1683188168000},{"poolId":253,"poolName":"OP/BUSD","assetRewards":"OP","claimAmount":"0.00116942","status":1,"claimedTime":1683188168000},{"poolId":253,"poolName":"OP/BUSD","assetRewards":"BUSD","claimAmount":"0.00221316","status":1,"claimedTime":1683188168000},{"poolId":253,"poolName":"OP/BUSD","assetRewards":"BNB","claimAmount":"0.00000096","status":1,"claimedTime":1683152076000},{"poolId":253,"poolName":"OP/BUSD","assetRewards":"OP","claimAmount":"0.00254363","status":1,"claimedTime":1683152076000},{"poolId":253,"poolName":"OP/BUSD","assetRewards":"BUSD","claimAmount":"0.00644319","status":1,"claimedTime":1683152076000},{"poolId":253,"poolName":"OP/BUSD","assetRewards":"BNB","claimAmount":"0.00000304","status":1,"claimedTime":1683131421000},{"poolId":253,"poolName":"OP/BUSD","assetRewards":"OP","claimAmount":"0.00322084","status":1,"claimedTime":1683131421000},{"poolId":253,"poolName":"OP/BUSD","assetRewards":"BUSD","claimAmount":"0.00588435","status":1,"claimedTime":1683131421000},{"poolId":253,"poolName":"OP/BUSD","assetRewards":"BNB","claimAmount":"0.00000608","status":1,"claimedTime":1683063079000},{"poolId":253,"poolName":"OP/BUSD","assetRewards":"BUSD","claimAmount":"0.01359506","status":1,"claimedTime":1683063079000},{"poolId":253,"poolName":"OP/BUSD","assetRewards":"OP","claimAmount":"0.00624094","status":1,"claimedTime":1683063079000},{"poolId":253,"poolName":"OP/BUSD","assetRewards":"OP","claimAmount":"0.00448529","status":1,"claimedTime":1682926198000},{"poolId":253,"poolName":"OP/BUSD","assetRewards":"BNB","claimAmount":"0.00000357","status":1,"claimedTime":1682926198000},{"poolId":253,"poolName":"OP/BUSD","assetRewards":"BUSD","claimAmount":"0.00910283","status":1,"claimedTime":1682926198000},{"poolId":253,"poolName":"OP/BUSD","assetRewards":"BUSD","claimAmount":"0.00518083","status":1,"claimedTime":1682844681000},{"poolId":253,"poolName":"OP/BUSD","assetRewards":"BNB","claimAmount":"0.00000375","status":1,"claimedTime":1682844681000},{"poolId":253,"poolName":"OP/BUSD","assetRewards":"OP","claimAmount":"0.00243622","status":1,"claimedTime":1682844681000},{"poolId":253,"poolName":"OP/BUSD","assetRewards":"BUSD","claimAmount":"0.00853774","status":1,"claimedTime":1682754226000},{"poolId":253,"poolName":"OP/BUSD","assetRewards":"BNB","claimAmount":"0.00000375","status":1,"claimedTime":1682754226000},{"poolId":253,"poolName":"OP/BUSD","assetRewards":"OP","claimAmount":"0.00407998","status":1,"claimedTime":1682754226000},{"poolId":253,"poolName":"OP/BUSD","assetRewards":"OP","claimAmount":"0.00134498","status":1,"claimedTime":1682664233000},{"poolId":253,"poolName":"OP/BUSD","assetRewards":"BUSD","claimAmount":"0.00253632","status":1,"claimedTime":1682664233000},{"poolId":253,"poolName":"OP/BUSD","assetRewards":"BNB","claimAmount":"0.00000141","status":1,"claimedTime":1682664233000},{"poolId":253,"poolName":"OP/BUSD","assetRewards":"BUSD","claimAmount":"0.00575047","status":1,"claimedTime":1682631100000},{"poolId":253,"poolName":"OP/BUSD","assetRewards":"OP","claimAmount":"0.00244087","status":1,"claimedTime":1682631100000},{"poolId":253,"poolName":"OP/BUSD","assetRewards":"BNB","claimAmount":"0.00000112","status":1,"claimedTime":1682631100000},{"poolId":253,"poolName":"OP/BUSD","assetRewards":"BUSD","claimAmount":"0.02431174","status":1,"claimedTime":1682607190000},{"poolId":253,"poolName":"OP/BUSD","assetRewards":"BNB","claimAmount":"0.00000416","status":1,"claimedTime":1682607190000},{"poolId":253,"poolName":"OP/BUSD","assetRewards":"OP","claimAmount":"0.01181739","status":1,"claimedTime":1682607190000},{"poolId":253,"poolName":"OP/BUSD","assetRewards":"OP","claimAmount":"0.00091258","status":1,"claimedTime":1682514259000},{"poolId":253,"poolName":"OP/BUSD","assetRewards":"BNB","claimAmount":"0.00000064","status":1,"claimedTime":1682514259000},{"poolId":253,"poolName":"OP/BUSD","assetRewards":"BUSD","claimAmount":"0.00286635","status":1,"claimedTime":1682514259000},{"poolId":253,"poolName":"OP/BUSD","assetRewards":"OP","claimAmount":"0.00179851","status":1,"claimedTime":1682496343000},{"poolId":253,"poolName":"OP/BUSD","assetRewards":"BUSD","claimAmount":"0.00425498","status":1,"claimedTime":1682496343000},{"poolId":253,"poolName":"OP/BUSD","assetRewards":"BNB","claimAmount":"0.00000176","status":1,"claimedTime":1682496343000},{"poolId":253,"poolName":"OP/BUSD","assetRewards":"BNB","claimAmount":"0.00000124","status":1,"claimedTime":1682457957000},{"poolId":253,"poolName":"OP/BUSD","assetRewards":"OP","claimAmount":"0.00304191","status":1,"claimedTime":1682457957000},{"poolId":253,"poolName":"OP/BUSD","assetRewards":"BUSD","claimAmount":"0.00615148","status":1,"claimedTime":1682457957000},{"poolId":253,"poolName":"OP/BUSD","assetRewards":"OP","claimAmount":"0.00284659","status":1,"claimedTime":1682429126000},{"poolId":253,"poolName":"OP/BUSD","assetRewards":"BNB","claimAmount":"0.00000253","status":1,"claimedTime":1682429126000},{"poolId":253,"poolName":"OP/BUSD","assetRewards":"BUSD","claimAmount":"0.00566908","status":1,"claimedTime":1682429126000},{"poolId":253,"poolName":"OP/BUSD","assetRewards":"OP","claimAmount":"0.00302688","status":1,"claimedTime":1682372060000},{"poolId":253,"poolName":"OP/BUSD","assetRewards":"BNB","claimAmount":"0.00000192","status":1,"claimedTime":1682372060000},{"poolId":253,"poolName":"OP/BUSD","assetRewards":"BUSD","claimAmount":"0.00697178","status":1,"claimedTime":1682372060000},{"poolId":253,"poolName":"OP/BUSD","assetRewards":"BNB","claimAmount":"0.0000032","status":1,"claimedTime":1682330463000},{"poolId":253,"poolName":"OP/BUSD","assetRewards":"BUSD","claimAmount":"0.01385881","status":1,"claimedTime":1682330463000},{"poolId":253,"poolName":"OP/BUSD","assetRewards":"OP","claimAmount":"0.00681802","status":1,"claimedTime":1682330463000},{"poolId":253,"poolName":"OP/BUSD","assetRewards":"OP","claimAmount":"0.00633829","status":1,"claimedTime":1682255554000},{"poolId":253,"poolName":"OP/BUSD","assetRewards":"BNB","claimAmount":"0.00000623","status":1,"claimedTime":1682255554000},{"poolId":253,"poolName":"OP/BUSD","assetRewards":"BUSD","claimAmount":"0.01667477","status":1,"claimedTime":1682255554000},{"poolId":253,"poolName":"OP/BUSD","assetRewards":"OP","claimAmount":"0.0100052","status":1,"claimedTime":1682115557000},{"poolId":253,"poolName":"OP/BUSD","assetRewards":"BUSD","claimAmount":"0.02189062","status":1,"claimedTime":1682115557000},{"poolId":253,"poolName":"OP/BUSD","assetRewards":"BNB","claimAmount":"0.00000364","status":1,"claimedTime":1682115557000},{"poolId":253,"poolName":"OP/BUSD","assetRewards":"BNB","claimAmount":"0.0000036","status":1,"claimedTime":1682025935000},{"poolId":253,"poolName":"OP/BUSD","assetRewards":"OP","claimAmount":"0.01464543","status":1,"claimedTime":1682025935000},{"poolId":253,"poolName":"OP/BUSD","assetRewards":"BUSD","claimAmount":"0.03475079","status":1,"claimedTime":1682025935000},{"poolId":253,"poolName":"OP/BUSD","assetRewards":"BNB","claimAmount":"0.00000015","status":1,"claimedTime":1681939984000},{"poolId":253,"poolName":"OP/BUSD","assetRewards":"OP","claimAmount":"0.00034541","status":1,"claimedTime":1681939984000},{"poolId":253,"poolName":"OP/BUSD","assetRewards":"BUSD","claimAmount":"0.00080456","status":1,"claimedTime":1681939984000},{"poolId":253,"poolName":"OP/BUSD","assetRewards":"BUSD","claimAmount":"0.03651259","status":1,"claimedTime":1681936862000},{"poolId":253,"poolName":"OP/BUSD","assetRewards":"OP","claimAmount":"0.01458902","status":1,"claimedTime":1681936862000},{"poolId":253,"poolName":"OP/BUSD","assetRewards":"BNB","claimAmount":"0.00000378","status":1,"claimedTime":1681936862000},{"poolId":253,"poolName":"OP/BUSD","assetRewards":"OP","claimAmount":"0.00483886","status":1,"claimedTime":1681850008000},{"poolId":253,"poolName":"OP/BUSD","assetRewards":"BNB","claimAmount":"0.0000036","status":1,"claimedTime":1681850008000},{"poolId":253,"poolName":"OP/BUSD","assetRewards":"BUSD","claimAmount":"0.01319035","status":1,"claimedTime":1681850008000},{"poolId":253,"poolName":"OP/BUSD","assetRewards":"BNB","claimAmount":"0.0000017","status":1,"claimedTime":1681771185000},{"poolId":253,"poolName":"OP/BUSD","assetRewards":"OP","claimAmount":"0.00275156","status":1,"claimedTime":1681771185000},{"poolId":253,"poolName":"OP/BUSD","assetRewards":"BUSD","claimAmount":"0.00692127","status":1,"claimedTime":1681771185000},{"poolId":253,"poolName":"OP/BUSD","assetRewards":"OP","claimAmount":"0.00360543","status":1,"claimedTime":1681733497000},{"poolId":253,"poolName":"OP/BUSD","assetRewards":"BNB","claimAmount":"0.00000204","status":1,"claimedTime":1681733497000},{"poolId":253,"poolName":"OP/BUSD","assetRewards":"BUSD","claimAmount":"0.0087936","status":1,"claimedTime":1681733497000},{"poolId":253,"poolName":"OP/BUSD","assetRewards":"OP","claimAmount":"0.00271944","status":1,"claimedTime":1681690912000},{"poolId":253,"poolName":"OP/BUSD","assetRewards":"BNB","claimAmount":"0.00000187","status":1,"claimedTime":1681690912000},{"poolId":253,"poolName":"OP/BUSD","assetRewards":"BUSD","claimAmount":"0.00758228","status":1,"claimedTime":1681690912000},{"poolId":253,"poolName":"OP/BUSD","assetRewards":"BNB","claimAmount":"0.00000255","status":1,"claimedTime":1681652755000},{"poolId":253,"poolName":"OP/BUSD","assetRewards":"OP","claimAmount":"0.00249032","status":1,"claimedTime":1681652755000},{"poolId":253,"poolName":"OP/BUSD","assetRewards":"BUSD","claimAmount":"0.00601382","status":1,"claimedTime":1681652755000},{"poolId":253,"poolName":"OP/BUSD","assetRewards":"OP","claimAmount":"0.00439406","status":1,"claimedTime":1681597170000},{"poolId":253,"poolName":"OP/BUSD","assetRewards":"OP","claimAmount":"0.00439406","status":1,"claimedTime":1681597170000},{"poolId":253,"poolName":"OP/BUSD","assetRewards":"BUSD","claimAmount":"0.01167983","status":1,"claimedTime":1681597170000},{"poolId":253,"poolName":"OP/BUSD","assetRewards":"BNB","claimAmount":"0.00000204","status":1,"claimedTime":1681597170000},{"poolId":253,"poolName":"OP/BUSD","assetRewards":"BUSD","claimAmount":"0.02516951","status":1,"claimedTime":1681556252000},{"poolId":253,"poolName":"OP/BUSD","assetRewards":"BNB","claimAmount":"0.00000363","status":1,"claimedTime":1681556252000},{"poolId":253,"poolName":"OP/BUSD","assetRewards":"OP","claimAmount":"0.00906755","status":1,"claimedTime":1681556252000},{"poolId":253,"poolName":"OP/BUSD","assetRewards":"BNB","claimAmount":"0.00000168","status":1,"claimedTime":1681470004000},{"poolId":253,"poolName":"OP/BUSD","assetRewards":"OP","claimAmount":"0.00476852","status":1,"claimedTime":1681470004000},{"poolId":253,"poolName":"OP/BUSD","assetRewards":"BUSD","claimAmount":"0.01481432","status":1,"claimedTime":1681470004000},{"poolId":253,"poolName":"OP/BUSD","assetRewards":"OP","claimAmount":"0.00338597","status":1,"claimedTime":1681426895000},{"poolId":253,"poolName":"OP/BUSD","assetRewards":"BNB","claimAmount":"0.00000168","status":1,"claimedTime":1681426895000},{"poolId":253,"poolName":"OP/BUSD","assetRewards":"BUSD","claimAmount":"0.00878226","status":1,"claimedTime":1681426895000},{"poolId":253,"poolName":"OP/BUSD","assetRewards":"BNB","claimAmount":"0.00000266","status":1,"claimedTime":1681381222000},{"poolId":253,"poolName":"OP/BUSD","assetRewards":"OP","claimAmount":"0.00385201","status":1,"claimedTime":1681381222000},{"poolId":253,"poolName":"OP/BUSD","assetRewards":"BUSD","claimAmount":"0.00999899","status":1,"claimedTime":1681381222000},{"poolId":253,"poolName":"OP/BUSD","assetRewards":"BNB","claimAmount":"0.00000056","status":1,"claimedTime":1681315099000},{"poolId":253,"poolName":"OP/BUSD","assetRewards":"BUSD","claimAmount":"0.00363435","status":1,"claimedTime":1681315099000},{"poolId":253,"poolName":"OP/BUSD","assetRewards":"OP","claimAmount":"0.00141826","status":1,"claimedTime":1681315099000},{"poolId":253,"poolName":"OP/BUSD","assetRewards":"OP","claimAmount":"0.00269644","status":1,"claimedTime":1681297621000},{"poolId":253,"poolName":"OP/BUSD","assetRewards":"BUSD","claimAmount":"0.00469876","status":1,"claimedTime":1681297621000},{"poolId":253,"poolName":"OP/BUSD","assetRewards":"BNB","claimAmount":"0.00000182","status":1,"claimedTime":1681297621000},{"poolId":253,"poolName":"OP/BUSD","assetRewards":"BUSD","claimAmount":"0.01224817","status":1,"claimedTime":1681253090000},{"poolId":253,"poolName":"OP/BUSD","assetRewards":"OP","claimAmount":"0.00507477","status":1,"claimedTime":1681253090000},{"poolId":253,"poolName":"OP/BUSD","assetRewards":"BNB","claimAmount":"0.00000438","status":1,"claimedTime":1681253090000},{"poolId":253,"poolName":"OP/BUSD","assetRewards":"OP","claimAmount":"0.0036996","status":1,"claimedTime":1681141566000},{"poolId":253,"poolName":"OP/BUSD","assetRewards":"BNB","claimAmount":"0.00000435","status":1,"claimedTime":1681141566000},{"poolId":253,"poolName":"OP/BUSD","assetRewards":"BUSD","claimAmount":"0.00807975","status":1,"claimedTime":1681141566000},{"poolId":253,"poolName":"OP/BUSD","assetRewards":"OP","claimAmount":"0.00107209","status":1,"claimedTime":1681032361000},{"poolId":253,"poolName":"OP/BUSD","assetRewards":"BNB","claimAmount":"0.00000143","status":1,"claimedTime":1681032361000},{"poolId":253,"poolName":"OP/BUSD","assetRewards":"BUSD","claimAmount":"0.00214763","status":1,"claimedTime":1681032361000},{"poolId":253,"poolName":"OP/BUSD","assetRewards":"OP","claimAmount":"0.0006971","status":1,"claimedTime":1680992772000},{"poolId":253,"poolName":"OP/BUSD","assetRewards":"BNB","claimAmount":"0.00000143","status":1,"claimedTime":1680992772000},{"poolId":253,"poolName":"OP/BUSD","assetRewards":"BUSD","claimAmount":"0.00122266","status":1,"claimedTime":1680992772000},{"poolId":253,"poolName":"OP/BUSD","assetRewards":"BUSD","claimAmount":"0.0069719","status":1,"claimedTime":1680953654000},{"poolId":253,"poolName":"OP/BUSD","assetRewards":"BNB","claimAmount":"0.00000364","status":1,"claimedTime":1680953654000},{"poolId":253,"poolName":"OP/BUSD","assetRewards":"OP","claimAmount":"0.00295361","status":1,"claimedTime":1680953654000},{"poolId":253,"poolName":"OP/BUSD","assetRewards":"BNB","claimAmount":"0.00000168","status":1,"claimedTime":1680851854000},{"poolId":253,"poolName":"OP/BUSD","assetRewards":"BUSD","claimAmount":"0.00349126","status":1,"claimedTime":1680851854000},{"poolId":253,"poolName":"OP/BUSD","assetRewards":"OP","claimAmount":"0.00164913","status":1,"claimedTime":1680851854000},{"poolId":253,"poolName":"OP/BUSD","assetRewards":"BUSD","claimAmount":"0.00157453","status":1,"claimedTime":1680814838000},{"poolId":253,"poolName":"OP/BUSD","assetRewards":"OP","claimAmount":"0.00060175","status":1,"claimedTime":1680814838000},{"poolId":253,"poolName":"OP/BUSD","assetRewards":"BNB","claimAmount":"0.00000061","status":1,"claimedTime":1680814838000},{"poolId":253,"poolName":"OP/BUSD","assetRewards":"BUSD","claimAmount":"0.00041288","status":1,"claimedTime":1680799217000},{"poolId":253,"poolName":"OP/BUSD","assetRewards":"OP","claimAmount":"0.00009212","status":1,"claimedTime":1680799217000},{"poolId":253,"poolName":"OP/BUSD","assetRewards":"BNB","claimAmount":"0.00000015","status":1,"claimedTime":1680799217000},{"poolId":253,"poolName":"OP/BUSD","assetRewards":"OP","claimAmount":"0.00055596","status":1,"claimedTime":1680794103000},{"poolId":253,"poolName":"OP/BUSD","assetRewards":"BUSD","claimAmount":"0.00132117","status":1,"claimedTime":1680794103000},{"poolId":253,"poolName":"OP/BUSD","assetRewards":"BNB","claimAmount":"0.00000045","status":1,"claimedTime":1680794103000},{"poolId":253,"poolName":"OP/BUSD","assetRewards":"BNB","claimAmount":"0.0000003","status":1,"claimedTime":1680782978000},{"poolId":253,"poolName":"OP/BUSD","assetRewards":"OP","claimAmount":"0.00049462","status":1,"claimedTime":1680782978000},{"poolId":253,"poolName":"OP/BUSD","assetRewards":"BUSD","claimAmount":"0.00108928","status":1,"claimedTime":1680782978000},{"poolId":253,"poolName":"OP/BUSD","assetRewards":"OP","claimAmount":"0.00609741","status":1,"claimedTime":1680776732000},{"poolId":253,"poolName":"OP/BUSD","assetRewards":"BUSD","claimAmount":"0.01189727","status":1,"claimedTime":1680776732000},{"poolId":253,"poolName":"OP/BUSD","assetRewards":"BNB","claimAmount":"0.00000375","status":1,"claimedTime":1680776732000},{"poolId":253,"poolName":"OP/BUSD","assetRewards":"BUSD","claimAmount":"0.00944944","status":1,"claimedTime":1680686522000},{"poolId":253,"poolName":"OP/BUSD","assetRewards":"BNB","claimAmount":"0.00000195","status":1,"claimedTime":1680686522000},{"poolId":253,"poolName":"OP/BUSD","assetRewards":"OP","claimAmount":"0.0034615","status":1,"claimedTime":1680686522000},{"poolId":253,"poolName":"OP/BUSD","assetRewards":"BNB","claimAmount":"0.0000015","status":1,"claimedTime":1680641878000},{"poolId":253,"poolName":"OP/BUSD","assetRewards":"OP","claimAmount":"0.00278783","status":1,"claimedTime":1680641878000},{"poolId":253,"poolName":"OP/BUSD","assetRewards":"BUSD","claimAmount":"0.00695298","status":1,"claimedTime":1680641878000},{"poolId":253,"poolName":"OP/BUSD","assetRewards":"BNB","claimAmount":"0.00000225","status":1,"claimedTime":1680602777000},{"poolId":253,"poolName":"OP/BUSD","assetRewards":"OP","claimAmount":"0.00407465","status":1,"claimedTime":1680602777000},{"poolId":253,"poolName":"OP/BUSD","assetRewards":"BUSD","claimAmount":"0.00840152","status":1,"claimedTime":1680602777000},{"poolId":253,"poolName":"OP/BUSD","assetRewards":"BUSD","claimAmount":"0.00176629","status":1,"claimedTime":1680551457000},{"poolId":253,"poolName":"OP/BUSD","assetRewards":"BNB","claimAmount":"0.00000015","status":1,"claimedTime":1680551457000},{"poolId":253,"poolName":"OP/BUSD","assetRewards":"OP","claimAmount":"0.00068835","status":1,"claimedTime":1680551457000},{"poolId":253,"poolName":"OP/BUSD","assetRewards":"BNB","claimAmount":"0.00000045","status":1,"claimedTime":1680545384000},{"poolId":253,"poolName":"OP/BUSD","assetRewards":"BUSD","claimAmount":"0.00220549","status":1,"claimedTime":1680545384000},{"poolId":253,"poolName":"OP/BUSD","assetRewards":"OP","claimAmount":"0.00090055","status":1,"claimedTime":1680545384000},{"poolId":253,"poolName":"OP/BUSD","assetRewards":"BNB","claimAmount":"0.00000285","status":1,"claimedTime":1680536388000},{"poolId":253,"poolName":"OP/BUSD","assetRewards":"OP","claimAmount":"0.00475987","status":1,"claimedTime":1680536388000},{"poolId":253,"poolName":"OP/BUSD","assetRewards":"BUSD","claimAmount":"0.00987165","status":1,"claimedTime":1680536388000},{"poolId":253,"poolName":"OP/BUSD","assetRewards":"OP","claimAmount":"0.00510196","status":1,"claimedTime":1680466432000},{"poolId":253,"poolName":"OP/BUSD","assetRewards":"BNB","claimAmount":"0.00000321","status":1,"claimedTime":1680466432000},{"poolId":253,"poolName":"OP/BUSD","assetRewards":"BUSD","claimAmount":"0.0102733","status":1,"claimedTime":1680466432000},{"poolId":253,"poolName":"OP/BUSD","assetRewards":"BNB","claimAmount":"0.00000337","status":1,"claimedTime":1680388352000},{"poolId":253,"poolName":"OP/BUSD","assetRewards":"OP","claimAmount":"0.00392659","status":1,"claimedTime":1680388352000},{"poolId":253,"poolName":"OP/BUSD","assetRewards":"BUSD","claimAmount":"0.00827158","status":1,"claimedTime":1680388352000},{"poolId":253,"poolName":"OP/BUSD","assetRewards":"BNB","claimAmount":"0.00000378","status":1,"claimedTime":1680300199000},{"poolId":253,"poolName":"OP/BUSD","assetRewards":"BUSD","claimAmount":"0.02655018","status":1,"claimedTime":1680300199000},{"poolId":253,"poolName":"OP/BUSD","assetRewards":"OP","claimAmount":"0.0112067","status":1,"claimedTime":1680300199000},{"poolId":253,"poolName":"OP/BUSD","assetRewards":"BUSD","claimAmount":"0.02806366","status":1,"claimedTime":1680204585000},{"poolId":253,"poolName":"OP/BUSD","assetRewards":"OP","claimAmount":"0.01280882","status":1,"claimedTime":1680204585000},{"poolId":253,"poolName":"OP/BUSD","assetRewards":"BNB","claimAmount":"0.00000324","status":1,"claimedTime":1680204585000},{"poolId":253,"poolName":"OP/BUSD","assetRewards":"BUSD","claimAmount":"0.00042033","status":1,"claimedTime":1680128126000},{"poolId":253,"poolName":"OP/BUSD","assetRewards":"BNB","claimAmount":"0.00000016","status":1,"claimedTime":1680128126000},{"poolId":253,"poolName":"OP/BUSD","assetRewards":"OP","claimAmount":"0.00018802","status":1,"claimedTime":1680128126000},{"poolId":253,"poolName":"OP/BUSD","assetRewards":"OP","claimAmount":"0.00433305","status":1,"claimedTime":1680127323000},{"poolId":253,"poolName":"OP/BUSD","assetRewards":"BUSD","claimAmount":"0.00925371","status":1,"claimedTime":1680127323000},{"poolId":253,"poolName":"OP/BUSD","assetRewards":"BNB","claimAmount":"0.00000192","status":1,"claimedTime":1680127323000},{"poolId":253,"poolName":"OP/BUSD","assetRewards":"OP","claimAmount":"0.00636728","status":1,"claimedTime":1680083332000},{"poolId":253,"poolName":"OP/BUSD","assetRewards":"BNB","claimAmount":"0.00000256","status":1,"claimedTime":1680083332000},{"poolId":253,"poolName":"OP/BUSD","assetRewards":"BUSD","claimAmount":"0.01641603","status":1,"claimedTime":1680083332000},{"poolId":253,"poolName":"OP/BUSD","assetRewards":"BNB","claimAmount":"0.00000256","status":1,"claimedTime":1680024083000},{"poolId":253,"poolName":"OP/BUSD","assetRewards":"BUSD","claimAmount":"0.01871156","status":1,"claimedTime":1680024083000},{"poolId":253,"poolName":"OP/BUSD","assetRewards":"OP","claimAmount":"0.0083252","status":1,"claimedTime":1680024083000},{"poolId":253,"poolName":"OP/BUSD","assetRewards":"BNB","claimAmount":"0.00000292","status":1,"claimedTime":1679956293000},{"poolId":253,"poolName":"OP/BUSD","assetRewards":"BUSD","claimAmount":"0.0201535","status":1,"claimedTime":1679956293000},{"poolId":253,"poolName":"OP/BUSD","assetRewards":"OP","claimAmount":"0.01052067","status":1,"claimedTime":1679956293000},{"poolId":253,"poolName":"OP/BUSD","assetRewards":"BNB","claimAmount":"0.0000021","status":1,"claimedTime":1679865874000},{"poolId":253,"poolName":"OP/BUSD","assetRewards":"BNB","claimAmount":"0.0000021","status":1,"claimedTime":1679865874000},{"poolId":253,"poolName":"OP/BUSD","assetRewards":"OP","claimAmount":"0.00379671","status":1,"claimedTime":1679865874000},{"poolId":253,"poolName":"OP/BUSD","assetRewards":"BUSD","claimAmount":"0.00912676","status":1,"claimedTime":1679865874000},{"poolId":253,"poolName":"OP/BUSD","assetRewards":"OP","claimAmount":"0.00381273","status":1,"claimedTime":1679789336000},{"poolId":253,"poolName":"OP/BUSD","assetRewards":"BUSD","claimAmount":"0.00756867","status":1,"claimedTime":1679789336000},{"poolId":253,"poolName":"OP/BUSD","assetRewards":"BNB","claimAmount":"0.00000142","status":1,"claimedTime":1679789336000},{"poolId":253,"poolName":"OP/BUSD","assetRewards":"BUSD","claimAmount":"0.01669203","status":1,"claimedTime":1679744976000},{"poolId":253,"poolName":"OP/BUSD","assetRewards":"BNB","claimAmount":"0.00000254","status":1,"claimedTime":1679744976000},{"poolId":253,"poolName":"OP/BUSD","assetRewards":"OP","claimAmount":"0.00748786","status":1,"claimedTime":1679744976000},{"poolId":253,"poolName":"OP/BUSD","assetRewards":"OP","claimAmount":"0.00519035","status":1,"claimedTime":1679670805000},{"poolId":253,"poolName":"OP/BUSD","assetRewards":"BNB","claimAmount":"0.0000018","status":1,"claimedTime":1679670805000},{"poolId":253,"poolName":"OP/BUSD","assetRewards":"BUSD","claimAmount":"0.01033802","status":1,"claimedTime":1679670805000},{"poolId":253,"poolName":"OP/BUSD","assetRewards":"BNB","claimAmount":"0.0000022","status":1,"claimedTime":1679607873000},{"poolId":253,"poolName":"OP/BUSD","assetRewards":"OP","claimAmount":"0.00837375","status":1,"claimedTime":1679607873000},{"poolId":253,"poolName":"OP/BUSD","assetRewards":"BUSD","claimAmount":"0.02075785","status":1,"claimedTime":1679607873000},{"poolId":253,"poolName":"OP/BUSD","assetRewards":"BUSD","claimAmount":"0.02961613","status":1,"claimedTime":1679529731000},{"poolId":253,"poolName":"OP/BUSD","assetRewards":"BNB","claimAmount":"0.0000011","status":1,"claimedTime":1679529731000},{"poolId":253,"poolName":"OP/BUSD","assetRewards":"OP","claimAmount":"0.01159339","status":1,"claimedTime":1679529731000},{"poolId":253,"poolName":"OP/BUSD","assetRewards":"OP","claimAmount":"0.00566527","status":1,"claimedTime":1679486739000},{"poolId":253,"poolName":"OP/BUSD","assetRewards":"BUSD","claimAmount":"0.01453237","status":1,"claimedTime":1679486739000},{"poolId":253,"poolName":"OP/BUSD","assetRewards":"BNB","claimAmount":"0.00000166","status":1,"claimedTime":1679486739000},{"poolId":253,"poolName":"OP/BUSD","assetRewards":"BUSD","claimAmount":"0.01896457","status":1,"claimedTime":1679431471000},{"poolId":253,"poolName":"OP/BUSD","assetRewards":"BNB","claimAmount":"0.00000099","status":1,"claimedTime":1679431471000},{"poolId":253,"poolName":"OP/BUSD","assetRewards":"OP","claimAmount":"0.0069173","status":1,"claimedTime":1679431471000},{"poolId":253,"poolName":"OP/BUSD","assetRewards":"BNB","claimAmount":"0.00000154","status":1,"claimedTime":1679397961000},{"poolId":253,"poolName":"OP/BUSD","assetRewards":"BUSD","claimAmount":"0.01542041","status":1,"claimedTime":1679397961000},{"poolId":253,"poolName":"OP/BUSD","assetRewards":"OP","claimAmount":"0.00644298","status":1,"claimedTime":1679397961000},{"poolId":253,"poolName":"OP/BUSD","assetRewards":"BUSD","claimAmount":"0.00996887","status":1,"claimedTime":1679348093000},{"poolId":253,"poolName":"OP/BUSD","assetRewards":"OP","claimAmount":"0.00406352","status":1,"claimedTime":1679348093000},{"poolId":253,"poolName":"OP/BUSD","assetRewards":"BNB","claimAmount":"0.00000066","status":1,"claimedTime":1679348093000},{"poolId":253,"poolName":"OP/BUSD","assetRewards":"BUSD","claimAmount":"0.02198871","status":1,"claimedTime":1679324621000},{"poolId":253,"poolName":"OP/BUSD","assetRewards":"OP","claimAmount":"0.00872477","status":1,"claimedTime":1679324621000},{"poolId":253,"poolName":"OP/BUSD","assetRewards":"BNB","claimAmount":"0.00000187","status":1,"claimedTime":1679324621000},{"poolId":253,"poolName":"OP/BUSD","assetRewards":"BNB","claimAmount":"0.00000264","status":1,"claimedTime":1679266674000},{"poolId":253,"poolName":"OP/BUSD","assetRewards":"BUSD","claimAmount":"0.02905888","status":1,"claimedTime":1679266674000},{"poolId":253,"poolName":"OP/BUSD","assetRewards":"OP","claimAmount":"0.01071894","status":1,"claimedTime":1679266674000},{"poolId":253,"poolName":"OP/BUSD","assetRewards":"BNB","claimAmount":"0.00000143","status":1,"claimedTime":1679179653000},{"poolId":253,"poolName":"OP/BUSD","assetRewards":"OP","claimAmount":"0.00889901","status":1,"claimedTime":1679179653000},{"poolId":253,"poolName":"OP/BUSD","assetRewards":"BUSD","claimAmount":"0.02376467","status":1,"claimedTime":1679179653000},{"poolId":253,"poolName":"OP/BUSD","assetRewards":"OP","claimAmount":"0.00095375","status":1,"claimedTime":1679132986000},{"poolId":253,"poolName":"OP/BUSD","assetRewards":"BNB","claimAmount":"0.00000011","status":1,"claimedTime":1679132986000},{"poolId":253,"poolName":"OP/BUSD","assetRewards":"BUSD","claimAmount":"0.00276912","status":1,"claimedTime":1679132986000},{"poolId":253,"poolName":"OP/BUSD","assetRewards":"BNB","claimAmount":"0.00000088","status":1,"claimedTime":1679127016000},{"poolId":253,"poolName":"OP/BUSD","assetRewards":"OP","claimAmount":"0.00650151","status":1,"claimedTime":1679127016000},{"poolId":253,"poolName":"OP/BUSD","assetRewards":"BUSD","claimAmount":"0.02023596","status":1,"claimedTime":1679127016000},{"poolId":253,"poolName":"OP/BUSD","assetRewards":"BUSD","claimAmount":"0.03404856","status":1,"claimedTime":1679098125000},{"poolId":253,"poolName":"OP/BUSD","assetRewards":"BNB","claimAmount":"0.00000198","status":1,"claimedTime":1679098125000},{"poolId":253,"poolName":"OP/BUSD","assetRewards":"OP","claimAmount":"0.01219368","status":1,"claimedTime":1679098125000},{"poolId":253,"poolName":"OP/BUSD","assetRewards":"BNB","claimAmount":"0.00000093","status":1,"claimedTime":1679034534000},{"poolId":253,"poolName":"OP/BUSD","assetRewards":"OP","claimAmount":"0.00540879","status":1,"claimedTime":1679034534000},{"poolId":253,"poolName":"OP/BUSD","assetRewards":"BUSD","claimAmount":"0.01494965","status":1,"claimedTime":1679034534000},{"poolId":253,"poolName":"OP/BUSD","assetRewards":"BNB","claimAmount":"0.00000054","status":1,"claimedTime":1679003407000},{"poolId":253,"poolName":"OP/BUSD","assetRewards":"OP","claimAmount":"0.00408877","status":1,"claimedTime":1679003407000},{"poolId":253,"poolName":"OP/BUSD","assetRewards":"BUSD","claimAmount":"0.00960707","status":1,"claimedTime":1679003407000},{"poolId":253,"poolName":"OP/BUSD","assetRewards":"BNB","claimAmount":"0.00000162","status":1,"claimedTime":1678982193000},{"poolId":253,"poolName":"OP/BUSD","assetRewards":"OP","claimAmount":"0.01151543","status":1,"claimedTime":1678982193000},{"poolId":253,"poolName":"OP/BUSD","assetRewards":"BUSD","claimAmount":"0.02860925","status":1,"claimedTime":1678982193000},{"poolId":253,"poolName":"OP/BUSD","assetRewards":"BUSD","claimAmount":"0.03702676","status":1,"claimedTime":1678916856000},{"poolId":253,"poolName":"OP/BUSD","assetRewards":"OP","claimAmount":"0.01620882","status":1,"claimedTime":1678916856000},{"poolId":253,"poolName":"OP/BUSD","assetRewards":"BNB","claimAmount":"0.00000135","status":1,"claimedTime":1678916856000},{"poolId":253,"poolName":"OP/BUSD","assetRewards":"BNB","claimAmount":"0.00000115","status":1,"claimedTime":1678860650000},{"poolId":253,"poolName":"OP/BUSD","assetRewards":"OP","claimAmount":"0.00866198","status":1,"claimedTime":1678860650000},{"poolId":253,"poolName":"OP/BUSD","assetRewards":"BUSD","claimAmount":"0.02306345","status":1,"claimedTime":1678860650000},{"poolId":253,"poolName":"OP/BUSD","assetRewards":"BUSD","claimAmount":"0.01315981","status":1,"claimedTime":1678801414000},{"poolId":253,"poolName":"OP/BUSD","assetRewards":"OP","claimAmount":"0.00363239","status":1,"claimedTime":1678801414000},{"poolId":253,"poolName":"OP/BUSD","assetRewards":"BNB","claimAmount":"0.00000014","status":1,"claimedTime":1678801414000},{"poolId":253,"poolName":"OP/BUSD","assetRewards":"BUSD","claimAmount":"0.00372037","status":1,"claimedTime":1678798912000},{"poolId":253,"poolName":"OP/BUSD","assetRewards":"OP","claimAmount":"0.00219452","status":1,"claimedTime":1678798912000},{"poolId":253,"poolName":"OP/BUSD","assetRewards":"BNB","claimAmount":"0.00000028","status":1,"claimedTime":1678798912000},{"poolId":253,"poolName":"OP/BUSD","assetRewards":"BUSD","claimAmount":"0.02473296","status":1,"claimedTime":1678791230000},{"poolId":253,"poolName":"OP/BUSD","assetRewards":"BNB","claimAmount":"0.00000171","status":1,"claimedTime":1678791230000},{"poolId":253,"poolName":"OP/BUSD","assetRewards":"OP","claimAmount":"0.00934259","status":1,"claimedTime":1678791230000},{"poolId":253,"poolName":"OP/BUSD","assetRewards":"BNB","claimAmount":"0.00000202","status":1,"claimedTime":1678747598000},{"poolId":253,"poolName":"OP/BUSD","assetRewards":"OP","claimAmount":"0.0265501","status":1,"claimedTime":1678747598000},{"poolId":253,"poolName":"OP/BUSD","assetRewards":"BUSD","claimAmount":"0.07173505","status":1,"claimedTime":1678747598000},{"poolId":253,"poolName":"OP/BUSD","assetRewards":"OP","claimAmount":"0.00130151","status":1,"claimedTime":1678452678000},{"poolId":253,"poolName":"OP/BUSD","assetRewards":"BNB","claimAmount":"0.0000002","status":1,"claimedTime":1678452678000},{"poolId":253,"poolName":"OP/BUSD","assetRewards":"BUSD","claimAmount":"0.00329304","status":1,"claimedTime":1678452678000},{"poolId":253,"poolName":"OP/BUSD","assetRewards":"BUSD","claimAmount":"0.04429567","status":1,"claimedTime":1678449333000},{"poolId":253,"poolName":"OP/BUSD","assetRewards":"OP","claimAmount":"0.02134206","status":1,"claimedTime":1678449333000},{"poolId":253,"poolName":"OP/BUSD","assetRewards":"BNB","claimAmount":"0.00000261","status":1,"claimedTime":1678449333000},{"poolId":253,"poolName":"OP/BUSD","assetRewards":"OP","claimAmount":"0.00466671","status":1,"claimedTime":1678398431000},{"poolId":253,"poolName":"OP/BUSD","assetRewards":"BUSD","claimAmount":"0.00841333","status":1,"claimedTime":1678398431000},{"poolId":253,"poolName":"OP/BUSD","assetRewards":"BNB","claimAmount":"0.00000017","status":1,"claimedTime":1678398431000},{"poolId":253,"poolName":"OP/BUSD","assetRewards":"BNB","claimAmount":"0.00000252","status":1,"claimedTime":1678395635000},{"poolId":253,"poolName":"OP/BUSD","assetRewards":"OP","claimAmount":"0.01073917","status":1,"claimedTime":1678395635000},{"poolId":253,"poolName":"OP/BUSD","assetRewards":"BUSD","claimAmount":"0.02561297","status":1,"claimedTime":1678395635000},{"poolId":253,"poolName":"OP/BUSD","assetRewards":"BUSD","claimAmount":"0.01925271","status":1,"claimedTime":1678319605000},{"poolId":253,"poolName":"OP/BUSD","assetRewards":"OP","claimAmount":"0.00854133","status":1,"claimedTime":1678319605000},{"poolId":253,"poolName":"OP/BUSD","assetRewards":"BNB","claimAmount":"0.00000187","status":1,"claimedTime":1678319605000},{"poolId":253,"poolName":"OP/BUSD","assetRewards":"BNB","claimAmount":"0.00000247","status":1,"claimedTime":1678265557000},{"poolId":253,"poolName":"OP/BUSD","assetRewards":"BUSD","claimAmount":"0.02266311","status":1,"claimedTime":1678265557000},{"poolId":253,"poolName":"OP/BUSD","assetRewards":"OP","claimAmount":"0.01014497","status":1,"claimedTime":1678265557000},{"poolId":253,"poolName":"OP/BUSD","assetRewards":"OP","claimAmount":"0.00741732","status":1,"claimedTime":1678194816000},{"poolId":253,"poolName":"OP/BUSD","assetRewards":"BUSD","claimAmount":"0.01777572","status":1,"claimedTime":1678194816000},{"poolId":253,"poolName":"OP/BUSD","assetRewards":"BNB","claimAmount":"0.00000299","status":1,"claimedTime":1678194816000},{"poolId":253,"poolName":"OP/BUSD","assetRewards":"OP","claimAmount":"0.00065985","status":1,"claimedTime":1678112411000},{"poolId":253,"poolName":"OP/BUSD","assetRewards":"BNB","claimAmount":"0.00000026","status":1,"claimedTime":1678112411000},{"poolId":253,"poolName":"OP/BUSD","assetRewards":"BUSD","claimAmount":"0.00233875","status":1,"claimedTime":1678112411000},{"poolId":253,"poolName":"OP/BUSD","assetRewards":"OP","claimAmount":"0.00478827","status":1,"claimedTime":1678106873000},{"poolId":253,"poolName":"OP/BUSD","assetRewards":"OP","claimAmount":"0.00478827","status":1,"claimedTime":1678106873000},{"poolId":253,"poolName":"OP/BUSD","assetRewards":"BNB","claimAmount":"0.00000183","status":1,"claimedTime":1678106873000},{"poolId":253,"poolName":"OP/BUSD","assetRewards":"BUSD","claimAmount":"0.01128539","status":1,"claimedTime":1678106873000},{"poolId":253,"poolName":"OP/BUSD","assetRewards":"OP","claimAmount":"0.01017404","status":1,"claimedTime":1678054482000},{"poolId":253,"poolName":"OP/BUSD","assetRewards":"BUSD","claimAmount":"0.02625164","status":1,"claimedTime":1678054482000},{"poolId":253,"poolName":"OP/BUSD","assetRewards":"BNB","claimAmount":"0.0000035","status":1,"claimedTime":1678054482000},{"poolId":253,"poolName":"OP/BUSD","assetRewards":"OP","claimAmount":"0.00998444","status":1,"claimedTime":1677964156000},{"poolId":253,"poolName":"OP/BUSD","assetRewards":"BUSD","claimAmount":"0.02186277","status":1,"claimedTime":1677964156000},{"poolId":253,"poolName":"OP/BUSD","assetRewards":"BNB","claimAmount":"0.00000435","status":1,"claimedTime":1677964156000},{"poolId":253,"poolName":"OP/BUSD","assetRewards":"BNB","claimAmount":"0.00000414","status":1,"claimedTime":1677842367000},{"poolId":253,"poolName":"OP/BUSD","assetRewards":"OP","claimAmount":"0.01219104","status":1,"claimedTime":1677842367000},{"poolId":253,"poolName":"OP/BUSD","assetRewards":"BUSD","claimAmount":"0.02958962","status":1,"claimedTime":1677842367000},{"poolId":253,"poolName":"OP/BUSD","assetRewards":"BNB","claimAmount":"0.00000106","status":1,"claimedTime":1677711164000},{"poolId":253,"poolName":"OP/BUSD","assetRewards":"BUSD","claimAmount":"0.00615118","status":1,"claimedTime":1677711164000},{"poolId":253,"poolName":"OP/BUSD","assetRewards":"OP","claimAmount":"0.002428","status":1,"claimedTime":1677711164000},{"poolId":253,"poolName":"OP/BUSD","assetRewards":"BNB","claimAmount":"0.0000014","status":1,"claimedTime":1677673348000},{"poolId":253,"poolName":"OP/BUSD","assetRewards":"OP","claimAmount":"0.00261046","status":1,"claimedTime":1677673348000},{"poolId":253,"poolName":"OP/BUSD","assetRewards":"BUSD","claimAmount":"0.00820717","status":1,"claimedTime":1677673348000},{"poolId":253,"poolName":"OP/BUSD","assetRewards":"BNB","claimAmount":"0.0000011","status":1,"claimedTime":1677622556000},{"poolId":253,"poolName":"OP/BUSD","assetRewards":"BUSD","claimAmount":"0.00874264","status":1,"claimedTime":1677622556000},{"poolId":253,"poolName":"OP/BUSD","assetRewards":"OP","claimAmount":"0.00358032","status":1,"claimedTime":1677622556000},{"poolId":253,"poolName":"OP/BUSD","assetRewards":"OP","claimAmount":"0.01217542","status":1,"claimedTime":1677582731000},{"poolId":253,"poolName":"OP/BUSD","assetRewards":"BNB","claimAmount":"0.00000384","status":1,"claimedTime":1677582731000},{"poolId":253,"poolName":"OP/BUSD","assetRewards":"BUSD","claimAmount":"0.03449499","status":1,"claimedTime":1677582731000},{"poolId":253,"poolName":"OP/BUSD","assetRewards":"BNB","claimAmount":"0.00000248","status":1,"claimedTime":1677444269000},{"poolId":253,"poolName":"OP/BUSD","assetRewards":"OP","claimAmount":"0.01063263","status":1,"claimedTime":1677444269000},{"poolId":253,"poolName":"OP/BUSD","assetRewards":"BUSD","claimAmount":"0.03176262","status":1,"claimedTime":1677444269000},{"poolId":253,"poolName":"OP/BUSD","assetRewards":"BNB","claimAmount":"0.0000003","status":1,"claimedTime":1677347903000},{"poolId":253,"poolName":"OP/BUSD","assetRewards":"BUSD","claimAmount":"0.00415184","status":1,"claimedTime":1677347903000},{"poolId":253,"poolName":"OP/BUSD","assetRewards":"OP","claimAmount":"0.00184982","status":1,"claimedTime":1677347903000},{"poolId":253,"poolName":"OP/BUSD","assetRewards":"BUSD","claimAmount":"0.0302141","status":1,"claimedTime":1677336099000},{"poolId":253,"poolName":"OP/BUSD","assetRewards":"BNB","claimAmount":"0.0000018","status":1,"claimedTime":1677336099000},{"poolId":253,"poolName":"OP/BUSD","assetRewards":"OP","claimAmount":"0.01129038","status":1,"claimedTime":1677336099000},{"poolId":253,"poolName":"OP/BUSD","assetRewards":"BNB","claimAmount":"0.00000219","status":1,"claimedTime":1677270448000},{"poolId":253,"poolName":"OP/BUSD","assetRewards":"OP","claimAmount":"0.02000698","status":1,"claimedTime":1677270448000},{"poolId":253,"poolName":"OP/BUSD","assetRewards":"BUSD","claimAmount":"0.06531131","status":1,"claimedTime":1677270448000},{"poolId":253,"poolName":"OP/BUSD","assetRewards":"BUSD","claimAmount":"0.06617056","status":1,"claimedTime":1677188596000},{"poolId":253,"poolName":"OP/BUSD","assetRewards":"BNB","claimAmount":"0.00000201","status":1,"claimedTime":1677188596000},{"poolId":253,"poolName":"OP/BUSD","assetRewards":"OP","claimAmount":"0.0228471","status":1,"claimedTime":1677188596000},{"poolId":253,"poolName":"OP/BUSD","assetRewards":"OP","claimAmount":"0.01578025","status":1,"claimedTime":1677108209000},{"poolId":253,"poolName":"OP/BUSD","assetRewards":"BUSD","claimAmount":"0.04601248","status":1,"claimedTime":1677108209000},{"poolId":253,"poolName":"OP/BUSD","assetRewards":"BNB","claimAmount":"0.00000135","status":1,"claimedTime":1677108209000},{"poolId":253,"poolName":"OP/BUSD","assetRewards":"BUSD","claimAmount":"0.05302436","status":1,"claimedTime":1677062363000},{"poolId":253,"poolName":"OP/BUSD","assetRewards":"BNB","claimAmount":"0.00000405","status":1,"claimedTime":1677062363000},{"poolId":253,"poolName":"OP/BUSD","assetRewards":"OP","claimAmount":"0.02283669","status":1,"claimedTime":1677062363000},{"poolId":253,"poolName":"OP/BUSD","assetRewards":"OP","claimAmount":"0.00508423","status":1,"claimedTime":1676930328000},{"poolId":253,"poolName":"OP/BUSD","assetRewards":"BUSD","claimAmount":"0.0121964","status":1,"claimedTime":1676930328000},{"poolId":253,"poolName":"OP/BUSD","assetRewards":"BNB","claimAmount":"0.00000121","status":1,"claimedTime":1676930328000},{"poolId":253,"poolName":"OP/BUSD","assetRewards":"BNB","claimAmount":"0.00000132","status":1,"claimedTime":1676890272000},{"poolId":253,"poolName":"OP/BUSD","assetRewards":"BUSD","claimAmount":"0.01696784","status":1,"claimedTime":1676890272000},{"poolId":253,"poolName":"OP/BUSD","assetRewards":"OP","claimAmount":"0.00639287","status":1,"claimedTime":1676890272000},{"poolId":253,"poolName":"OP/BUSD","assetRewards":"OP","claimAmount":"0.01275057","status":1,"claimedTime":1676845593000},{"poolId":253,"poolName":"OP/BUSD","assetRewards":"BNB","claimAmount":"0.00000253","status":1,"claimedTime":1676845593000},{"poolId":253,"poolName":"OP/BUSD","assetRewards":"BUSD","claimAmount":"0.03260419","status":1,"claimedTime":1676845593000},{"poolId":253,"poolName":"OP/BUSD","assetRewards":"BUSD","claimAmount":"0.03848055","status":1,"claimedTime":1676762014000},{"poolId":253,"poolName":"OP/BUSD","assetRewards":"BNB","claimAmount":"0.00000319","status":1,"claimedTime":1676762014000},{"poolId":253,"poolName":"OP/BUSD","assetRewards":"OP","claimAmount":"0.01402132","status":1,"claimedTime":1676762014000},{"poolId":253,"poolName":"OP/BUSD","assetRewards":"BNB","claimAmount":"0.00000232","status":1,"claimedTime":1676660246000},{"poolId":253,"poolName":"OP/BUSD","assetRewards":"OP","claimAmount":"0.01931063","status":1,"claimedTime":1676660246000},{"poolId":253,"poolName":"OP/BUSD","assetRewards":"BUSD","claimAmount":"0.05385005","status":1,"claimedTime":1676660246000},{"poolId":253,"poolName":"OP/BUSD","assetRewards":"OP","claimAmount":"0.02461309","status":1,"claimedTime":1676586804000},{"poolId":253,"poolName":"OP/BUSD","assetRewards":"BUSD","claimAmount":"0.07025628","status":1,"claimedTime":1676586804000},{"poolId":253,"poolName":"OP/BUSD","assetRewards":"BNB","claimAmount":"0.00000276","status":1,"claimedTime":1676586804000},{"poolId":253,"poolName":"OP/BUSD","assetRewards":"OP","claimAmount":"0.02115573","status":1,"claimedTime":1676503580000},{"poolId":253,"poolName":"OP/BUSD","assetRewards":"BNB","claimAmount":"0.00000312","status":1,"claimedTime":1676503580000},{"poolId":253,"poolName":"OP/BUSD","assetRewards":"BUSD","claimAmount":"0.06059533","status":1,"claimedTime":1676503580000},{"poolId":253,"poolName":"OP/BUSD","assetRewards":"BUSD","claimAmount":"0.04373501","status":1,"claimedTime":1676409350000},{"poolId":253,"poolName":"OP/BUSD","assetRewards":"OP","claimAmount":"0.0169068","status":1,"claimedTime":1676409350000},{"poolId":253,"poolName":"OP/BUSD","assetRewards":"BNB","claimAmount":"0.00000138","status":1,"claimedTime":1676409350000},{"poolId":253,"poolName":"OP/BUSD","assetRewards":"BUSD","claimAmount":"0.00794971","status":1,"claimedTime":1676368488000},{"poolId":253,"poolName":"OP/BUSD","assetRewards":"BNB","claimAmount":"0.0000011","status":1,"claimedTime":1676368488000},{"poolId":253,"poolName":"OP/BUSD","assetRewards":"OP","claimAmount":"0.00365018","status":1,"claimedTime":1676368488000},{"poolId":253,"poolName":"OP/BUSD","assetRewards":"OP","claimAmount":"0.0080523","status":1,"claimedTime":1676330935000},{"poolId":253,"poolName":"OP/BUSD","assetRewards":"BNB","claimAmount":"0.00000118","status":1,"claimedTime":1676330935000},{"poolId":253,"poolName":"OP/BUSD","assetRewards":"BUSD","claimAmount":"0.01786092","status":1,"claimedTime":1676330935000},{"poolId":253,"poolName":"OP/BUSD","assetRewards":"BUSD","claimAmount":"0.00204313","status":1,"claimedTime":1676290099000},{"poolId":253,"poolName":"OP/BUSD","assetRewards":"BNB","claimAmount":"0.0000001","status":1,"claimedTime":1676290099000},{"poolId":253,"poolName":"OP/BUSD","assetRewards":"OP","claimAmount":"0.00069904","status":1,"claimedTime":1676290099000},{"poolId":253,"poolName":"OP/BUSD","assetRewards":"BUSD","claimAmount":"0.02233317","status":1,"claimedTime":1676289186000},{"poolId":253,"poolName":"OP/BUSD","assetRewards":"OP","claimAmount":"0.01117148","status":1,"claimedTime":1676289186000},{"poolId":253,"poolName":"OP/BUSD","assetRewards":"BNB","claimAmount":"0.00000119","status":1,"claimedTime":1676289186000},{"poolId":253,"poolName":"OP/BUSD","assetRewards":"BUSD","claimAmount":"0.01037129","status":1,"claimedTime":1676240410000},{"poolId":253,"poolName":"OP/BUSD","assetRewards":"BNB","claimAmount":"0.00000081","status":1,"claimedTime":1676240410000},{"poolId":253,"poolName":"OP/BUSD","assetRewards":"OP","claimAmount":"0.00490603","status":1,"claimedTime":1676240410000},{"poolId":253,"poolName":"OP/BUSD","assetRewards":"OP","claimAmount":"0.00489263","status":1,"claimedTime":1676210483000},{"poolId":253,"poolName":"OP/BUSD","assetRewards":"BNB","claimAmount":"0.00000385","status":1,"claimedTime":1676210483000},{"poolId":253,"poolName":"OP/BUSD","assetRewards":"BUSD","claimAmount":"0.01242161","status":1,"claimedTime":1676210483000},{"poolId":253,"poolName":"OP/BUSD","assetRewards":"OP","claimAmount":"0.00599648","status":1,"claimedTime":1676157114000},{"poolId":253,"poolName":"OP/BUSD","assetRewards":"BNB","claimAmount":"0.00000499","status":1,"claimedTime":1676157114000},{"poolId":253,"poolName":"OP/BUSD","assetRewards":"BUSD","claimAmount":"0.01507327","status":1,"claimedTime":1676157114000},{"poolId":253,"poolName":"OP/BUSD","assetRewards":"BUSD","claimAmount":"0.0011171","status":1,"claimedTime":1676117936000},{"poolId":253,"poolName":"OP/BUSD","assetRewards":"BNB","claimAmount":"0.00000092","status":1,"claimedTime":1676117936000},{"poolId":253,"poolName":"OP/BUSD","assetRewards":"OP","claimAmount":"0.00050511","status":1,"claimedTime":1676117936000},{"poolId":253,"poolName":"OP/BUSD","assetRewards":"BNB","claimAmount":"0.00000467","status":1,"claimedTime":1676112178000},{"poolId":253,"poolName":"OP/BUSD","assetRewards":"OP","claimAmount":"0.00486421","status":1,"claimedTime":1676112178000},{"poolId":253,"poolName":"OP/BUSD","assetRewards":"BUSD","claimAmount":"0.01013613","status":1,"claimedTime":1676112178000},{"poolId":253,"poolName":"OP/BUSD","assetRewards":"OP","claimAmount":"0.03174523","status":1,"claimedTime":1676075602000},{"poolId":253,"poolName":"OP/BUSD","assetRewards":"BNB","claimAmount":"0.00001468","status":1,"claimedTime":1676075602000},{"poolId":253,"poolName":"OP/BUSD","assetRewards":"BUSD","claimAmount":"0.07125975","status":1,"claimedTime":1676075602000},{"poolId":253,"poolName":"OP/BUSD","assetRewards":"BNB","claimAmount":"0.00000511","status":1,"claimedTime":1675969284000},{"poolId":253,"poolName":"OP/BUSD","assetRewards":"BNB","claimAmount":"0.00000511","status":1,"claimedTime":1675969284000},{"poolId":253,"poolName":"OP/BUSD","assetRewards":"OP","claimAmount":"0.00942933","status":1,"claimedTime":1675969284000},{"poolId":253,"poolName":"OP/BUSD","assetRewards":"BUSD","claimAmount":"0.02369892","status":1,"claimedTime":1675969284000},{"poolId":253,"poolName":"OP/BUSD","assetRewards":"BUSD","claimAmount":"0.02885406","status":1,"claimedTime":1675932229000},{"poolId":253,"poolName":"OP/BUSD","assetRewards":"BNB","claimAmount":"0.00000502","status":1,"claimedTime":1675932229000},{"poolId":253,"poolName":"OP/BUSD","assetRewards":"OP","claimAmount":"0.01111752","status":1,"claimedTime":1675932229000},{"poolId":253,"poolName":"OP/BUSD","assetRewards":"OP","claimAmount":"0.00896044","status":1,"claimedTime":1675895226000},{"poolId":253,"poolName":"OP/BUSD","assetRewards":"BUSD","claimAmount":"0.02062672","status":1,"claimedTime":1675895226000},{"poolId":253,"poolName":"OP/BUSD","assetRewards":"BNB","claimAmount":"0.00000353","status":1,"claimedTime":1675895226000},{"poolId":253,"poolName":"OP/BUSD","assetRewards":"OP","claimAmount":"0.00121282","status":1,"claimedTime":1675869453000},{"poolId":253,"poolName":"OP/BUSD","assetRewards":"BNB","claimAmount":"0.0000005","status":1,"claimedTime":1675869453000},{"poolId":253,"poolName":"OP/BUSD","assetRewards":"BUSD","claimAmount":"0.00315424","status":1,"claimedTime":1675869453000},{"poolId":253,"poolName":"OP/BUSD","assetRewards":"BUSD","claimAmount":"0.02988263","status":1,"claimedTime":1675868491000},{"poolId":253,"poolName":"OP/BUSD","assetRewards":"BNB","claimAmount":"0.00000756","status":1,"claimedTime":1675868491000},{"poolId":253,"poolName":"OP/BUSD","assetRewards":"OP","claimAmount":"0.00972737","status":1,"claimedTime":1675868491000},{"poolId":253,"poolName":"OP/BUSD","assetRewards":"BUSD","claimAmount":"0.02777479","status":1,"claimedTime":1675813857000},{"poolId":253,"poolName":"OP/BUSD","assetRewards":"OP","claimAmount":"0.00934604","status":1,"claimedTime":1675813857000},{"poolId":253,"poolName":"OP/BUSD","assetRewards":"BNB","claimAmount":"0.00000431","status":1,"claimedTime":1675813857000},{"poolId":253,"poolName":"OP/BUSD","assetRewards":"BNB","claimAmount":"0.00000972","status":1,"claimedTime":1675782460000},{"poolId":253,"poolName":"OP/BUSD","assetRewards":"BUSD","claimAmount":"0.04246796","status":1,"claimedTime":1675782460000},{"poolId":253,"poolName":"OP/BUSD","assetRewards":"OP","claimAmount":"0.01543077","status":1,"claimedTime":1675782460000},{"poolId":253,"poolName":"OP/BUSD","assetRewards":"BNB","claimAmount":"0.00001409","status":1,"claimedTime":1675721101000},{"poolId":253,"poolName":"OP/BUSD","assetRewards":"BUSD","claimAmount":"0.06386921","status":1,"claimedTime":1675721101000},{"poolId":253,"poolName":"OP/BUSD","assetRewards":"OP","claimAmount":"0.02152395","status":1,"claimedTime":1675721101000},{"poolId":253,"poolName":"OP/BUSD","assetRewards":"BNB","claimAmount":"0.00000614","status":1,"claimedTime":1675635994000},{"poolId":253,"poolName":"OP/BUSD","assetRewards":"OP","claimAmount":"0.01426063","status":1,"claimedTime":1675635994000},{"poolId":253,"poolName":"OP/BUSD","assetRewards":"BUSD","claimAmount":"0.04102436","status":1,"claimedTime":1675635994000},{"poolId":253,"poolName":"OP/BUSD","assetRewards":"OP","claimAmount":"0.00554532","status":1,"claimedTime":1675596697000},{"poolId":253,"poolName":"OP/BUSD","assetRewards":"BNB","claimAmount":"0.00000563","status":1,"claimedTime":1675596697000},{"poolId":253,"poolName":"OP/BUSD","assetRewards":"BUSD","claimAmount":"0.01586559","status":1,"claimedTime":1675596697000},{"poolId":253,"poolName":"OP/BUSD","assetRewards":"BNB","claimAmount":"0.00001953","status":1,"claimedTime":1675552856000},{"poolId":253,"poolName":"OP/BUSD","assetRewards":"OP","claimAmount":"0.0370945","status":1,"claimedTime":1675552856000},{"poolId":253,"poolName":"OP/BUSD","assetRewards":"BUSD","claimAmount":"0.11488607","status":1,"claimedTime":1675552856000},{"poolId":253,"poolName":"OP/BUSD","assetRewards":"BNB","claimAmount":"0.00000812","status":1,"claimedTime":1675429414000},{"poolId":253,"poolName":"OP/BUSD","assetRewards":"OP","claimAmount":"0.01221562","status":1,"claimedTime":1675429414000},{"poolId":253,"poolName":"OP/BUSD","assetRewards":"BUSD","claimAmount":"0.03569498","status":1,"claimedTime":1675429414000},{"poolId":253,"poolName":"OP/BUSD","assetRewards":"BUSD","claimAmount":"0.04729297","status":1,"claimedTime":1675380625000},{"poolId":253,"poolName":"OP/BUSD","assetRewards":"BNB","claimAmount":"0.00000541","status":1,"claimedTime":1675380625000},{"poolId":253,"poolName":"OP/BUSD","assetRewards":"OP","claimAmount":"0.01481067","status":1,"claimedTime":1675380625000},{"poolId":253,"poolName":"OP/BUSD","assetRewards":"OP","claimAmount":"0.00213062","status":1,"claimedTime":1675347928000},{"poolId":253,"poolName":"OP/BUSD","assetRewards":"BUSD","claimAmount":"0.00541364","status":1,"claimedTime":1675347928000},{"poolId":253,"poolName":"OP/BUSD","assetRewards":"BNB","claimAmount":"0.00000126","status":1,"claimedTime":1675347928000},{"poolId":253,"poolName":"OP/BUSD","assetRewards":"OP","claimAmount":"0.01640932","status":1,"claimedTime":1675341501000},{"poolId":253,"poolName":"OP/BUSD","assetRewards":"BUSD","claimAmount":"0.0470903","status":1,"claimedTime":1675341501000},{"poolId":253,"poolName":"OP/BUSD","assetRewards":"BNB","claimAmount":"0.00000916","status":1,"claimedTime":1675341501000},{"poolId":253,"poolName":"OP/BUSD","assetRewards":"OP","claimAmount":"0.02232036","status":1,"claimedTime":1675293138000},{"poolId":253,"poolName":"OP/BUSD","assetRewards":"BNB","claimAmount":"0.00000476","status":1,"claimedTime":1675293138000},{"poolId":253,"poolName":"OP/BUSD","assetRewards":"BUSD","claimAmount":"0.07246374","status":1,"claimedTime":1675293138000}]
