[{"operationId":7272221,"poolId":253,"poolName":"OP/BUSD","operation":"ADD","status":1,"updateTime":1683370489000,"shareAmount":"33.96524412","liquidityAmount":[{"asset":"OP","amount":"24.89054644"},{"asset":"BUSD","amount":"46.3484893"}]},{"operationId":4986866,"poolId":253,"poolName":"OP/BUSD","operation":"REMOVE","status":1,"updateTime":1683370383000,"shareAmount":"33.37769401","liquidityAmount":[{"asset":"OP","amount":"24.46654757"},{"asset":"BUSD","amount":"45.53449246"}]},{"operationId":7103649,"poolId":253,"poolName":"OP/BUSD","operation":"ADD","status":1,"updateTime":1678823987000,"shareAmount":"33.37769401","liquidityAmount":[{"asset":"OP","amount":"20.07912412"},{"asset":"BUSD","amount":"55.48408125"}]},{"operationId":4823681,"poolId":253,"poolName":"OP/BUSD","operation":"REMOVE","status":1,"updateTime":1678801429000,"shareAmount":"33.58684723","liquidityAmount":[{"asset":"OP","amount":"20.03726186"},{"asset":"BUSD","amount":"56.29899068"}]},{"operationId":7097384,"poolId":253,"poolName":"OP/BUSD","operation":"ADD","status":1,"updateTime":1678700767000,"shareAmount":"33.58684723","liquidityAmount":[{"asset":"OP","amount":"22.24379494"},{"asset":"BUSD","amount":"50.7142605"}]},{"operationId":4812244,"poolId":253,"poolName":"OP/BUSD","operation":"REMOVE","status":1,"updateTime":1678452716000,"shareAmount":"30.84206574","liquidityAmount":[{"asset":"OP","amount":"21.7009116"},{"asset":"BUSD","amount":"43.83383184"}]},{"operationId":6975218,"poolId":253,"poolName":"OP/BUSD","operation":"ADD","status":1,"updateTime":1675553329000,"shareAmount":"30.84206574","liquidityAmount":[{"asset":"OP","amount":"17.71221743"},{"asset":"BUSD","amount":"53.7049582"}]},{"operationId":4716192,"poolId":253,"poolName":"OP/BUSD","operation":"REMOVE","status":1,"updateTime":1675553251000,"shareAmount":"30.68291651","liquidityAmount":[{"asset":"OP","amount":"17.60679221"},{"asset":"BUSD","amount":"53.47040065"}]},{"operationId":6957192,"poolId":253,"poolName":"OP/BUSD","operation":"ADD","status":1,"updateTime":1675277292000,"shareAmount":"30.68291651","liquidityAmount":[{"asset":"OP","amount":"20.90045498"},{"asset":"BUSD","amount":"45.04410054"}]}]
