[{"poolId":260,"poolName":"CRV/USDT","assetRewards":"CRV","claimAmount":"0.00373","status":1,"claimedTime":1686000848000},{"poolId":260,"poolName":"CRV/USDT","assetRewards":"USDT","claimAmount":"0.0028159","status":1,"claimedTime":1686000848000},{"poolId":260,"poolName":"CRV/USDT","assetRewards":"BNB","claimAmount":"0.00000214","status":1,"claimedTime":1686000848000},{"poolId":260,"poolName":"CRV/USDT","assetRewards":"BNB","claimAmount":"0.00001226","status":1,"claimedTime":1685985812000},{"poolId":260,"poolName":"CRV/USDT","assetRewards":"CRV","claimAmount":"0.01905394","status":1,"claimedTime":1685985812000},{"poolId":260,"poolName":"CRV/USDT","assetRewards":"USDT","claimAmount":"0.01244722","status":1,"claimedTime":1685985812000},{"poolId":260,"poolName":"CRV/USDT","assetRewards":"CRV","claimAmount":"0.01166836","status":1,"claimedTime":1685904929000},{"poolId":260,"poolName":"CRV/USDT","assetRewards":"USDT","claimAmount":"0.01024711","status":1,"claimedTime":1685904929000},{"poolId":260,"poolName":"CRV/USDT","assetRewards":"BNB","claimAmount":"0.00002528","status":1,"claimedTime":1685904929000},{"poolId":260,"poolName":"CRV/USDT","assetRewards":"BNB","claimAmount":"0.00002632","status":1,"claimedTime":1685735343000},{"poolId":260,"poolName":"CRV/USDT","assetRewards":"USDT","claimAmount":"0.01576136","status":1,"claimedTime":1685735343000},{"poolId":260,"poolName":"CRV/USDT","assetRewards":"CRV","claimAmount":"0.0172259","status":1,"claimedTime":1685735343000},{"poolId":260,"poolName":"CRV/USDT","assetRewards":"BNB","claimAmount":"0.00001113","status":1,"claimedTime":1685556359000},{"poolId":260,"poolName":"CRV/USDT","assetRewards":"USDT","claimAmount":"0.00547461","status":1,"claimedTime":1685556359000},{"poolId":260,"poolName":"CRV/USDT","assetRewards":"CRV","claimAmount":"0.00755087","status":1,"claimedTime":1685556359000},{"poolId":260,"poolName":"CRV/USDT","assetRewards":"CRV","claimAmount":"0.00494143","status":1,"claimedTime":1685483670000},{"poolId":260,"poolName":"CRV/USDT","assetRewards":"BNB","claimAmount":"0.00000477","status":1,"claimedTime":1685483670000},{"poolId":260,"poolName":"CRV/USDT","assetRewards":"USDT","claimAmount":"0.00316981","status":1,"claimedTime":1685483670000},{"poolId":260,"poolName":"CRV/USDT","assetRewards":"BNB","claimAmount":"0.00001272","status":1,"claimedTime":1685451525000},{"poolId":260,"poolName":"CRV/USDT","assetRewards":"CRV","claimAmount":"0.00683279","status":1,"claimedTime":1685451525000},{"poolId":260,"poolName":"CRV/USDT","assetRewards":"USDT","claimAmount":"0.00605158","status":1,"claimedTime":1685451525000},{"poolId":260,"poolName":"CRV/USDT","assetRewards":"CRV","claimAmount":"0.00901035","status":1,"claimedTime":1685365008000},{"poolId":260,"poolName":"CRV/USDT","assetRewards":"BNB","claimAmount":"0.00001484","status":1,"claimedTime":1685365008000},{"poolId":260,"poolName":"CRV/USDT","assetRewards":"USDT","claimAmount":"0.00779788","status":1,"claimedTime":1685365008000},{"poolId":260,"poolName":"CRV/USDT","assetRewards":"CRV","claimAmount":"0.00224877","status":1,"claimedTime":1685260935000},{"poolId":260,"poolName":"CRV/USDT","assetRewards":"BNB","claimAmount":"0.00000605","status":1,"claimedTime":1685260935000},{"poolId":260,"poolName":"CRV/USDT","assetRewards":"USDT","claimAmount":"0.0020049","status":1,"claimedTime":1685260935000},{"poolId":260,"poolName":"CRV/USDT","assetRewards":"USDT","claimAmount":"0.00368287","status":1,"claimedTime":1685176600000},{"poolId":260,"poolName":"CRV/USDT","assetRewards":"BNB","claimAmount":"0.00000576","status":1,"claimedTime":1685176600000},{"poolId":260,"poolName":"CRV/USDT","assetRewards":"CRV","claimAmount":"0.0040024","status":1,"claimedTime":1685176600000},{"poolId":260,"poolName":"CRV/USDT","assetRewards":"USDT","claimAmount":"0.00277864","status":1,"claimedTime":1685091462000},{"poolId":260,"poolName":"CRV/USDT","assetRewards":"BNB","claimAmount":"0.00000672","status":1,"claimedTime":1685091462000},{"poolId":260,"poolName":"CRV/USDT","assetRewards":"CRV","claimAmount":"0.00305164","status":1,"claimedTime":1685091462000},{"poolId":260,"poolName":"CRV/USDT","assetRewards":"BNB","claimAmount":"0.00000163","status":1,"claimedTime":1684989641000},{"poolId":260,"poolName":"CRV/USDT","assetRewards":"CRV","claimAmount":"0.00137437","status":1,"claimedTime":1684989641000},{"poolId":260,"poolName":"CRV/USDT","assetRewards":"USDT","claimAmount":"0.00107448","status":1,"claimedTime":1684989641000},{"poolId":260,"poolName":"CRV/USDT","assetRewards":"CRV","claimAmount":"0.00344369","status":1,"claimedTime":1684963285000},{"poolId":260,"poolName":"CRV/USDT","assetRewards":"USDT","claimAmount":"0.00264276","status":1,"claimedTime":1684963285000},{"poolId":260,"poolName":"CRV/USDT","assetRewards":"BNB","claimAmount":"0.00000207","status":1,"claimedTime":1684963285000},{"poolId":260,"poolName":"CRV/USDT","assetRewards":"USDT","claimAmount":"0.00497046","status":1,"claimedTime":1684931951000},{"poolId":260,"poolName":"CRV/USDT","assetRewards":"BNB","claimAmount":"0.00000667","status":1,"claimedTime":1684931951000},{"poolId":260,"poolName":"CRV/USDT","assetRewards":"CRV","claimAmount":"0.00613332","status":1,"claimedTime":1684931951000},{"poolId":260,"poolName":"CRV/USDT","assetRewards":"BNB","claimAmount":"0.0000053","status":1,"claimedTime":1684828045000},{"poolId":260,"poolName":"CRV/USDT","assetRewards":"USDT","claimAmount":"0.0040484","status":1,"claimedTime":1684828045000},{"poolId":260,"poolName":"CRV/USDT","assetRewards":"CRV","claimAmount":"0.00426675","status":1,"claimedTime":1684828045000},{"poolId":260,"poolName":"CRV/USDT","assetRewards":"BNB","claimAmount":"0.00000576","status":1,"claimedTime":1684745220000},{"poolId":260,"poolName":"CRV/USDT","assetRewards":"USDT","claimAmount":"0.00388829","status":1,"claimedTime":1684745220000},{"poolId":260,"poolName":"CRV/USDT","assetRewards":"CRV","claimAmount":"0.00434378","status":1,"claimedTime":1684745220000},{"poolId":260,"poolName":"CRV/USDT","assetRewards":"BNB","claimAmount":"0.00000264","status":1,"claimedTime":1684658716000},{"poolId":260,"poolName":"CRV/USDT","assetRewards":"USDT","claimAmount":"0.00050873","status":1,"claimedTime":1684658716000},{"poolId":260,"poolName":"CRV/USDT","assetRewards":"CRV","claimAmount":"0.00071769","status":1,"claimedTime":1684658716000},{"poolId":260,"poolName":"CRV/USDT","assetRewards":"BNB","claimAmount":"0.00000312","status":1,"claimedTime":1684617421000},{"poolId":260,"poolName":"CRV/USDT","assetRewards":"USDT","claimAmount":"0.00096861","status":1,"claimedTime":1684617421000},{"poolId":260,"poolName":"CRV/USDT","assetRewards":"CRV","claimAmount":"0.00098072","status":1,"claimedTime":1684617421000},{"poolId":260,"poolName":"CRV/USDT","assetRewards":"USDT","claimAmount":"0.00196945","status":1,"claimedTime":1684570840000},{"poolId":260,"poolName":"CRV/USDT","assetRewards":"BNB","claimAmount":"0.00000432","status":1,"claimedTime":1684570840000},{"poolId":260,"poolName":"CRV/USDT","assetRewards":"CRV","claimAmount":"0.0023247","status":1,"claimedTime":1684570840000},{"poolId":260,"poolName":"CRV/USDT","assetRewards":"USDT","claimAmount":"0.00360348","status":1,"claimedTime":1684507388000},{"poolId":260,"poolName":"CRV/USDT","assetRewards":"CRV","claimAmount":"0.00456686","status":1,"claimedTime":1684507388000},{"poolId":260,"poolName":"CRV/USDT","assetRewards":"BNB","claimAmount":"0.00000648","status":1,"claimedTime":1684507388000},{"poolId":260,"poolName":"CRV/USDT","assetRewards":"CRV","claimAmount":"0.00503955","status":1,"claimedTime":1684407951000},{"poolId":260,"poolName":"CRV/USDT","assetRewards":"BNB","claimAmount":"0.000006","status":1,"claimedTime":1684407951000},{"poolId":260,"poolName":"CRV/USDT","assetRewards":"USDT","claimAmount":"0.00437787","status":1,"claimedTime":1684407951000},{"poolId":260,"poolName":"CRV/USDT","assetRewards":"CRV","claimAmount":"0.00299585","status":1,"claimedTime":1684318513000},{"poolId":260,"poolName":"CRV/USDT","assetRewards":"BNB","claimAmount":"0.00000432","status":1,"claimedTime":1684318513000},{"poolId":260,"poolName":"CRV/USDT","assetRewards":"USDT","claimAmount":"0.00236238","status":1,"claimedTime":1684318513000},{"poolId":260,"poolName":"CRV/USDT","assetRewards":"BNB","claimAmount":"0.00000504","status":1,"claimedTime":1684253184000},{"poolId":260,"poolName":"CRV/USDT","assetRewards":"CRV","claimAmount":"0.0039498","status":1,"claimedTime":1684253184000},{"poolId":260,"poolName":"CRV/USDT","assetRewards":"USDT","claimAmount":"0.00326157","status":1,"claimedTime":1684253184000},{"poolId":260,"poolName":"CRV/USDT","assetRewards":"CRV","claimAmount":"0.00137192","status":1,"claimedTime":1684180513000},{"poolId":260,"poolName":"CRV/USDT","assetRewards":"USDT","claimAmount":"0.00135253","status":1,"claimedTime":1684180513000},{"poolId":260,"poolName":"CRV/USDT","assetRewards":"BNB","claimAmount":"0.00000144","status":1,"claimedTime":1684180513000},{"poolId":260,"poolName":"CRV/USDT","assetRewards":"USDT","claimAmount":"0.00416989","status":1,"claimedTime":1684157653000},{"poolId":260,"poolName":"CRV/USDT","assetRewards":"BNB","claimAmount":"0.00000556","status":1,"claimedTime":1684157653000},{"poolId":260,"poolName":"CRV/USDT","assetRewards":"CRV","claimAmount":"0.00487781","status":1,"claimedTime":1684157653000},{"poolId":260,"poolName":"CRV/USDT","assetRewards":"USDT","claimAmount":"0.00056279","status":1,"claimedTime":1684070017000},{"poolId":260,"poolName":"CRV/USDT","assetRewards":"CRV","claimAmount":"0.00056767","status":1,"claimedTime":1684070017000},{"poolId":260,"poolName":"CRV/USDT","assetRewards":"BNB","claimAmount":"0.00000115","status":1,"claimedTime":1684070017000},{"poolId":260,"poolName":"CRV/USDT","assetRewards":"BNB","claimAmount":"0.00000552","status":1,"claimedTime":1684053898000},{"poolId":260,"poolName":"CRV/USDT","assetRewards":"USDT","claimAmount":"0.00241215","status":1,"claimedTime":1684053898000},{"poolId":260,"poolName":"CRV/USDT","assetRewards":"CRV","claimAmount":"0.00335977","status":1,"claimedTime":1684053898000},{"poolId":260,"poolName":"CRV/USDT","assetRewards":"CRV","claimAmount":"0.00152001","status":1,"claimedTime":1683966128000},{"poolId":260,"poolName":"CRV/USDT","assetRewards":"USDT","claimAmount":"0.00159437","status":1,"claimedTime":1683966128000},{"poolId":260,"poolName":"CRV/USDT","assetRewards":"BNB","claimAmount":"0.00000253","status":1,"claimedTime":1683966128000},{"poolId":260,"poolName":"CRV/USDT","assetRewards":"CRV","claimAmount":"0.0030635","status":1,"claimedTime":1683926079000},{"poolId":260,"poolName":"CRV/USDT","assetRewards":"BNB","claimAmount":"0.00000184","status":1,"claimedTime":1683926079000},{"poolId":260,"poolName":"CRV/USDT","assetRewards":"USDT","claimAmount":"0.00241666","status":1,"claimedTime":1683926079000},{"poolId":260,"poolName":"CRV/USDT","assetRewards":"USDT","claimAmount":"0.00111927","status":1,"claimedTime":1683896618000},{"poolId":260,"poolName":"CRV/USDT","assetRewards":"BNB","claimAmount":"0.00000115","status":1,"claimedTime":1683896618000},{"poolId":260,"poolName":"CRV/USDT","assetRewards":"CRV","claimAmount":"0.00115526","status":1,"claimedTime":1683896618000},{"poolId":260,"poolName":"CRV/USDT","assetRewards":"USDT","claimAmount":"0.00498847","status":1,"claimedTime":1683881667000},{"poolId":260,"poolName":"CRV/USDT","assetRewards":"CRV","claimAmount":"0.00685648","status":1,"claimedTime":1683881667000},{"poolId":260,"poolName":"CRV/USDT","assetRewards":"BNB","claimAmount":"0.00000368","status":1,"claimedTime":1683881667000},{"poolId":260,"poolName":"CRV/USDT","assetRewards":"USDT","claimAmount":"0.0046057","status":1,"claimedTime":1683822494000},{"poolId":260,"poolName":"CRV/USDT","assetRewards":"CRV","claimAmount":"0.00654056","status":1,"claimedTime":1683822494000},{"poolId":260,"poolName":"CRV/USDT","assetRewards":"BNB","claimAmount":"0.00000437","status":1,"claimedTime":1683822494000},{"poolId":260,"poolName":"CRV/USDT","assetRewards":"USDT","claimAmount":"0.00951978","status":1,"claimedTime":1683755422000},{"poolId":260,"poolName":"CRV/USDT","assetRewards":"BNB","claimAmount":"0.00000573","status":1,"claimedTime":1683755422000},{"poolId":260,"poolName":"CRV/USDT","assetRewards":"CRV","claimAmount":"0.00992583","status":1,"claimedTime":1683755422000},{"poolId":260,"poolName":"CRV/USDT","assetRewards":"BNB","claimAmount":"0.00000529","status":1,"claimedTime":1683662842000},{"poolId":260,"poolName":"CRV/USDT","assetRewards":"BNB","claimAmount":"0.00000529","status":1,"claimedTime":1683662842000},{"poolId":260,"poolName":"CRV/USDT","assetRewards":"USDT","claimAmount":"0.00393824","status":1,"claimedTime":1683662842000},{"poolId":260,"poolName":"CRV/USDT","assetRewards":"CRV","claimAmount":"0.00449177","status":1,"claimedTime":1683662842000},{"poolId":260,"poolName":"CRV/USDT","assetRewards":"BNB","claimAmount":"0.00000253","status":1,"claimedTime":1683581876000},{"poolId":260,"poolName":"CRV/USDT","assetRewards":"USDT","claimAmount":"0.00420347","status":1,"claimedTime":1683581876000},{"poolId":260,"poolName":"CRV/USDT","assetRewards":"CRV","claimAmount":"0.00559198","status":1,"claimedTime":1683581876000},{"poolId":260,"poolName":"CRV/USDT","assetRewards":"USDT","claimAmount":"0.00482401","status":1,"claimedTime":1683541678000},{"poolId":260,"poolName":"CRV/USDT","assetRewards":"CRV","claimAmount":"0.00703534","status":1,"claimedTime":1683541678000},{"poolId":260,"poolName":"CRV/USDT","assetRewards":"BNB","claimAmount":"0.00000345","status":1,"claimedTime":1683541678000},{"poolId":260,"poolName":"CRV/USDT","assetRewards":"BNB","claimAmount":"0.00000782","status":1,"claimedTime":1683488635000},{"poolId":260,"poolName":"CRV/USDT","assetRewards":"USDT","claimAmount":"0.00588698","status":1,"claimedTime":1683488635000},{"poolId":260,"poolName":"CRV/USDT","assetRewards":"CRV","claimAmount":"0.00726962","status":1,"claimedTime":1683488635000},{"poolId":260,"poolName":"CRV/USDT","assetRewards":"USDT","claimAmount":"0.00218872","status":1,"claimedTime":1683365451000},{"poolId":260,"poolName":"CRV/USDT","assetRewards":"CRV","claimAmount":"0.00274606","status":1,"claimedTime":1683365451000},{"poolId":260,"poolName":"CRV/USDT","assetRewards":"BNB","claimAmount":"0.00000276","status":1,"claimedTime":1683365451000},{"poolId":260,"poolName":"CRV/USDT","assetRewards":"CRV","claimAmount":"0.00452928","status":1,"claimedTime":1683321390000},{"poolId":260,"poolName":"CRV/USDT","assetRewards":"BNB","claimAmount":"0.00000276","status":1,"claimedTime":1683321390000},{"poolId":260,"poolName":"CRV/USDT","assetRewards":"USDT","claimAmount":"0.00485155","status":1,"claimedTime":1683321390000},{"poolId":260,"poolName":"CRV/USDT","assetRewards":"USDT","claimAmount":"0.00510998","status":1,"claimedTime":1683277438000},{"poolId":260,"poolName":"CRV/USDT","assetRewards":"BNB","claimAmount":"0.00000575","status":1,"claimedTime":1683277438000},{"poolId":260,"poolName":"CRV/USDT","assetRewards":"CRV","claimAmount":"0.00556328","status":1,"claimedTime":1683277438000},{"poolId":260,"poolName":"CRV/USDT","assetRewards":"BNB","claimAmount":"0.0000023","status":1,"claimedTime":1683188168000},{"poolId":260,"poolName":"CRV/USDT","assetRewards":"USDT","claimAmount":"0.00254541","status":1,"claimedTime":1683188168000},{"poolId":260,"poolName":"CRV/USDT","assetRewards":"CRV","claimAmount":"0.00297916","status":1,"claimedTime":1683188168000},{"poolId":260,"poolName":"CRV/USDT","assetRewards":"USDT","claimAmount":"0.01186365","status":1,"claimedTime":1683152076000},{"poolId":260,"poolName":"CRV/USDT","assetRewards":"CRV","claimAmount":"0.01051487","status":1,"claimedTime":1683152076000},{"poolId":260,"poolName":"CRV/USDT","assetRewards":"BNB","claimAmount":"0.00000138","status":1,"claimedTime":1683152076000},{"poolId":260,"poolName":"CRV/USDT","assetRewards":"USDT","claimAmount":"0.00246388","status":1,"claimedTime":1683131421000},{"poolId":260,"poolName":"CRV/USDT","assetRewards":"CRV","claimAmount":"0.00322248","status":1,"claimedTime":1683131421000},{"poolId":260,"poolName":"CRV/USDT","assetRewards":"BNB","claimAmount":"0.00000437","status":1,"claimedTime":1683131421000},{"poolId":260,"poolName":"CRV/USDT","assetRewards":"BNB","claimAmount":"0.00000874","status":1,"claimedTime":1683063079000},{"poolId":260,"poolName":"CRV/USDT","assetRewards":"USDT","claimAmount":"0.00642902","status":1,"claimedTime":1683063079000},{"poolId":260,"poolName":"CRV/USDT","assetRewards":"CRV","claimAmount":"0.007196","status":1,"claimedTime":1683063079000},{"poolId":260,"poolName":"CRV/USDT","assetRewards":"CRV","claimAmount":"0.00541718","status":1,"claimedTime":1682926198000},{"poolId":260,"poolName":"CRV/USDT","assetRewards":"USDT","claimAmount":"0.00449893","status":1,"claimedTime":1682926198000},{"poolId":260,"poolName":"CRV/USDT","assetRewards":"BNB","claimAmount":"0.00000529","status":1,"claimedTime":1682926198000},{"poolId":260,"poolName":"CRV/USDT","assetRewards":"BNB","claimAmount":"0.00000575","status":1,"claimedTime":1682844681000},{"poolId":260,"poolName":"CRV/USDT","assetRewards":"CRV","claimAmount":"0.00304653","status":1,"claimedTime":1682844681000},{"poolId":260,"poolName":"CRV/USDT","assetRewards":"USDT","claimAmount":"0.00253381","status":1,"claimedTime":1682844681000},{"poolId":260,"poolName":"CRV/USDT","assetRewards":"USDT","claimAmount":"0.00390529","status":1,"claimedTime":1682754226000},{"poolId":260,"poolName":"CRV/USDT","assetRewards":"BNB","claimAmount":"0.00000575","status":1,"claimedTime":1682754226000},{"poolId":260,"poolName":"CRV/USDT","assetRewards":"CRV","claimAmount":"0.0042934","status":1,"claimedTime":1682754226000},{"poolId":260,"poolName":"CRV/USDT","assetRewards":"USDT","claimAmount":"0.00104979","status":1,"claimedTime":1682664233000},{"poolId":260,"poolName":"CRV/USDT","assetRewards":"CRV","claimAmount":"0.00132763","status":1,"claimedTime":1682664233000},{"poolId":260,"poolName":"CRV/USDT","assetRewards":"BNB","claimAmount":"0.00000207","status":1,"claimedTime":1682664233000},{"poolId":260,"poolName":"CRV/USDT","assetRewards":"BNB","claimAmount":"0.00000161","status":1,"claimedTime":1682631100000},{"poolId":260,"poolName":"CRV/USDT","assetRewards":"CRV","claimAmount":"0.0028851","status":1,"claimedTime":1682631100000},{"poolId":260,"poolName":"CRV/USDT","assetRewards":"USDT","claimAmount":"0.00320515","status":1,"claimedTime":1682631100000},{"poolId":260,"poolName":"CRV/USDT","assetRewards":"USDT","claimAmount":"0.01249966","status":1,"claimedTime":1682607190000},{"poolId":260,"poolName":"CRV/USDT","assetRewards":"BNB","claimAmount":"0.00000575","status":1,"claimedTime":1682607190000},{"poolId":260,"poolName":"CRV/USDT","assetRewards":"CRV","claimAmount":"0.01458433","status":1,"claimedTime":1682607190000},{"poolId":260,"poolName":"CRV/USDT","assetRewards":"BNB","claimAmount":"0.00000115","status":1,"claimedTime":1682514259000},{"poolId":260,"poolName":"CRV/USDT","assetRewards":"USDT","claimAmount":"0.00188524","status":1,"claimedTime":1682514259000},{"poolId":260,"poolName":"CRV/USDT","assetRewards":"CRV","claimAmount":"0.001084","status":1,"claimedTime":1682514259000},{"poolId":260,"poolName":"CRV/USDT","assetRewards":"CRV","claimAmount":"0.001737","status":1,"claimedTime":1682496343000},{"poolId":260,"poolName":"CRV/USDT","assetRewards":"USDT","claimAmount":"0.00160909","status":1,"claimedTime":1682496343000},{"poolId":260,"poolName":"CRV/USDT","assetRewards":"BNB","claimAmount":"0.00000253","status":1,"claimedTime":1682496343000},{"poolId":260,"poolName":"CRV/USDT","assetRewards":"BNB","claimAmount":"0.00000184","status":1,"claimedTime":1682457957000},{"poolId":260,"poolName":"CRV/USDT","assetRewards":"USDT","claimAmount":"0.00229964","status":1,"claimedTime":1682457957000},{"poolId":260,"poolName":"CRV/USDT","assetRewards":"CRV","claimAmount":"0.00217416","status":1,"claimedTime":1682457957000},{"poolId":260,"poolName":"CRV/USDT","assetRewards":"BNB","claimAmount":"0.00000368","status":1,"claimedTime":1682429126000},{"poolId":260,"poolName":"CRV/USDT","assetRewards":"USDT","claimAmount":"0.00247948","status":1,"claimedTime":1682429126000},{"poolId":260,"poolName":"CRV/USDT","assetRewards":"CRV","claimAmount":"0.00307816","status":1,"claimedTime":1682429126000},{"poolId":260,"poolName":"CRV/USDT","assetRewards":"BNB","claimAmount":"0.00000253","status":1,"claimedTime":1682372060000},{"poolId":260,"poolName":"CRV/USDT","assetRewards":"CRV","claimAmount":"0.00373371","status":1,"claimedTime":1682372060000},{"poolId":260,"poolName":"CRV/USDT","assetRewards":"USDT","claimAmount":"0.00358774","status":1,"claimedTime":1682372060000},{"poolId":260,"poolName":"CRV/USDT","assetRewards":"CRV","claimAmount":"0.00839429","status":1,"claimedTime":1682330463000},{"poolId":260,"poolName":"CRV/USDT","assetRewards":"USDT","claimAmount":"0.00718876","status":1,"claimedTime":1682330463000},{"poolId":260,"poolName":"CRV/USDT","assetRewards":"BNB","claimAmount":"0.00000483","status":1,"claimedTime":1682330463000},{"poolId":260,"poolName":"CRV/USDT","assetRewards":"BNB","claimAmount":"0.00000897","status":1,"claimedTime":1682255554000},{"poolId":260,"poolName":"CRV/USDT","assetRewards":"USDT","claimAmount":"0.01040559","status":1,"claimedTime":1682255554000},{"poolId":260,"poolName":"CRV/USDT","assetRewards":"CRV","claimAmount":"0.0099876","status":1,"claimedTime":1682255554000},{"poolId":260,"poolName":"CRV/USDT","assetRewards":"BNB","claimAmount":"0.00000575","status":1,"claimedTime":1682115557000},{"poolId":260,"poolName":"CRV/USDT","assetRewards":"USDT","claimAmount":"0.00983774","status":1,"claimedTime":1682115557000},{"poolId":260,"poolName":"CRV/USDT","assetRewards":"CRV","claimAmount":"0.01102601","status":1,"claimedTime":1682115557000},{"poolId":260,"poolName":"CRV/USDT","assetRewards":"CRV","claimAmount":"0.00963302","status":1,"claimedTime":1682025935000},{"poolId":260,"poolName":"CRV/USDT","assetRewards":"BNB","claimAmount":"0.00000552","status":1,"claimedTime":1682025935000},{"poolId":260,"poolName":"CRV/USDT","assetRewards":"USDT","claimAmount":"0.00884166","status":1,"claimedTime":1682025935000},{"poolId":260,"poolName":"CRV/USDT","assetRewards":"BNB","claimAmount":"0.00000023","status":1,"claimedTime":1681939984000},{"poolId":260,"poolName":"CRV/USDT","assetRewards":"USDT","claimAmount":"0.0002053","status":1,"claimedTime":1681939984000},{"poolId":260,"poolName":"CRV/USDT","assetRewards":"CRV","claimAmount":"0.00018185","status":1,"claimedTime":1681939984000},{"poolId":260,"poolName":"CRV/USDT","assetRewards":"CRV","claimAmount":"0.00988562","status":1,"claimedTime":1681936862000},{"poolId":260,"poolName":"CRV/USDT","assetRewards":"USDT","claimAmount":"0.00769714","status":1,"claimedTime":1681936862000},{"poolId":260,"poolName":"CRV/USDT","assetRewards":"BNB","claimAmount":"0.00000552","status":1,"claimedTime":1681936862000},{"poolId":260,"poolName":"CRV/USDT","assetRewards":"BNB","claimAmount":"0.00000506","status":1,"claimedTime":1681850008000},{"poolId":260,"poolName":"CRV/USDT","assetRewards":"CRV","claimAmount":"0.0067071","status":1,"claimedTime":1681850008000},{"poolId":260,"poolName":"CRV/USDT","assetRewards":"USDT","claimAmount":"0.00737487","status":1,"claimedTime":1681850008000},{"poolId":260,"poolName":"CRV/USDT","assetRewards":"CRV","claimAmount":"0.00241755","status":1,"claimedTime":1681771185000},{"poolId":260,"poolName":"CRV/USDT","assetRewards":"BNB","claimAmount":"0.0000023","status":1,"claimedTime":1681771185000},{"poolId":260,"poolName":"CRV/USDT","assetRewards":"USDT","claimAmount":"0.00235408","status":1,"claimedTime":1681771185000},{"poolId":260,"poolName":"CRV/USDT","assetRewards":"BNB","claimAmount":"0.00000276","status":1,"claimedTime":1681733497000},{"poolId":260,"poolName":"CRV/USDT","assetRewards":"USDT","claimAmount":"0.00390745","status":1,"claimedTime":1681733497000},{"poolId":260,"poolName":"CRV/USDT","assetRewards":"CRV","claimAmount":"0.00437523","status":1,"claimedTime":1681733497000},{"poolId":260,"poolName":"CRV/USDT","assetRewards":"CRV","claimAmount":"0.00285016","status":1,"claimedTime":1681690912000},{"poolId":260,"poolName":"CRV/USDT","assetRewards":"USDT","claimAmount":"0.00355457","status":1,"claimedTime":1681690912000},{"poolId":260,"poolName":"CRV/USDT","assetRewards":"BNB","claimAmount":"0.00000253","status":1,"claimedTime":1681690912000},{"poolId":260,"poolName":"CRV/USDT","assetRewards":"BNB","claimAmount":"0.00000345","status":1,"claimedTime":1681652755000},{"poolId":260,"poolName":"CRV/USDT","assetRewards":"USDT","claimAmount":"0.00192555","status":1,"claimedTime":1681652755000},{"poolId":260,"poolName":"CRV/USDT","assetRewards":"CRV","claimAmount":"0.00198206","status":1,"claimedTime":1681652755000},{"poolId":260,"poolName":"CRV/USDT","assetRewards":"BNB","claimAmount":"0.00000276","status":1,"claimedTime":1681597170000},{"poolId":260,"poolName":"CRV/USDT","assetRewards":"BNB","claimAmount":"0.00000276","status":1,"claimedTime":1681597170000},{"poolId":260,"poolName":"CRV/USDT","assetRewards":"USDT","claimAmount":"0.00301534","status":1,"claimedTime":1681597170000},{"poolId":260,"poolName":"CRV/USDT","assetRewards":"CRV","claimAmount":"0.00282855","status":1,"claimedTime":1681597170000},{"poolId":260,"poolName":"CRV/USDT","assetRewards":"BNB","claimAmount":"0.00000552","status":1,"claimedTime":1681556252000},{"poolId":260,"poolName":"CRV/USDT","assetRewards":"CRV","claimAmount":"0.00656293","status":1,"claimedTime":1681556252000},{"poolId":260,"poolName":"CRV/USDT","assetRewards":"USDT","claimAmount":"0.00693922","status":1,"claimedTime":1681556252000},{"poolId":260,"poolName":"CRV/USDT","assetRewards":"CRV","claimAmount":"0.00322201","status":1,"claimedTime":1681470004000},{"poolId":260,"poolName":"CRV/USDT","assetRewards":"USDT","claimAmount":"0.00421047","status":1,"claimedTime":1681470004000},{"poolId":260,"poolName":"CRV/USDT","assetRewards":"BNB","claimAmount":"0.00000253","status":1,"claimedTime":1681470004000},{"poolId":260,"poolName":"CRV/USDT","assetRewards":"CRV","claimAmount":"0.00359915","status":1,"claimedTime":1681426895000},{"poolId":260,"poolName":"CRV/USDT","assetRewards":"USDT","claimAmount":"0.00412458","status":1,"claimedTime":1681426895000},{"poolId":260,"poolName":"CRV/USDT","assetRewards":"BNB","claimAmount":"0.00000299","status":1,"claimedTime":1681426895000},{"poolId":260,"poolName":"CRV/USDT","assetRewards":"USDT","claimAmount":"0.00771364","status":1,"claimedTime":1681381222000},{"poolId":260,"poolName":"CRV/USDT","assetRewards":"BNB","claimAmount":"0.00000437","status":1,"claimedTime":1681381222000},{"poolId":260,"poolName":"CRV/USDT","assetRewards":"CRV","claimAmount":"0.00709196","status":1,"claimedTime":1681381222000},{"poolId":260,"poolName":"CRV/USDT","assetRewards":"CRV","claimAmount":"0.00182413","status":1,"claimedTime":1681315099000},{"poolId":260,"poolName":"CRV/USDT","assetRewards":"BNB","claimAmount":"0.00000092","status":1,"claimedTime":1681315099000},{"poolId":260,"poolName":"CRV/USDT","assetRewards":"USDT","claimAmount":"0.00224915","status":1,"claimedTime":1681315099000},{"poolId":260,"poolName":"CRV/USDT","assetRewards":"BNB","claimAmount":"0.00000299","status":1,"claimedTime":1681297621000},{"poolId":260,"poolName":"CRV/USDT","assetRewards":"CRV","claimAmount":"0.0038386","status":1,"claimedTime":1681297621000},{"poolId":260,"poolName":"CRV/USDT","assetRewards":"USDT","claimAmount":"0.00365297","status":1,"claimedTime":1681297621000},{"poolId":260,"poolName":"CRV/USDT","assetRewards":"BNB","claimAmount":"0.00000713","status":1,"claimedTime":1681253090000},{"poolId":260,"poolName":"CRV/USDT","assetRewards":"CRV","claimAmount":"0.00796732","status":1,"claimedTime":1681253090000},{"poolId":260,"poolName":"CRV/USDT","assetRewards":"USDT","claimAmount":"0.00841825","status":1,"claimedTime":1681253090000},{"poolId":260,"poolName":"CRV/USDT","assetRewards":"CRV","claimAmount":"0.00524755","status":1,"claimedTime":1681141566000},{"poolId":260,"poolName":"CRV/USDT","assetRewards":"USDT","claimAmount":"0.00495889","status":1,"claimedTime":1681141566000},{"poolId":260,"poolName":"CRV/USDT","assetRewards":"BNB","claimAmount":"0.0000069","status":1,"claimedTime":1681141566000},{"poolId":260,"poolName":"CRV/USDT","assetRewards":"BNB","claimAmount":"0.00000253","status":1,"claimedTime":1681032361000},{"poolId":260,"poolName":"CRV/USDT","assetRewards":"CRV","claimAmount":"0.00267579","status":1,"claimedTime":1681032361000},{"poolId":260,"poolName":"CRV/USDT","assetRewards":"USDT","claimAmount":"0.00250343","status":1,"claimedTime":1681032361000},{"poolId":260,"poolName":"CRV/USDT","assetRewards":"CRV","claimAmount":"0.0029226","status":1,"claimedTime":1680992772000},{"poolId":260,"poolName":"CRV/USDT","assetRewards":"USDT","claimAmount":"0.00318813","status":1,"claimedTime":1680992772000},{"poolId":260,"poolName":"CRV/USDT","assetRewards":"BNB","claimAmount":"0.00000253","status":1,"claimedTime":1680992772000},{"poolId":260,"poolName":"CRV/USDT","assetRewards":"CRV","claimAmount":"0.00627955","status":1,"claimedTime":1680953654000},{"poolId":260,"poolName":"CRV/USDT","assetRewards":"USDT","claimAmount":"0.00647019","status":1,"claimedTime":1680953654000},{"poolId":260,"poolName":"CRV/USDT","assetRewards":"BNB","claimAmount":"0.00000644","status":1,"claimedTime":1680953654000},{"poolId":260,"poolName":"CRV/USDT","assetRewards":"USDT","claimAmount":"0.003217","status":1,"claimedTime":1680851854000},{"poolId":260,"poolName":"CRV/USDT","assetRewards":"BNB","claimAmount":"0.00000253","status":1,"claimedTime":1680851854000},{"poolId":260,"poolName":"CRV/USDT","assetRewards":"CRV","claimAmount":"0.00300565","status":1,"claimedTime":1680851854000},{"poolId":260,"poolName":"CRV/USDT","assetRewards":"USDT","claimAmount":"0.00047084","status":1,"claimedTime":1680814838000},{"poolId":260,"poolName":"CRV/USDT","assetRewards":"BNB","claimAmount":"0.00000092","status":1,"claimedTime":1680814838000},{"poolId":260,"poolName":"CRV/USDT","assetRewards":"CRV","claimAmount":"0.00060594","status":1,"claimedTime":1680814838000},{"poolId":260,"poolName":"CRV/USDT","assetRewards":"USDT","claimAmount":"0.00033656","status":1,"claimedTime":1680799217000},{"poolId":260,"poolName":"CRV/USDT","assetRewards":"CRV","claimAmount":"0.00014734","status":1,"claimedTime":1680799217000},{"poolId":260,"poolName":"CRV/USDT","assetRewards":"BNB","claimAmount":"0.00000023","status":1,"claimedTime":1680799217000},{"poolId":260,"poolName":"CRV/USDT","assetRewards":"BNB","claimAmount":"0.00000069","status":1,"claimedTime":1680794103000},{"poolId":260,"poolName":"CRV/USDT","assetRewards":"USDT","claimAmount":"0.00093535","status":1,"claimedTime":1680794103000},{"poolId":260,"poolName":"CRV/USDT","assetRewards":"CRV","claimAmount":"0.00108615","status":1,"claimedTime":1680794103000},{"poolId":260,"poolName":"CRV/USDT","assetRewards":"CRV","claimAmount":"0.00071327","status":1,"claimedTime":1680782978000},{"poolId":260,"poolName":"CRV/USDT","assetRewards":"USDT","claimAmount":"0.00070132","status":1,"claimedTime":1680782978000},{"poolId":260,"poolName":"CRV/USDT","assetRewards":"BNB","claimAmount":"0.00000046","status":1,"claimedTime":1680782978000},{"poolId":260,"poolName":"CRV/USDT","assetRewards":"BNB","claimAmount":"0.00000575","status":1,"claimedTime":1680776732000},{"poolId":260,"poolName":"CRV/USDT","assetRewards":"CRV","claimAmount":"0.00869585","status":1,"claimedTime":1680776732000},{"poolId":260,"poolName":"CRV/USDT","assetRewards":"USDT","claimAmount":"0.00827231","status":1,"claimedTime":1680776732000},{"poolId":260,"poolName":"CRV/USDT","assetRewards":"CRV","claimAmount":"0.00401068","status":1,"claimedTime":1680686522000},{"poolId":260,"poolName":"CRV/USDT","assetRewards":"USDT","claimAmount":"0.00426194","status":1,"claimedTime":1680686522000},{"poolId":260,"poolName":"CRV/USDT","assetRewards":"BNB","claimAmount":"0.00000299","status":1,"claimedTime":1680686522000},{"poolId":260,"poolName":"CRV/USDT","assetRewards":"USDT","claimAmount":"0.0066797","status":1,"claimedTime":1680641878000},{"poolId":260,"poolName":"CRV/USDT","assetRewards":"CRV","claimAmount":"0.0055327","status":1,"claimedTime":1680641878000},{"poolId":260,"poolName":"CRV/USDT","assetRewards":"BNB","claimAmount":"0.0000023","status":1,"claimedTime":1680641878000},{"poolId":260,"poolName":"CRV/USDT","assetRewards":"USDT","claimAmount":"0.00424672","status":1,"claimedTime":1680602777000},{"poolId":260,"poolName":"CRV/USDT","assetRewards":"CRV","claimAmount":"0.00471937","status":1,"claimedTime":1680602777000},{"poolId":260,"poolName":"CRV/USDT","assetRewards":"BNB","claimAmount":"0.00000344","status":1,"claimedTime":1680602777000},{"poolId":260,"poolName":"CRV/USDT","assetRewards":"USDT","claimAmount":"0.00061941","status":1,"claimedTime":1680551457000},{"poolId":260,"poolName":"CRV/USDT","assetRewards":"BNB","claimAmount":"0.00000022","status":1,"claimedTime":1680551457000},{"poolId":260,"poolName":"CRV/USDT","assetRewards":"CRV","claimAmount":"0.00049484","status":1,"claimedTime":1680551457000},{"poolId":260,"poolName":"CRV/USDT","assetRewards":"CRV","claimAmount":"0.00096597","status":1,"claimedTime":1680545384000},{"poolId":260,"poolName":"CRV/USDT","assetRewards":"USDT","claimAmount":"0.00108648","status":1,"claimedTime":1680545384000},{"poolId":260,"poolName":"CRV/USDT","assetRewards":"BNB","claimAmount":"0.00000066","status":1,"claimedTime":1680545384000},{"poolId":260,"poolName":"CRV/USDT","assetRewards":"BNB","claimAmount":"0.00000418","status":1,"claimedTime":1680536388000},{"poolId":260,"poolName":"CRV/USDT","assetRewards":"CRV","claimAmount":"0.0047516","status":1,"claimedTime":1680536388000},{"poolId":260,"poolName":"CRV/USDT","assetRewards":"USDT","claimAmount":"0.00447469","status":1,"claimedTime":1680536388000},{"poolId":260,"poolName":"CRV/USDT","assetRewards":"USDT","claimAmount":"0.00338591","status":1,"claimedTime":1680466432000},{"poolId":260,"poolName":"CRV/USDT","assetRewards":"CRV","claimAmount":"0.00442933","status":1,"claimedTime":1680466432000},{"poolId":260,"poolName":"CRV/USDT","assetRewards":"BNB","claimAmount":"0.000005","status":1,"claimedTime":1680466432000},{"poolId":260,"poolName":"CRV/USDT","assetRewards":"USDT","claimAmount":"0.00324795","status":1,"claimedTime":1680388352000},{"poolId":260,"poolName":"CRV/USDT","assetRewards":"CRV","claimAmount":"0.00390071","status":1,"claimedTime":1680388352000},{"poolId":260,"poolName":"CRV/USDT","assetRewards":"BNB","claimAmount":"0.00000568","status":1,"claimedTime":1680388352000},{"poolId":260,"poolName":"CRV/USDT","assetRewards":"USDT","claimAmount":"0.00556788","status":1,"claimedTime":1680300199000},{"poolId":260,"poolName":"CRV/USDT","assetRewards":"CRV","claimAmount":"0.00607849","status":1,"claimedTime":1680300199000},{"poolId":260,"poolName":"CRV/USDT","assetRewards":"BNB","claimAmount":"0.00000648","status":1,"claimedTime":1680300199000},{"poolId":260,"poolName":"CRV/USDT","assetRewards":"CRV","claimAmount":"0.00825944","status":1,"claimedTime":1680204585000},{"poolId":260,"poolName":"CRV/USDT","assetRewards":"BNB","claimAmount":"0.00000504","status":1,"claimedTime":1680204585000},{"poolId":260,"poolName":"CRV/USDT","assetRewards":"USDT","claimAmount":"0.00695498","status":1,"claimedTime":1680204585000},{"poolId":260,"poolName":"CRV/USDT","assetRewards":"CRV","claimAmount":"0.00015163","status":1,"claimedTime":1680128126000},{"poolId":260,"poolName":"CRV/USDT","assetRewards":"BNB","claimAmount":"0.00000024","status":1,"claimedTime":1680128126000},{"poolId":260,"poolName":"CRV/USDT","assetRewards":"USDT","claimAmount":"0.00005901","status":1,"claimedTime":1680128126000},{"poolId":260,"poolName":"CRV/USDT","assetRewards":"BNB","claimAmount":"0.00000276","status":1,"claimedTime":1680127323000},{"poolId":260,"poolName":"CRV/USDT","assetRewards":"USDT","claimAmount":"0.00242021","status":1,"claimedTime":1680127323000},{"poolId":260,"poolName":"CRV/USDT","assetRewards":"CRV","claimAmount":"0.00266181","status":1,"claimedTime":1680127323000},{"poolId":260,"poolName":"CRV/USDT","assetRewards":"CRV","claimAmount":"0.00412937","status":1,"claimedTime":1680083332000},{"poolId":260,"poolName":"CRV/USDT","assetRewards":"BNB","claimAmount":"0.00000352","status":1,"claimedTime":1680083332000},{"poolId":260,"poolName":"CRV/USDT","assetRewards":"USDT","claimAmount":"0.00491732","status":1,"claimedTime":1680083332000},{"poolId":260,"poolName":"CRV/USDT","assetRewards":"CRV","claimAmount":"0.00496816","status":1,"claimedTime":1680024083000},{"poolId":260,"poolName":"CRV/USDT","assetRewards":"USDT","claimAmount":"0.00477417","status":1,"claimedTime":1680024083000},{"poolId":260,"poolName":"CRV/USDT","assetRewards":"BNB","claimAmount":"0.00000418","status":1,"claimedTime":1680024083000},{"poolId":260,"poolName":"CRV/USDT","assetRewards":"CRV","claimAmount":"0.0082803","status":1,"claimedTime":1679956293000},{"poolId":260,"poolName":"CRV/USDT","assetRewards":"BNB","claimAmount":"0.0000055","status":1,"claimedTime":1679956293000},{"poolId":260,"poolName":"CRV/USDT","assetRewards":"USDT","claimAmount":"0.00662064","status":1,"claimedTime":1679956293000},{"poolId":260,"poolName":"CRV/USDT","assetRewards":"USDT","claimAmount":"0.00329998","status":1,"claimedTime":1679865874000},{"poolId":260,"poolName":"CRV/USDT","assetRewards":"USDT","claimAmount":"0.00329998","status":1,"claimedTime":1679865874000},{"poolId":260,"poolName":"CRV/USDT","assetRewards":"CRV","claimAmount":"0.00343157","status":1,"claimedTime":1679865874000},{"poolId":260,"poolName":"CRV/USDT","assetRewards":"BNB","claimAmount":"0.00000462","status":1,"claimedTime":1679865874000},{"poolId":260,"poolName":"CRV/USDT","assetRewards":"BNB","claimAmount":"0.00000278","status":1,"claimedTime":1679789336000},{"poolId":260,"poolName":"CRV/USDT","assetRewards":"USDT","claimAmount":"0.00305637","status":1,"claimedTime":1679789336000},{"poolId":260,"poolName":"CRV/USDT","assetRewards":"CRV","claimAmount":"0.00332689","status":1,"claimedTime":1679789336000},{"poolId":260,"poolName":"CRV/USDT","assetRewards":"CRV","claimAmount":"0.00666906","status":1,"claimedTime":1679744976000},{"poolId":260,"poolName":"CRV/USDT","assetRewards":"USDT","claimAmount":"0.0058833","status":1,"claimedTime":1679744976000},{"poolId":260,"poolName":"CRV/USDT","assetRewards":"BNB","claimAmount":"0.0000044","status":1,"claimedTime":1679744976000},{"poolId":260,"poolName":"CRV/USDT","assetRewards":"CRV","claimAmount":"0.0052757","status":1,"claimedTime":1679670805000},{"poolId":260,"poolName":"CRV/USDT","assetRewards":"USDT","claimAmount":"0.00392841","status":1,"claimedTime":1679670805000},{"poolId":260,"poolName":"CRV/USDT","assetRewards":"BNB","claimAmount":"0.00000396","status":1,"claimedTime":1679670805000},{"poolId":260,"poolName":"CRV/USDT","assetRewards":"BNB","claimAmount":"0.00000476","status":1,"claimedTime":1679607873000},{"poolId":260,"poolName":"CRV/USDT","assetRewards":"USDT","claimAmount":"0.00944294","status":1,"claimedTime":1679607873000},{"poolId":260,"poolName":"CRV/USDT","assetRewards":"CRV","claimAmount":"0.00959789","status":1,"claimedTime":1679607873000},{"poolId":260,"poolName":"CRV/USDT","assetRewards":"BNB","claimAmount":"0.00000242","status":1,"claimedTime":1679529731000},{"poolId":260,"poolName":"CRV/USDT","assetRewards":"USDT","claimAmount":"0.01385245","status":1,"claimedTime":1679529731000},{"poolId":260,"poolName":"CRV/USDT","assetRewards":"CRV","claimAmount":"0.01500902","status":1,"claimedTime":1679529731000},{"poolId":260,"poolName":"CRV/USDT","assetRewards":"CRV","claimAmount":"0.00669348","status":1,"claimedTime":1679486739000},{"poolId":260,"poolName":"CRV/USDT","assetRewards":"USDT","claimAmount":"0.00653049","status":1,"claimedTime":1679486739000},{"poolId":260,"poolName":"CRV/USDT","assetRewards":"BNB","claimAmount":"0.00000352","status":1,"claimedTime":1679486739000},{"poolId":260,"poolName":"CRV/USDT","assetRewards":"BNB","claimAmount":"0.00000198","status":1,"claimedTime":1679431471000},{"poolId":260,"poolName":"CRV/USDT","assetRewards":"USDT","claimAmount":"0.00764491","status":1,"claimedTime":1679431471000},{"poolId":260,"poolName":"CRV/USDT","assetRewards":"CRV","claimAmount":"0.00723876","status":1,"claimedTime":1679431471000},{"poolId":260,"poolName":"CRV/USDT","assetRewards":"CRV","claimAmount":"0.00792515","status":1,"claimedTime":1679397961000},{"poolId":260,"poolName":"CRV/USDT","assetRewards":"BNB","claimAmount":"0.00000308","status":1,"claimedTime":1679397961000},{"poolId":260,"poolName":"CRV/USDT","assetRewards":"USDT","claimAmount":"0.00715564","status":1,"claimedTime":1679397961000},{"poolId":260,"poolName":"CRV/USDT","assetRewards":"USDT","claimAmount":"0.00645705","status":1,"claimedTime":1679348093000},{"poolId":260,"poolName":"CRV/USDT","assetRewards":"BNB","claimAmount":"0.00000132","status":1,"claimedTime":1679348093000},{"poolId":260,"poolName":"CRV/USDT","assetRewards":"CRV","claimAmount":"0.00690739","status":1,"claimedTime":1679348093000},{"poolId":260,"poolName":"CRV/USDT","assetRewards":"BNB","claimAmount":"0.00000374","status":1,"claimedTime":1679324621000},{"poolId":260,"poolName":"CRV/USDT","assetRewards":"USDT","claimAmount":"0.01015159","status":1,"claimedTime":1679324621000},{"poolId":260,"poolName":"CRV/USDT","assetRewards":"CRV","claimAmount":"0.01091213","status":1,"claimedTime":1679324621000},{"poolId":260,"poolName":"CRV/USDT","assetRewards":"USDT","claimAmount":"0.01510806","status":1,"claimedTime":1679266674000},{"poolId":260,"poolName":"CRV/USDT","assetRewards":"CRV","claimAmount":"0.01443156","status":1,"claimedTime":1679266674000},{"poolId":260,"poolName":"CRV/USDT","assetRewards":"BNB","claimAmount":"0.00000528","status":1,"claimedTime":1679266674000},{"poolId":260,"poolName":"CRV/USDT","assetRewards":"USDT","claimAmount":"0.00851274","status":1,"claimedTime":1679179653000},{"poolId":260,"poolName":"CRV/USDT","assetRewards":"CRV","claimAmount":"0.00882104","status":1,"claimedTime":1679179653000},{"poolId":260,"poolName":"CRV/USDT","assetRewards":"BNB","claimAmount":"0.00000286","status":1,"claimedTime":1679179653000},{"poolId":260,"poolName":"CRV/USDT","assetRewards":"USDT","claimAmount":"0.00103299","status":1,"claimedTime":1679132986000},{"poolId":260,"poolName":"CRV/USDT","assetRewards":"CRV","claimAmount":"0.00090065","status":1,"claimedTime":1679132986000},{"poolId":260,"poolName":"CRV/USDT","assetRewards":"BNB","claimAmount":"0.00000022","status":1,"claimedTime":1679132986000},{"poolId":260,"poolName":"CRV/USDT","assetRewards":"USDT","claimAmount":"0.00598057","status":1,"claimedTime":1679127016000},{"poolId":260,"poolName":"CRV/USDT","assetRewards":"CRV","claimAmount":"0.00634592","status":1,"claimedTime":1679127016000},{"poolId":260,"poolName":"CRV/USDT","assetRewards":"BNB","claimAmount":"0.00000174","status":1,"claimedTime":1679127016000},{"poolId":260,"poolName":"CRV/USDT","assetRewards":"CRV","claimAmount":"0.01279055","status":1,"claimedTime":1679098125000},{"poolId":260,"poolName":"CRV/USDT","assetRewards":"BNB","claimAmount":"0.00000378","status":1,"claimedTime":1679098125000},{"poolId":260,"poolName":"CRV/USDT","assetRewards":"USDT","claimAmount":"0.01290805","status":1,"claimedTime":1679098125000},{"poolId":260,"poolName":"CRV/USDT","assetRewards":"CRV","claimAmount":"0.00450206","status":1,"claimedTime":1679034534000},{"poolId":260,"poolName":"CRV/USDT","assetRewards":"USDT","claimAmount":"0.00487245","status":1,"claimedTime":1679034534000},{"poolId":260,"poolName":"CRV/USDT","assetRewards":"BNB","claimAmount":"0.00000189","status":1,"claimedTime":1679034534000},{"poolId":260,"poolName":"CRV/USDT","assetRewards":"CRV","claimAmount":"0.00423196","status":1,"claimedTime":1679003407000},{"poolId":260,"poolName":"CRV/USDT","assetRewards":"BNB","claimAmount":"0.00000126","status":1,"claimedTime":1679003407000},{"poolId":260,"poolName":"CRV/USDT","assetRewards":"USDT","claimAmount":"0.00373527","status":1,"claimedTime":1679003407000},{"poolId":260,"poolName":"CRV/USDT","assetRewards":"USDT","claimAmount":"0.01018464","status":1,"claimedTime":1678982193000},{"poolId":260,"poolName":"CRV/USDT","assetRewards":"BNB","claimAmount":"0.00000378","status":1,"claimedTime":1678982193000},{"poolId":260,"poolName":"CRV/USDT","assetRewards":"CRV","claimAmount":"0.01125002","status":1,"claimedTime":1678982193000},{"poolId":260,"poolName":"CRV/USDT","assetRewards":"BNB","claimAmount":"0.00000357","status":1,"claimedTime":1678916856000},{"poolId":260,"poolName":"CRV/USDT","assetRewards":"USDT","claimAmount":"0.01683457","status":1,"claimedTime":1678916856000},{"poolId":260,"poolName":"CRV/USDT","assetRewards":"CRV","claimAmount":"0.02063391","status":1,"claimedTime":1678916856000},{"poolId":260,"poolName":"CRV/USDT","assetRewards":"BNB","claimAmount":"0.00000464","status":1,"claimedTime":1678860650000},{"poolId":260,"poolName":"CRV/USDT","assetRewards":"CRV","claimAmount":"0.0187911","status":1,"claimedTime":1678860650000},{"poolId":260,"poolName":"CRV/USDT","assetRewards":"USDT","claimAmount":"0.01720276","status":1,"claimedTime":1678860650000},{"poolId":260,"poolName":"CRV/USDT","assetRewards":"USDT","claimAmount":"0.01858032","status":1,"claimedTime":1678823277000},{"poolId":260,"poolName":"CRV/USDT","assetRewards":"CRV","claimAmount":"0.01825414","status":1,"claimedTime":1678823277000},{"poolId":260,"poolName":"CRV/USDT","assetRewards":"BNB","claimAmount":"0.00000262","status":1,"claimedTime":1678823277000},{"poolId":260,"poolName":"CRV/USDT","assetRewards":"BNB","claimAmount":"0.00000044","status":1,"claimedTime":1678801414000},{"poolId":260,"poolName":"CRV/USDT","assetRewards":"USDT","claimAmount":"0.00686627","status":1,"claimedTime":1678801414000},{"poolId":260,"poolName":"CRV/USDT","assetRewards":"CRV","claimAmount":"0.00542278","status":1,"claimedTime":1678801414000},{"poolId":260,"poolName":"CRV/USDT","assetRewards":"BNB","claimAmount":"0.00000088","status":1,"claimedTime":1678798912000},{"poolId":260,"poolName":"CRV/USDT","assetRewards":"CRV","claimAmount":"0.00164539","status":1,"claimedTime":1678798912000},{"poolId":260,"poolName":"CRV/USDT","assetRewards":"USDT","claimAmount":"0.0015577","status":1,"claimedTime":1678798912000},{"poolId":260,"poolName":"CRV/USDT","assetRewards":"BNB","claimAmount":"0.00000591","status":1,"claimedTime":1678791230000},{"poolId":260,"poolName":"CRV/USDT","assetRewards":"CRV","claimAmount":"0.01395163","status":1,"claimedTime":1678791230000},{"poolId":260,"poolName":"CRV/USDT","assetRewards":"USDT","claimAmount":"0.01287406","status":1,"claimedTime":1678791230000},{"poolId":260,"poolName":"CRV/USDT","assetRewards":"CRV","claimAmount":"0.0341819","status":1,"claimedTime":1678747598000},{"poolId":260,"poolName":"CRV/USDT","assetRewards":"USDT","claimAmount":"0.03500461","status":1,"claimedTime":1678747598000},{"poolId":260,"poolName":"CRV/USDT","assetRewards":"BNB","claimAmount":"0.00000701","status":1,"claimedTime":1678747598000},{"poolId":260,"poolName":"CRV/USDT","assetRewards":"USDT","claimAmount":"0.04065933","status":1,"claimedTime":1678700744000},{"poolId":260,"poolName":"CRV/USDT","assetRewards":"CRV","claimAmount":"0.03791009","status":1,"claimedTime":1678700744000},{"poolId":260,"poolName":"CRV/USDT","assetRewards":"BNB","claimAmount":"0.00000638","status":1,"claimedTime":1678700744000},{"poolId":260,"poolName":"CRV/USDT","assetRewards":"CRV","claimAmount":"0.01567786","status":1,"claimedTime":1678661844000},{"poolId":260,"poolName":"CRV/USDT","assetRewards":"USDT","claimAmount":"0.01628614","status":1,"claimedTime":1678661844000},{"poolId":260,"poolName":"CRV/USDT","assetRewards":"BNB","claimAmount":"0.0000031","status":1,"claimedTime":1678661844000},{"poolId":260,"poolName":"CRV/USDT","assetRewards":"USDT","claimAmount":"0.00586735","status":1,"claimedTime":1678642144000},{"poolId":260,"poolName":"CRV/USDT","assetRewards":"BNB","claimAmount":"0.0000049","status":1,"claimedTime":1678642144000},{"poolId":260,"poolName":"CRV/USDT","assetRewards":"CRV","claimAmount":"0.00663458","status":1,"claimedTime":1678642144000},{"poolId":260,"poolName":"CRV/USDT","assetRewards":"USDT","claimAmount":"0.00653926","status":1,"claimedTime":1678613762000},{"poolId":260,"poolName":"CRV/USDT","assetRewards":"CRV","claimAmount":"0.00752845","status":1,"claimedTime":1678613762000},{"poolId":260,"poolName":"CRV/USDT","assetRewards":"BNB","claimAmount":"0.00000613","status":1,"claimedTime":1678613762000},{"poolId":260,"poolName":"CRV/USDT","assetRewards":"USDT","claimAmount":"0.07644423","status":1,"claimedTime":1678577203000},{"poolId":260,"poolName":"CRV/USDT","assetRewards":"BNB","claimAmount":"0.000022","status":1,"claimedTime":1678577203000},{"poolId":260,"poolName":"CRV/USDT","assetRewards":"CRV","claimAmount":"0.08880033","status":1,"claimedTime":1678577203000},{"poolId":260,"poolName":"CRV/USDT","assetRewards":"BNB","claimAmount":"0.00000064","status":1,"claimedTime":1678452678000},{"poolId":260,"poolName":"CRV/USDT","assetRewards":"CRV","claimAmount":"0.00164107","status":1,"claimedTime":1678452678000},{"poolId":260,"poolName":"CRV/USDT","assetRewards":"USDT","claimAmount":"0.00168775","status":1,"claimedTime":1678452678000},{"poolId":260,"poolName":"CRV/USDT","assetRewards":"BNB","claimAmount":"0.00000896","status":1,"claimedTime":1678449333000},{"poolId":260,"poolName":"CRV/USDT","assetRewards":"CRV","claimAmount":"0.02747888","status":1,"claimedTime":1678449333000},{"poolId":260,"poolName":"CRV/USDT","assetRewards":"USDT","claimAmount":"0.02350643","status":1,"claimedTime":1678449333000},{"poolId":260,"poolName":"CRV/USDT","assetRewards":"USDT","claimAmount":"0.00381767","status":1,"claimedTime":1678398431000},{"poolId":260,"poolName":"CRV/USDT","assetRewards":"USDT","claimAmount":"0.00381767","status":1,"claimedTime":1678398431000},{"poolId":260,"poolName":"CRV/USDT","assetRewards":"CRV","claimAmount":"0.00737189","status":1,"claimedTime":1678398431000},{"poolId":260,"poolName":"CRV/USDT","assetRewards":"BNB","claimAmount":"0.00000064","status":1,"claimedTime":1678398431000},{"poolId":260,"poolName":"CRV/USDT","assetRewards":"USDT","claimAmount":"0.02251859","status":1,"claimedTime":1678395635000},{"poolId":260,"poolName":"CRV/USDT","assetRewards":"BNB","claimAmount":"0.00001323","status":1,"claimedTime":1678395635000},{"poolId":260,"poolName":"CRV/USDT","assetRewards":"CRV","claimAmount":"0.02654173","status":1,"claimedTime":1678395635000},{"poolId":260,"poolName":"CRV/USDT","assetRewards":"USDT","claimAmount":"0.01557031","status":1,"claimedTime":1678319605000},{"poolId":260,"poolName":"CRV/USDT","assetRewards":"BNB","claimAmount":"0.00000873","status":1,"claimedTime":1678319605000},{"poolId":260,"poolName":"CRV/USDT","assetRewards":"CRV","claimAmount":"0.0194905","status":1,"claimedTime":1678319605000},{"poolId":260,"poolName":"CRV/USDT","assetRewards":"USDT","claimAmount":"0.02595387","status":1,"claimedTime":1678265557000},{"poolId":260,"poolName":"CRV/USDT","assetRewards":"BNB","claimAmount":"0.00001122","status":1,"claimedTime":1678265557000},{"poolId":260,"poolName":"CRV/USDT","assetRewards":"CRV","claimAmount":"0.0275433","status":1,"claimedTime":1678265557000},{"poolId":260,"poolName":"CRV/USDT","assetRewards":"BNB","claimAmount":"0.00001376","status":1,"claimedTime":1678194816000},{"poolId":260,"poolName":"CRV/USDT","assetRewards":"CRV","claimAmount":"0.01237203","status":1,"claimedTime":1678194816000},{"poolId":260,"poolName":"CRV/USDT","assetRewards":"USDT","claimAmount":"0.01196123","status":1,"claimedTime":1678194816000},{"poolId":260,"poolName":"CRV/USDT","assetRewards":"USDT","claimAmount":"0.0017363","status":1,"claimedTime":1678112411000},{"poolId":260,"poolName":"CRV/USDT","assetRewards":"BNB","claimAmount":"0.0000012","status":1,"claimedTime":1678112411000},{"poolId":260,"poolName":"CRV/USDT","assetRewards":"CRV","claimAmount":"0.00165121","status":1,"claimedTime":1678112411000},{"poolId":260,"poolName":"CRV/USDT","assetRewards":"CRV","claimAmount":"0.01313888","status":1,"claimedTime":1678106873000},{"poolId":260,"poolName":"CRV/USDT","assetRewards":"USDT","claimAmount":"0.01279211","status":1,"claimedTime":1678106873000},{"poolId":260,"poolName":"CRV/USDT","assetRewards":"BNB","claimAmount":"0.00000848","status":1,"claimedTime":1678106873000},{"poolId":260,"poolName":"CRV/USDT","assetRewards":"CRV","claimAmount":"0.01441116","status":1,"claimedTime":1678054482000},{"poolId":260,"poolName":"CRV/USDT","assetRewards":"BNB","claimAmount":"0.00001525","status":1,"claimedTime":1678054482000},{"poolId":260,"poolName":"CRV/USDT","assetRewards":"USDT","claimAmount":"0.01474317","status":1,"claimedTime":1678054482000},{"poolId":260,"poolName":"CRV/USDT","assetRewards":"CRV","claimAmount":"0.01333705","status":1,"claimedTime":1677964156000},{"poolId":260,"poolName":"CRV/USDT","assetRewards":"USDT","claimAmount":"0.0112538","status":1,"claimedTime":1677964156000},{"poolId":260,"poolName":"CRV/USDT","assetRewards":"BNB","claimAmount":"0.00001513","status":1,"claimedTime":1677964156000},{"poolId":260,"poolName":"CRV/USDT","assetRewards":"BNB","claimAmount":"0.0000164","status":1,"claimedTime":1677842367000},{"poolId":260,"poolName":"CRV/USDT","assetRewards":"USDT","claimAmount":"0.01840146","status":1,"claimedTime":1677842367000},{"poolId":260,"poolName":"CRV/USDT","assetRewards":"CRV","claimAmount":"0.02301967","status":1,"claimedTime":1677842367000},{"poolId":260,"poolName":"CRV/USDT","assetRewards":"USDT","claimAmount":"0.00458686","status":1,"claimedTime":1677711164000},{"poolId":260,"poolName":"CRV/USDT","assetRewards":"BNB","claimAmount":"0.0000045","status":1,"claimedTime":1677711164000},{"poolId":260,"poolName":"CRV/USDT","assetRewards":"CRV","claimAmount":"0.00519685","status":1,"claimedTime":1677711164000},{"poolId":260,"poolName":"CRV/USDT","assetRewards":"BNB","claimAmount":"0.00000324","status":1,"claimedTime":1677673348000},{"poolId":260,"poolName":"CRV/USDT","assetRewards":"CRV","claimAmount":"0.00321179","status":1,"claimedTime":1677673348000},{"poolId":260,"poolName":"CRV/USDT","assetRewards":"USDT","claimAmount":"0.0043077","status":1,"claimedTime":1677673348000},{"poolId":260,"poolName":"CRV/USDT","assetRewards":"CRV","claimAmount":"0.00424091","status":1,"claimedTime":1677622556000},{"poolId":260,"poolName":"CRV/USDT","assetRewards":"BNB","claimAmount":"0.00000253","status":1,"claimedTime":1677622556000},{"poolId":260,"poolName":"CRV/USDT","assetRewards":"USDT","claimAmount":"0.0034549","status":1,"claimedTime":1677622556000},{"poolId":260,"poolName":"CRV/USDT","assetRewards":"CRV","claimAmount":"0.01085086","status":1,"claimedTime":1677582731000},{"poolId":260,"poolName":"CRV/USDT","assetRewards":"BNB","claimAmount":"0.00000931","status":1,"claimedTime":1677582731000},{"poolId":260,"poolName":"CRV/USDT","assetRewards":"USDT","claimAmount":"0.01131462","status":1,"claimedTime":1677582731000},{"poolId":260,"poolName":"CRV/USDT","assetRewards":"USDT","claimAmount":"0.00734194","status":1,"claimedTime":1677444269000},{"poolId":260,"poolName":"CRV/USDT","assetRewards":"BNB","claimAmount":"0.00000675","status":1,"claimedTime":1677444269000},{"poolId":260,"poolName":"CRV/USDT","assetRewards":"CRV","claimAmount":"0.00696551","status":1,"claimedTime":1677444269000},{"poolId":260,"poolName":"CRV/USDT","assetRewards":"BNB","claimAmount":"0.00000075","status":1,"claimedTime":1677347903000},{"poolId":260,"poolName":"CRV/USDT","assetRewards":"CRV","claimAmount":"0.00065072","status":1,"claimedTime":1677347903000},{"poolId":260,"poolName":"CRV/USDT","assetRewards":"USDT","claimAmount":"0.00064113","status":1,"claimedTime":1677347903000},{"poolId":260,"poolName":"CRV/USDT","assetRewards":"USDT","claimAmount":"0.00401927","status":1,"claimedTime":1677336099000},{"poolId":260,"poolName":"CRV/USDT","assetRewards":"BNB","claimAmount":"0.00000459","status":1,"claimedTime":1677336099000},{"poolId":260,"poolName":"CRV/USDT","assetRewards":"CRV","claimAmount":"0.00455915","status":1,"claimedTime":1677336099000},{"poolId":260,"poolName":"CRV/USDT","assetRewards":"USDT","claimAmount":"0.00916974","status":1,"claimedTime":1677270448000},{"poolId":260,"poolName":"CRV/USDT","assetRewards":"CRV","claimAmount":"0.0104779","status":1,"claimedTime":1677270448000},{"poolId":260,"poolName":"CRV/USDT","assetRewards":"BNB","claimAmount":"0.00000598","status":1,"claimedTime":1677270448000},{"poolId":260,"poolName":"CRV/USDT","assetRewards":"CRV","claimAmount":"0.00878266","status":1,"claimedTime":1677188596000},{"poolId":260,"poolName":"CRV/USDT","assetRewards":"USDT","claimAmount":"0.00897563","status":1,"claimedTime":1677188596000},{"poolId":260,"poolName":"CRV/USDT","assetRewards":"BNB","claimAmount":"0.00000566","status":1,"claimedTime":1677188596000},{"poolId":260,"poolName":"CRV/USDT","assetRewards":"BNB","claimAmount":"0.00000189","status":1,"claimedTime":1677108209000},{"poolId":260,"poolName":"CRV/USDT","assetRewards":"CRV","claimAmount":"0.00293787","status":1,"claimedTime":1677108209000},{"poolId":260,"poolName":"CRV/USDT","assetRewards":"USDT","claimAmount":"0.00350933","status":1,"claimedTime":1677108209000}]
