[{"operationId":7068129,"poolId":260,"poolName":"CRV/USDT","operation":"ADD","status":1,"updateTime":1677674587000,"shareAmount":"35.36095249","liquidityAmount":[{"asset":"CRV","amount":"34.49314617"},{"asset":"USDT","amount":"36.25062406"}]},{"operationId":4791857,"poolId":260,"poolName":"CRV/USDT","operation":"REMOVE","status":1,"updateTime":1677674550000,"shareAmount":"19.26266668","liquidityAmount":[{"asset":"CRV","amount":"18.78993438"},{"asset":"USDT","amount":"19.74730992"}]},{"operationId":7050156,"poolId":260,"poolName":"CRV/USDT","operation":"ADD","status":1,"updateTime":1677084320000,"shareAmount":"19.26266668","liquidityAmount":[{"asset":"CRV","amount":"18.55471275"},{"asset":"USDT","amount":"19.99765006"}]}]
