[{"poolId":265,"poolName":"STG/USDT","assetRewards":"STG","claimAmount":"0.00382777","status":1,"claimedTime":1686000848000},{"poolId":265,"poolName":"STG/USDT","assetRewards":"BNB","claimAmount":"0.0000006","status":1,"claimedTime":1686000848000},{"poolId":265,"poolName":"STG/USDT","assetRewards":"USDT","claimAmount":"0.00218791","status":1,"claimedTime":1686000848000},{"poolId":265,"poolName":"STG/USDT","assetRewards":"BNB","claimAmount":"0.00000345","status":1,"claimedTime":1685985812000},{"poolId":265,"poolName":"STG/USDT","assetRewards":"USDT","claimAmount":"0.01024479","status":1,"claimedTime":1685985812000},{"poolId":265,"poolName":"STG/USDT","assetRewards":"STG","claimAmount":"0.02170723","status":1,"claimedTime":1685985812000},{"poolId":265,"poolName":"STG/USDT","assetRewards":"BNB","claimAmount":"0.00000892","status":1,"claimedTime":1685904929000},{"poolId":265,"poolName":"STG/USDT","assetRewards":"STG","claimAmount":"0.01414276","status":1,"claimedTime":1685904929000},{"poolId":265,"poolName":"STG/USDT","assetRewards":"USDT","claimAmount":"0.00916086","status":1,"claimedTime":1685904929000},{"poolId":265,"poolName":"STG/USDT","assetRewards":"BNB","claimAmount":"0.00000829","status":1,"claimedTime":1685735343000},{"poolId":265,"poolName":"STG/USDT","assetRewards":"STG","claimAmount":"0.0217518","status":1,"claimedTime":1685735343000},{"poolId":265,"poolName":"STG/USDT","assetRewards":"USDT","claimAmount":"0.0152212","status":1,"claimedTime":1685735343000},{"poolId":265,"poolName":"STG/USDT","assetRewards":"USDT","claimAmount":"0.01563187","status":1,"claimedTime":1685556359000},{"poolId":265,"poolName":"STG/USDT","assetRewards":"BNB","claimAmount":"0.00000419","status":1,"claimedTime":1685556359000},{"poolId":265,"poolName":"STG/USDT","assetRewards":"STG","claimAmount":"0.02504385","status":1,"claimedTime":1685556359000},{"poolId":265,"poolName":"STG/USDT","assetRewards":"USDT","claimAmount":"0.00739365","status":1,"claimedTime":1685483670000},{"poolId":265,"poolName":"STG/USDT","assetRewards":"BNB","claimAmount":"0.00000216","status":1,"claimedTime":1685483670000},{"poolId":265,"poolName":"STG/USDT","assetRewards":"STG","claimAmount":"0.01056845","status":1,"claimedTime":1685483670000},{"poolId":265,"poolName":"STG/USDT","assetRewards":"STG","claimAmount":"0.02581948","status":1,"claimedTime":1685451525000},{"poolId":265,"poolName":"STG/USDT","assetRewards":"USDT","claimAmount":"0.01928721","status":1,"claimedTime":1685451525000},{"poolId":265,"poolName":"STG/USDT","assetRewards":"BNB","claimAmount":"0.00000495","status":1,"claimedTime":1685451525000},{"poolId":265,"poolName":"STG/USDT","assetRewards":"STG","claimAmount":"0.02038977","status":1,"claimedTime":1685365008000},{"poolId":265,"poolName":"STG/USDT","assetRewards":"USDT","claimAmount":"0.01489987","status":1,"claimedTime":1685365008000},{"poolId":265,"poolName":"STG/USDT","assetRewards":"BNB","claimAmount":"0.0000043","status":1,"claimedTime":1685365008000},{"poolId":265,"poolName":"STG/USDT","assetRewards":"USDT","claimAmount":"0.00839777","status":1,"claimedTime":1685260935000},{"poolId":265,"poolName":"STG/USDT","assetRewards":"BNB","claimAmount":"0.00000367","status":1,"claimedTime":1685260935000},{"poolId":265,"poolName":"STG/USDT","assetRewards":"STG","claimAmount":"0.0119843","status":1,"claimedTime":1685260935000},{"poolId":265,"poolName":"STG/USDT","assetRewards":"USDT","claimAmount":"0.00739051","status":1,"claimedTime":1685176600000},{"poolId":265,"poolName":"STG/USDT","assetRewards":"STG","claimAmount":"0.0103182","status":1,"claimedTime":1685176600000},{"poolId":265,"poolName":"STG/USDT","assetRewards":"BNB","claimAmount":"0.00000384","status":1,"claimedTime":1685176600000},{"poolId":265,"poolName":"STG/USDT","assetRewards":"STG","claimAmount":"0.01225097","status":1,"claimedTime":1685091462000},{"poolId":265,"poolName":"STG/USDT","assetRewards":"BNB","claimAmount":"0.00000448","status":1,"claimedTime":1685091462000},{"poolId":265,"poolName":"STG/USDT","assetRewards":"USDT","claimAmount":"0.00822899","status":1,"claimedTime":1685091462000},{"poolId":265,"poolName":"STG/USDT","assetRewards":"USDT","claimAmount":"0.00225423","status":1,"claimedTime":1684989641000},{"poolId":265,"poolName":"STG/USDT","assetRewards":"STG","claimAmount":"0.00402798","status":1,"claimedTime":1684989641000},{"poolId":265,"poolName":"STG/USDT","assetRewards":"BNB","claimAmount":"0.00000112","status":1,"claimedTime":1684989641000},{"poolId":265,"poolName":"STG/USDT","assetRewards":"BNB","claimAmount":"0.00000144","status":1,"claimedTime":1684963285000},{"poolId":265,"poolName":"STG/USDT","assetRewards":"STG","claimAmount":"0.00803276","status":1,"claimedTime":1684963285000},{"poolId":265,"poolName":"STG/USDT","assetRewards":"USDT","claimAmount":"0.004505","status":1,"claimedTime":1684963285000},{"poolId":265,"poolName":"STG/USDT","assetRewards":"USDT","claimAmount":"0.00675624","status":1,"claimedTime":1684931951000},{"poolId":265,"poolName":"STG/USDT","assetRewards":"BNB","claimAmount":"0.00000442","status":1,"claimedTime":1684931951000},{"poolId":265,"poolName":"STG/USDT","assetRewards":"STG","claimAmount":"0.01150185","status":1,"claimedTime":1684931951000},{"poolId":265,"poolName":"STG/USDT","assetRewards":"USDT","claimAmount":"0.00745625","status":1,"claimedTime":1684828045000},{"poolId":265,"poolName":"STG/USDT","assetRewards":"STG","claimAmount":"0.01079095","status":1,"claimedTime":1684828045000},{"poolId":265,"poolName":"STG/USDT","assetRewards":"BNB","claimAmount":"0.00000345","status":1,"claimedTime":1684828045000},{"poolId":265,"poolName":"STG/USDT","assetRewards":"BNB","claimAmount":"0.0000036","status":1,"claimedTime":1684745220000},{"poolId":265,"poolName":"STG/USDT","assetRewards":"USDT","claimAmount":"0.00529033","status":1,"claimedTime":1684745220000},{"poolId":265,"poolName":"STG/USDT","assetRewards":"STG","claimAmount":"0.00904771","status":1,"claimedTime":1684745220000},{"poolId":265,"poolName":"STG/USDT","assetRewards":"BNB","claimAmount":"0.00000165","status":1,"claimedTime":1684658716000},{"poolId":265,"poolName":"STG/USDT","assetRewards":"STG","claimAmount":"0.00216452","status":1,"claimedTime":1684658716000},{"poolId":265,"poolName":"STG/USDT","assetRewards":"USDT","claimAmount":"0.00116871","status":1,"claimedTime":1684658716000},{"poolId":265,"poolName":"STG/USDT","assetRewards":"STG","claimAmount":"0.00367083","status":1,"claimedTime":1684617421000},{"poolId":265,"poolName":"STG/USDT","assetRewards":"USDT","claimAmount":"0.002451","status":1,"claimedTime":1684617421000},{"poolId":265,"poolName":"STG/USDT","assetRewards":"BNB","claimAmount":"0.00000195","status":1,"claimedTime":1684617421000},{"poolId":265,"poolName":"STG/USDT","assetRewards":"USDT","claimAmount":"0.00481347","status":1,"claimedTime":1684570840000},{"poolId":265,"poolName":"STG/USDT","assetRewards":"BNB","claimAmount":"0.0000027","status":1,"claimedTime":1684570840000},{"poolId":265,"poolName":"STG/USDT","assetRewards":"STG","claimAmount":"0.00800544","status":1,"claimedTime":1684570840000},{"poolId":265,"poolName":"STG/USDT","assetRewards":"STG","claimAmount":"0.01540718","status":1,"claimedTime":1684507388000},{"poolId":265,"poolName":"STG/USDT","assetRewards":"USDT","claimAmount":"0.00869835","status":1,"claimedTime":1684507388000},{"poolId":265,"poolName":"STG/USDT","assetRewards":"BNB","claimAmount":"0.00000405","status":1,"claimedTime":1684507388000},{"poolId":265,"poolName":"STG/USDT","assetRewards":"STG","claimAmount":"0.01707956","status":1,"claimedTime":1684407951000},{"poolId":265,"poolName":"STG/USDT","assetRewards":"USDT","claimAmount":"0.0108766","status":1,"claimedTime":1684407951000},{"poolId":265,"poolName":"STG/USDT","assetRewards":"BNB","claimAmount":"0.00000375","status":1,"claimedTime":1684407951000},{"poolId":265,"poolName":"STG/USDT","assetRewards":"BNB","claimAmount":"0.0000027","status":1,"claimedTime":1684318513000},{"poolId":265,"poolName":"STG/USDT","assetRewards":"USDT","claimAmount":"0.00631013","status":1,"claimedTime":1684318513000},{"poolId":265,"poolName":"STG/USDT","assetRewards":"STG","claimAmount":"0.00982538","status":1,"claimedTime":1684318513000},{"poolId":265,"poolName":"STG/USDT","assetRewards":"USDT","claimAmount":"0.00767172","status":1,"claimedTime":1684253184000},{"poolId":265,"poolName":"STG/USDT","assetRewards":"BNB","claimAmount":"0.00000326","status":1,"claimedTime":1684253184000},{"poolId":265,"poolName":"STG/USDT","assetRewards":"STG","claimAmount":"0.01242898","status":1,"claimedTime":1684253184000},{"poolId":265,"poolName":"STG/USDT","assetRewards":"STG","claimAmount":"0.00425414","status":1,"claimedTime":1684180513000},{"poolId":265,"poolName":"STG/USDT","assetRewards":"BNB","claimAmount":"0.00000096","status":1,"claimedTime":1684180513000},{"poolId":265,"poolName":"STG/USDT","assetRewards":"USDT","claimAmount":"0.00281227","status":1,"claimedTime":1684180513000},{"poolId":265,"poolName":"STG/USDT","assetRewards":"USDT","claimAmount":"0.01249092","status":1,"claimedTime":1684157653000},{"poolId":265,"poolName":"STG/USDT","assetRewards":"BNB","claimAmount":"0.00000384","status":1,"claimedTime":1684157653000},{"poolId":265,"poolName":"STG/USDT","assetRewards":"STG","claimAmount":"0.0171954","status":1,"claimedTime":1684157653000},{"poolId":265,"poolName":"STG/USDT","assetRewards":"USDT","claimAmount":"0.00094757","status":1,"claimedTime":1684070017000},{"poolId":265,"poolName":"STG/USDT","assetRewards":"STG","claimAmount":"0.0013961","status":1,"claimedTime":1684070017000},{"poolId":265,"poolName":"STG/USDT","assetRewards":"BNB","claimAmount":"0.0000008","status":1,"claimedTime":1684070017000},{"poolId":265,"poolName":"STG/USDT","assetRewards":"STG","claimAmount":"0.00982136","status":1,"claimedTime":1684053898000},{"poolId":265,"poolName":"STG/USDT","assetRewards":"USDT","claimAmount":"0.00598405","status":1,"claimedTime":1684053898000},{"poolId":265,"poolName":"STG/USDT","assetRewards":"BNB","claimAmount":"0.00000384","status":1,"claimedTime":1684053898000},{"poolId":265,"poolName":"STG/USDT","assetRewards":"STG","claimAmount":"0.00675205","status":1,"claimedTime":1683966128000},{"poolId":265,"poolName":"STG/USDT","assetRewards":"USDT","claimAmount":"0.00370628","status":1,"claimedTime":1683966128000},{"poolId":265,"poolName":"STG/USDT","assetRewards":"BNB","claimAmount":"0.00000168","status":1,"claimedTime":1683966128000},{"poolId":265,"poolName":"STG/USDT","assetRewards":"STG","claimAmount":"0.0091485","status":1,"claimedTime":1683926079000},{"poolId":265,"poolName":"STG/USDT","assetRewards":"USDT","claimAmount":"0.00560796","status":1,"claimedTime":1683926079000},{"poolId":265,"poolName":"STG/USDT","assetRewards":"BNB","claimAmount":"0.0000012","status":1,"claimedTime":1683926079000},{"poolId":265,"poolName":"STG/USDT","assetRewards":"STG","claimAmount":"0.00247352","status":1,"claimedTime":1683896618000},{"poolId":265,"poolName":"STG/USDT","assetRewards":"USDT","claimAmount":"0.00150739","status":1,"claimedTime":1683896618000},{"poolId":265,"poolName":"STG/USDT","assetRewards":"BNB","claimAmount":"0.00000075","status":1,"claimedTime":1683896618000},{"poolId":265,"poolName":"STG/USDT","assetRewards":"STG","claimAmount":"0.01787991","status":1,"claimedTime":1683881667000},{"poolId":265,"poolName":"STG/USDT","assetRewards":"BNB","claimAmount":"0.0000024","status":1,"claimedTime":1683881667000},{"poolId":265,"poolName":"STG/USDT","assetRewards":"USDT","claimAmount":"0.01018496","status":1,"claimedTime":1683881667000},{"poolId":265,"poolName":"STG/USDT","assetRewards":"USDT","claimAmount":"0.01024771","status":1,"claimedTime":1683822494000},{"poolId":265,"poolName":"STG/USDT","assetRewards":"BNB","claimAmount":"0.00000284","status":1,"claimedTime":1683822494000},{"poolId":265,"poolName":"STG/USDT","assetRewards":"STG","claimAmount":"0.01760076","status":1,"claimedTime":1683822494000},{"poolId":265,"poolName":"STG/USDT","assetRewards":"STG","claimAmount":"0.02588642","status":1,"claimedTime":1683755422000},{"poolId":265,"poolName":"STG/USDT","assetRewards":"USDT","claimAmount":"0.01805661","status":1,"claimedTime":1683755422000},{"poolId":265,"poolName":"STG/USDT","assetRewards":"BNB","claimAmount":"0.0000035","status":1,"claimedTime":1683755422000},{"poolId":265,"poolName":"STG/USDT","assetRewards":"USDT","claimAmount":"0.00724592","status":1,"claimedTime":1683662842000},{"poolId":265,"poolName":"STG/USDT","assetRewards":"USDT","claimAmount":"0.00724592","status":1,"claimedTime":1683662842000},{"poolId":265,"poolName":"STG/USDT","assetRewards":"BNB","claimAmount":"0.00000325","status":1,"claimedTime":1683662842000},{"poolId":265,"poolName":"STG/USDT","assetRewards":"STG","claimAmount":"0.01126918","status":1,"claimedTime":1683662842000},{"poolId":265,"poolName":"STG/USDT","assetRewards":"USDT","claimAmount":"0.00847941","status":1,"claimedTime":1683581876000},{"poolId":265,"poolName":"STG/USDT","assetRewards":"BNB","claimAmount":"0.00000194","status":1,"claimedTime":1683581876000},{"poolId":265,"poolName":"STG/USDT","assetRewards":"STG","claimAmount":"0.01471002","status":1,"claimedTime":1683581876000},{"poolId":265,"poolName":"STG/USDT","assetRewards":"STG","claimAmount":"0.02085216","status":1,"claimedTime":1683541678000},{"poolId":265,"poolName":"STG/USDT","assetRewards":"USDT","claimAmount":"0.01138468","status":1,"claimedTime":1683541678000},{"poolId":265,"poolName":"STG/USDT","assetRewards":"BNB","claimAmount":"0.00000312","status":1,"claimedTime":1683541678000},{"poolId":265,"poolName":"STG/USDT","assetRewards":"USDT","claimAmount":"0.01609899","status":1,"claimedTime":1683488635000},{"poolId":265,"poolName":"STG/USDT","assetRewards":"STG","claimAmount":"0.02508999","status":1,"claimedTime":1683488635000},{"poolId":265,"poolName":"STG/USDT","assetRewards":"BNB","claimAmount":"0.00000723","status":1,"claimedTime":1683488635000},{"poolId":265,"poolName":"STG/USDT","assetRewards":"STG","claimAmount":"0.00861646","status":1,"claimedTime":1683365451000},{"poolId":265,"poolName":"STG/USDT","assetRewards":"USDT","claimAmount":"0.00582816","status":1,"claimedTime":1683365451000},{"poolId":265,"poolName":"STG/USDT","assetRewards":"BNB","claimAmount":"0.00000284","status":1,"claimedTime":1683365451000},{"poolId":265,"poolName":"STG/USDT","assetRewards":"STG","claimAmount":"0.01716048","status":1,"claimedTime":1683321390000},{"poolId":265,"poolName":"STG/USDT","assetRewards":"BNB","claimAmount":"0.00000287","status":1,"claimedTime":1683321390000},{"poolId":265,"poolName":"STG/USDT","assetRewards":"USDT","claimAmount":"0.01428614","status":1,"claimedTime":1683321390000},{"poolId":265,"poolName":"STG/USDT","assetRewards":"USDT","claimAmount":"0.01725719","status":1,"claimedTime":1683277438000},{"poolId":265,"poolName":"STG/USDT","assetRewards":"STG","claimAmount":"0.02382621","status":1,"claimedTime":1683277438000},{"poolId":265,"poolName":"STG/USDT","assetRewards":"BNB","claimAmount":"0.00000615","status":1,"claimedTime":1683277438000},{"poolId":265,"poolName":"STG/USDT","assetRewards":"BNB","claimAmount":"0.0000024","status":1,"claimedTime":1683188168000},{"poolId":265,"poolName":"STG/USDT","assetRewards":"STG","claimAmount":"0.01265488","status":1,"claimedTime":1683188168000},{"poolId":265,"poolName":"STG/USDT","assetRewards":"USDT","claimAmount":"0.0101109","status":1,"claimedTime":1683188168000},{"poolId":265,"poolName":"STG/USDT","assetRewards":"BNB","claimAmount":"0.00000145","status":1,"claimedTime":1683152076000},{"poolId":265,"poolName":"STG/USDT","assetRewards":"USDT","claimAmount":"0.00921611","status":1,"claimedTime":1683152076000},{"poolId":265,"poolName":"STG/USDT","assetRewards":"STG","claimAmount":"0.01107986","status":1,"claimedTime":1683152076000},{"poolId":265,"poolName":"STG/USDT","assetRewards":"USDT","claimAmount":"0.01050826","status":1,"claimedTime":1683131421000},{"poolId":265,"poolName":"STG/USDT","assetRewards":"STG","claimAmount":"0.01622448","status":1,"claimedTime":1683131421000},{"poolId":265,"poolName":"STG/USDT","assetRewards":"BNB","claimAmount":"0.00000475","status":1,"claimedTime":1683131421000},{"poolId":265,"poolName":"STG/USDT","assetRewards":"USDT","claimAmount":"0.01804206","status":1,"claimedTime":1683063079000},{"poolId":265,"poolName":"STG/USDT","assetRewards":"BNB","claimAmount":"0.00000734","status":1,"claimedTime":1683063079000},{"poolId":265,"poolName":"STG/USDT","assetRewards":"STG","claimAmount":"0.02524564","status":1,"claimedTime":1683063079000},{"poolId":265,"poolName":"STG/USDT","assetRewards":"STG","claimAmount":"0.02306733","status":1,"claimedTime":1682926198000},{"poolId":265,"poolName":"STG/USDT","assetRewards":"USDT","claimAmount":"0.01501789","status":1,"claimedTime":1682926198000},{"poolId":265,"poolName":"STG/USDT","assetRewards":"BNB","claimAmount":"0.00000429","status":1,"claimedTime":1682926198000},{"poolId":265,"poolName":"STG/USDT","assetRewards":"BNB","claimAmount":"0.0000045","status":1,"claimedTime":1682844681000},{"poolId":265,"poolName":"STG/USDT","assetRewards":"USDT","claimAmount":"0.01218288","status":1,"claimedTime":1682844681000},{"poolId":265,"poolName":"STG/USDT","assetRewards":"STG","claimAmount":"0.01506836","status":1,"claimedTime":1682844681000},{"poolId":265,"poolName":"STG/USDT","assetRewards":"BNB","claimAmount":"0.00000435","status":1,"claimedTime":1682754226000},{"poolId":265,"poolName":"STG/USDT","assetRewards":"STG","claimAmount":"0.02326432","status":1,"claimedTime":1682754226000},{"poolId":265,"poolName":"STG/USDT","assetRewards":"USDT","claimAmount":"0.01408989","status":1,"claimedTime":1682754226000},{"poolId":265,"poolName":"STG/USDT","assetRewards":"USDT","claimAmount":"0.00643356","status":1,"claimedTime":1682664233000},{"poolId":265,"poolName":"STG/USDT","assetRewards":"STG","claimAmount":"0.00814096","status":1,"claimedTime":1682664233000},{"poolId":265,"poolName":"STG/USDT","assetRewards":"BNB","claimAmount":"0.00000144","status":1,"claimedTime":1682664233000},{"poolId":265,"poolName":"STG/USDT","assetRewards":"STG","claimAmount":"0.01315904","status":1,"claimedTime":1682631100000},{"poolId":265,"poolName":"STG/USDT","assetRewards":"USDT","claimAmount":"0.0123142","status":1,"claimedTime":1682631100000},{"poolId":265,"poolName":"STG/USDT","assetRewards":"BNB","claimAmount":"0.00000112","status":1,"claimedTime":1682631100000},{"poolId":265,"poolName":"STG/USDT","assetRewards":"BNB","claimAmount":"0.00000411","status":1,"claimedTime":1682607190000},{"poolId":265,"poolName":"STG/USDT","assetRewards":"USDT","claimAmount":"0.03787718","status":1,"claimedTime":1682607190000},{"poolId":265,"poolName":"STG/USDT","assetRewards":"STG","claimAmount":"0.04635672","status":1,"claimedTime":1682607190000},{"poolId":265,"poolName":"STG/USDT","assetRewards":"STG","claimAmount":"0.00402646","status":1,"claimedTime":1682514259000},{"poolId":265,"poolName":"STG/USDT","assetRewards":"BNB","claimAmount":"0.00000095","status":1,"claimedTime":1682514259000},{"poolId":265,"poolName":"STG/USDT","assetRewards":"USDT","claimAmount":"0.004142","status":1,"claimedTime":1682514259000},{"poolId":265,"poolName":"STG/USDT","assetRewards":"BNB","claimAmount":"0.00000232","status":1,"claimedTime":1682496343000},{"poolId":265,"poolName":"STG/USDT","assetRewards":"USDT","claimAmount":"0.00724282","status":1,"claimedTime":1682496343000},{"poolId":265,"poolName":"STG/USDT","assetRewards":"STG","claimAmount":"0.008979","status":1,"claimedTime":1682496343000},{"poolId":265,"poolName":"STG/USDT","assetRewards":"BNB","claimAmount":"0.00000168","status":1,"claimedTime":1682457957000},{"poolId":265,"poolName":"STG/USDT","assetRewards":"STG","claimAmount":"0.00807457","status":1,"claimedTime":1682457957000},{"poolId":265,"poolName":"STG/USDT","assetRewards":"USDT","claimAmount":"0.00663532","status":1,"claimedTime":1682457957000},{"poolId":265,"poolName":"STG/USDT","assetRewards":"STG","claimAmount":"0.01074423","status":1,"claimedTime":1682429126000},{"poolId":265,"poolName":"STG/USDT","assetRewards":"USDT","claimAmount":"0.00684179","status":1,"claimedTime":1682429126000},{"poolId":265,"poolName":"STG/USDT","assetRewards":"BNB","claimAmount":"0.00000328","status":1,"claimedTime":1682429126000},{"poolId":265,"poolName":"STG/USDT","assetRewards":"BNB","claimAmount":"0.00000252","status":1,"claimedTime":1682372060000},{"poolId":265,"poolName":"STG/USDT","assetRewards":"STG","claimAmount":"0.00874078","status":1,"claimedTime":1682372060000},{"poolId":265,"poolName":"STG/USDT","assetRewards":"USDT","claimAmount":"0.00623853","status":1,"claimedTime":1682372060000},{"poolId":265,"poolName":"STG/USDT","assetRewards":"BNB","claimAmount":"0.00000428","status":1,"claimedTime":1682330463000},{"poolId":265,"poolName":"STG/USDT","assetRewards":"USDT","claimAmount":"0.01198579","status":1,"claimedTime":1682330463000},{"poolId":265,"poolName":"STG/USDT","assetRewards":"STG","claimAmount":"0.01741276","status":1,"claimedTime":1682330463000},{"poolId":265,"poolName":"STG/USDT","assetRewards":"STG","claimAmount":"0.01588583","status":1,"claimedTime":1682255554000},{"poolId":265,"poolName":"STG/USDT","assetRewards":"BNB","claimAmount":"0.00000733","status":1,"claimedTime":1682255554000},{"poolId":265,"poolName":"STG/USDT","assetRewards":"USDT","claimAmount":"0.012106","status":1,"claimedTime":1682255554000},{"poolId":265,"poolName":"STG/USDT","assetRewards":"USDT","claimAmount":"0.01813487","status":1,"claimedTime":1682115557000},{"poolId":265,"poolName":"STG/USDT","assetRewards":"STG","claimAmount":"0.0271514","status":1,"claimedTime":1682115557000},{"poolId":265,"poolName":"STG/USDT","assetRewards":"BNB","claimAmount":"0.00000493","status":1,"claimedTime":1682115557000},{"poolId":265,"poolName":"STG/USDT","assetRewards":"USDT","claimAmount":"0.02277743","status":1,"claimedTime":1682025935000},{"poolId":265,"poolName":"STG/USDT","assetRewards":"BNB","claimAmount":"0.00000528","status":1,"claimedTime":1682025935000},{"poolId":265,"poolName":"STG/USDT","assetRewards":"STG","claimAmount":"0.03206025","status":1,"claimedTime":1682025935000},{"poolId":265,"poolName":"STG/USDT","assetRewards":"STG","claimAmount":"0.00099196","status":1,"claimedTime":1681939984000},{"poolId":265,"poolName":"STG/USDT","assetRewards":"BNB","claimAmount":"0.00000022","status":1,"claimedTime":1681939984000},{"poolId":265,"poolName":"STG/USDT","assetRewards":"USDT","claimAmount":"0.00066682","status":1,"claimedTime":1681939984000},{"poolId":265,"poolName":"STG/USDT","assetRewards":"USDT","claimAmount":"0.02335835","status":1,"claimedTime":1681936862000},{"poolId":265,"poolName":"STG/USDT","assetRewards":"BNB","claimAmount":"0.00000549","status":1,"claimedTime":1681936862000},{"poolId":265,"poolName":"STG/USDT","assetRewards":"STG","claimAmount":"0.03323693","status":1,"claimedTime":1681936862000},{"poolId":265,"poolName":"STG/USDT","assetRewards":"USDT","claimAmount":"0.00831002","status":1,"claimedTime":1681850008000},{"poolId":265,"poolName":"STG/USDT","assetRewards":"STG","claimAmount":"0.01036667","status":1,"claimedTime":1681850008000},{"poolId":265,"poolName":"STG/USDT","assetRewards":"BNB","claimAmount":"0.00000212","status":1,"claimedTime":1681850008000},{"poolId":265,"poolName":"STG/USDT","assetRewards":"STG","claimAmount":"0.00577738","status":1,"claimedTime":1681771185000},{"poolId":265,"poolName":"STG/USDT","assetRewards":"USDT","claimAmount":"0.00525037","status":1,"claimedTime":1681771185000},{"poolId":265,"poolName":"STG/USDT","assetRewards":"BNB","claimAmount":"0.0000009","status":1,"claimedTime":1681771185000},{"poolId":265,"poolName":"STG/USDT","assetRewards":"USDT","claimAmount":"0.01421204","status":1,"claimedTime":1681733497000},{"poolId":265,"poolName":"STG/USDT","assetRewards":"BNB","claimAmount":"0.00000097","status":1,"claimedTime":1681733497000},{"poolId":265,"poolName":"STG/USDT","assetRewards":"STG","claimAmount":"0.01477972","status":1,"claimedTime":1681733497000},{"poolId":265,"poolName":"STG/USDT","assetRewards":"USDT","claimAmount":"0.0051865","status":1,"claimedTime":1681690912000},{"poolId":265,"poolName":"STG/USDT","assetRewards":"BNB","claimAmount":"0.00000088","status":1,"claimedTime":1681690912000},{"poolId":265,"poolName":"STG/USDT","assetRewards":"STG","claimAmount":"0.00568245","status":1,"claimedTime":1681690912000},{"poolId":265,"poolName":"STG/USDT","assetRewards":"BNB","claimAmount":"0.0000017","status":1,"claimedTime":1681652755000},{"poolId":265,"poolName":"STG/USDT","assetRewards":"STG","claimAmount":"0.01178279","status":1,"claimedTime":1681652755000},{"poolId":265,"poolName":"STG/USDT","assetRewards":"USDT","claimAmount":"0.00800592","status":1,"claimedTime":1681652755000},{"poolId":265,"poolName":"STG/USDT","assetRewards":"BNB","claimAmount":"0.00000218","status":1,"claimedTime":1681597170000},{"poolId":265,"poolName":"STG/USDT","assetRewards":"BNB","claimAmount":"0.00000218","status":1,"claimedTime":1681597170000},{"poolId":265,"poolName":"STG/USDT","assetRewards":"USDT","claimAmount":"0.01168264","status":1,"claimedTime":1681597170000},{"poolId":265,"poolName":"STG/USDT","assetRewards":"STG","claimAmount":"0.0131656","status":1,"claimedTime":1681597170000},{"poolId":265,"poolName":"STG/USDT","assetRewards":"USDT","claimAmount":"0.0395742","status":1,"claimedTime":1681556252000},{"poolId":265,"poolName":"STG/USDT","assetRewards":"STG","claimAmount":"0.04406264","status":1,"claimedTime":1681556252000},{"poolId":265,"poolName":"STG/USDT","assetRewards":"BNB","claimAmount":"0.0000048","status":1,"claimedTime":1681556252000},{"poolId":265,"poolName":"STG/USDT","assetRewards":"STG","claimAmount":"0.01736844","status":1,"claimedTime":1681470004000},{"poolId":265,"poolName":"STG/USDT","assetRewards":"USDT","claimAmount":"0.01863445","status":1,"claimedTime":1681470004000},{"poolId":265,"poolName":"STG/USDT","assetRewards":"BNB","claimAmount":"0.00000236","status":1,"claimedTime":1681470004000},{"poolId":265,"poolName":"STG/USDT","assetRewards":"STG","claimAmount":"0.01328822","status":1,"claimedTime":1681426895000},{"poolId":265,"poolName":"STG/USDT","assetRewards":"BNB","claimAmount":"0.00000216","status":1,"claimedTime":1681426895000},{"poolId":265,"poolName":"STG/USDT","assetRewards":"USDT","claimAmount":"0.0111063","status":1,"claimedTime":1681426895000},{"poolId":265,"poolName":"STG/USDT","assetRewards":"BNB","claimAmount":"0.00000294","status":1,"claimedTime":1681381222000},{"poolId":265,"poolName":"STG/USDT","assetRewards":"STG","claimAmount":"0.01555436","status":1,"claimedTime":1681381222000},{"poolId":265,"poolName":"STG/USDT","assetRewards":"USDT","claimAmount":"0.01352285","status":1,"claimedTime":1681381222000},{"poolId":265,"poolName":"STG/USDT","assetRewards":"STG","claimAmount":"0.00521102","status":1,"claimedTime":1681315099000},{"poolId":265,"poolName":"STG/USDT","assetRewards":"USDT","claimAmount":"0.00451185","status":1,"claimedTime":1681315099000},{"poolId":265,"poolName":"STG/USDT","assetRewards":"BNB","claimAmount":"0.00000063","status":1,"claimedTime":1681315099000},{"poolId":265,"poolName":"STG/USDT","assetRewards":"STG","claimAmount":"0.00834287","status":1,"claimedTime":1681297621000},{"poolId":265,"poolName":"STG/USDT","assetRewards":"BNB","claimAmount":"0.00000212","status":1,"claimedTime":1681297621000},{"poolId":265,"poolName":"STG/USDT","assetRewards":"USDT","claimAmount":"0.00588077","status":1,"claimedTime":1681297621000},{"poolId":265,"poolName":"STG/USDT","assetRewards":"STG","claimAmount":"0.03943114","status":1,"claimedTime":1681253090000},{"poolId":265,"poolName":"STG/USDT","assetRewards":"USDT","claimAmount":"0.03255119","status":1,"claimedTime":1681253090000},{"poolId":265,"poolName":"STG/USDT","assetRewards":"BNB","claimAmount":"0.00000521","status":1,"claimedTime":1681253090000},{"poolId":265,"poolName":"STG/USDT","assetRewards":"BNB","claimAmount":"0.0000051","status":1,"claimedTime":1681141566000},{"poolId":265,"poolName":"STG/USDT","assetRewards":"STG","claimAmount":"0.02084712","status":1,"claimedTime":1681141566000},{"poolId":265,"poolName":"STG/USDT","assetRewards":"USDT","claimAmount":"0.01519231","status":1,"claimedTime":1681141566000},{"poolId":265,"poolName":"STG/USDT","assetRewards":"USDT","claimAmount":"0.00335443","status":1,"claimedTime":1681032361000},{"poolId":265,"poolName":"STG/USDT","assetRewards":"STG","claimAmount":"0.00539594","status":1,"claimedTime":1681032361000},{"poolId":265,"poolName":"STG/USDT","assetRewards":"BNB","claimAmount":"0.00000187","status":1,"claimedTime":1681032361000},{"poolId":265,"poolName":"STG/USDT","assetRewards":"BNB","claimAmount":"0.00000187","status":1,"claimedTime":1680992772000},{"poolId":265,"poolName":"STG/USDT","assetRewards":"STG","claimAmount":"0.00546656","status":1,"claimedTime":1680992772000},{"poolId":265,"poolName":"STG/USDT","assetRewards":"USDT","claimAmount":"0.00361297","status":1,"claimedTime":1680992772000},{"poolId":265,"poolName":"STG/USDT","assetRewards":"BNB","claimAmount":"0.00000462","status":1,"claimedTime":1680953654000},{"poolId":265,"poolName":"STG/USDT","assetRewards":"USDT","claimAmount":"0.01555034","status":1,"claimedTime":1680953654000},{"poolId":265,"poolName":"STG/USDT","assetRewards":"STG","claimAmount":"0.02437069","status":1,"claimedTime":1680953654000},{"poolId":265,"poolName":"STG/USDT","assetRewards":"USDT","claimAmount":"0.01090059","status":1,"claimedTime":1680851854000},{"poolId":265,"poolName":"STG/USDT","assetRewards":"STG","claimAmount":"0.01361719","status":1,"claimedTime":1680851854000},{"poolId":265,"poolName":"STG/USDT","assetRewards":"BNB","claimAmount":"0.00000165","status":1,"claimedTime":1680851854000},{"poolId":265,"poolName":"STG/USDT","assetRewards":"STG","claimAmount":"0.00468524","status":1,"claimedTime":1680814838000},{"poolId":265,"poolName":"STG/USDT","assetRewards":"USDT","claimAmount":"0.00244732","status":1,"claimedTime":1680814838000},{"poolId":265,"poolName":"STG/USDT","assetRewards":"BNB","claimAmount":"0.0000006","status":1,"claimedTime":1680814838000},{"poolId":265,"poolName":"STG/USDT","assetRewards":"BNB","claimAmount":"0.00000014","status":1,"claimedTime":1680799217000},{"poolId":265,"poolName":"STG/USDT","assetRewards":"USDT","claimAmount":"0.00072101","status":1,"claimedTime":1680799217000},{"poolId":265,"poolName":"STG/USDT","assetRewards":"STG","claimAmount":"0.00061914","status":1,"claimedTime":1680799217000},{"poolId":265,"poolName":"STG/USDT","assetRewards":"USDT","claimAmount":"0.00250824","status":1,"claimedTime":1680794103000},{"poolId":265,"poolName":"STG/USDT","assetRewards":"BNB","claimAmount":"0.00000042","status":1,"claimedTime":1680794103000},{"poolId":265,"poolName":"STG/USDT","assetRewards":"STG","claimAmount":"0.00306566","status":1,"claimedTime":1680794103000},{"poolId":265,"poolName":"STG/USDT","assetRewards":"STG","claimAmount":"0.00324278","status":1,"claimedTime":1680782978000},{"poolId":265,"poolName":"STG/USDT","assetRewards":"USDT","claimAmount":"0.00177269","status":1,"claimedTime":1680782978000},{"poolId":265,"poolName":"STG/USDT","assetRewards":"BNB","claimAmount":"0.00000028","status":1,"claimedTime":1680782978000},{"poolId":265,"poolName":"STG/USDT","assetRewards":"BNB","claimAmount":"0.00000355","status":1,"claimedTime":1680776732000},{"poolId":265,"poolName":"STG/USDT","assetRewards":"USDT","claimAmount":"0.06410364","status":1,"claimedTime":1680776732000},{"poolId":265,"poolName":"STG/USDT","assetRewards":"STG","claimAmount":"0.07146665","status":1,"claimedTime":1680776732000},{"poolId":265,"poolName":"STG/USDT","assetRewards":"BNB","claimAmount":"0.00000271","status":1,"claimedTime":1680686522000},{"poolId":265,"poolName":"STG/USDT","assetRewards":"STG","claimAmount":"0.03439745","status":1,"claimedTime":1680686522000},{"poolId":265,"poolName":"STG/USDT","assetRewards":"USDT","claimAmount":"0.03210586","status":1,"claimedTime":1680686522000},{"poolId":265,"poolName":"STG/USDT","assetRewards":"USDT","claimAmount":"0.05852111","status":1,"claimedTime":1680641878000},{"poolId":265,"poolName":"STG/USDT","assetRewards":"STG","claimAmount":"0.0669802","status":1,"claimedTime":1680641878000},{"poolId":265,"poolName":"STG/USDT","assetRewards":"BNB","claimAmount":"0.00000225","status":1,"claimedTime":1680641878000},{"poolId":265,"poolName":"STG/USDT","assetRewards":"STG","claimAmount":"0.02047588","status":1,"claimedTime":1680602777000},{"poolId":265,"poolName":"STG/USDT","assetRewards":"USDT","claimAmount":"0.01497311","status":1,"claimedTime":1680602777000},{"poolId":265,"poolName":"STG/USDT","assetRewards":"BNB","claimAmount":"0.00000335","status":1,"claimedTime":1680602777000},{"poolId":265,"poolName":"STG/USDT","assetRewards":"USDT","claimAmount":"0.00159307","status":1,"claimedTime":1680551457000},{"poolId":265,"poolName":"STG/USDT","assetRewards":"STG","claimAmount":"0.00174103","status":1,"claimedTime":1680551457000},{"poolId":265,"poolName":"STG/USDT","assetRewards":"BNB","claimAmount":"0.00000023","status":1,"claimedTime":1680551457000}]
