[{"poolId":267,"poolName":"AGIX/USDT","assetRewards":"BNB","claimAmount":"0.0000008","status":1,"claimedTime":1686000848000},{"poolId":267,"poolName":"AGIX/USDT","assetRewards":"AGIX","claimAmount":"0.00934491","status":1,"claimedTime":1686000848000},{"poolId":267,"poolName":"AGIX/USDT","assetRewards":"USDT","claimAmount":"0.00227268","status":1,"claimedTime":1686000848000},{"poolId":267,"poolName":"AGIX/USDT","assetRewards":"BNB","claimAmount":"0.0000046","status":1,"claimedTime":1685985812000},{"poolId":267,"poolName":"AGIX/USDT","assetRewards":"USDT","claimAmount":"0.01070836","status":1,"claimedTime":1685985812000},{"poolId":267,"poolName":"AGIX/USDT","assetRewards":"AGIX","claimAmount":"0.04539799","status":1,"claimedTime":1685985812000},{"poolId":267,"poolName":"AGIX/USDT","assetRewards":"BNB","claimAmount":"0.0000094","status":1,"claimedTime":1685904929000},{"poolId":267,"poolName":"AGIX/USDT","assetRewards":"USDT","claimAmount":"0.00750974","status":1,"claimedTime":1685904929000},{"poolId":267,"poolName":"AGIX/USDT","assetRewards":"AGIX","claimAmount":"0.02663781","status":1,"claimedTime":1685904929000},{"poolId":267,"poolName":"AGIX/USDT","assetRewards":"USDT","claimAmount":"0.0170369","status":1,"claimedTime":1685735343000},{"poolId":267,"poolName":"AGIX/USDT","assetRewards":"AGIX","claimAmount":"0.05797215","status":1,"claimedTime":1685735343000},{"poolId":267,"poolName":"AGIX/USDT","assetRewards":"BNB","claimAmount":"0.0000098","status":1,"claimedTime":1685735343000},{"poolId":267,"poolName":"AGIX/USDT","assetRewards":"USDT","claimAmount":"0.01170549","status":1,"claimedTime":1685556359000},{"poolId":267,"poolName":"AGIX/USDT","assetRewards":"AGIX","claimAmount":"0.0408097","status":1,"claimedTime":1685556359000},{"poolId":267,"poolName":"AGIX/USDT","assetRewards":"BNB","claimAmount":"0.0000042","status":1,"claimedTime":1685556359000},{"poolId":267,"poolName":"AGIX/USDT","assetRewards":"USDT","claimAmount":"0.00773467","status":1,"claimedTime":1685483670000},{"poolId":267,"poolName":"AGIX/USDT","assetRewards":"AGIX","claimAmount":"0.02589481","status":1,"claimedTime":1685483670000},{"poolId":267,"poolName":"AGIX/USDT","assetRewards":"BNB","claimAmount":"0.0000018","status":1,"claimedTime":1685483670000},{"poolId":267,"poolName":"AGIX/USDT","assetRewards":"USDT","claimAmount":"0.01250654","status":1,"claimedTime":1685451525000},{"poolId":267,"poolName":"AGIX/USDT","assetRewards":"AGIX","claimAmount":"0.03806188","status":1,"claimedTime":1685451525000},{"poolId":267,"poolName":"AGIX/USDT","assetRewards":"BNB","claimAmount":"0.0000048","status":1,"claimedTime":1685451525000},{"poolId":267,"poolName":"AGIX/USDT","assetRewards":"USDT","claimAmount":"0.01419347","status":1,"claimedTime":1685365008000},{"poolId":267,"poolName":"AGIX/USDT","assetRewards":"AGIX","claimAmount":"0.04760682","status":1,"claimedTime":1685365008000},{"poolId":267,"poolName":"AGIX/USDT","assetRewards":"BNB","claimAmount":"0.0000058","status":1,"claimedTime":1685365008000},{"poolId":267,"poolName":"AGIX/USDT","assetRewards":"USDT","claimAmount":"0.01262094","status":1,"claimedTime":1685260935000},{"poolId":267,"poolName":"AGIX/USDT","assetRewards":"AGIX","claimAmount":"0.0391164","status":1,"claimedTime":1685260935000},{"poolId":267,"poolName":"AGIX/USDT","assetRewards":"BNB","claimAmount":"0.0000046","status":1,"claimedTime":1685260935000},{"poolId":267,"poolName":"AGIX/USDT","assetRewards":"USDT","claimAmount":"0.01851074","status":1,"claimedTime":1685176600000},{"poolId":267,"poolName":"AGIX/USDT","assetRewards":"BNB","claimAmount":"0.00000481","status":1,"claimedTime":1685176600000},{"poolId":267,"poolName":"AGIX/USDT","assetRewards":"AGIX","claimAmount":"0.05848824","status":1,"claimedTime":1685176600000},{"poolId":267,"poolName":"AGIX/USDT","assetRewards":"BNB","claimAmount":"0.00000588","status":1,"claimedTime":1685091462000},{"poolId":267,"poolName":"AGIX/USDT","assetRewards":"AGIX","claimAmount":"0.09257769","status":1,"claimedTime":1685091462000},{"poolId":267,"poolName":"AGIX/USDT","assetRewards":"USDT","claimAmount":"0.02738517","status":1,"claimedTime":1685091462000},{"poolId":267,"poolName":"AGIX/USDT","assetRewards":"AGIX","claimAmount":"0.01173235","status":1,"claimedTime":1684989641000},{"poolId":267,"poolName":"AGIX/USDT","assetRewards":"BNB","claimAmount":"0.00000147","status":1,"claimedTime":1684989641000},{"poolId":267,"poolName":"AGIX/USDT","assetRewards":"USDT","claimAmount":"0.00282696","status":1,"claimedTime":1684989641000},{"poolId":267,"poolName":"AGIX/USDT","assetRewards":"BNB","claimAmount":"0.00000189","status":1,"claimedTime":1684963285000},{"poolId":267,"poolName":"AGIX/USDT","assetRewards":"AGIX","claimAmount":"0.014128","status":1,"claimedTime":1684963285000},{"poolId":267,"poolName":"AGIX/USDT","assetRewards":"USDT","claimAmount":"0.00368444","status":1,"claimedTime":1684963285000},{"poolId":267,"poolName":"AGIX/USDT","assetRewards":"AGIX","claimAmount":"0.0265435","status":1,"claimedTime":1684931951000},{"poolId":267,"poolName":"AGIX/USDT","assetRewards":"BNB","claimAmount":"0.00000609","status":1,"claimedTime":1684931951000},{"poolId":267,"poolName":"AGIX/USDT","assetRewards":"USDT","claimAmount":"0.00674909","status":1,"claimedTime":1684931951000},{"poolId":267,"poolName":"AGIX/USDT","assetRewards":"AGIX","claimAmount":"0.03020611","status":1,"claimedTime":1684828045000},{"poolId":267,"poolName":"AGIX/USDT","assetRewards":"BNB","claimAmount":"0.00000483","status":1,"claimedTime":1684828045000},{"poolId":267,"poolName":"AGIX/USDT","assetRewards":"USDT","claimAmount":"0.00767222","status":1,"claimedTime":1684828045000},{"poolId":267,"poolName":"AGIX/USDT","assetRewards":"USDT","claimAmount":"0.00911601","status":1,"claimedTime":1684745220000},{"poolId":267,"poolName":"AGIX/USDT","assetRewards":"AGIX","claimAmount":"0.0352079","status":1,"claimedTime":1684745220000},{"poolId":267,"poolName":"AGIX/USDT","assetRewards":"BNB","claimAmount":"0.00000504","status":1,"claimedTime":1684745220000},{"poolId":267,"poolName":"AGIX/USDT","assetRewards":"BNB","claimAmount":"0.00000231","status":1,"claimedTime":1684658716000},{"poolId":267,"poolName":"AGIX/USDT","assetRewards":"USDT","claimAmount":"0.00322462","status":1,"claimedTime":1684658716000},{"poolId":267,"poolName":"AGIX/USDT","assetRewards":"AGIX","claimAmount":"0.01393702","status":1,"claimedTime":1684658716000},{"poolId":267,"poolName":"AGIX/USDT","assetRewards":"AGIX","claimAmount":"0.02172848","status":1,"claimedTime":1684617421000},{"poolId":267,"poolName":"AGIX/USDT","assetRewards":"BNB","claimAmount":"0.00000273","status":1,"claimedTime":1684617421000},{"poolId":267,"poolName":"AGIX/USDT","assetRewards":"USDT","claimAmount":"0.00640454","status":1,"claimedTime":1684617421000},{"poolId":267,"poolName":"AGIX/USDT","assetRewards":"BNB","claimAmount":"0.00000378","status":1,"claimedTime":1684570840000},{"poolId":267,"poolName":"AGIX/USDT","assetRewards":"AGIX","claimAmount":"0.08291294","status":1,"claimedTime":1684570840000},{"poolId":267,"poolName":"AGIX/USDT","assetRewards":"USDT","claimAmount":"0.02707564","status":1,"claimedTime":1684570840000},{"poolId":267,"poolName":"AGIX/USDT","assetRewards":"BNB","claimAmount":"0.00000588","status":1,"claimedTime":1684507388000},{"poolId":267,"poolName":"AGIX/USDT","assetRewards":"AGIX","claimAmount":"0.04727508","status":1,"claimedTime":1684507388000},{"poolId":267,"poolName":"AGIX/USDT","assetRewards":"USDT","claimAmount":"0.01324804","status":1,"claimedTime":1684507388000},{"poolId":267,"poolName":"AGIX/USDT","assetRewards":"BNB","claimAmount":"0.0000055","status":1,"claimedTime":1684407951000},{"poolId":267,"poolName":"AGIX/USDT","assetRewards":"AGIX","claimAmount":"0.03690642","status":1,"claimedTime":1684407951000},{"poolId":267,"poolName":"AGIX/USDT","assetRewards":"USDT","claimAmount":"0.00994902","status":1,"claimedTime":1684407951000},{"poolId":267,"poolName":"AGIX/USDT","assetRewards":"USDT","claimAmount":"0.00498402","status":1,"claimedTime":1684318513000},{"poolId":267,"poolName":"AGIX/USDT","assetRewards":"AGIX","claimAmount":"0.01879563","status":1,"claimedTime":1684318513000},{"poolId":267,"poolName":"AGIX/USDT","assetRewards":"BNB","claimAmount":"0.00000418","status":1,"claimedTime":1684318513000},{"poolId":267,"poolName":"AGIX/USDT","assetRewards":"AGIX","claimAmount":"0.03048535","status":1,"claimedTime":1684253184000},{"poolId":267,"poolName":"AGIX/USDT","assetRewards":"BNB","claimAmount":"0.00000418","status":1,"claimedTime":1684253184000},{"poolId":267,"poolName":"AGIX/USDT","assetRewards":"USDT","claimAmount":"0.00761855","status":1,"claimedTime":1684253184000},{"poolId":267,"poolName":"AGIX/USDT","assetRewards":"BNB","claimAmount":"0.00000011","status":1,"claimedTime":1683581876000},{"poolId":267,"poolName":"AGIX/USDT","assetRewards":"AGIX","claimAmount":"0.00044894","status":1,"claimedTime":1683581876000},{"poolId":267,"poolName":"AGIX/USDT","assetRewards":"USDT","claimAmount":"0.00017127","status":1,"claimedTime":1683581876000},{"poolId":267,"poolName":"AGIX/USDT","assetRewards":"AGIX","claimAmount":"0.01602571","status":1,"claimedTime":1683541678000},{"poolId":267,"poolName":"AGIX/USDT","assetRewards":"USDT","claimAmount":"0.00356709","status":1,"claimedTime":1683541678000},{"poolId":267,"poolName":"AGIX/USDT","assetRewards":"BNB","claimAmount":"0.00000165","status":1,"claimedTime":1683541678000},{"poolId":267,"poolName":"AGIX/USDT","assetRewards":"USDT","claimAmount":"0.00582822","status":1,"claimedTime":1683488635000},{"poolId":267,"poolName":"AGIX/USDT","assetRewards":"BNB","claimAmount":"0.00000374","status":1,"claimedTime":1683488635000},{"poolId":267,"poolName":"AGIX/USDT","assetRewards":"AGIX","claimAmount":"0.02173423","status":1,"claimedTime":1683488635000}]
