[{"operationId":7296590,"poolId":267,"poolName":"AGIX/USDT","operation":"ADD","status":1,"updateTime":1684180992000,"shareAmount":"67.93295019","liquidityAmount":[{"asset":"AGIX","amount":"133.3074693"},{"asset":"USDT","amount":"34.6183876"}]},{"operationId":4991599,"poolId":267,"poolName":"AGIX/USDT","operation":"REMOVE","status":1,"updateTime":1683543693000,"shareAmount":"34.19638089","liquidityAmount":[{"asset":"AGIX","amount":"67.24809912"},{"asset":"USDT","amount":"17.38924177"}]},{"operationId":7072758,"poolId":267,"poolName":"AGIX/USDT","operation":"ADD","status":1,"updateTime":1677842424000,"shareAmount":"34.19638089","liquidityAmount":[{"asset":"AGIX","amount":"50.63857805"},{"asset":"USDT","amount":"23.09291598"}]}]
