[{"operationId":7296586,"poolId":268,"poolName":"GMX/USDT","operation":"ADD","status":1,"updateTime":1684180851000,"shareAmount":"7.49074081","liquidityAmount":[{"asset":"GMX","amount":"0.94467539"},{"asset":"USDT","amount":"59.39756953"}]},{"operationId":5008045,"poolId":268,"poolName":"GMX/USDT","operation":"REMOVE","status":1,"updateTime":1684180740000,"shareAmount":"3.56743705","liquidityAmount":[{"asset":"GMX","amount":"0.44996673"},{"asset":"USDT","amount":"28.28355277"}]},{"operationId":7075914,"poolId":268,"poolName":"GMX/USDT","operation":"ADD","status":1,"updateTime":1677965127000,"shareAmount":"3.56743705","liquidityAmount":[{"asset":"GMX","amount":"0.44135198"},{"asset":"USDT","amount":"28.83560924"}]}]
