[{"poolId":268,"poolName":"GMX/USDT","assetRewards":"USDT","claimAmount":"0.00894368","status":1,"claimedTime":1686000848000},{"poolId":268,"poolName":"GMX/USDT","assetRewards":"GMX","claimAmount":"0.00020402","status":1,"claimedTime":1686000848000},{"poolId":268,"poolName":"GMX/USDT","assetRewards":"BNB","claimAmount":"0.00000512","status":1,"claimedTime":1686000848000},{"poolId":268,"poolName":"GMX/USDT","assetRewards":"GMX","claimAmount":"0.0007982","status":1,"claimedTime":1685985812000},{"poolId":268,"poolName":"GMX/USDT","assetRewards":"USDT","claimAmount":"0.03988468","status":1,"claimedTime":1685985812000},{"poolId":268,"poolName":"GMX/USDT","assetRewards":"BNB","claimAmount":"0.00002962","status":1,"claimedTime":1685985812000},{"poolId":268,"poolName":"GMX/USDT","assetRewards":"BNB","claimAmount":"0.00006079","status":1,"claimedTime":1685904929000},{"poolId":268,"poolName":"GMX/USDT","assetRewards":"GMX","claimAmount":"0.00036325","status":1,"claimedTime":1685904929000},{"poolId":268,"poolName":"GMX/USDT","assetRewards":"USDT","claimAmount":"0.02013745","status":1,"claimedTime":1685904929000},{"poolId":268,"poolName":"GMX/USDT","assetRewards":"BNB","claimAmount":"0.00006443","status":1,"claimedTime":1685735343000},{"poolId":268,"poolName":"GMX/USDT","assetRewards":"GMX","claimAmount":"0.00045339","status":1,"claimedTime":1685735343000},{"poolId":268,"poolName":"GMX/USDT","assetRewards":"USDT","claimAmount":"0.02691543","status":1,"claimedTime":1685735343000},{"poolId":268,"poolName":"GMX/USDT","assetRewards":"GMX","claimAmount":"0.00029443","status":1,"claimedTime":1685556359000},{"poolId":268,"poolName":"GMX/USDT","assetRewards":"BNB","claimAmount":"0.00002772","status":1,"claimedTime":1685556359000},{"poolId":268,"poolName":"GMX/USDT","assetRewards":"USDT","claimAmount":"0.01311932","status":1,"claimedTime":1685556359000},{"poolId":268,"poolName":"GMX/USDT","assetRewards":"USDT","claimAmount":"0.0063608","status":1,"claimedTime":1685483670000},{"poolId":268,"poolName":"GMX/USDT","assetRewards":"GMX","claimAmount":"0.00013215","status":1,"claimedTime":1685483670000},{"poolId":268,"poolName":"GMX/USDT","assetRewards":"BNB","claimAmount":"0.00001188","status":1,"claimedTime":1685483670000},{"poolId":268,"poolName":"GMX/USDT","assetRewards":"BNB","claimAmount":"0.00003168","status":1,"claimedTime":1685451525000},{"poolId":268,"poolName":"GMX/USDT","assetRewards":"GMX","claimAmount":"0.00028606","status":1,"claimedTime":1685451525000},{"poolId":268,"poolName":"GMX/USDT","assetRewards":"USDT","claimAmount":"0.01713396","status":1,"claimedTime":1685451525000},{"poolId":268,"poolName":"GMX/USDT","assetRewards":"GMX","claimAmount":"0.00036395","status":1,"claimedTime":1685365008000},{"poolId":268,"poolName":"GMX/USDT","assetRewards":"USDT","claimAmount":"0.02147465","status":1,"claimedTime":1685365008000},{"poolId":268,"poolName":"GMX/USDT","assetRewards":"BNB","claimAmount":"0.00003801","status":1,"claimedTime":1685365008000},{"poolId":268,"poolName":"GMX/USDT","assetRewards":"GMX","claimAmount":"0.00016105","status":1,"claimedTime":1685260935000},{"poolId":268,"poolName":"GMX/USDT","assetRewards":"BNB","claimAmount":"0.00002968","status":1,"claimedTime":1685260935000},{"poolId":268,"poolName":"GMX/USDT","assetRewards":"USDT","claimAmount":"0.01002197","status":1,"claimedTime":1685260935000},{"poolId":268,"poolName":"GMX/USDT","assetRewards":"BNB","claimAmount":"0.00003144","status":1,"claimedTime":1685176600000},{"poolId":268,"poolName":"GMX/USDT","assetRewards":"USDT","claimAmount":"0.01455793","status":1,"claimedTime":1685176600000},{"poolId":268,"poolName":"GMX/USDT","assetRewards":"GMX","claimAmount":"0.00026474","status":1,"claimedTime":1685176600000},{"poolId":268,"poolName":"GMX/USDT","assetRewards":"GMX","claimAmount":"0.0003078","status":1,"claimedTime":1685091462000},{"poolId":268,"poolName":"GMX/USDT","assetRewards":"BNB","claimAmount":"0.00003773","status":1,"claimedTime":1685091462000},{"poolId":268,"poolName":"GMX/USDT","assetRewards":"USDT","claimAmount":"0.016648","status":1,"claimedTime":1685091462000},{"poolId":268,"poolName":"GMX/USDT","assetRewards":"GMX","claimAmount":"0.00012159","status":1,"claimedTime":1684989641000},{"poolId":268,"poolName":"GMX/USDT","assetRewards":"BNB","claimAmount":"0.00000977","status":1,"claimedTime":1684989641000},{"poolId":268,"poolName":"GMX/USDT","assetRewards":"USDT","claimAmount":"0.00534837","status":1,"claimedTime":1684989641000},{"poolId":268,"poolName":"GMX/USDT","assetRewards":"GMX","claimAmount":"0.00023431","status":1,"claimedTime":1684963285000},{"poolId":268,"poolName":"GMX/USDT","assetRewards":"USDT","claimAmount":"0.01108633","status":1,"claimedTime":1684963285000},{"poolId":268,"poolName":"GMX/USDT","assetRewards":"BNB","claimAmount":"0.00001266","status":1,"claimedTime":1684963285000},{"poolId":268,"poolName":"GMX/USDT","assetRewards":"GMX","claimAmount":"0.00037873","status":1,"claimedTime":1684931951000},{"poolId":268,"poolName":"GMX/USDT","assetRewards":"USDT","claimAmount":"0.01486052","status":1,"claimedTime":1684931951000},{"poolId":268,"poolName":"GMX/USDT","assetRewards":"BNB","claimAmount":"0.00004084","status":1,"claimedTime":1684931951000},{"poolId":268,"poolName":"GMX/USDT","assetRewards":"USDT","claimAmount":"0.01444102","status":1,"claimedTime":1684828045000},{"poolId":268,"poolName":"GMX/USDT","assetRewards":"GMX","claimAmount":"0.0002233","status":1,"claimedTime":1684828045000},{"poolId":268,"poolName":"GMX/USDT","assetRewards":"BNB","claimAmount":"0.0000327","status":1,"claimedTime":1684828045000},{"poolId":268,"poolName":"GMX/USDT","assetRewards":"BNB","claimAmount":"0.00003356","status":1,"claimedTime":1684745220000},{"poolId":268,"poolName":"GMX/USDT","assetRewards":"GMX","claimAmount":"0.00028453","status":1,"claimedTime":1684745220000},{"poolId":268,"poolName":"GMX/USDT","assetRewards":"USDT","claimAmount":"0.01369342","status":1,"claimedTime":1684745220000},{"poolId":268,"poolName":"GMX/USDT","assetRewards":"GMX","claimAmount":"0.00005106","status":1,"claimedTime":1684658716000},{"poolId":268,"poolName":"GMX/USDT","assetRewards":"USDT","claimAmount":"0.00238403","status":1,"claimedTime":1684658716000},{"poolId":268,"poolName":"GMX/USDT","assetRewards":"BNB","claimAmount":"0.00001524","status":1,"claimedTime":1684658716000},{"poolId":268,"poolName":"GMX/USDT","assetRewards":"GMX","claimAmount":"0.00005658","status":1,"claimedTime":1684617421000},{"poolId":268,"poolName":"GMX/USDT","assetRewards":"USDT","claimAmount":"0.00379799","status":1,"claimedTime":1684617421000},{"poolId":268,"poolName":"GMX/USDT","assetRewards":"BNB","claimAmount":"0.00001799","status":1,"claimedTime":1684617421000},{"poolId":268,"poolName":"GMX/USDT","assetRewards":"GMX","claimAmount":"0.00015108","status":1,"claimedTime":1684570840000},{"poolId":268,"poolName":"GMX/USDT","assetRewards":"BNB","claimAmount":"0.00002502","status":1,"claimedTime":1684570840000},{"poolId":268,"poolName":"GMX/USDT","assetRewards":"USDT","claimAmount":"0.00997216","status":1,"claimedTime":1684570840000},{"poolId":268,"poolName":"GMX/USDT","assetRewards":"BNB","claimAmount":"0.00003753","status":1,"claimedTime":1684507388000},{"poolId":268,"poolName":"GMX/USDT","assetRewards":"USDT","claimAmount":"0.01931734","status":1,"claimedTime":1684507388000},{"poolId":268,"poolName":"GMX/USDT","assetRewards":"GMX","claimAmount":"0.00034049","status":1,"claimedTime":1684507388000},{"poolId":268,"poolName":"GMX/USDT","assetRewards":"USDT","claimAmount":"0.02219","status":1,"claimedTime":1684407951000},{"poolId":268,"poolName":"GMX/USDT","assetRewards":"GMX","claimAmount":"0.00030143","status":1,"claimedTime":1684407951000},{"poolId":268,"poolName":"GMX/USDT","assetRewards":"BNB","claimAmount":"0.00003498","status":1,"claimedTime":1684407951000},{"poolId":268,"poolName":"GMX/USDT","assetRewards":"GMX","claimAmount":"0.00018565","status":1,"claimedTime":1684318513000},{"poolId":268,"poolName":"GMX/USDT","assetRewards":"BNB","claimAmount":"0.00002505","status":1,"claimedTime":1684318513000},{"poolId":268,"poolName":"GMX/USDT","assetRewards":"USDT","claimAmount":"0.01157788","status":1,"claimedTime":1684318513000},{"poolId":268,"poolName":"GMX/USDT","assetRewards":"BNB","claimAmount":"0.0000265","status":1,"claimedTime":1684253184000},{"poolId":268,"poolName":"GMX/USDT","assetRewards":"USDT","claimAmount":"0.0139242","status":1,"claimedTime":1684253184000},{"poolId":268,"poolName":"GMX/USDT","assetRewards":"GMX","claimAmount":"0.00024371","status":1,"claimedTime":1684253184000},{"poolId":268,"poolName":"GMX/USDT","assetRewards":"BNB","claimAmount":"0.00000324","status":1,"claimedTime":1684180513000},{"poolId":268,"poolName":"GMX/USDT","assetRewards":"GMX","claimAmount":"0.00003468","status":1,"claimedTime":1684180513000},{"poolId":268,"poolName":"GMX/USDT","assetRewards":"USDT","claimAmount":"0.00232479","status":1,"claimedTime":1684180513000},{"poolId":268,"poolName":"GMX/USDT","assetRewards":"USDT","claimAmount":"0.00998093","status":1,"claimedTime":1684157653000},{"poolId":268,"poolName":"GMX/USDT","assetRewards":"BNB","claimAmount":"0.00001261","status":1,"claimedTime":1684157653000},{"poolId":268,"poolName":"GMX/USDT","assetRewards":"GMX","claimAmount":"0.00012626","status":1,"claimedTime":1684157653000},{"poolId":268,"poolName":"GMX/USDT","assetRewards":"GMX","claimAmount":"0.00001003","status":1,"claimedTime":1684070017000},{"poolId":268,"poolName":"GMX/USDT","assetRewards":"BNB","claimAmount":"0.0000026","status":1,"claimedTime":1684070017000},{"poolId":268,"poolName":"GMX/USDT","assetRewards":"USDT","claimAmount":"0.00092063","status":1,"claimedTime":1684070017000},{"poolId":268,"poolName":"GMX/USDT","assetRewards":"USDT","claimAmount":"0.00501476","status":1,"claimedTime":1684053898000},{"poolId":268,"poolName":"GMX/USDT","assetRewards":"BNB","claimAmount":"0.00001272","status":1,"claimedTime":1684053898000},{"poolId":268,"poolName":"GMX/USDT","assetRewards":"GMX","claimAmount":"0.00008331","status":1,"claimedTime":1684053898000},{"poolId":268,"poolName":"GMX/USDT","assetRewards":"GMX","claimAmount":"0.00003725","status":1,"claimedTime":1683966128000},{"poolId":268,"poolName":"GMX/USDT","assetRewards":"USDT","claimAmount":"0.00270812","status":1,"claimedTime":1683966128000},{"poolId":268,"poolName":"GMX/USDT","assetRewards":"BNB","claimAmount":"0.00000583","status":1,"claimedTime":1683966128000},{"poolId":268,"poolName":"GMX/USDT","assetRewards":"USDT","claimAmount":"0.00781596","status":1,"claimedTime":1683926079000},{"poolId":268,"poolName":"GMX/USDT","assetRewards":"GMX","claimAmount":"0.00011931","status":1,"claimedTime":1683926079000},{"poolId":268,"poolName":"GMX/USDT","assetRewards":"BNB","claimAmount":"0.0000046","status":1,"claimedTime":1683926079000},{"poolId":268,"poolName":"GMX/USDT","assetRewards":"GMX","claimAmount":"0.00002025","status":1,"claimedTime":1683896618000},{"poolId":268,"poolName":"GMX/USDT","assetRewards":"BNB","claimAmount":"0.000002","status":1,"claimedTime":1683896618000},{"poolId":268,"poolName":"GMX/USDT","assetRewards":"USDT","claimAmount":"0.0012567","status":1,"claimedTime":1683896618000},{"poolId":268,"poolName":"GMX/USDT","assetRewards":"USDT","claimAmount":"0.00824778","status":1,"claimedTime":1683881667000},{"poolId":268,"poolName":"GMX/USDT","assetRewards":"GMX","claimAmount":"0.0001426","status":1,"claimedTime":1683881667000},{"poolId":268,"poolName":"GMX/USDT","assetRewards":"BNB","claimAmount":"0.000008","status":1,"claimedTime":1683881667000},{"poolId":268,"poolName":"GMX/USDT","assetRewards":"USDT","claimAmount":"0.00793571","status":1,"claimedTime":1683822494000},{"poolId":268,"poolName":"GMX/USDT","assetRewards":"BNB","claimAmount":"0.00000953","status":1,"claimedTime":1683822494000},{"poolId":268,"poolName":"GMX/USDT","assetRewards":"GMX","claimAmount":"0.00015714","status":1,"claimedTime":1683822494000},{"poolId":268,"poolName":"GMX/USDT","assetRewards":"GMX","claimAmount":"0.00029808","status":1,"claimedTime":1683755422000},{"poolId":268,"poolName":"GMX/USDT","assetRewards":"USDT","claimAmount":"0.01840519","status":1,"claimedTime":1683755422000},{"poolId":268,"poolName":"GMX/USDT","assetRewards":"BNB","claimAmount":"0.00001299","status":1,"claimedTime":1683755422000},{"poolId":268,"poolName":"GMX/USDT","assetRewards":"USDT","claimAmount":"0.00685581","status":1,"claimedTime":1683662842000},{"poolId":268,"poolName":"GMX/USDT","assetRewards":"USDT","claimAmount":"0.00685581","status":1,"claimedTime":1683662842000},{"poolId":268,"poolName":"GMX/USDT","assetRewards":"BNB","claimAmount":"0.00001227","status":1,"claimedTime":1683662842000},{"poolId":268,"poolName":"GMX/USDT","assetRewards":"GMX","claimAmount":"0.00011792","status":1,"claimedTime":1683662842000},{"poolId":268,"poolName":"GMX/USDT","assetRewards":"BNB","claimAmount":"0.00000596","status":1,"claimedTime":1683581876000},{"poolId":268,"poolName":"GMX/USDT","assetRewards":"USDT","claimAmount":"0.00757013","status":1,"claimedTime":1683581876000},{"poolId":268,"poolName":"GMX/USDT","assetRewards":"GMX","claimAmount":"0.00013589","status":1,"claimedTime":1683581876000},{"poolId":268,"poolName":"GMX/USDT","assetRewards":"USDT","claimAmount":"0.00746368","status":1,"claimedTime":1683541678000},{"poolId":268,"poolName":"GMX/USDT","assetRewards":"BNB","claimAmount":"0.00000819","status":1,"claimedTime":1683541678000},{"poolId":268,"poolName":"GMX/USDT","assetRewards":"GMX","claimAmount":"0.00014572","status":1,"claimedTime":1683541678000},{"poolId":268,"poolName":"GMX/USDT","assetRewards":"GMX","claimAmount":"0.0001869","status":1,"claimedTime":1683488635000},{"poolId":268,"poolName":"GMX/USDT","assetRewards":"USDT","claimAmount":"0.01256354","status":1,"claimedTime":1683488635000},{"poolId":268,"poolName":"GMX/USDT","assetRewards":"BNB","claimAmount":"0.00001828","status":1,"claimedTime":1683488635000},{"poolId":268,"poolName":"GMX/USDT","assetRewards":"USDT","claimAmount":"0.0046477","status":1,"claimedTime":1683365451000},{"poolId":268,"poolName":"GMX/USDT","assetRewards":"BNB","claimAmount":"0.00000648","status":1,"claimedTime":1683365451000},{"poolId":268,"poolName":"GMX/USDT","assetRewards":"GMX","claimAmount":"0.0000699","status":1,"claimedTime":1683365451000},{"poolId":268,"poolName":"GMX/USDT","assetRewards":"USDT","claimAmount":"0.00990026","status":1,"claimedTime":1683321390000},{"poolId":268,"poolName":"GMX/USDT","assetRewards":"GMX","claimAmount":"0.00012179","status":1,"claimedTime":1683321390000},{"poolId":268,"poolName":"GMX/USDT","assetRewards":"BNB","claimAmount":"0.00000728","status":1,"claimedTime":1683321390000},{"poolId":268,"poolName":"GMX/USDT","assetRewards":"USDT","claimAmount":"0.00873074","status":1,"claimedTime":1683277438000},{"poolId":268,"poolName":"GMX/USDT","assetRewards":"BNB","claimAmount":"0.0000135","status":1,"claimedTime":1683277438000},{"poolId":268,"poolName":"GMX/USDT","assetRewards":"GMX","claimAmount":"0.00011882","status":1,"claimedTime":1683277438000},{"poolId":268,"poolName":"GMX/USDT","assetRewards":"GMX","claimAmount":"0.00004526","status":1,"claimedTime":1683188168000},{"poolId":268,"poolName":"GMX/USDT","assetRewards":"USDT","claimAmount":"0.0024284","status":1,"claimedTime":1683188168000},{"poolId":268,"poolName":"GMX/USDT","assetRewards":"BNB","claimAmount":"0.0000057","status":1,"claimedTime":1683188168000},{"poolId":268,"poolName":"GMX/USDT","assetRewards":"BNB","claimAmount":"0.00000342","status":1,"claimedTime":1683152076000},{"poolId":268,"poolName":"GMX/USDT","assetRewards":"GMX","claimAmount":"0.00009002","status":1,"claimedTime":1683152076000},{"poolId":268,"poolName":"GMX/USDT","assetRewards":"USDT","claimAmount":"0.00700746","status":1,"claimedTime":1683152076000},{"poolId":268,"poolName":"GMX/USDT","assetRewards":"GMX","claimAmount":"0.00010536","status":1,"claimedTime":1683131421000},{"poolId":268,"poolName":"GMX/USDT","assetRewards":"USDT","claimAmount":"0.00576743","status":1,"claimedTime":1683131421000},{"poolId":268,"poolName":"GMX/USDT","assetRewards":"BNB","claimAmount":"0.00001083","status":1,"claimedTime":1683131421000},{"poolId":268,"poolName":"GMX/USDT","assetRewards":"GMX","claimAmount":"0.0002321","status":1,"claimedTime":1683063079000},{"poolId":268,"poolName":"GMX/USDT","assetRewards":"USDT","claimAmount":"0.01552439","status":1,"claimedTime":1683063079000},{"poolId":268,"poolName":"GMX/USDT","assetRewards":"BNB","claimAmount":"0.00002166","status":1,"claimedTime":1683063079000},{"poolId":268,"poolName":"GMX/USDT","assetRewards":"BNB","claimAmount":"0.00001301","status":1,"claimedTime":1682926198000},{"poolId":268,"poolName":"GMX/USDT","assetRewards":"GMX","claimAmount":"0.00014461","status":1,"claimedTime":1682926198000},{"poolId":268,"poolName":"GMX/USDT","assetRewards":"USDT","claimAmount":"0.0096347","status":1,"claimedTime":1682926198000},{"poolId":268,"poolName":"GMX/USDT","assetRewards":"BNB","claimAmount":"0.00001372","status":1,"claimedTime":1682844681000},{"poolId":268,"poolName":"GMX/USDT","assetRewards":"USDT","claimAmount":"0.00421819","status":1,"claimedTime":1682844681000},{"poolId":268,"poolName":"GMX/USDT","assetRewards":"GMX","claimAmount":"0.00005818","status":1,"claimedTime":1682844681000},{"poolId":268,"poolName":"GMX/USDT","assetRewards":"USDT","claimAmount":"0.00714897","status":1,"claimedTime":1682754226000},{"poolId":268,"poolName":"GMX/USDT","assetRewards":"BNB","claimAmount":"0.00001356","status":1,"claimedTime":1682754226000},{"poolId":268,"poolName":"GMX/USDT","assetRewards":"GMX","claimAmount":"0.00011085","status":1,"claimedTime":1682754226000},{"poolId":268,"poolName":"GMX/USDT","assetRewards":"GMX","claimAmount":"0.00004592","status":1,"claimedTime":1682664233000},{"poolId":268,"poolName":"GMX/USDT","assetRewards":"USDT","claimAmount":"0.00328272","status":1,"claimedTime":1682664233000},{"poolId":268,"poolName":"GMX/USDT","assetRewards":"BNB","claimAmount":"0.00000473","status":1,"claimedTime":1682664233000},{"poolId":268,"poolName":"GMX/USDT","assetRewards":"BNB","claimAmount":"0.00000371","status":1,"claimedTime":1682631100000},{"poolId":268,"poolName":"GMX/USDT","assetRewards":"USDT","claimAmount":"0.00591387","status":1,"claimedTime":1682631100000},{"poolId":268,"poolName":"GMX/USDT","assetRewards":"GMX","claimAmount":"0.00007526","status":1,"claimedTime":1682631100000},{"poolId":268,"poolName":"GMX/USDT","assetRewards":"USDT","claimAmount":"0.02976311","status":1,"claimedTime":1682607190000},{"poolId":268,"poolName":"GMX/USDT","assetRewards":"GMX","claimAmount":"0.0004175","status":1,"claimedTime":1682607190000},{"poolId":268,"poolName":"GMX/USDT","assetRewards":"BNB","claimAmount":"0.00001432","status":1,"claimedTime":1682607190000},{"poolId":268,"poolName":"GMX/USDT","assetRewards":"BNB","claimAmount":"0.0000028","status":1,"claimedTime":1682514259000},{"poolId":268,"poolName":"GMX/USDT","assetRewards":"USDT","claimAmount":"0.00340458","status":1,"claimedTime":1682514259000},{"poolId":268,"poolName":"GMX/USDT","assetRewards":"GMX","claimAmount":"0.000034","status":1,"claimedTime":1682514259000},{"poolId":268,"poolName":"GMX/USDT","assetRewards":"USDT","claimAmount":"0.01061208","status":1,"claimedTime":1682496343000},{"poolId":268,"poolName":"GMX/USDT","assetRewards":"GMX","claimAmount":"0.00013032","status":1,"claimedTime":1682496343000},{"poolId":268,"poolName":"GMX/USDT","assetRewards":"BNB","claimAmount":"0.0000056","status":1,"claimedTime":1682496343000},{"poolId":268,"poolName":"GMX/USDT","assetRewards":"GMX","claimAmount":"0.00009579","status":1,"claimedTime":1682457957000},{"poolId":268,"poolName":"GMX/USDT","assetRewards":"USDT","claimAmount":"0.00754035","status":1,"claimedTime":1682457957000},{"poolId":268,"poolName":"GMX/USDT","assetRewards":"BNB","claimAmount":"0.00000448","status":1,"claimedTime":1682457957000},{"poolId":268,"poolName":"GMX/USDT","assetRewards":"GMX","claimAmount":"0.00008889","status":1,"claimedTime":1682429126000},{"poolId":268,"poolName":"GMX/USDT","assetRewards":"USDT","claimAmount":"0.00779733","status":1,"claimedTime":1682429126000},{"poolId":268,"poolName":"GMX/USDT","assetRewards":"BNB","claimAmount":"0.00000757","status":1,"claimedTime":1682429126000},{"poolId":268,"poolName":"GMX/USDT","assetRewards":"BNB","claimAmount":"0.00000602","status":1,"claimedTime":1682372060000},{"poolId":268,"poolName":"GMX/USDT","assetRewards":"GMX","claimAmount":"0.00011391","status":1,"claimedTime":1682372060000},{"poolId":268,"poolName":"GMX/USDT","assetRewards":"USDT","claimAmount":"0.00880495","status":1,"claimedTime":1682372060000},{"poolId":268,"poolName":"GMX/USDT","assetRewards":"BNB","claimAmount":"0.00001025","status":1,"claimedTime":1682330463000},{"poolId":268,"poolName":"GMX/USDT","assetRewards":"USDT","claimAmount":"0.01427167","status":1,"claimedTime":1682330463000},{"poolId":268,"poolName":"GMX/USDT","assetRewards":"GMX","claimAmount":"0.00021798","status":1,"claimedTime":1682330463000},{"poolId":268,"poolName":"GMX/USDT","assetRewards":"BNB","claimAmount":"0.00002062","status":1,"claimedTime":1682255554000},{"poolId":268,"poolName":"GMX/USDT","assetRewards":"USDT","claimAmount":"0.0214374","status":1,"claimedTime":1682255554000},{"poolId":268,"poolName":"GMX/USDT","assetRewards":"GMX","claimAmount":"0.00025285","status":1,"claimedTime":1682255554000},{"poolId":268,"poolName":"GMX/USDT","assetRewards":"USDT","claimAmount":"0.02474664","status":1,"claimedTime":1682115557000},{"poolId":268,"poolName":"GMX/USDT","assetRewards":"GMX","claimAmount":"0.00038483","status":1,"claimedTime":1682115557000},{"poolId":268,"poolName":"GMX/USDT","assetRewards":"BNB","claimAmount":"0.00001229","status":1,"claimedTime":1682115557000},{"poolId":268,"poolName":"GMX/USDT","assetRewards":"USDT","claimAmount":"0.02894825","status":1,"claimedTime":1682025935000},{"poolId":268,"poolName":"GMX/USDT","assetRewards":"BNB","claimAmount":"0.0000128","status":1,"claimedTime":1682025935000},{"poolId":268,"poolName":"GMX/USDT","assetRewards":"GMX","claimAmount":"0.00038696","status":1,"claimedTime":1682025935000},{"poolId":268,"poolName":"GMX/USDT","assetRewards":"BNB","claimAmount":"0.00000057","status":1,"claimedTime":1681939984000},{"poolId":268,"poolName":"GMX/USDT","assetRewards":"USDT","claimAmount":"0.00155856","status":1,"claimedTime":1681939984000},{"poolId":268,"poolName":"GMX/USDT","assetRewards":"GMX","claimAmount":"0.00001585","status":1,"claimedTime":1681939984000},{"poolId":268,"poolName":"GMX/USDT","assetRewards":"GMX","claimAmount":"0.00037961","status":1,"claimedTime":1681936862000},{"poolId":268,"poolName":"GMX/USDT","assetRewards":"BNB","claimAmount":"0.00001336","status":1,"claimedTime":1681936862000},{"poolId":268,"poolName":"GMX/USDT","assetRewards":"USDT","claimAmount":"0.02639592","status":1,"claimedTime":1681936862000},{"poolId":268,"poolName":"GMX/USDT","assetRewards":"BNB","claimAmount":"0.00001127","status":1,"claimedTime":1681850008000},{"poolId":268,"poolName":"GMX/USDT","assetRewards":"USDT","claimAmount":"0.02147339","status":1,"claimedTime":1681850008000},{"poolId":268,"poolName":"GMX/USDT","assetRewards":"GMX","claimAmount":"0.00026671","status":1,"claimedTime":1681850008000},{"poolId":268,"poolName":"GMX/USDT","assetRewards":"GMX","claimAmount":"0.00009436","status":1,"claimedTime":1681771185000},{"poolId":268,"poolName":"GMX/USDT","assetRewards":"USDT","claimAmount":"0.00814439","status":1,"claimedTime":1681771185000},{"poolId":268,"poolName":"GMX/USDT","assetRewards":"BNB","claimAmount":"0.00000539","status":1,"claimedTime":1681771185000},{"poolId":268,"poolName":"GMX/USDT","assetRewards":"GMX","claimAmount":"0.00013918","status":1,"claimedTime":1681733497000},{"poolId":268,"poolName":"GMX/USDT","assetRewards":"USDT","claimAmount":"0.0103082","status":1,"claimedTime":1681733497000},{"poolId":268,"poolName":"GMX/USDT","assetRewards":"BNB","claimAmount":"0.00000621","status":1,"claimedTime":1681733497000},{"poolId":268,"poolName":"GMX/USDT","assetRewards":"USDT","claimAmount":"0.00900991","status":1,"claimedTime":1681690912000},{"poolId":268,"poolName":"GMX/USDT","assetRewards":"BNB","claimAmount":"0.00000553","status":1,"claimedTime":1681690912000},{"poolId":268,"poolName":"GMX/USDT","assetRewards":"GMX","claimAmount":"0.00010214","status":1,"claimedTime":1681690912000},{"poolId":268,"poolName":"GMX/USDT","assetRewards":"GMX","claimAmount":"0.0002009","status":1,"claimedTime":1681652755000},{"poolId":268,"poolName":"GMX/USDT","assetRewards":"BNB","claimAmount":"0.00000777","status":1,"claimedTime":1681652755000},{"poolId":268,"poolName":"GMX/USDT","assetRewards":"USDT","claimAmount":"0.01426552","status":1,"claimedTime":1681652755000},{"poolId":268,"poolName":"GMX/USDT","assetRewards":"GMX","claimAmount":"0.00026587","status":1,"claimedTime":1681597170000},{"poolId":268,"poolName":"GMX/USDT","assetRewards":"GMX","claimAmount":"0.00026587","status":1,"claimedTime":1681597170000},{"poolId":268,"poolName":"GMX/USDT","assetRewards":"USDT","claimAmount":"0.02219194","status":1,"claimedTime":1681597170000},{"poolId":268,"poolName":"GMX/USDT","assetRewards":"BNB","claimAmount":"0.00000664","status":1,"claimedTime":1681597170000},{"poolId":268,"poolName":"GMX/USDT","assetRewards":"USDT","claimAmount":"0.03152126","status":1,"claimedTime":1681556252000},{"poolId":268,"poolName":"GMX/USDT","assetRewards":"BNB","claimAmount":"0.00001434","status":1,"claimedTime":1681556252000},{"poolId":268,"poolName":"GMX/USDT","assetRewards":"GMX","claimAmount":"0.0003648","status":1,"claimedTime":1681556252000},{"poolId":268,"poolName":"GMX/USDT","assetRewards":"USDT","claimAmount":"0.01188487","status":1,"claimedTime":1681470004000},{"poolId":268,"poolName":"GMX/USDT","assetRewards":"BNB","claimAmount":"0.0000072","status":1,"claimedTime":1681470004000},{"poolId":268,"poolName":"GMX/USDT","assetRewards":"GMX","claimAmount":"0.00012957","status":1,"claimedTime":1681470004000},{"poolId":268,"poolName":"GMX/USDT","assetRewards":"BNB","claimAmount":"0.0000072","status":1,"claimedTime":1681426895000},{"poolId":268,"poolName":"GMX/USDT","assetRewards":"USDT","claimAmount":"0.00774602","status":1,"claimedTime":1681426895000},{"poolId":268,"poolName":"GMX/USDT","assetRewards":"GMX","claimAmount":"0.00009503","status":1,"claimedTime":1681426895000},{"poolId":268,"poolName":"GMX/USDT","assetRewards":"USDT","claimAmount":"0.01134389","status":1,"claimedTime":1681381222000},{"poolId":268,"poolName":"GMX/USDT","assetRewards":"BNB","claimAmount":"0.0000114","status":1,"claimedTime":1681381222000},{"poolId":268,"poolName":"GMX/USDT","assetRewards":"GMX","claimAmount":"0.0001299","status":1,"claimedTime":1681381222000},{"poolId":268,"poolName":"GMX/USDT","assetRewards":"BNB","claimAmount":"0.0000024","status":1,"claimedTime":1681315099000},{"poolId":268,"poolName":"GMX/USDT","assetRewards":"USDT","claimAmount":"0.00416997","status":1,"claimedTime":1681315099000},{"poolId":268,"poolName":"GMX/USDT","assetRewards":"GMX","claimAmount":"0.00004443","status":1,"claimedTime":1681315099000},{"poolId":268,"poolName":"GMX/USDT","assetRewards":"USDT","claimAmount":"0.00598386","status":1,"claimedTime":1681297621000},{"poolId":268,"poolName":"GMX/USDT","assetRewards":"GMX","claimAmount":"0.00009091","status":1,"claimedTime":1681297621000},{"poolId":268,"poolName":"GMX/USDT","assetRewards":"BNB","claimAmount":"0.0000078","status":1,"claimedTime":1681297621000},{"poolId":268,"poolName":"GMX/USDT","assetRewards":"USDT","claimAmount":"0.01525603","status":1,"claimedTime":1681253090000},{"poolId":268,"poolName":"GMX/USDT","assetRewards":"GMX","claimAmount":"0.00021263","status":1,"claimedTime":1681253090000},{"poolId":268,"poolName":"GMX/USDT","assetRewards":"BNB","claimAmount":"0.00001824","status":1,"claimedTime":1681253090000},{"poolId":268,"poolName":"GMX/USDT","assetRewards":"BNB","claimAmount":"0.0000176","status":1,"claimedTime":1681141566000},{"poolId":268,"poolName":"GMX/USDT","assetRewards":"GMX","claimAmount":"0.00009244","status":1,"claimedTime":1681141566000},{"poolId":268,"poolName":"GMX/USDT","assetRewards":"USDT","claimAmount":"0.00759709","status":1,"claimedTime":1681141566000},{"poolId":268,"poolName":"GMX/USDT","assetRewards":"USDT","claimAmount":"0.00238812","status":1,"claimedTime":1681032361000},{"poolId":268,"poolName":"GMX/USDT","assetRewards":"GMX","claimAmount":"0.00004763","status":1,"claimedTime":1681032361000},{"poolId":268,"poolName":"GMX/USDT","assetRewards":"BNB","claimAmount":"0.0000064","status":1,"claimedTime":1681032361000},{"poolId":268,"poolName":"GMX/USDT","assetRewards":"USDT","claimAmount":"0.00277384","status":1,"claimedTime":1680992772000},{"poolId":268,"poolName":"GMX/USDT","assetRewards":"GMX","claimAmount":"0.00004561","status":1,"claimedTime":1680992772000},{"poolId":268,"poolName":"GMX/USDT","assetRewards":"BNB","claimAmount":"0.00000649","status":1,"claimedTime":1680992772000},{"poolId":268,"poolName":"GMX/USDT","assetRewards":"BNB","claimAmount":"0.000017","status":1,"claimedTime":1680953654000},{"poolId":268,"poolName":"GMX/USDT","assetRewards":"GMX","claimAmount":"0.00014673","status":1,"claimedTime":1680953654000},{"poolId":268,"poolName":"GMX/USDT","assetRewards":"USDT","claimAmount":"0.01178197","status":1,"claimedTime":1680953654000},{"poolId":268,"poolName":"GMX/USDT","assetRewards":"BNB","claimAmount":"0.00000623","status":1,"claimedTime":1680851854000},{"poolId":268,"poolName":"GMX/USDT","assetRewards":"USDT","claimAmount":"0.00297965","status":1,"claimedTime":1680851854000},{"poolId":268,"poolName":"GMX/USDT","assetRewards":"GMX","claimAmount":"0.00004852","status":1,"claimedTime":1680851854000},{"poolId":268,"poolName":"GMX/USDT","assetRewards":"BNB","claimAmount":"0.00000212","status":1,"claimedTime":1680814838000},{"poolId":268,"poolName":"GMX/USDT","assetRewards":"GMX","claimAmount":"0.00002175","status":1,"claimedTime":1680814838000},{"poolId":268,"poolName":"GMX/USDT","assetRewards":"USDT","claimAmount":"0.0013142","status":1,"claimedTime":1680814838000},{"poolId":268,"poolName":"GMX/USDT","assetRewards":"USDT","claimAmount":"0.00041481","status":1,"claimedTime":1680799217000},{"poolId":268,"poolName":"GMX/USDT","assetRewards":"BNB","claimAmount":"0.00000053","status":1,"claimedTime":1680799217000},{"poolId":268,"poolName":"GMX/USDT","assetRewards":"GMX","claimAmount":"0.0000024","status":1,"claimedTime":1680799217000},{"poolId":268,"poolName":"GMX/USDT","assetRewards":"USDT","claimAmount":"0.00231208","status":1,"claimedTime":1680794103000},{"poolId":268,"poolName":"GMX/USDT","assetRewards":"BNB","claimAmount":"0.00000159","status":1,"claimedTime":1680794103000},{"poolId":268,"poolName":"GMX/USDT","assetRewards":"GMX","claimAmount":"0.00003046","status":1,"claimedTime":1680794103000},{"poolId":268,"poolName":"GMX/USDT","assetRewards":"USDT","claimAmount":"0.00161529","status":1,"claimedTime":1680782978000},{"poolId":268,"poolName":"GMX/USDT","assetRewards":"GMX","claimAmount":"0.00001599","status":1,"claimedTime":1680782978000},{"poolId":268,"poolName":"GMX/USDT","assetRewards":"BNB","claimAmount":"0.00000106","status":1,"claimedTime":1680782978000},{"poolId":268,"poolName":"GMX/USDT","assetRewards":"BNB","claimAmount":"0.00001436","status":1,"claimedTime":1680776732000},{"poolId":268,"poolName":"GMX/USDT","assetRewards":"USDT","claimAmount":"0.02437013","status":1,"claimedTime":1680776732000},{"poolId":268,"poolName":"GMX/USDT","assetRewards":"GMX","claimAmount":"0.00031086","status":1,"claimedTime":1680776732000},{"poolId":268,"poolName":"GMX/USDT","assetRewards":"USDT","claimAmount":"0.00570707","status":1,"claimedTime":1680686522000},{"poolId":268,"poolName":"GMX/USDT","assetRewards":"BNB","claimAmount":"0.00000615","status":1,"claimedTime":1680686522000},{"poolId":268,"poolName":"GMX/USDT","assetRewards":"GMX","claimAmount":"0.00005645","status":1,"claimedTime":1680686522000},{"poolId":268,"poolName":"GMX/USDT","assetRewards":"USDT","claimAmount":"0.00617183","status":1,"claimedTime":1680641878000},{"poolId":268,"poolName":"GMX/USDT","assetRewards":"BNB","claimAmount":"0.0000044","status":1,"claimedTime":1680641878000},{"poolId":268,"poolName":"GMX/USDT","assetRewards":"GMX","claimAmount":"0.00007924","status":1,"claimedTime":1680641878000},{"poolId":268,"poolName":"GMX/USDT","assetRewards":"USDT","claimAmount":"0.00560949","status":1,"claimedTime":1680602777000},{"poolId":268,"poolName":"GMX/USDT","assetRewards":"BNB","claimAmount":"0.0000056","status":1,"claimedTime":1680602777000},{"poolId":268,"poolName":"GMX/USDT","assetRewards":"GMX","claimAmount":"0.00008265","status":1,"claimedTime":1680602777000},{"poolId":268,"poolName":"GMX/USDT","assetRewards":"USDT","claimAmount":"0.00151207","status":1,"claimedTime":1680551457000},{"poolId":268,"poolName":"GMX/USDT","assetRewards":"GMX","claimAmount":"0.00001696","status":1,"claimedTime":1680551457000},{"poolId":268,"poolName":"GMX/USDT","assetRewards":"BNB","claimAmount":"0.0000004","status":1,"claimedTime":1680551457000},{"poolId":268,"poolName":"GMX/USDT","assetRewards":"BNB","claimAmount":"0.0000012","status":1,"claimedTime":1680545384000},{"poolId":268,"poolName":"GMX/USDT","assetRewards":"USDT","claimAmount":"0.0005859","status":1,"claimedTime":1680545384000},{"poolId":268,"poolName":"GMX/USDT","assetRewards":"GMX","claimAmount":"0.00000928","status":1,"claimedTime":1680545384000},{"poolId":268,"poolName":"GMX/USDT","assetRewards":"GMX","claimAmount":"0.0000763","status":1,"claimedTime":1680536388000},{"poolId":268,"poolName":"GMX/USDT","assetRewards":"BNB","claimAmount":"0.00000649","status":1,"claimedTime":1680536388000},{"poolId":268,"poolName":"GMX/USDT","assetRewards":"USDT","claimAmount":"0.00524477","status":1,"claimedTime":1680536388000},{"poolId":268,"poolName":"GMX/USDT","assetRewards":"USDT","claimAmount":"0.00349003","status":1,"claimedTime":1680466432000},{"poolId":268,"poolName":"GMX/USDT","assetRewards":"GMX","claimAmount":"0.00007343","status":1,"claimedTime":1680466432000},{"poolId":268,"poolName":"GMX/USDT","assetRewards":"BNB","claimAmount":"0.00000575","status":1,"claimedTime":1680466432000},{"poolId":268,"poolName":"GMX/USDT","assetRewards":"USDT","claimAmount":"0.00397109","status":1,"claimedTime":1680388352000},{"poolId":268,"poolName":"GMX/USDT","assetRewards":"BNB","claimAmount":"0.0000067","status":1,"claimedTime":1680388352000},{"poolId":268,"poolName":"GMX/USDT","assetRewards":"GMX","claimAmount":"0.00005729","status":1,"claimedTime":1680388352000},{"poolId":268,"poolName":"GMX/USDT","assetRewards":"BNB","claimAmount":"0.00000705","status":1,"claimedTime":1680300199000},{"poolId":268,"poolName":"GMX/USDT","assetRewards":"USDT","claimAmount":"0.01052959","status":1,"claimedTime":1680300199000},{"poolId":268,"poolName":"GMX/USDT","assetRewards":"GMX","claimAmount":"0.00014457","status":1,"claimedTime":1680300199000},{"poolId":268,"poolName":"GMX/USDT","assetRewards":"USDT","claimAmount":"0.01135371","status":1,"claimedTime":1680204585000},{"poolId":268,"poolName":"GMX/USDT","assetRewards":"GMX","claimAmount":"0.00015947","status":1,"claimedTime":1680204585000},{"poolId":268,"poolName":"GMX/USDT","assetRewards":"BNB","claimAmount":"0.00000549","status":1,"claimedTime":1680204585000},{"poolId":268,"poolName":"GMX/USDT","assetRewards":"BNB","claimAmount":"0.00000023","status":1,"claimedTime":1680128126000},{"poolId":268,"poolName":"GMX/USDT","assetRewards":"GMX","claimAmount":"0.0000024","status":1,"claimedTime":1680128126000},{"poolId":268,"poolName":"GMX/USDT","assetRewards":"USDT","claimAmount":"0.00021763","status":1,"claimedTime":1680128126000},{"poolId":268,"poolName":"GMX/USDT","assetRewards":"GMX","claimAmount":"0.00006263","status":1,"claimedTime":1680127323000},{"poolId":268,"poolName":"GMX/USDT","assetRewards":"USDT","claimAmount":"0.00423216","status":1,"claimedTime":1680127323000},{"poolId":268,"poolName":"GMX/USDT","assetRewards":"BNB","claimAmount":"0.00000276","status":1,"claimedTime":1680127323000},{"poolId":268,"poolName":"GMX/USDT","assetRewards":"USDT","claimAmount":"0.01116324","status":1,"claimedTime":1680083332000},{"poolId":268,"poolName":"GMX/USDT","assetRewards":"GMX","claimAmount":"0.00013151","status":1,"claimedTime":1680083332000},{"poolId":268,"poolName":"GMX/USDT","assetRewards":"BNB","claimAmount":"0.00000371","status":1,"claimedTime":1680083332000},{"poolId":268,"poolName":"GMX/USDT","assetRewards":"GMX","claimAmount":"0.00015553","status":1,"claimedTime":1680024083000},{"poolId":268,"poolName":"GMX/USDT","assetRewards":"BNB","claimAmount":"0.00000464","status":1,"claimedTime":1680024083000},{"poolId":268,"poolName":"GMX/USDT","assetRewards":"USDT","claimAmount":"0.012145","status":1,"claimedTime":1680024083000},{"poolId":268,"poolName":"GMX/USDT","assetRewards":"GMX","claimAmount":"0.00023886","status":1,"claimedTime":1679956293000},{"poolId":268,"poolName":"GMX/USDT","assetRewards":"USDT","claimAmount":"0.01793287","status":1,"claimedTime":1679956293000},{"poolId":268,"poolName":"GMX/USDT","assetRewards":"BNB","claimAmount":"0.00000675","status":1,"claimedTime":1679956293000},{"poolId":268,"poolName":"GMX/USDT","assetRewards":"BNB","claimAmount":"0.00000563","status":1,"claimedTime":1679865874000},{"poolId":268,"poolName":"GMX/USDT","assetRewards":"BNB","claimAmount":"0.00000563","status":1,"claimedTime":1679865874000},{"poolId":268,"poolName":"GMX/USDT","assetRewards":"GMX","claimAmount":"0.00010192","status":1,"claimedTime":1679865874000},{"poolId":268,"poolName":"GMX/USDT","assetRewards":"USDT","claimAmount":"0.00699207","status":1,"claimedTime":1679865874000},{"poolId":268,"poolName":"GMX/USDT","assetRewards":"USDT","claimAmount":"0.004278","status":1,"claimedTime":1679789336000},{"poolId":268,"poolName":"GMX/USDT","assetRewards":"BNB","claimAmount":"0.00000338","status":1,"claimedTime":1679789336000},{"poolId":268,"poolName":"GMX/USDT","assetRewards":"GMX","claimAmount":"0.00006648","status":1,"claimedTime":1679789336000},{"poolId":268,"poolName":"GMX/USDT","assetRewards":"BNB","claimAmount":"0.00000505","status":1,"claimedTime":1679744976000},{"poolId":268,"poolName":"GMX/USDT","assetRewards":"GMX","claimAmount":"0.00013167","status":1,"claimedTime":1679744976000},{"poolId":268,"poolName":"GMX/USDT","assetRewards":"USDT","claimAmount":"0.00882456","status":1,"claimedTime":1679744976000},{"poolId":268,"poolName":"GMX/USDT","assetRewards":"USDT","claimAmount":"0.00667864","status":1,"claimedTime":1679670805000},{"poolId":268,"poolName":"GMX/USDT","assetRewards":"BNB","claimAmount":"0.00000419","status":1,"claimedTime":1679670805000},{"poolId":268,"poolName":"GMX/USDT","assetRewards":"GMX","claimAmount":"0.0001078","status":1,"claimedTime":1679670805000},{"poolId":268,"poolName":"GMX/USDT","assetRewards":"BNB","claimAmount":"0.0000049","status":1,"claimedTime":1679607873000},{"poolId":268,"poolName":"GMX/USDT","assetRewards":"GMX","claimAmount":"0.00018998","status":1,"claimedTime":1679607873000},{"poolId":268,"poolName":"GMX/USDT","assetRewards":"USDT","claimAmount":"0.01433793","status":1,"claimedTime":1679607873000},{"poolId":268,"poolName":"GMX/USDT","assetRewards":"GMX","claimAmount":"0.00018351","status":1,"claimedTime":1679529731000},{"poolId":268,"poolName":"GMX/USDT","assetRewards":"BNB","claimAmount":"0.00000263","status":1,"claimedTime":1679529731000},{"poolId":268,"poolName":"GMX/USDT","assetRewards":"USDT","claimAmount":"0.01448164","status":1,"claimedTime":1679529731000},{"poolId":268,"poolName":"GMX/USDT","assetRewards":"BNB","claimAmount":"0.00000315","status":1,"claimedTime":1679486739000},{"poolId":268,"poolName":"GMX/USDT","assetRewards":"GMX","claimAmount":"0.00010517","status":1,"claimedTime":1679486739000},{"poolId":268,"poolName":"GMX/USDT","assetRewards":"USDT","claimAmount":"0.00802701","status":1,"claimedTime":1679486739000},{"poolId":268,"poolName":"GMX/USDT","assetRewards":"BNB","claimAmount":"0.00000198","status":1,"claimedTime":1679431471000},{"poolId":268,"poolName":"GMX/USDT","assetRewards":"USDT","claimAmount":"0.01411817","status":1,"claimedTime":1679431471000},{"poolId":268,"poolName":"GMX/USDT","assetRewards":"GMX","claimAmount":"0.00016537","status":1,"claimedTime":1679431471000},{"poolId":268,"poolName":"GMX/USDT","assetRewards":"GMX","claimAmount":"0.0001643","status":1,"claimedTime":1679397961000},{"poolId":268,"poolName":"GMX/USDT","assetRewards":"USDT","claimAmount":"0.01174524","status":1,"claimedTime":1679397961000},{"poolId":268,"poolName":"GMX/USDT","assetRewards":"BNB","claimAmount":"0.00000321","status":1,"claimedTime":1679397961000},{"poolId":268,"poolName":"GMX/USDT","assetRewards":"BNB","claimAmount":"0.00000161","status":1,"claimedTime":1679348093000},{"poolId":268,"poolName":"GMX/USDT","assetRewards":"GMX","claimAmount":"0.00010083","status":1,"claimedTime":1679348093000},{"poolId":268,"poolName":"GMX/USDT","assetRewards":"USDT","claimAmount":"0.00854482","status":1,"claimedTime":1679348093000},{"poolId":268,"poolName":"GMX/USDT","assetRewards":"BNB","claimAmount":"0.00000368","status":1,"claimedTime":1679324621000},{"poolId":268,"poolName":"GMX/USDT","assetRewards":"GMX","claimAmount":"0.00023502","status":1,"claimedTime":1679324621000},{"poolId":268,"poolName":"GMX/USDT","assetRewards":"USDT","claimAmount":"0.01923951","status":1,"claimedTime":1679324621000},{"poolId":268,"poolName":"GMX/USDT","assetRewards":"BNB","claimAmount":"0.00000544","status":1,"claimedTime":1679266674000},{"poolId":268,"poolName":"GMX/USDT","assetRewards":"USDT","claimAmount":"0.01899828","status":1,"claimedTime":1679266674000},{"poolId":268,"poolName":"GMX/USDT","assetRewards":"GMX","claimAmount":"0.00023157","status":1,"claimedTime":1679266674000},{"poolId":268,"poolName":"GMX/USDT","assetRewards":"BNB","claimAmount":"0.00000294","status":1,"claimedTime":1679179653000},{"poolId":268,"poolName":"GMX/USDT","assetRewards":"GMX","claimAmount":"0.000123","status":1,"claimedTime":1679179653000},{"poolId":268,"poolName":"GMX/USDT","assetRewards":"USDT","claimAmount":"0.00965358","status":1,"claimedTime":1679179653000},{"poolId":268,"poolName":"GMX/USDT","assetRewards":"GMX","claimAmount":"0.00001458","status":1,"claimedTime":1679132986000},{"poolId":268,"poolName":"GMX/USDT","assetRewards":"BNB","claimAmount":"0.00000023","status":1,"claimedTime":1679132986000},{"poolId":268,"poolName":"GMX/USDT","assetRewards":"USDT","claimAmount":"0.00090707","status":1,"claimedTime":1679132986000},{"poolId":268,"poolName":"GMX/USDT","assetRewards":"USDT","claimAmount":"0.01192793","status":1,"claimedTime":1679127016000},{"poolId":268,"poolName":"GMX/USDT","assetRewards":"BNB","claimAmount":"0.00000205","status":1,"claimedTime":1679127016000},{"poolId":268,"poolName":"GMX/USDT","assetRewards":"GMX","claimAmount":"0.00013109","status":1,"claimedTime":1679127016000},{"poolId":268,"poolName":"GMX/USDT","assetRewards":"GMX","claimAmount":"0.00023917","status":1,"claimedTime":1679098125000},{"poolId":268,"poolName":"GMX/USDT","assetRewards":"USDT","claimAmount":"0.02048612","status":1,"claimedTime":1679098125000},{"poolId":268,"poolName":"GMX/USDT","assetRewards":"BNB","claimAmount":"0.00000391","status":1,"claimedTime":1679098125000},{"poolId":268,"poolName":"GMX/USDT","assetRewards":"USDT","claimAmount":"0.00931549","status":1,"claimedTime":1679034534000},{"poolId":268,"poolName":"GMX/USDT","assetRewards":"BNB","claimAmount":"0.000002","status":1,"claimedTime":1679034534000},{"poolId":268,"poolName":"GMX/USDT","assetRewards":"GMX","claimAmount":"0.0001294","status":1,"claimedTime":1679034534000},{"poolId":268,"poolName":"GMX/USDT","assetRewards":"GMX","claimAmount":"0.00011114","status":1,"claimedTime":1679003407000},{"poolId":268,"poolName":"GMX/USDT","assetRewards":"BNB","claimAmount":"0.00000127","status":1,"claimedTime":1679003407000},{"poolId":268,"poolName":"GMX/USDT","assetRewards":"USDT","claimAmount":"0.00787986","status":1,"claimedTime":1679003407000},{"poolId":268,"poolName":"GMX/USDT","assetRewards":"USDT","claimAmount":"0.06282496","status":1,"claimedTime":1678982193000},{"poolId":268,"poolName":"GMX/USDT","assetRewards":"GMX","claimAmount":"0.00078695","status":1,"claimedTime":1678982193000},{"poolId":268,"poolName":"GMX/USDT","assetRewards":"BNB","claimAmount":"0.00000507","status":1,"claimedTime":1678982193000},{"poolId":268,"poolName":"GMX/USDT","assetRewards":"BNB","claimAmount":"0.00000464","status":1,"claimedTime":1678916856000},{"poolId":268,"poolName":"GMX/USDT","assetRewards":"GMX","claimAmount":"0.00038886","status":1,"claimedTime":1678916856000},{"poolId":268,"poolName":"GMX/USDT","assetRewards":"USDT","claimAmount":"0.02889243","status":1,"claimedTime":1678916856000},{"poolId":268,"poolName":"GMX/USDT","assetRewards":"BNB","claimAmount":"0.00000374","status":1,"claimedTime":1678860650000},{"poolId":268,"poolName":"GMX/USDT","assetRewards":"USDT","claimAmount":"0.01303869","status":1,"claimedTime":1678860650000},{"poolId":268,"poolName":"GMX/USDT","assetRewards":"GMX","claimAmount":"0.00016903","status":1,"claimedTime":1678860650000},{"poolId":268,"poolName":"GMX/USDT","assetRewards":"BNB","claimAmount":"0.00000192","status":1,"claimedTime":1678823277000},{"poolId":268,"poolName":"GMX/USDT","assetRewards":"USDT","claimAmount":"0.00996669","status":1,"claimedTime":1678823277000},{"poolId":268,"poolName":"GMX/USDT","assetRewards":"GMX","claimAmount":"0.00014331","status":1,"claimedTime":1678823277000},{"poolId":268,"poolName":"GMX/USDT","assetRewards":"USDT","claimAmount":"0.00347801","status":1,"claimedTime":1678801414000},{"poolId":268,"poolName":"GMX/USDT","assetRewards":"GMX","claimAmount":"0.00002559","status":1,"claimedTime":1678801414000},{"poolId":268,"poolName":"GMX/USDT","assetRewards":"BNB","claimAmount":"0.0000003","status":1,"claimedTime":1678801414000},{"poolId":268,"poolName":"GMX/USDT","assetRewards":"GMX","claimAmount":"0.00001894","status":1,"claimedTime":1678798912000},{"poolId":268,"poolName":"GMX/USDT","assetRewards":"USDT","claimAmount":"0.00144625","status":1,"claimedTime":1678798912000},{"poolId":268,"poolName":"GMX/USDT","assetRewards":"BNB","claimAmount":"0.0000006","status":1,"claimedTime":1678798912000},{"poolId":268,"poolName":"GMX/USDT","assetRewards":"USDT","claimAmount":"0.01307434","status":1,"claimedTime":1678791230000},{"poolId":268,"poolName":"GMX/USDT","assetRewards":"BNB","claimAmount":"0.0000037","status":1,"claimedTime":1678791230000},{"poolId":268,"poolName":"GMX/USDT","assetRewards":"GMX","claimAmount":"0.00018118","status":1,"claimedTime":1678791230000},{"poolId":268,"poolName":"GMX/USDT","assetRewards":"GMX","claimAmount":"0.00026857","status":1,"claimedTime":1678747598000},{"poolId":268,"poolName":"GMX/USDT","assetRewards":"USDT","claimAmount":"0.02107487","status":1,"claimedTime":1678747598000},{"poolId":268,"poolName":"GMX/USDT","assetRewards":"BNB","claimAmount":"0.00000428","status":1,"claimedTime":1678747598000},{"poolId":268,"poolName":"GMX/USDT","assetRewards":"BNB","claimAmount":"0.00000409","status":1,"claimedTime":1678700744000},{"poolId":268,"poolName":"GMX/USDT","assetRewards":"GMX","claimAmount":"0.00019602","status":1,"claimedTime":1678700744000},{"poolId":268,"poolName":"GMX/USDT","assetRewards":"USDT","claimAmount":"0.01471141","status":1,"claimedTime":1678700744000},{"poolId":268,"poolName":"GMX/USDT","assetRewards":"BNB","claimAmount":"0.00000169","status":1,"claimedTime":1678661844000},{"poolId":268,"poolName":"GMX/USDT","assetRewards":"GMX","claimAmount":"0.00009272","status":1,"claimedTime":1678661844000},{"poolId":268,"poolName":"GMX/USDT","assetRewards":"USDT","claimAmount":"0.00760316","status":1,"claimedTime":1678661844000},{"poolId":268,"poolName":"GMX/USDT","assetRewards":"BNB","claimAmount":"0.00000296","status":1,"claimedTime":1678642144000},{"poolId":268,"poolName":"GMX/USDT","assetRewards":"GMX","claimAmount":"0.00007258","status":1,"claimedTime":1678642144000},{"poolId":268,"poolName":"GMX/USDT","assetRewards":"USDT","claimAmount":"0.00459577","status":1,"claimedTime":1678642144000},{"poolId":268,"poolName":"GMX/USDT","assetRewards":"GMX","claimAmount":"0.00006654","status":1,"claimedTime":1678613762000},{"poolId":268,"poolName":"GMX/USDT","assetRewards":"BNB","claimAmount":"0.00000358","status":1,"claimedTime":1678613762000},{"poolId":268,"poolName":"GMX/USDT","assetRewards":"USDT","claimAmount":"0.0035345","status":1,"claimedTime":1678613762000},{"poolId":268,"poolName":"GMX/USDT","assetRewards":"BNB","claimAmount":"0.0000119","status":1,"claimedTime":1678577203000},{"poolId":268,"poolName":"GMX/USDT","assetRewards":"USDT","claimAmount":"0.04919425","status":1,"claimedTime":1678577203000},{"poolId":268,"poolName":"GMX/USDT","assetRewards":"GMX","claimAmount":"0.00081221","status":1,"claimedTime":1678577203000},{"poolId":268,"poolName":"GMX/USDT","assetRewards":"USDT","claimAmount":"0.00282843","status":1,"claimedTime":1678452678000},{"poolId":268,"poolName":"GMX/USDT","assetRewards":"GMX","claimAmount":"0.00003451","status":1,"claimedTime":1678452678000},{"poolId":268,"poolName":"GMX/USDT","assetRewards":"BNB","claimAmount":"0.00000052","status":1,"claimedTime":1678452678000},{"poolId":268,"poolName":"GMX/USDT","assetRewards":"BNB","claimAmount":"0.00000742","status":1,"claimedTime":1678449333000},{"poolId":268,"poolName":"GMX/USDT","assetRewards":"GMX","claimAmount":"0.00029413","status":1,"claimedTime":1678449333000},{"poolId":268,"poolName":"GMX/USDT","assetRewards":"USDT","claimAmount":"0.01792518","status":1,"claimedTime":1678449333000},{"poolId":268,"poolName":"GMX/USDT","assetRewards":"USDT","claimAmount":"0.0020514","status":1,"claimedTime":1678398431000},{"poolId":268,"poolName":"GMX/USDT","assetRewards":"USDT","claimAmount":"0.0020514","status":1,"claimedTime":1678398431000},{"poolId":268,"poolName":"GMX/USDT","assetRewards":"GMX","claimAmount":"0.00004348","status":1,"claimedTime":1678398431000},{"poolId":268,"poolName":"GMX/USDT","assetRewards":"BNB","claimAmount":"0.00000051","status":1,"claimedTime":1678398431000},{"poolId":268,"poolName":"GMX/USDT","assetRewards":"BNB","claimAmount":"0.00001156","status":1,"claimedTime":1678395635000},{"poolId":268,"poolName":"GMX/USDT","assetRewards":"GMX","claimAmount":"0.000259","status":1,"claimedTime":1678395635000},{"poolId":268,"poolName":"GMX/USDT","assetRewards":"USDT","claimAmount":"0.01598441","status":1,"claimedTime":1678395635000},{"poolId":268,"poolName":"GMX/USDT","assetRewards":"GMX","claimAmount":"0.00021808","status":1,"claimedTime":1678319605000},{"poolId":268,"poolName":"GMX/USDT","assetRewards":"BNB","claimAmount":"0.00000792","status":1,"claimedTime":1678319605000},{"poolId":268,"poolName":"GMX/USDT","assetRewards":"USDT","claimAmount":"0.01337173","status":1,"claimedTime":1678319605000},{"poolId":268,"poolName":"GMX/USDT","assetRewards":"GMX","claimAmount":"0.00033411","status":1,"claimedTime":1678265557000},{"poolId":268,"poolName":"GMX/USDT","assetRewards":"USDT","claimAmount":"0.02196836","status":1,"claimedTime":1678265557000},{"poolId":268,"poolName":"GMX/USDT","assetRewards":"BNB","claimAmount":"0.0000109","status":1,"claimedTime":1678265557000},{"poolId":268,"poolName":"GMX/USDT","assetRewards":"GMX","claimAmount":"0.00041073","status":1,"claimedTime":1678194816000},{"poolId":268,"poolName":"GMX/USDT","assetRewards":"BNB","claimAmount":"0.00001528","status":1,"claimedTime":1678194816000},{"poolId":268,"poolName":"GMX/USDT","assetRewards":"USDT","claimAmount":"0.02993458","status":1,"claimedTime":1678194816000},{"poolId":268,"poolName":"GMX/USDT","assetRewards":"USDT","claimAmount":"0.00369812","status":1,"claimedTime":1678112411000},{"poolId":268,"poolName":"GMX/USDT","assetRewards":"GMX","claimAmount":"0.00004463","status":1,"claimedTime":1678112411000},{"poolId":268,"poolName":"GMX/USDT","assetRewards":"BNB","claimAmount":"0.00000155","status":1,"claimedTime":1678112411000},{"poolId":268,"poolName":"GMX/USDT","assetRewards":"GMX","claimAmount":"0.0002226","status":1,"claimedTime":1678106873000},{"poolId":268,"poolName":"GMX/USDT","assetRewards":"USDT","claimAmount":"0.01525745","status":1,"claimedTime":1678106873000},{"poolId":268,"poolName":"GMX/USDT","assetRewards":"BNB","claimAmount":"0.00001116","status":1,"claimedTime":1678106873000},{"poolId":268,"poolName":"GMX/USDT","assetRewards":"GMX","claimAmount":"0.00043057","status":1,"claimedTime":1678054482000},{"poolId":268,"poolName":"GMX/USDT","assetRewards":"BNB","claimAmount":"0.00002023","status":1,"claimedTime":1678054482000},{"poolId":268,"poolName":"GMX/USDT","assetRewards":"USDT","claimAmount":"0.03176028","status":1,"claimedTime":1678054482000}]
