[{"operationId":7306415,"poolId":275,"poolName":"BETH/USDT","operation":"ADD","status":1,"updateTime":1684533730000,"shareAmount":"5.84681225","liquidityAmount":[{"asset":"BETH","amount":"0.13791151"},{"asset":"USDT","amount":"249.99999443"}]},{"operationId":5016038,"poolId":275,"poolName":"BETH/USDT","operation":"REMOVE","status":1,"updateTime":1684531851000,"shareAmount":"4.97764378","liquidityAmount":[{"asset":"BETH","amount":"0.11737878"},{"asset":"USDT","amount":"212.89244295"}]},{"operationId":7250233,"poolId":275,"poolName":"BETH/USDT","operation":"ADD","status":1,"updateTime":1682677756000,"shareAmount":"4.97764378","liquidityAmount":[{"asset":"BETH","amount":"0.11436049"},{"asset":"USDT","amount":"217.97665383"}]},{"operationId":4967639,"poolId":275,"poolName":"BETH/USDT","operation":"REMOVE","status":1,"updateTime":1682677301000,"shareAmount":"11.88171292","liquidityAmount":[{"asset":"BETH","amount":"0.27315202"},{"asset":"USDT","amount":"519.9864779"}]},{"operationId":7225609,"poolId":275,"poolName":"BETH/USDT","operation":"ADD","status":1,"updateTime":1681937423000,"shareAmount":"11.88171292","liquidityAmount":[{"asset":"BETH","amount":"0.26810606"},{"asset":"USDT","amount":"529.22432818"}]},{"operationId":4933121,"poolId":275,"poolName":"BETH/USDT","operation":"REMOVE","status":1,"updateTime":1681582347000,"shareAmount":"21.27777481","liquidityAmount":[{"asset":"BETH","amount":"0.46759216"},{"asset":"USDT","amount":"972.6841793"}]},{"operationId":7187840,"poolId":275,"poolName":"BETH/USDT","operation":"ADD","status":1,"updateTime":1681038246000,"shareAmount":"21.27777481","liquidityAmount":[{"asset":"BETH","amount":"0.5006886"},{"asset":"USDT","amount":"907.82431884"}]},{"operationId":4911687,"poolId":275,"poolName":"BETH/USDT","operation":"REMOVE","status":1,"updateTime":1681037840000,"shareAmount":"17.60425874","liquidityAmount":[{"asset":"BETH","amount":"0.41413715"},{"asset":"USDT","amount":"751.29134296"}]},{"operationId":7153214,"poolId":275,"poolName":"BETH/USDT","operation":"ADD","status":1,"updateTime":1680025891000,"shareAmount":"17.60425874","liquidityAmount":[{"asset":"BETH","amount":"0.42611483"},{"asset":"USDT","amount":"729.1646702"}]},{"operationId":4867366,"poolId":275,"poolName":"BETH/USDT","operation":"REMOVE","status":1,"updateTime":1680025719000,"shareAmount":"4.73092255","liquidityAmount":[{"asset":"BETH","amount":"0.11458233"},{"asset":"USDT","amount":"195.83521539"}]},{"operationId":7129739,"poolId":275,"poolName":"BETH/USDT","operation":"ADD","status":1,"updateTime":1679398050000,"shareAmount":"4.73092255","liquidityAmount":[{"asset":"BETH","amount":"0.11373519"},{"asset":"USDT","amount":"197.1363554"}]}]
