[{"poolId":275,"poolName":"BETH/USDT","assetRewards":"BETH","claimAmount":"0.00000308","status":1,"claimedTime":1686000848000},{"poolId":275,"poolName":"BETH/USDT","assetRewards":"BNB","claimAmount":"0.00000108","status":1,"claimedTime":1686000848000},{"poolId":275,"poolName":"BETH/USDT","assetRewards":"USDT","claimAmount":"0.00129392","status":1,"claimedTime":1686000848000},{"poolId":275,"poolName":"BETH/USDT","assetRewards":"BETH","claimAmount":"0.00000073","status":1,"claimedTime":1686000848000},{"poolId":275,"poolName":"BETH/USDT","assetRewards":"BETH","claimAmount":"0.00001748","status":1,"claimedTime":1685985812000},{"poolId":275,"poolName":"BETH/USDT","assetRewards":"USDT","claimAmount":"0.00246071","status":1,"claimedTime":1685985812000},{"poolId":275,"poolName":"BETH/USDT","assetRewards":"BNB","claimAmount":"0.00000621","status":1,"claimedTime":1685985812000},{"poolId":275,"poolName":"BETH/USDT","assetRewards":"BETH","claimAmount":"0.00000168","status":1,"claimedTime":1685985812000},{"poolId":275,"poolName":"BETH/USDT","assetRewards":"BETH","claimAmount":"0.0000009","status":1,"claimedTime":1685904929000},{"poolId":275,"poolName":"BETH/USDT","assetRewards":"BNB","claimAmount":"0.00001266","status":1,"claimedTime":1685904929000},{"poolId":275,"poolName":"BETH/USDT","assetRewards":"USDT","claimAmount":"0.00293479","status":1,"claimedTime":1685904929000},{"poolId":275,"poolName":"BETH/USDT","assetRewards":"BETH","claimAmount":"0.00003556","status":1,"claimedTime":1685904929000},{"poolId":275,"poolName":"BETH/USDT","assetRewards":"BETH","claimAmount":"0.00000265","status":1,"claimedTime":1685735343000},{"poolId":275,"poolName":"BETH/USDT","assetRewards":"BNB","claimAmount":"0.00001274","status":1,"claimedTime":1685735343000},{"poolId":275,"poolName":"BETH/USDT","assetRewards":"BETH","claimAmount":"0.00003668","status":1,"claimedTime":1685735343000},{"poolId":275,"poolName":"BETH/USDT","assetRewards":"USDT","claimAmount":"0.0057365","status":1,"claimedTime":1685735343000},{"poolId":275,"poolName":"BETH/USDT","assetRewards":"BETH","claimAmount":"0.00001548","status":1,"claimedTime":1685556359000},{"poolId":275,"poolName":"BETH/USDT","assetRewards":"BNB","claimAmount":"0.00000546","status":1,"claimedTime":1685556359000},{"poolId":275,"poolName":"BETH/USDT","assetRewards":"USDT","claimAmount":"0.00228998","status":1,"claimedTime":1685556359000},{"poolId":275,"poolName":"BETH/USDT","assetRewards":"BETH","claimAmount":"0.00000142","status":1,"claimedTime":1685556359000},{"poolId":275,"poolName":"BETH/USDT","assetRewards":"BNB","claimAmount":"0.00000234","status":1,"claimedTime":1685483670000},{"poolId":275,"poolName":"BETH/USDT","assetRewards":"USDT","claimAmount":"0.00143228","status":1,"claimedTime":1685483670000},{"poolId":275,"poolName":"BETH/USDT","assetRewards":"BETH","claimAmount":"0.00000657","status":1,"claimedTime":1685483670000},{"poolId":275,"poolName":"BETH/USDT","assetRewards":"BETH","claimAmount":"0.00000061","status":1,"claimedTime":1685483670000},{"poolId":275,"poolName":"BETH/USDT","assetRewards":"USDT","claimAmount":"0.00212286","status":1,"claimedTime":1685451525000},{"poolId":275,"poolName":"BETH/USDT","assetRewards":"BETH","claimAmount":"0.00000089","status":1,"claimedTime":1685451525000},{"poolId":275,"poolName":"BETH/USDT","assetRewards":"BNB","claimAmount":"0.00000624","status":1,"claimedTime":1685451525000},{"poolId":275,"poolName":"BETH/USDT","assetRewards":"BETH","claimAmount":"0.00001752","status":1,"claimedTime":1685451525000},{"poolId":275,"poolName":"BETH/USDT","assetRewards":"BETH","claimAmount":"0.0000013","status":1,"claimedTime":1685365008000},{"poolId":275,"poolName":"BETH/USDT","assetRewards":"BNB","claimAmount":"0.00000754","status":1,"claimedTime":1685365008000},{"poolId":275,"poolName":"BETH/USDT","assetRewards":"BETH","claimAmount":"0.00002117","status":1,"claimedTime":1685365008000},{"poolId":275,"poolName":"BETH/USDT","assetRewards":"USDT","claimAmount":"0.0035286","status":1,"claimedTime":1685365008000},{"poolId":275,"poolName":"BETH/USDT","assetRewards":"BNB","claimAmount":"0.00000598","status":1,"claimedTime":1685260935000},{"poolId":275,"poolName":"BETH/USDT","assetRewards":"BETH","claimAmount":"0.00001679","status":1,"claimedTime":1685260935000},{"poolId":275,"poolName":"BETH/USDT","assetRewards":"USDT","claimAmount":"0.00135273","status":1,"claimedTime":1685260935000},{"poolId":275,"poolName":"BETH/USDT","assetRewards":"BETH","claimAmount":"0.00000072","status":1,"claimedTime":1685260935000},{"poolId":275,"poolName":"BETH/USDT","assetRewards":"BNB","claimAmount":"0.00000614","status":1,"claimedTime":1685176600000},{"poolId":275,"poolName":"BETH/USDT","assetRewards":"BETH","claimAmount":"0.0000009","status":1,"claimedTime":1685176600000},{"poolId":275,"poolName":"BETH/USDT","assetRewards":"BETH","claimAmount":"0.00001733","status":1,"claimedTime":1685176600000},{"poolId":275,"poolName":"BETH/USDT","assetRewards":"USDT","claimAmount":"0.0024158","status":1,"claimedTime":1685176600000},{"poolId":275,"poolName":"BETH/USDT","assetRewards":"USDT","claimAmount":"0.00280117","status":1,"claimedTime":1685091462000},{"poolId":275,"poolName":"BETH/USDT","assetRewards":"BETH","claimAmount":"0.00002016","status":1,"claimedTime":1685091462000},{"poolId":275,"poolName":"BETH/USDT","assetRewards":"BNB","claimAmount":"0.00000725","status":1,"claimedTime":1685091462000},{"poolId":275,"poolName":"BETH/USDT","assetRewards":"BETH","claimAmount":"0.0000019","status":1,"claimedTime":1685091462000},{"poolId":275,"poolName":"BETH/USDT","assetRewards":"BETH","claimAmount":"0.00000064","status":1,"claimedTime":1684989641000},{"poolId":275,"poolName":"BETH/USDT","assetRewards":"BNB","claimAmount":"0.00000179","status":1,"claimedTime":1684989641000},{"poolId":275,"poolName":"BETH/USDT","assetRewards":"USDT","claimAmount":"0.00073522","status":1,"claimedTime":1684989641000},{"poolId":275,"poolName":"BETH/USDT","assetRewards":"BETH","claimAmount":"0.0000051","status":1,"claimedTime":1684989641000},{"poolId":275,"poolName":"BETH/USDT","assetRewards":"BNB","claimAmount":"0.00000249","status":1,"claimedTime":1684963285000},{"poolId":275,"poolName":"BETH/USDT","assetRewards":"BETH","claimAmount":"0.00000702","status":1,"claimedTime":1684963285000},{"poolId":275,"poolName":"BETH/USDT","assetRewards":"BETH","claimAmount":"0.00000069","status":1,"claimedTime":1684963285000},{"poolId":275,"poolName":"BETH/USDT","assetRewards":"USDT","claimAmount":"0.00123531","status":1,"claimedTime":1684963285000},{"poolId":275,"poolName":"BETH/USDT","assetRewards":"USDT","claimAmount":"0.00199545","status":1,"claimedTime":1684931951000},{"poolId":275,"poolName":"BETH/USDT","assetRewards":"BNB","claimAmount":"0.00000783","status":1,"claimedTime":1684931951000},{"poolId":275,"poolName":"BETH/USDT","assetRewards":"BETH","claimAmount":"0.00000128","status":1,"claimedTime":1684931951000},{"poolId":275,"poolName":"BETH/USDT","assetRewards":"BETH","claimAmount":"0.00002258","status":1,"claimedTime":1684931951000},{"poolId":275,"poolName":"BETH/USDT","assetRewards":"USDT","claimAmount":"0.00253127","status":1,"claimedTime":1684828045000},{"poolId":275,"poolName":"BETH/USDT","assetRewards":"BETH","claimAmount":"0.0000011","status":1,"claimedTime":1684828045000},{"poolId":275,"poolName":"BETH/USDT","assetRewards":"BETH","claimAmount":"0.00001784","status":1,"claimedTime":1684828045000},{"poolId":275,"poolName":"BETH/USDT","assetRewards":"BNB","claimAmount":"0.00000621","status":1,"claimedTime":1684828045000},{"poolId":275,"poolName":"BETH/USDT","assetRewards":"BETH","claimAmount":"0.00000058","status":1,"claimedTime":1684745220000},{"poolId":275,"poolName":"BETH/USDT","assetRewards":"BNB","claimAmount":"0.00000648","status":1,"claimedTime":1684745220000},{"poolId":275,"poolName":"BETH/USDT","assetRewards":"BETH","claimAmount":"0.00001869","status":1,"claimedTime":1684745220000},{"poolId":275,"poolName":"BETH/USDT","assetRewards":"USDT","claimAmount":"0.00120824","status":1,"claimedTime":1684745220000},{"poolId":275,"poolName":"BETH/USDT","assetRewards":"USDT","claimAmount":"0.00039141","status":1,"claimedTime":1684658716000},{"poolId":275,"poolName":"BETH/USDT","assetRewards":"BNB","claimAmount":"0.00000297","status":1,"claimedTime":1684658716000},{"poolId":275,"poolName":"BETH/USDT","assetRewards":"BETH","claimAmount":"0.00000849","status":1,"claimedTime":1684658716000},{"poolId":275,"poolName":"BETH/USDT","assetRewards":"BETH","claimAmount":"0.00000029","status":1,"claimedTime":1684658716000},{"poolId":275,"poolName":"BETH/USDT","assetRewards":"BNB","claimAmount":"0.00000351","status":1,"claimedTime":1684617421000},{"poolId":275,"poolName":"BETH/USDT","assetRewards":"USDT","claimAmount":"0.00097612","status":1,"claimedTime":1684617421000},{"poolId":275,"poolName":"BETH/USDT","assetRewards":"BETH","claimAmount":"0.00000056","status":1,"claimedTime":1684617421000},{"poolId":275,"poolName":"BETH/USDT","assetRewards":"BETH","claimAmount":"0.00001001","status":1,"claimedTime":1684617421000},{"poolId":275,"poolName":"BETH/USDT","assetRewards":"BETH","claimAmount":"0.00000016","status":1,"claimedTime":1684570840000},{"poolId":275,"poolName":"BETH/USDT","assetRewards":"BNB","claimAmount":"0.0000027","status":1,"claimedTime":1684570840000},{"poolId":275,"poolName":"BETH/USDT","assetRewards":"USDT","claimAmount":"0.00031185","status":1,"claimedTime":1684570840000},{"poolId":275,"poolName":"BETH/USDT","assetRewards":"BETH","claimAmount":"0.0000077","status":1,"claimedTime":1684570840000},{"poolId":275,"poolName":"BETH/USDT","assetRewards":"BETH","claimAmount":"0.00000459","status":1,"claimedTime":1684531816000},{"poolId":275,"poolName":"BETH/USDT","assetRewards":"BNB","claimAmount":"0.00000161","status":1,"claimedTime":1684531816000},{"poolId":275,"poolName":"BETH/USDT","assetRewards":"BETH","claimAmount":"0.00000035","status":1,"claimedTime":1684531816000},{"poolId":275,"poolName":"BETH/USDT","assetRewards":"USDT","claimAmount":"0.00071202","status":1,"claimedTime":1684531816000},{"poolId":275,"poolName":"BETH/USDT","assetRewards":"BNB","claimAmount":"0.00000621","status":1,"claimedTime":1684507388000},{"poolId":275,"poolName":"BETH/USDT","assetRewards":"BETH","claimAmount":"0.00000077","status":1,"claimedTime":1684507388000},{"poolId":275,"poolName":"BETH/USDT","assetRewards":"BETH","claimAmount":"0.00001759","status":1,"claimedTime":1684507388000},{"poolId":275,"poolName":"BETH/USDT","assetRewards":"USDT","claimAmount":"0.00159604","status":1,"claimedTime":1684507388000},{"poolId":275,"poolName":"BETH/USDT","assetRewards":"USDT","claimAmount":"0.00243786","status":1,"claimedTime":1684407951000},{"poolId":275,"poolName":"BETH/USDT","assetRewards":"BNB","claimAmount":"0.00000575","status":1,"claimedTime":1684407951000},{"poolId":275,"poolName":"BETH/USDT","assetRewards":"BETH","claimAmount":"0.00001625","status":1,"claimedTime":1684407951000},{"poolId":275,"poolName":"BETH/USDT","assetRewards":"BETH","claimAmount":"0.00000125","status":1,"claimedTime":1684407951000},{"poolId":275,"poolName":"BETH/USDT","assetRewards":"BETH","claimAmount":"0.00000045","status":1,"claimedTime":1684318513000},{"poolId":275,"poolName":"BETH/USDT","assetRewards":"BNB","claimAmount":"0.00000414","status":1,"claimedTime":1684318513000},{"poolId":275,"poolName":"BETH/USDT","assetRewards":"USDT","claimAmount":"0.00090139","status":1,"claimedTime":1684318513000},{"poolId":275,"poolName":"BETH/USDT","assetRewards":"BETH","claimAmount":"0.0000117","status":1,"claimedTime":1684318513000},{"poolId":275,"poolName":"BETH/USDT","assetRewards":"BETH","claimAmount":"0.00000194","status":1,"claimedTime":1684253184000},{"poolId":275,"poolName":"BETH/USDT","assetRewards":"BNB","claimAmount":"0.00000483","status":1,"claimedTime":1684253184000},{"poolId":275,"poolName":"BETH/USDT","assetRewards":"USDT","claimAmount":"0.00241609","status":1,"claimedTime":1684253184000},{"poolId":275,"poolName":"BETH/USDT","assetRewards":"BETH","claimAmount":"0.00001362","status":1,"claimedTime":1684253184000},{"poolId":275,"poolName":"BETH/USDT","assetRewards":"BETH","claimAmount":"0.00000028","status":1,"claimedTime":1684180513000},{"poolId":275,"poolName":"BETH/USDT","assetRewards":"USDT","claimAmount":"0.00060272","status":1,"claimedTime":1684180513000},{"poolId":275,"poolName":"BETH/USDT","assetRewards":"BETH","claimAmount":"0.00000385","status":1,"claimedTime":1684180513000},{"poolId":275,"poolName":"BETH/USDT","assetRewards":"BNB","claimAmount":"0.00000138","status":1,"claimedTime":1684180513000},{"poolId":275,"poolName":"BETH/USDT","assetRewards":"BETH","claimAmount":"0.00000028","status":1,"claimedTime":1684180513000},{"poolId":275,"poolName":"BETH/USDT","assetRewards":"USDT","claimAmount":"0.00060272","status":1,"claimedTime":1684180513000},{"poolId":275,"poolName":"BETH/USDT","assetRewards":"BETH","claimAmount":"0.00000385","status":1,"claimedTime":1684180513000},{"poolId":275,"poolName":"BETH/USDT","assetRewards":"BNB","claimAmount":"0.00000138","status":1,"claimedTime":1684180513000},{"poolId":275,"poolName":"BETH/USDT","assetRewards":"BETH","claimAmount":"0.00001536","status":1,"claimedTime":1684157653000},{"poolId":275,"poolName":"BETH/USDT","assetRewards":"USDT","claimAmount":"0.00270229","status":1,"claimedTime":1684157653000},{"poolId":275,"poolName":"BETH/USDT","assetRewards":"BETH","claimAmount":"0.00000124","status":1,"claimedTime":1684157653000},{"poolId":275,"poolName":"BETH/USDT","assetRewards":"BNB","claimAmount":"0.00000552","status":1,"claimedTime":1684157653000},{"poolId":275,"poolName":"BETH/USDT","assetRewards":"BETH","claimAmount":"0.0000032","status":1,"claimedTime":1684070017000},{"poolId":275,"poolName":"BETH/USDT","assetRewards":"BNB","claimAmount":"0.00000115","status":1,"claimedTime":1684070017000},{"poolId":275,"poolName":"BETH/USDT","assetRewards":"BETH","claimAmount":"0.00000007","status":1,"claimedTime":1684070017000},{"poolId":275,"poolName":"BETH/USDT","assetRewards":"USDT","claimAmount":"0.00042337","status":1,"claimedTime":1684070017000},{"poolId":275,"poolName":"BETH/USDT","assetRewards":"USDT","claimAmount":"0.00164855","status":1,"claimedTime":1684053898000},{"poolId":275,"poolName":"BETH/USDT","assetRewards":"BETH","claimAmount":"0.00000088","status":1,"claimedTime":1684053898000},{"poolId":275,"poolName":"BETH/USDT","assetRewards":"BETH","claimAmount":"0.00001536","status":1,"claimedTime":1684053898000},{"poolId":275,"poolName":"BETH/USDT","assetRewards":"BNB","claimAmount":"0.00000552","status":1,"claimedTime":1684053898000},{"poolId":275,"poolName":"BETH/USDT","assetRewards":"BETH","claimAmount":"0.00000704","status":1,"claimedTime":1683966128000},{"poolId":275,"poolName":"BETH/USDT","assetRewards":"BETH","claimAmount":"0.00000051","status":1,"claimedTime":1683966128000},{"poolId":275,"poolName":"BETH/USDT","assetRewards":"BNB","claimAmount":"0.00000253","status":1,"claimedTime":1683966128000},{"poolId":275,"poolName":"BETH/USDT","assetRewards":"USDT","claimAmount":"0.00113563","status":1,"claimedTime":1683966128000},{"poolId":275,"poolName":"BETH/USDT","assetRewards":"BNB","claimAmount":"0.00000184","status":1,"claimedTime":1683926079000},{"poolId":275,"poolName":"BETH/USDT","assetRewards":"BETH","claimAmount":"0.00000091","status":1,"claimedTime":1683926079000},{"poolId":275,"poolName":"BETH/USDT","assetRewards":"USDT","claimAmount":"0.00195576","status":1,"claimedTime":1683926079000},{"poolId":275,"poolName":"BETH/USDT","assetRewards":"BETH","claimAmount":"0.00000512","status":1,"claimedTime":1683926079000},{"poolId":275,"poolName":"BETH/USDT","assetRewards":"USDT","claimAmount":"0.00057575","status":1,"claimedTime":1683896618000},{"poolId":275,"poolName":"BETH/USDT","assetRewards":"BETH","claimAmount":"0.00000025","status":1,"claimedTime":1683896618000},{"poolId":275,"poolName":"BETH/USDT","assetRewards":"BETH","claimAmount":"0.0000032","status":1,"claimedTime":1683896618000},{"poolId":275,"poolName":"BETH/USDT","assetRewards":"BNB","claimAmount":"0.00000115","status":1,"claimedTime":1683896618000},{"poolId":275,"poolName":"BETH/USDT","assetRewards":"USDT","claimAmount":"0.00251206","status":1,"claimedTime":1683881667000},{"poolId":275,"poolName":"BETH/USDT","assetRewards":"BETH","claimAmount":"0.00001024","status":1,"claimedTime":1683881667000},{"poolId":275,"poolName":"BETH/USDT","assetRewards":"BNB","claimAmount":"0.00000368","status":1,"claimedTime":1683881667000},{"poolId":275,"poolName":"BETH/USDT","assetRewards":"BETH","claimAmount":"0.00000146","status":1,"claimedTime":1683881667000},{"poolId":275,"poolName":"BETH/USDT","assetRewards":"BNB","claimAmount":"0.00000437","status":1,"claimedTime":1683822494000},{"poolId":275,"poolName":"BETH/USDT","assetRewards":"USDT","claimAmount":"0.00348449","status":1,"claimedTime":1683822494000},{"poolId":275,"poolName":"BETH/USDT","assetRewards":"BETH","claimAmount":"0.00001229","status":1,"claimedTime":1683822494000},{"poolId":275,"poolName":"BETH/USDT","assetRewards":"BETH","claimAmount":"0.00000224","status":1,"claimedTime":1683822494000},{"poolId":275,"poolName":"BETH/USDT","assetRewards":"USDT","claimAmount":"0.00433221","status":1,"claimedTime":1683755422000},{"poolId":275,"poolName":"BETH/USDT","assetRewards":"BETH","claimAmount":"0.00000223","status":1,"claimedTime":1683755422000},{"poolId":275,"poolName":"BETH/USDT","assetRewards":"BETH","claimAmount":"0.0000161","status":1,"claimedTime":1683755422000},{"poolId":275,"poolName":"BETH/USDT","assetRewards":"BNB","claimAmount":"0.00000573","status":1,"claimedTime":1683755422000},{"poolId":275,"poolName":"BETH/USDT","assetRewards":"BNB","claimAmount":"0.00000529","status":1,"claimedTime":1683662842000},{"poolId":275,"poolName":"BETH/USDT","assetRewards":"USDT","claimAmount":"0.00319196","status":1,"claimedTime":1683662842000},{"poolId":275,"poolName":"BETH/USDT","assetRewards":"BETH","claimAmount":"0.00001495","status":1,"claimedTime":1683662842000},{"poolId":275,"poolName":"BETH/USDT","assetRewards":"BETH","claimAmount":"0.00000189","status":1,"claimedTime":1683662842000},{"poolId":275,"poolName":"BETH/USDT","assetRewards":"BETH","claimAmount":"0.00000715","status":1,"claimedTime":1683581876000},{"poolId":275,"poolName":"BETH/USDT","assetRewards":"BNB","claimAmount":"0.00000253","status":1,"claimedTime":1683581876000},{"poolId":275,"poolName":"BETH/USDT","assetRewards":"BETH","claimAmount":"0.00000136","status":1,"claimedTime":1683581876000},{"poolId":275,"poolName":"BETH/USDT","assetRewards":"USDT","claimAmount":"0.00240141","status":1,"claimedTime":1683581876000},{"poolId":275,"poolName":"BETH/USDT","assetRewards":"BNB","claimAmount":"0.0000035","status":1,"claimedTime":1683541678000},{"poolId":275,"poolName":"BETH/USDT","assetRewards":"USDT","claimAmount":"0.00290461","status":1,"claimedTime":1683541678000},{"poolId":275,"poolName":"BETH/USDT","assetRewards":"BETH","claimAmount":"0.0000016","status":1,"claimedTime":1683541678000},{"poolId":275,"poolName":"BETH/USDT","assetRewards":"BETH","claimAmount":"0.00000991","status":1,"claimedTime":1683541678000},{"poolId":275,"poolName":"BETH/USDT","assetRewards":"BNB","claimAmount":"0.00000816","status":1,"claimedTime":1683488635000},{"poolId":275,"poolName":"BETH/USDT","assetRewards":"BETH","claimAmount":"0.00002339","status":1,"claimedTime":1683488635000},{"poolId":275,"poolName":"BETH/USDT","assetRewards":"USDT","claimAmount":"0.00569452","status":1,"claimedTime":1683488635000},{"poolId":275,"poolName":"BETH/USDT","assetRewards":"BETH","claimAmount":"0.00000282","status":1,"claimedTime":1683488635000},{"poolId":275,"poolName":"BETH/USDT","assetRewards":"BNB","claimAmount":"0.00000288","status":1,"claimedTime":1683365451000},{"poolId":275,"poolName":"BETH/USDT","assetRewards":"BETH","claimAmount":"0.0000014","status":1,"claimedTime":1683365451000},{"poolId":275,"poolName":"BETH/USDT","assetRewards":"USDT","claimAmount":"0.00208764","status":1,"claimedTime":1683365451000},{"poolId":275,"poolName":"BETH/USDT","assetRewards":"BETH","claimAmount":"0.00000821","status":1,"claimedTime":1683365451000},{"poolId":275,"poolName":"BETH/USDT","assetRewards":"BETH","claimAmount":"0.0000082","status":1,"claimedTime":1683321390000},{"poolId":275,"poolName":"BETH/USDT","assetRewards":"USDT","claimAmount":"0.00466781","status":1,"claimedTime":1683321390000},{"poolId":275,"poolName":"BETH/USDT","assetRewards":"BETH","claimAmount":"0.0000016","status":1,"claimedTime":1683321390000},{"poolId":275,"poolName":"BETH/USDT","assetRewards":"BNB","claimAmount":"0.00000288","status":1,"claimedTime":1683321390000},{"poolId":275,"poolName":"BETH/USDT","assetRewards":"USDT","claimAmount":"0.00363151","status":1,"claimedTime":1683277438000},{"poolId":275,"poolName":"BETH/USDT","assetRewards":"BNB","claimAmount":"0.00000601","status":1,"claimedTime":1683277438000},{"poolId":275,"poolName":"BETH/USDT","assetRewards":"BETH","claimAmount":"0.00001697","status":1,"claimedTime":1683277438000},{"poolId":275,"poolName":"BETH/USDT","assetRewards":"BETH","claimAmount":"0.00000243","status":1,"claimedTime":1683277438000},{"poolId":275,"poolName":"BETH/USDT","assetRewards":"BETH","claimAmount":"0.000007","status":1,"claimedTime":1683188168000},{"poolId":275,"poolName":"BETH/USDT","assetRewards":"USDT","claimAmount":"0.00167525","status":1,"claimedTime":1683188168000},{"poolId":275,"poolName":"BETH/USDT","assetRewards":"BETH","claimAmount":"0.00000127","status":1,"claimedTime":1683188168000},{"poolId":275,"poolName":"BETH/USDT","assetRewards":"BNB","claimAmount":"0.0000025","status":1,"claimedTime":1683188168000},{"poolId":275,"poolName":"BETH/USDT","assetRewards":"USDT","claimAmount":"0.00264521","status":1,"claimedTime":1683152076000},{"poolId":275,"poolName":"BETH/USDT","assetRewards":"BETH","claimAmount":"0.00000121","status":1,"claimedTime":1683152076000},{"poolId":275,"poolName":"BETH/USDT","assetRewards":"BETH","claimAmount":"0.0000042","status":1,"claimedTime":1683152076000},{"poolId":275,"poolName":"BETH/USDT","assetRewards":"BNB","claimAmount":"0.0000015","status":1,"claimedTime":1683152076000},{"poolId":275,"poolName":"BETH/USDT","assetRewards":"BETH","claimAmount":"0.0000019","status":1,"claimedTime":1683131421000},{"poolId":275,"poolName":"BETH/USDT","assetRewards":"USDT","claimAmount":"0.00282576","status":1,"claimedTime":1683131421000},{"poolId":275,"poolName":"BETH/USDT","assetRewards":"BNB","claimAmount":"0.00000475","status":1,"claimedTime":1683131421000},{"poolId":275,"poolName":"BETH/USDT","assetRewards":"BETH","claimAmount":"0.00001344","status":1,"claimedTime":1683131421000},{"poolId":275,"poolName":"BETH/USDT","assetRewards":"BNB","claimAmount":"0.00000953","status":1,"claimedTime":1683063079000},{"poolId":275,"poolName":"BETH/USDT","assetRewards":"BETH","claimAmount":"0.00002717","status":1,"claimedTime":1683063079000},{"poolId":275,"poolName":"BETH/USDT","assetRewards":"BETH","claimAmount":"0.00000498","status":1,"claimedTime":1683063079000},{"poolId":275,"poolName":"BETH/USDT","assetRewards":"USDT","claimAmount":"0.00930742","status":1,"claimedTime":1683063079000},{"poolId":275,"poolName":"BETH/USDT","assetRewards":"BNB","claimAmount":"0.00000577","status":1,"claimedTime":1682926198000},{"poolId":275,"poolName":"BETH/USDT","assetRewards":"USDT","claimAmount":"0.00480064","status":1,"claimedTime":1682926198000},{"poolId":275,"poolName":"BETH/USDT","assetRewards":"BETH","claimAmount":"0.00000476","status":1,"claimedTime":1682926198000},{"poolId":275,"poolName":"BETH/USDT","assetRewards":"BETH","claimAmount":"0.00001648","status":1,"claimedTime":1682926198000},{"poolId":275,"poolName":"BETH/USDT","assetRewards":"BNB","claimAmount":"0.00000631","status":1,"claimedTime":1682844681000},{"poolId":275,"poolName":"BETH/USDT","assetRewards":"USDT","claimAmount":"0.00234379","status":1,"claimedTime":1682844681000},{"poolId":275,"poolName":"BETH/USDT","assetRewards":"BETH","claimAmount":"0.00000148","status":1,"claimedTime":1682844681000},{"poolId":275,"poolName":"BETH/USDT","assetRewards":"BETH","claimAmount":"0.00001806","status":1,"claimedTime":1682844681000},{"poolId":275,"poolName":"BETH/USDT","assetRewards":"BNB","claimAmount":"0.00000773","status":1,"claimedTime":1682754226000},{"poolId":275,"poolName":"BETH/USDT","assetRewards":"BETH","claimAmount":"0.0000024","status":1,"claimedTime":1682754226000},{"poolId":275,"poolName":"BETH/USDT","assetRewards":"USDT","claimAmount":"0.00403453","status":1,"claimedTime":1682754226000},{"poolId":275,"poolName":"BETH/USDT","assetRewards":"BETH","claimAmount":"0.00002201","status":1,"claimedTime":1682754226000},{"poolId":275,"poolName":"BETH/USDT","assetRewards":"BNB","claimAmount":"0.00000549","status":1,"claimedTime":1682664233000},{"poolId":275,"poolName":"BETH/USDT","assetRewards":"BETH","claimAmount":"0.00000165","status":1,"claimedTime":1682664233000},{"poolId":275,"poolName":"BETH/USDT","assetRewards":"BETH","claimAmount":"0.00001553","status":1,"claimedTime":1682664233000},{"poolId":275,"poolName":"BETH/USDT","assetRewards":"USDT","claimAmount":"0.00423838","status":1,"claimedTime":1682664233000},{"poolId":275,"poolName":"BETH/USDT","assetRewards":"BNB","claimAmount":"0.00000549","status":1,"claimedTime":1682664233000},{"poolId":275,"poolName":"BETH/USDT","assetRewards":"BETH","claimAmount":"0.00000165","status":1,"claimedTime":1682664233000},{"poolId":275,"poolName":"BETH/USDT","assetRewards":"BETH","claimAmount":"0.00001553","status":1,"claimedTime":1682664233000},{"poolId":275,"poolName":"BETH/USDT","assetRewards":"USDT","claimAmount":"0.00423838","status":1,"claimedTime":1682664233000},{"poolId":275,"poolName":"BETH/USDT","assetRewards":"BETH","claimAmount":"0.00001204","status":1,"claimedTime":1682631100000},{"poolId":275,"poolName":"BETH/USDT","assetRewards":"BNB","claimAmount":"0.00000427","status":1,"claimedTime":1682631100000},{"poolId":275,"poolName":"BETH/USDT","assetRewards":"USDT","claimAmount":"0.00594977","status":1,"claimedTime":1682631100000},{"poolId":275,"poolName":"BETH/USDT","assetRewards":"BETH","claimAmount":"0.00000263","status":1,"claimedTime":1682631100000},{"poolId":275,"poolName":"BETH/USDT","assetRewards":"BETH","claimAmount":"0.00001415","status":1,"claimedTime":1682607190000},{"poolId":275,"poolName":"BETH/USDT","assetRewards":"BNB","claimAmount":"0.00001527","status":1,"claimedTime":1682607190000},{"poolId":275,"poolName":"BETH/USDT","assetRewards":"USDT","claimAmount":"0.02983576","status":1,"claimedTime":1682607190000},{"poolId":275,"poolName":"BETH/USDT","assetRewards":"BETH","claimAmount":"0.00004292","status":1,"claimedTime":1682607190000},{"poolId":275,"poolName":"BETH/USDT","assetRewards":"BNB","claimAmount":"0.00000305","status":1,"claimedTime":1682514259000},{"poolId":275,"poolName":"BETH/USDT","assetRewards":"USDT","claimAmount":"0.00271085","status":1,"claimedTime":1682514259000},{"poolId":275,"poolName":"BETH/USDT","assetRewards":"BETH","claimAmount":"0.00000858","status":1,"claimedTime":1682514259000},{"poolId":275,"poolName":"BETH/USDT","assetRewards":"BETH","claimAmount":"0.00000095","status":1,"claimedTime":1682514259000},{"poolId":275,"poolName":"BETH/USDT","assetRewards":"USDT","claimAmount":"0.00386286","status":1,"claimedTime":1682496343000},{"poolId":275,"poolName":"BETH/USDT","assetRewards":"BNB","claimAmount":"0.00000677","status":1,"claimedTime":1682496343000},{"poolId":275,"poolName":"BETH/USDT","assetRewards":"BETH","claimAmount":"0.00000161","status":1,"claimedTime":1682496343000},{"poolId":275,"poolName":"BETH/USDT","assetRewards":"BETH","claimAmount":"0.00001903","status":1,"claimedTime":1682496343000},{"poolId":275,"poolName":"BETH/USDT","assetRewards":"USDT","claimAmount":"0.00572981","status":1,"claimedTime":1682457957000},{"poolId":275,"poolName":"BETH/USDT","assetRewards":"BETH","claimAmount":"0.00001384","status":1,"claimedTime":1682457957000},{"poolId":275,"poolName":"BETH/USDT","assetRewards":"BETH","claimAmount":"0.00000398","status":1,"claimedTime":1682457957000},{"poolId":275,"poolName":"BETH/USDT","assetRewards":"BNB","claimAmount":"0.00000495","status":1,"claimedTime":1682457957000},{"poolId":275,"poolName":"BETH/USDT","assetRewards":"BETH","claimAmount":"0.00002809","status":1,"claimedTime":1682429126000},{"poolId":275,"poolName":"BETH/USDT","assetRewards":"USDT","claimAmount":"0.00811042","status":1,"claimedTime":1682429126000},{"poolId":275,"poolName":"BETH/USDT","assetRewards":"BETH","claimAmount":"0.00000437","status":1,"claimedTime":1682429126000},{"poolId":275,"poolName":"BETH/USDT","assetRewards":"BNB","claimAmount":"0.00000997","status":1,"claimedTime":1682429126000},{"poolId":275,"poolName":"BETH/USDT","assetRewards":"BETH","claimAmount":"0.00000332","status":1,"claimedTime":1682372060000},{"poolId":275,"poolName":"BETH/USDT","assetRewards":"BETH","claimAmount":"0.00002124","status":1,"claimedTime":1682372060000},{"poolId":275,"poolName":"BETH/USDT","assetRewards":"USDT","claimAmount":"0.00654111","status":1,"claimedTime":1682372060000},{"poolId":275,"poolName":"BETH/USDT","assetRewards":"BNB","claimAmount":"0.00000756","status":1,"claimedTime":1682372060000},{"poolId":275,"poolName":"BETH/USDT","assetRewards":"BETH","claimAmount":"0.00003475","status":1,"claimedTime":1682330463000},{"poolId":275,"poolName":"BETH/USDT","assetRewards":"BNB","claimAmount":"0.00001235","status":1,"claimedTime":1682330463000},{"poolId":275,"poolName":"BETH/USDT","assetRewards":"BETH","claimAmount":"0.00000478","status":1,"claimedTime":1682330463000},{"poolId":275,"poolName":"BETH/USDT","assetRewards":"USDT","claimAmount":"0.00858687","status":1,"claimedTime":1682330463000},{"poolId":275,"poolName":"BETH/USDT","assetRewards":"BETH","claimAmount":"0.00000695","status":1,"claimedTime":1682255554000},{"poolId":275,"poolName":"BETH/USDT","assetRewards":"USDT","claimAmount":"0.01214137","status":1,"claimedTime":1682255554000},{"poolId":275,"poolName":"BETH/USDT","assetRewards":"BNB","claimAmount":"0.00002367","status":1,"claimedTime":1682255554000},{"poolId":275,"poolName":"BETH/USDT","assetRewards":"BETH","claimAmount":"0.00006696","status":1,"claimedTime":1682255554000},{"poolId":275,"poolName":"BETH/USDT","assetRewards":"BETH","claimAmount":"0.00000813","status":1,"claimedTime":1682115557000},{"poolId":275,"poolName":"BETH/USDT","assetRewards":"USDT","claimAmount":"0.01383836","status":1,"claimedTime":1682115557000},{"poolId":275,"poolName":"BETH/USDT","assetRewards":"BETH","claimAmount":"0.00004275","status":1,"claimedTime":1682115557000},{"poolId":275,"poolName":"BETH/USDT","assetRewards":"BNB","claimAmount":"0.00001517","status":1,"claimedTime":1682115557000},{"poolId":275,"poolName":"BETH/USDT","assetRewards":"BETH","claimAmount":"0.00000923","status":1,"claimedTime":1682025935000},{"poolId":275,"poolName":"BETH/USDT","assetRewards":"USDT","claimAmount":"0.01728236","status":1,"claimedTime":1682025935000},{"poolId":275,"poolName":"BETH/USDT","assetRewards":"BNB","claimAmount":"0.00001499","status":1,"claimedTime":1682025935000},{"poolId":275,"poolName":"BETH/USDT","assetRewards":"BETH","claimAmount":"0.00004208","status":1,"claimedTime":1682025935000},{"poolId":275,"poolName":"BETH/USDT","assetRewards":"USDT","claimAmount":"0.00053641","status":1,"claimedTime":1681939984000},{"poolId":275,"poolName":"BETH/USDT","assetRewards":"BETH","claimAmount":"0.0000002","status":1,"claimedTime":1681939984000},{"poolId":275,"poolName":"BETH/USDT","assetRewards":"BNB","claimAmount":"0.00000062","status":1,"claimedTime":1681939984000},{"poolId":275,"poolName":"BETH/USDT","assetRewards":"BETH","claimAmount":"0.00000175","status":1,"claimedTime":1681939984000},{"poolId":275,"poolName":"BETH/USDT","assetRewards":"BNB","claimAmount":"0.00000729","status":1,"claimedTime":1681582302000},{"poolId":275,"poolName":"BETH/USDT","assetRewards":"USDT","claimAmount":"0.00689774","status":1,"claimedTime":1681582302000},{"poolId":275,"poolName":"BETH/USDT","assetRewards":"BETH","claimAmount":"0.00000374","status":1,"claimedTime":1681582302000},{"poolId":275,"poolName":"BETH/USDT","assetRewards":"BETH","claimAmount":"0.00004392","status":1,"claimedTime":1681582302000},{"poolId":275,"poolName":"BETH/USDT","assetRewards":"BETH","claimAmount":"0.00013447","status":1,"claimedTime":1681556252000},{"poolId":275,"poolName":"BETH/USDT","assetRewards":"BETH","claimAmount":"0.00002289","status":1,"claimedTime":1681556252000},{"poolId":275,"poolName":"BETH/USDT","assetRewards":"USDT","claimAmount":"0.04692442","status":1,"claimedTime":1681556252000},{"poolId":275,"poolName":"BETH/USDT","assetRewards":"BNB","claimAmount":"0.00002229","status":1,"claimedTime":1681556252000},{"poolId":275,"poolName":"BETH/USDT","assetRewards":"BETH","claimAmount":"0.00006825","status":1,"claimedTime":1681470004000},{"poolId":275,"poolName":"BETH/USDT","assetRewards":"USDT","claimAmount":"0.02360901","status":1,"claimedTime":1681470004000},{"poolId":275,"poolName":"BETH/USDT","assetRewards":"BETH","claimAmount":"0.00001041","status":1,"claimedTime":1681470004000},{"poolId":275,"poolName":"BETH/USDT","assetRewards":"BNB","claimAmount":"0.00001133","status":1,"claimedTime":1681470004000},{"poolId":275,"poolName":"BETH/USDT","assetRewards":"BETH","claimAmount":"0.00006771","status":1,"claimedTime":1681426895000},{"poolId":275,"poolName":"BETH/USDT","assetRewards":"BETH","claimAmount":"0.00001282","status":1,"claimedTime":1681426895000},{"poolId":275,"poolName":"BETH/USDT","assetRewards":"USDT","claimAmount":"0.02106754","status":1,"claimedTime":1681426895000},{"poolId":275,"poolName":"BETH/USDT","assetRewards":"BNB","claimAmount":"0.00001123","status":1,"claimedTime":1681426895000},{"poolId":275,"poolName":"BETH/USDT","assetRewards":"USDT","claimAmount":"0.02242786","status":1,"claimedTime":1681381222000},{"poolId":275,"poolName":"BETH/USDT","assetRewards":"BETH","claimAmount":"0.0000124","status":1,"claimedTime":1681381222000},{"poolId":275,"poolName":"BETH/USDT","assetRewards":"BETH","claimAmount":"0.00009973","status":1,"claimedTime":1681381222000},{"poolId":275,"poolName":"BETH/USDT","assetRewards":"BNB","claimAmount":"0.00001656","status":1,"claimedTime":1681381222000},{"poolId":275,"poolName":"BETH/USDT","assetRewards":"BETH","claimAmount":"0.00000441","status":1,"claimedTime":1681315099000},{"poolId":275,"poolName":"BETH/USDT","assetRewards":"BETH","claimAmount":"0.00002135","status":1,"claimedTime":1681315099000},{"poolId":275,"poolName":"BETH/USDT","assetRewards":"BNB","claimAmount":"0.00000354","status":1,"claimedTime":1681315099000},{"poolId":275,"poolName":"BETH/USDT","assetRewards":"USDT","claimAmount":"0.01004902","status":1,"claimedTime":1681315099000},{"poolId":275,"poolName":"BETH/USDT","assetRewards":"USDT","claimAmount":"0.01314727","status":1,"claimedTime":1681297621000},{"poolId":275,"poolName":"BETH/USDT","assetRewards":"BETH","claimAmount":"0.00007364","status":1,"claimedTime":1681297621000},{"poolId":275,"poolName":"BETH/USDT","assetRewards":"BNB","claimAmount":"0.00001219","status":1,"claimedTime":1681297621000},{"poolId":275,"poolName":"BETH/USDT","assetRewards":"BETH","claimAmount":"0.00000627","status":1,"claimedTime":1681297621000},{"poolId":275,"poolName":"BETH/USDT","assetRewards":"USDT","claimAmount":"0.03345736","status":1,"claimedTime":1681253090000},{"poolId":275,"poolName":"BETH/USDT","assetRewards":"BETH","claimAmount":"0.00002471","status":1,"claimedTime":1681253090000},{"poolId":275,"poolName":"BETH/USDT","assetRewards":"BETH","claimAmount":"0.00017801","status":1,"claimedTime":1681253090000},{"poolId":275,"poolName":"BETH/USDT","assetRewards":"BNB","claimAmount":"0.00002958","status":1,"claimedTime":1681253090000},{"poolId":275,"poolName":"BETH/USDT","assetRewards":"BETH","claimAmount":"0.00016447","status":1,"claimedTime":1681141566000},{"poolId":275,"poolName":"BETH/USDT","assetRewards":"BNB","claimAmount":"0.00002727","status":1,"claimedTime":1681141566000},{"poolId":275,"poolName":"BETH/USDT","assetRewards":"USDT","claimAmount":"0.01420256","status":1,"claimedTime":1681141566000},{"poolId":275,"poolName":"BETH/USDT","assetRewards":"BETH","claimAmount":"0.00000971","status":1,"claimedTime":1681141566000},{"poolId":275,"poolName":"BETH/USDT","assetRewards":"BETH","claimAmount":"0.00000117","status":1,"claimedTime":1681037828000},{"poolId":275,"poolName":"BETH/USDT","assetRewards":"USDT","claimAmount":"0.00196197","status":1,"claimedTime":1681037828000},{"poolId":275,"poolName":"BETH/USDT","assetRewards":"BNB","claimAmount":"0.00000082","status":1,"claimedTime":1681037828000},{"poolId":275,"poolName":"BETH/USDT","assetRewards":"BETH","claimAmount":"0.00000492","status":1,"claimedTime":1681037828000},{"poolId":275,"poolName":"BETH/USDT","assetRewards":"BNB","claimAmount":"0.00000902","status":1,"claimedTime":1681032361000},{"poolId":275,"poolName":"BETH/USDT","assetRewards":"BETH","claimAmount":"0.00000387","status":1,"claimedTime":1681032361000},{"poolId":275,"poolName":"BETH/USDT","assetRewards":"BETH","claimAmount":"0.00005436","status":1,"claimedTime":1681032361000},{"poolId":275,"poolName":"BETH/USDT","assetRewards":"USDT","claimAmount":"0.00494315","status":1,"claimedTime":1681032361000},{"poolId":275,"poolName":"BETH/USDT","assetRewards":"USDT","claimAmount":"0.0028029","status":1,"claimedTime":1680992772000},{"poolId":275,"poolName":"BETH/USDT","assetRewards":"BETH","claimAmount":"0.00000256","status":1,"claimedTime":1680992772000},{"poolId":275,"poolName":"BETH/USDT","assetRewards":"BETH","claimAmount":"0.00005462","status":1,"claimedTime":1680992772000},{"poolId":275,"poolName":"BETH/USDT","assetRewards":"BNB","claimAmount":"0.00000902","status":1,"claimedTime":1680992772000},{"poolId":275,"poolName":"BETH/USDT","assetRewards":"USDT","claimAmount":"0.0028029","status":1,"claimedTime":1680992772000},{"poolId":275,"poolName":"BETH/USDT","assetRewards":"BETH","claimAmount":"0.00000256","status":1,"claimedTime":1680992772000},{"poolId":275,"poolName":"BETH/USDT","assetRewards":"BETH","claimAmount":"0.00005462","status":1,"claimedTime":1680992772000},{"poolId":275,"poolName":"BETH/USDT","assetRewards":"BNB","claimAmount":"0.00000902","status":1,"claimedTime":1680992772000},{"poolId":275,"poolName":"BETH/USDT","assetRewards":"BETH","claimAmount":"0.0001346","status":1,"claimedTime":1680953654000},{"poolId":275,"poolName":"BETH/USDT","assetRewards":"BNB","claimAmount":"0.0000223","status":1,"claimedTime":1680953654000},{"poolId":275,"poolName":"BETH/USDT","assetRewards":"USDT","claimAmount":"0.01715558","status":1,"claimedTime":1680953654000},{"poolId":275,"poolName":"BETH/USDT","assetRewards":"BETH","claimAmount":"0.00000977","status":1,"claimedTime":1680953654000},{"poolId":275,"poolName":"BETH/USDT","assetRewards":"BETH","claimAmount":"0.0000541","status":1,"claimedTime":1680851854000},{"poolId":275,"poolName":"BETH/USDT","assetRewards":"BETH","claimAmount":"0.00000272","status":1,"claimedTime":1680851854000},{"poolId":275,"poolName":"BETH/USDT","assetRewards":"USDT","claimAmount":"0.00395516","status":1,"claimedTime":1680851854000},{"poolId":275,"poolName":"BETH/USDT","assetRewards":"BNB","claimAmount":"0.00000899","status":1,"claimedTime":1680851854000},{"poolId":275,"poolName":"BETH/USDT","assetRewards":"BNB","claimAmount":"0.00000332","status":1,"claimedTime":1680814838000},{"poolId":275,"poolName":"BETH/USDT","assetRewards":"BETH","claimAmount":"0.00002","status":1,"claimedTime":1680814838000},{"poolId":275,"poolName":"BETH/USDT","assetRewards":"USDT","claimAmount":"0.00220518","status":1,"claimedTime":1680814838000},{"poolId":275,"poolName":"BETH/USDT","assetRewards":"BETH","claimAmount":"0.00000126","status":1,"claimedTime":1680814838000},{"poolId":275,"poolName":"BETH/USDT","assetRewards":"BNB","claimAmount":"0.00000083","status":1,"claimedTime":1680799217000},{"poolId":275,"poolName":"BETH/USDT","assetRewards":"USDT","claimAmount":"0.00078338","status":1,"claimedTime":1680799217000},{"poolId":275,"poolName":"BETH/USDT","assetRewards":"BETH","claimAmount":"0.00000026","status":1,"claimedTime":1680799217000},{"poolId":275,"poolName":"BETH/USDT","assetRewards":"BETH","claimAmount":"0.000005","status":1,"claimedTime":1680799217000},{"poolId":275,"poolName":"BETH/USDT","assetRewards":"BETH","claimAmount":"0.000015","status":1,"claimedTime":1680794103000},{"poolId":275,"poolName":"BETH/USDT","assetRewards":"BETH","claimAmount":"0.00000117","status":1,"claimedTime":1680794103000},{"poolId":275,"poolName":"BETH/USDT","assetRewards":"BNB","claimAmount":"0.00000249","status":1,"claimedTime":1680794103000},{"poolId":275,"poolName":"BETH/USDT","assetRewards":"USDT","claimAmount":"0.00213743","status":1,"claimedTime":1680794103000},{"poolId":275,"poolName":"BETH/USDT","assetRewards":"BNB","claimAmount":"0.00000166","status":1,"claimedTime":1680782978000},{"poolId":275,"poolName":"BETH/USDT","assetRewards":"BETH","claimAmount":"0.00000116","status":1,"claimedTime":1680782978000},{"poolId":275,"poolName":"BETH/USDT","assetRewards":"USDT","claimAmount":"0.00182564","status":1,"claimedTime":1680782978000},{"poolId":275,"poolName":"BETH/USDT","assetRewards":"BETH","claimAmount":"0.00000999","status":1,"claimedTime":1680782978000},{"poolId":275,"poolName":"BETH/USDT","assetRewards":"BNB","claimAmount":"0.00001999","status":1,"claimedTime":1680776732000},{"poolId":275,"poolName":"BETH/USDT","assetRewards":"USDT","claimAmount":"0.01718841","status":1,"claimedTime":1680776732000},{"poolId":275,"poolName":"BETH/USDT","assetRewards":"BETH","claimAmount":"0.00012064","status":1,"claimedTime":1680776732000},{"poolId":275,"poolName":"BETH/USDT","assetRewards":"BETH","claimAmount":"0.00001042","status":1,"claimedTime":1680776732000},{"poolId":275,"poolName":"BETH/USDT","assetRewards":"USDT","claimAmount":"0.01409461","status":1,"claimedTime":1680686522000},{"poolId":275,"poolName":"BETH/USDT","assetRewards":"BNB","claimAmount":"0.00001027","status":1,"claimedTime":1680686522000},{"poolId":275,"poolName":"BETH/USDT","assetRewards":"BETH","claimAmount":"0.00006177","status":1,"claimedTime":1680686522000},{"poolId":275,"poolName":"BETH/USDT","assetRewards":"BETH","claimAmount":"0.00000665","status":1,"claimedTime":1680686522000},{"poolId":275,"poolName":"BETH/USDT","assetRewards":"BNB","claimAmount":"0.00000791","status":1,"claimedTime":1680641878000},{"poolId":275,"poolName":"BETH/USDT","assetRewards":"BETH","claimAmount":"0.00000646","status":1,"claimedTime":1680641878000},{"poolId":275,"poolName":"BETH/USDT","assetRewards":"USDT","claimAmount":"0.0121811","status":1,"claimedTime":1680641878000},{"poolId":275,"poolName":"BETH/USDT","assetRewards":"BETH","claimAmount":"0.00004776","status":1,"claimedTime":1680641878000},{"poolId":275,"poolName":"BETH/USDT","assetRewards":"BETH","claimAmount":"0.00007073","status":1,"claimedTime":1680602777000},{"poolId":275,"poolName":"BETH/USDT","assetRewards":"BETH","claimAmount":"0.00000848","status":1,"claimedTime":1680602777000},{"poolId":275,"poolName":"BETH/USDT","assetRewards":"BNB","claimAmount":"0.00001171","status":1,"claimedTime":1680602777000},{"poolId":275,"poolName":"BETH/USDT","assetRewards":"USDT","claimAmount":"0.0121486","status":1,"claimedTime":1680602777000},{"poolId":275,"poolName":"BETH/USDT","assetRewards":"BETH","claimAmount":"0.00000462","status":1,"claimedTime":1680551457000},{"poolId":275,"poolName":"BETH/USDT","assetRewards":"BNB","claimAmount":"0.00000077","status":1,"claimedTime":1680551457000},{"poolId":275,"poolName":"BETH/USDT","assetRewards":"USDT","claimAmount":"0.00279215","status":1,"claimedTime":1680551457000},{"poolId":275,"poolName":"BETH/USDT","assetRewards":"BETH","claimAmount":"0.0000011","status":1,"claimedTime":1680551457000},{"poolId":275,"poolName":"BETH/USDT","assetRewards":"BNB","claimAmount":"0.00000231","status":1,"claimedTime":1680545384000},{"poolId":275,"poolName":"BETH/USDT","assetRewards":"BETH","claimAmount":"0.00001388","status":1,"claimedTime":1680545384000},{"poolId":275,"poolName":"BETH/USDT","assetRewards":"BETH","claimAmount":"0.00000076","status":1,"claimedTime":1680545384000},{"poolId":275,"poolName":"BETH/USDT","assetRewards":"USDT","claimAmount":"0.00149743","status":1,"claimedTime":1680545384000},{"poolId":275,"poolName":"BETH/USDT","assetRewards":"BETH","claimAmount":"0.00008744","status":1,"claimedTime":1680536388000},{"poolId":275,"poolName":"BETH/USDT","assetRewards":"USDT","claimAmount":"0.00900277","status":1,"claimedTime":1680536388000},{"poolId":275,"poolName":"BETH/USDT","assetRewards":"BETH","claimAmount":"0.00000656","status":1,"claimedTime":1680536388000},{"poolId":275,"poolName":"BETH/USDT","assetRewards":"BNB","claimAmount":"0.0000145","status":1,"claimedTime":1680536388000},{"poolId":275,"poolName":"BETH/USDT","assetRewards":"BNB","claimAmount":"0.00001693","status":1,"claimedTime":1680466432000},{"poolId":275,"poolName":"BETH/USDT","assetRewards":"BETH","claimAmount":"0.00010224","status":1,"claimedTime":1680466432000},{"poolId":275,"poolName":"BETH/USDT","assetRewards":"USDT","claimAmount":"0.01025526","status":1,"claimedTime":1680466432000},{"poolId":275,"poolName":"BETH/USDT","assetRewards":"BETH","claimAmount":"0.00000831","status":1,"claimedTime":1680466432000},{"poolId":275,"poolName":"BETH/USDT","assetRewards":"BETH","claimAmount":"0.00000696","status":1,"claimedTime":1680388352000},{"poolId":275,"poolName":"BETH/USDT","assetRewards":"USDT","claimAmount":"0.01216394","status":1,"claimedTime":1680388352000},{"poolId":275,"poolName":"BETH/USDT","assetRewards":"BETH","claimAmount":"0.00011279","status":1,"claimedTime":1680388352000},{"poolId":275,"poolName":"BETH/USDT","assetRewards":"BNB","claimAmount":"0.00001871","status":1,"claimedTime":1680388352000},{"poolId":275,"poolName":"BETH/USDT","assetRewards":"BETH","claimAmount":"0.00001419","status":1,"claimedTime":1680300199000},{"poolId":275,"poolName":"BETH/USDT","assetRewards":"USDT","claimAmount":"0.02175112","status":1,"claimedTime":1680300199000},{"poolId":275,"poolName":"BETH/USDT","assetRewards":"BNB","claimAmount":"0.00002277","status":1,"claimedTime":1680300199000},{"poolId":275,"poolName":"BETH/USDT","assetRewards":"BETH","claimAmount":"0.00013725","status":1,"claimedTime":1680300199000},{"poolId":275,"poolName":"BETH/USDT","assetRewards":"BETH","claimAmount":"0.00011334","status":1,"claimedTime":1680204585000},{"poolId":275,"poolName":"BETH/USDT","assetRewards":"BNB","claimAmount":"0.00001879","status":1,"claimedTime":1680204585000},{"poolId":275,"poolName":"BETH/USDT","assetRewards":"USDT","claimAmount":"0.01856097","status":1,"claimedTime":1680204585000},{"poolId":275,"poolName":"BETH/USDT","assetRewards":"BETH","claimAmount":"0.0000126","status":1,"claimedTime":1680204585000},{"poolId":275,"poolName":"BETH/USDT","assetRewards":"BNB","claimAmount":"0.0000009","status":1,"claimedTime":1680128126000},{"poolId":275,"poolName":"BETH/USDT","assetRewards":"USDT","claimAmount":"0.0002692","status":1,"claimedTime":1680128126000},{"poolId":275,"poolName":"BETH/USDT","assetRewards":"BETH","claimAmount":"0.00000542","status":1,"claimedTime":1680128126000},{"poolId":275,"poolName":"BETH/USDT","assetRewards":"BETH","claimAmount":"0.00000023","status":1,"claimedTime":1680128126000},{"poolId":275,"poolName":"BETH/USDT","assetRewards":"USDT","claimAmount":"0.015779","status":1,"claimedTime":1680127323000},{"poolId":275,"poolName":"BETH/USDT","assetRewards":"BETH","claimAmount":"0.00006534","status":1,"claimedTime":1680127323000},{"poolId":275,"poolName":"BETH/USDT","assetRewards":"BNB","claimAmount":"0.00001085","status":1,"claimedTime":1680127323000},{"poolId":275,"poolName":"BETH/USDT","assetRewards":"BETH","claimAmount":"0.00001221","status":1,"claimedTime":1680127323000},{"poolId":275,"poolName":"BETH/USDT","assetRewards":"USDT","claimAmount":"0.01691113","status":1,"claimedTime":1680083332000},{"poolId":275,"poolName":"BETH/USDT","assetRewards":"BETH","claimAmount":"0.00000907","status":1,"claimedTime":1680083332000},{"poolId":275,"poolName":"BETH/USDT","assetRewards":"BETH","claimAmount":"0.00009102","status":1,"claimedTime":1680083332000},{"poolId":275,"poolName":"BETH/USDT","assetRewards":"BNB","claimAmount":"0.00001511","status":1,"claimedTime":1680083332000},{"poolId":275,"poolName":"BETH/USDT","assetRewards":"USDT","claimAmount":"0.00577422","status":1,"claimedTime":1680024083000},{"poolId":275,"poolName":"BETH/USDT","assetRewards":"BETH","claimAmount":"0.00003098","status":1,"claimedTime":1680024083000},{"poolId":275,"poolName":"BETH/USDT","assetRewards":"BNB","claimAmount":"0.00000513","status":1,"claimedTime":1680024083000},{"poolId":275,"poolName":"BETH/USDT","assetRewards":"BETH","claimAmount":"0.00000344","status":1,"claimedTime":1680024083000},{"poolId":275,"poolName":"BETH/USDT","assetRewards":"USDT","claimAmount":"0.00581048","status":1,"claimedTime":1679956293000},{"poolId":275,"poolName":"BETH/USDT","assetRewards":"BNB","claimAmount":"0.0000066","status":1,"claimedTime":1679956293000},{"poolId":275,"poolName":"BETH/USDT","assetRewards":"BETH","claimAmount":"0.00000388","status":1,"claimedTime":1679956293000},{"poolId":275,"poolName":"BETH/USDT","assetRewards":"BETH","claimAmount":"0.00004029","status":1,"claimedTime":1679956293000},{"poolId":275,"poolName":"BETH/USDT","assetRewards":"BETH","claimAmount":"0.00003409","status":1,"claimedTime":1679865874000},{"poolId":275,"poolName":"BETH/USDT","assetRewards":"BNB","claimAmount":"0.00000557","status":1,"claimedTime":1679865874000},{"poolId":275,"poolName":"BETH/USDT","assetRewards":"BETH","claimAmount":"0.00000324","status":1,"claimedTime":1679865874000},{"poolId":275,"poolName":"BETH/USDT","assetRewards":"USDT","claimAmount":"0.00670772","status":1,"claimedTime":1679865874000},{"poolId":275,"poolName":"BETH/USDT","assetRewards":"BETH","claimAmount":"0.00000175","status":1,"claimedTime":1679789336000},{"poolId":275,"poolName":"BETH/USDT","assetRewards":"BETH","claimAmount":"0.0000211","status":1,"claimedTime":1679789336000},{"poolId":275,"poolName":"BETH/USDT","assetRewards":"BNB","claimAmount":"0.00000345","status":1,"claimedTime":1679789336000},{"poolId":275,"poolName":"BETH/USDT","assetRewards":"USDT","claimAmount":"0.00286165","status":1,"claimedTime":1679789336000},{"poolId":275,"poolName":"BETH/USDT","assetRewards":"BETH","claimAmount":"0.00000175","status":1,"claimedTime":1679789336000},{"poolId":275,"poolName":"BETH/USDT","assetRewards":"BETH","claimAmount":"0.0000211","status":1,"claimedTime":1679789336000},{"poolId":275,"poolName":"BETH/USDT","assetRewards":"BNB","claimAmount":"0.00000345","status":1,"claimedTime":1679789336000},{"poolId":275,"poolName":"BETH/USDT","assetRewards":"USDT","claimAmount":"0.00286165","status":1,"claimedTime":1679789336000},{"poolId":275,"poolName":"BETH/USDT","assetRewards":"BETH","claimAmount":"0.00003382","status":1,"claimedTime":1679744976000},{"poolId":275,"poolName":"BETH/USDT","assetRewards":"BNB","claimAmount":"0.00000552","status":1,"claimedTime":1679744976000},{"poolId":275,"poolName":"BETH/USDT","assetRewards":"BETH","claimAmount":"0.00000374","status":1,"claimedTime":1679744976000},{"poolId":275,"poolName":"BETH/USDT","assetRewards":"USDT","claimAmount":"0.0065687","status":1,"claimedTime":1679744976000},{"poolId":275,"poolName":"BETH/USDT","assetRewards":"USDT","claimAmount":"0.00357201","status":1,"claimedTime":1679670805000},{"poolId":275,"poolName":"BETH/USDT","assetRewards":"BETH","claimAmount":"0.00000305","status":1,"claimedTime":1679670805000},{"poolId":275,"poolName":"BETH/USDT","assetRewards":"BNB","claimAmount":"0.00000514","status":1,"claimedTime":1679670805000},{"poolId":275,"poolName":"BETH/USDT","assetRewards":"BETH","claimAmount":"0.00003136","status":1,"claimedTime":1679670805000},{"poolId":275,"poolName":"BETH/USDT","assetRewards":"BETH","claimAmount":"0.00004179","status":1,"claimedTime":1679607873000},{"poolId":275,"poolName":"BETH/USDT","assetRewards":"BNB","claimAmount":"0.00000688","status":1,"claimedTime":1679607873000},{"poolId":275,"poolName":"BETH/USDT","assetRewards":"USDT","claimAmount":"0.01004875","status":1,"claimedTime":1679607873000},{"poolId":275,"poolName":"BETH/USDT","assetRewards":"BETH","claimAmount":"0.00000685","status":1,"claimedTime":1679607873000},{"poolId":275,"poolName":"BETH/USDT","assetRewards":"BETH","claimAmount":"0.00002193","status":1,"claimedTime":1679529731000},{"poolId":275,"poolName":"BETH/USDT","assetRewards":"BNB","claimAmount":"0.00000363","status":1,"claimedTime":1679529731000},{"poolId":275,"poolName":"BETH/USDT","assetRewards":"USDT","claimAmount":"0.01084316","status":1,"claimedTime":1679529731000},{"poolId":275,"poolName":"BETH/USDT","assetRewards":"BETH","claimAmount":"0.00000672","status":1,"claimedTime":1679529731000},{"poolId":275,"poolName":"BETH/USDT","assetRewards":"USDT","claimAmount":"0.0046345","status":1,"claimedTime":1679486739000},{"poolId":275,"poolName":"BETH/USDT","assetRewards":"BNB","claimAmount":"0.00000553","status":1,"claimedTime":1679486739000},{"poolId":275,"poolName":"BETH/USDT","assetRewards":"BETH","claimAmount":"0.00003338","status":1,"claimedTime":1679486739000},{"poolId":275,"poolName":"BETH/USDT","assetRewards":"BETH","claimAmount":"0.00000258","status":1,"claimedTime":1679486739000},{"poolId":275,"poolName":"BETH/USDT","assetRewards":"BETH","claimAmount":"0.00000384","status":1,"claimedTime":1679431471000},{"poolId":275,"poolName":"BETH/USDT","assetRewards":"BETH","claimAmount":"0.00001914","status":1,"claimedTime":1679431471000},{"poolId":275,"poolName":"BETH/USDT","assetRewards":"BNB","claimAmount":"0.00000315","status":1,"claimedTime":1679431471000},{"poolId":275,"poolName":"BETH/USDT","assetRewards":"USDT","claimAmount":"0.00549573","status":1,"claimedTime":1679431471000}]
