[{"operationId":7272280,"poolId":285,"poolName":"STX/USDT","operation":"ADD","status":1,"updateTime":1683371973000,"shareAmount":"48.24501717","liquidityAmount":[{"asset":"STX","amount":"57.62525565"},{"asset":"USDT","amount":"40.39179957"}]},{"operationId":4986913,"poolId":285,"poolName":"STX/USDT","operation":"REMOVE","status":1,"updateTime":1683371944000,"shareAmount":"46.90362472","liquidityAmount":[{"asset":"STX","amount":"56.02305738"},{"asset":"USDT","amount":"39.26875602"}]},{"operationId":7184790,"poolId":285,"poolName":"STX/USDT","operation":"ADD","status":1,"updateTime":1680957324000,"shareAmount":"46.90362472","liquidityAmount":[{"asset":"STX","amount":"52.01999089"},{"asset":"USDT","amount":"42.29057632"}]},{"operationId":4908948,"poolId":285,"poolName":"STX/USDT","operation":"REMOVE","status":1,"updateTime":1680957245000,"shareAmount":"46.65109028","liquidityAmount":[{"asset":"STX","amount":"51.76687235"},{"asset":"USDT","amount":"42.0409704"}]},{"operationId":7171011,"poolId":285,"poolName":"STX/USDT","operation":"ADD","status":1,"updateTime":1680547406000,"shareAmount":"21.69979834","liquidityAmount":[{"asset":"STX","amount":"23"},{"asset":"USDT","amount":"20.47314764"}]},{"operationId":7156852,"poolId":285,"poolName":"STX/USDT","operation":"ADD","status":1,"updateTime":1680127821000,"shareAmount":"24.95129194","liquidityAmount":[{"asset":"STX","amount":"25"},{"asset":"USDT","amount":"24.90273934"}]}]
