[{"poolId":285,"poolName":"STX/USDT","assetRewards":"STX","claimAmount":"0.00221401","status":1,"claimedTime":1686000848000},{"poolId":285,"poolName":"STX/USDT","assetRewards":"BNB","claimAmount":"0.00000128","status":1,"claimedTime":1686000848000},{"poolId":285,"poolName":"STX/USDT","assetRewards":"USDT","claimAmount":"0.00109305","status":1,"claimedTime":1686000848000},{"poolId":285,"poolName":"STX/USDT","assetRewards":"STX","claimAmount":"0.0097689","status":1,"claimedTime":1685985812000},{"poolId":285,"poolName":"STX/USDT","assetRewards":"BNB","claimAmount":"0.00000736","status":1,"claimedTime":1685985812000},{"poolId":285,"poolName":"STX/USDT","assetRewards":"USDT","claimAmount":"0.0044283","status":1,"claimedTime":1685985812000},{"poolId":285,"poolName":"STX/USDT","assetRewards":"STX","claimAmount":"0.00472005","status":1,"claimedTime":1685904929000},{"poolId":285,"poolName":"STX/USDT","assetRewards":"USDT","claimAmount":"0.00289802","status":1,"claimedTime":1685904929000},{"poolId":285,"poolName":"STX/USDT","assetRewards":"BNB","claimAmount":"0.00001504","status":1,"claimedTime":1685904929000},{"poolId":285,"poolName":"STX/USDT","assetRewards":"BNB","claimAmount":"0.00001502","status":1,"claimedTime":1685735343000},{"poolId":285,"poolName":"STX/USDT","assetRewards":"USDT","claimAmount":"0.00392728","status":1,"claimedTime":1685735343000},{"poolId":285,"poolName":"STX/USDT","assetRewards":"STX","claimAmount":"0.00608882","status":1,"claimedTime":1685735343000},{"poolId":285,"poolName":"STX/USDT","assetRewards":"BNB","claimAmount":"0.0000063","status":1,"claimedTime":1685556359000},{"poolId":285,"poolName":"STX/USDT","assetRewards":"STX","claimAmount":"0.00408481","status":1,"claimedTime":1685556359000},{"poolId":285,"poolName":"STX/USDT","assetRewards":"USDT","claimAmount":"0.00192431","status":1,"claimedTime":1685556359000},{"poolId":285,"poolName":"STX/USDT","assetRewards":"USDT","claimAmount":"0.00108169","status":1,"claimedTime":1685483670000},{"poolId":285,"poolName":"STX/USDT","assetRewards":"BNB","claimAmount":"0.0000027","status":1,"claimedTime":1685483670000},{"poolId":285,"poolName":"STX/USDT","assetRewards":"STX","claimAmount":"0.00189217","status":1,"claimedTime":1685483670000},{"poolId":285,"poolName":"STX/USDT","assetRewards":"BNB","claimAmount":"0.00001751","status":1,"claimedTime":1685451525000},{"poolId":285,"poolName":"STX/USDT","assetRewards":"STX","claimAmount":"0.01218173","status":1,"claimedTime":1685451525000},{"poolId":285,"poolName":"STX/USDT","assetRewards":"USDT","claimAmount":"0.00637864","status":1,"claimedTime":1685451525000},{"poolId":285,"poolName":"STX/USDT","assetRewards":"STX","claimAmount":"0.01164089","status":1,"claimedTime":1685365008000},{"poolId":285,"poolName":"STX/USDT","assetRewards":"USDT","claimAmount":"0.00786389","status":1,"claimedTime":1685365008000},{"poolId":285,"poolName":"STX/USDT","assetRewards":"BNB","claimAmount":"0.00001849","status":1,"claimedTime":1685365008000},{"poolId":285,"poolName":"STX/USDT","assetRewards":"USDT","claimAmount":"0.00304544","status":1,"claimedTime":1685260935000},{"poolId":285,"poolName":"STX/USDT","assetRewards":"BNB","claimAmount":"0.00001487","status":1,"claimedTime":1685260935000},{"poolId":285,"poolName":"STX/USDT","assetRewards":"STX","claimAmount":"0.00458906","status":1,"claimedTime":1685260935000},{"poolId":285,"poolName":"STX/USDT","assetRewards":"STX","claimAmount":"0.00779765","status":1,"claimedTime":1685176600000},{"poolId":285,"poolName":"STX/USDT","assetRewards":"BNB","claimAmount":"0.00001558","status":1,"claimedTime":1685176600000},{"poolId":285,"poolName":"STX/USDT","assetRewards":"USDT","claimAmount":"0.00509831","status":1,"claimedTime":1685176600000},{"poolId":285,"poolName":"STX/USDT","assetRewards":"STX","claimAmount":"0.01210322","status":1,"claimedTime":1685091462000},{"poolId":285,"poolName":"STX/USDT","assetRewards":"BNB","claimAmount":"0.0000176","status":1,"claimedTime":1685091462000},{"poolId":285,"poolName":"STX/USDT","assetRewards":"USDT","claimAmount":"0.00774339","status":1,"claimedTime":1685091462000},{"poolId":285,"poolName":"STX/USDT","assetRewards":"USDT","claimAmount":"0.00161497","status":1,"claimedTime":1684989641000},{"poolId":285,"poolName":"STX/USDT","assetRewards":"STX","claimAmount":"0.00327127","status":1,"claimedTime":1684989641000},{"poolId":285,"poolName":"STX/USDT","assetRewards":"BNB","claimAmount":"0.00000437","status":1,"claimedTime":1684989641000},{"poolId":285,"poolName":"STX/USDT","assetRewards":"BNB","claimAmount":"0.0000056","status":1,"claimedTime":1684963285000},{"poolId":285,"poolName":"STX/USDT","assetRewards":"STX","claimAmount":"0.00520092","status":1,"claimedTime":1684963285000},{"poolId":285,"poolName":"STX/USDT","assetRewards":"USDT","claimAmount":"0.00269361","status":1,"claimedTime":1684963285000},{"poolId":285,"poolName":"STX/USDT","assetRewards":"BNB","claimAmount":"0.00001818","status":1,"claimedTime":1684931951000},{"poolId":285,"poolName":"STX/USDT","assetRewards":"STX","claimAmount":"0.00747085","status":1,"claimedTime":1684931951000},{"poolId":285,"poolName":"STX/USDT","assetRewards":"USDT","claimAmount":"0.00384567","status":1,"claimedTime":1684931951000},{"poolId":285,"poolName":"STX/USDT","assetRewards":"USDT","claimAmount":"0.00731058","status":1,"claimedTime":1684828045000},{"poolId":285,"poolName":"STX/USDT","assetRewards":"BNB","claimAmount":"0.00001449","status":1,"claimedTime":1684828045000},{"poolId":285,"poolName":"STX/USDT","assetRewards":"STX","claimAmount":"0.01061883","status":1,"claimedTime":1684828045000},{"poolId":285,"poolName":"STX/USDT","assetRewards":"USDT","claimAmount":"0.00485048","status":1,"claimedTime":1684745220000},{"poolId":285,"poolName":"STX/USDT","assetRewards":"STX","claimAmount":"0.00925662","status":1,"claimedTime":1684745220000},{"poolId":285,"poolName":"STX/USDT","assetRewards":"BNB","claimAmount":"0.00001512","status":1,"claimedTime":1684745220000},{"poolId":285,"poolName":"STX/USDT","assetRewards":"BNB","claimAmount":"0.00000693","status":1,"claimedTime":1684658716000},{"poolId":285,"poolName":"STX/USDT","assetRewards":"USDT","claimAmount":"0.0015765","status":1,"claimedTime":1684658716000},{"poolId":285,"poolName":"STX/USDT","assetRewards":"STX","claimAmount":"0.00211762","status":1,"claimedTime":1684658716000},{"poolId":285,"poolName":"STX/USDT","assetRewards":"STX","claimAmount":"0.00362293","status":1,"claimedTime":1684617421000},{"poolId":285,"poolName":"STX/USDT","assetRewards":"USDT","claimAmount":"0.00269222","status":1,"claimedTime":1684617421000},{"poolId":285,"poolName":"STX/USDT","assetRewards":"BNB","claimAmount":"0.00000818","status":1,"claimedTime":1684617421000},{"poolId":285,"poolName":"STX/USDT","assetRewards":"USDT","claimAmount":"0.0058607","status":1,"claimedTime":1684570840000},{"poolId":285,"poolName":"STX/USDT","assetRewards":"STX","claimAmount":"0.00865923","status":1,"claimedTime":1684570840000},{"poolId":285,"poolName":"STX/USDT","assetRewards":"BNB","claimAmount":"0.00001132","status":1,"claimedTime":1684570840000},{"poolId":285,"poolName":"STX/USDT","assetRewards":"BNB","claimAmount":"0.00001701","status":1,"claimedTime":1684507388000},{"poolId":285,"poolName":"STX/USDT","assetRewards":"STX","claimAmount":"0.01619936","status":1,"claimedTime":1684507388000},{"poolId":285,"poolName":"STX/USDT","assetRewards":"USDT","claimAmount":"0.01107606","status":1,"claimedTime":1684507388000},{"poolId":285,"poolName":"STX/USDT","assetRewards":"USDT","claimAmount":"0.01176062","status":1,"claimedTime":1684407951000},{"poolId":285,"poolName":"STX/USDT","assetRewards":"BNB","claimAmount":"0.00001567","status":1,"claimedTime":1684407951000},{"poolId":285,"poolName":"STX/USDT","assetRewards":"STX","claimAmount":"0.01679413","status":1,"claimedTime":1684407951000},{"poolId":285,"poolName":"STX/USDT","assetRewards":"STX","claimAmount":"0.00783616","status":1,"claimedTime":1684318513000},{"poolId":285,"poolName":"STX/USDT","assetRewards":"BNB","claimAmount":"0.0000113","status":1,"claimedTime":1684318513000},{"poolId":285,"poolName":"STX/USDT","assetRewards":"USDT","claimAmount":"0.00511473","status":1,"claimedTime":1684318513000},{"poolId":285,"poolName":"STX/USDT","assetRewards":"STX","claimAmount":"0.01140123","status":1,"claimedTime":1684253184000},{"poolId":285,"poolName":"STX/USDT","assetRewards":"BNB","claimAmount":"0.00001257","status":1,"claimedTime":1684253184000},{"poolId":285,"poolName":"STX/USDT","assetRewards":"USDT","claimAmount":"0.00706271","status":1,"claimedTime":1684253184000},{"poolId":285,"poolName":"STX/USDT","assetRewards":"BNB","claimAmount":"0.00000344","status":1,"claimedTime":1684180513000},{"poolId":285,"poolName":"STX/USDT","assetRewards":"USDT","claimAmount":"0.00207234","status":1,"claimedTime":1684180513000},{"poolId":285,"poolName":"STX/USDT","assetRewards":"STX","claimAmount":"0.00359904","status":1,"claimedTime":1684180513000},{"poolId":285,"poolName":"STX/USDT","assetRewards":"STX","claimAmount":"0.01317897","status":1,"claimedTime":1684157653000},{"poolId":285,"poolName":"STX/USDT","assetRewards":"BNB","claimAmount":"0.00001362","status":1,"claimedTime":1684157653000},{"poolId":285,"poolName":"STX/USDT","assetRewards":"USDT","claimAmount":"0.00847082","status":1,"claimedTime":1684157653000},{"poolId":285,"poolName":"STX/USDT","assetRewards":"USDT","claimAmount":"0.00081301","status":1,"claimedTime":1684070017000},{"poolId":285,"poolName":"STX/USDT","assetRewards":"STX","claimAmount":"0.00113482","status":1,"claimedTime":1684070017000},{"poolId":285,"poolName":"STX/USDT","assetRewards":"BNB","claimAmount":"0.00000285","status":1,"claimedTime":1684070017000},{"poolId":285,"poolName":"STX/USDT","assetRewards":"USDT","claimAmount":"0.00630964","status":1,"claimedTime":1684053898000},{"poolId":285,"poolName":"STX/USDT","assetRewards":"STX","claimAmount":"0.01021114","status":1,"claimedTime":1684053898000},{"poolId":285,"poolName":"STX/USDT","assetRewards":"BNB","claimAmount":"0.00001364","status":1,"claimedTime":1684053898000},{"poolId":285,"poolName":"STX/USDT","assetRewards":"BNB","claimAmount":"0.00000616","status":1,"claimedTime":1683966128000},{"poolId":285,"poolName":"STX/USDT","assetRewards":"STX","claimAmount":"0.00608594","status":1,"claimedTime":1683966128000},{"poolId":285,"poolName":"STX/USDT","assetRewards":"USDT","claimAmount":"0.00379101","status":1,"claimedTime":1683966128000},{"poolId":285,"poolName":"STX/USDT","assetRewards":"USDT","claimAmount":"0.00617416","status":1,"claimedTime":1683926079000},{"poolId":285,"poolName":"STX/USDT","assetRewards":"BNB","claimAmount":"0.00000504","status":1,"claimedTime":1683926079000},{"poolId":285,"poolName":"STX/USDT","assetRewards":"STX","claimAmount":"0.00976338","status":1,"claimedTime":1683926079000},{"poolId":285,"poolName":"STX/USDT","assetRewards":"STX","claimAmount":"0.00329543","status":1,"claimedTime":1683896618000},{"poolId":285,"poolName":"STX/USDT","assetRewards":"BNB","claimAmount":"0.00000224","status":1,"claimedTime":1683896618000},{"poolId":285,"poolName":"STX/USDT","assetRewards":"USDT","claimAmount":"0.00231059","status":1,"claimedTime":1683896618000},{"poolId":285,"poolName":"STX/USDT","assetRewards":"USDT","claimAmount":"0.01184219","status":1,"claimedTime":1683881667000},{"poolId":285,"poolName":"STX/USDT","assetRewards":"BNB","claimAmount":"0.00000882","status":1,"claimedTime":1683881667000},{"poolId":285,"poolName":"STX/USDT","assetRewards":"STX","claimAmount":"0.01945185","status":1,"claimedTime":1683881667000},{"poolId":285,"poolName":"STX/USDT","assetRewards":"STX","claimAmount":"0.02612848","status":1,"claimedTime":1683822494000},{"poolId":285,"poolName":"STX/USDT","assetRewards":"USDT","claimAmount":"0.01573172","status":1,"claimedTime":1683822494000},{"poolId":285,"poolName":"STX/USDT","assetRewards":"BNB","claimAmount":"0.00001056","status":1,"claimedTime":1683822494000},{"poolId":285,"poolName":"STX/USDT","assetRewards":"BNB","claimAmount":"0.00001452","status":1,"claimedTime":1683755422000},{"poolId":285,"poolName":"STX/USDT","assetRewards":"USDT","claimAmount":"0.02150707","status":1,"claimedTime":1683755422000},{"poolId":285,"poolName":"STX/USDT","assetRewards":"STX","claimAmount":"0.03564156","status":1,"claimedTime":1683755422000},{"poolId":285,"poolName":"STX/USDT","assetRewards":"BNB","claimAmount":"0.0000135","status":1,"claimedTime":1683662842000},{"poolId":285,"poolName":"STX/USDT","assetRewards":"BNB","claimAmount":"0.0000135","status":1,"claimedTime":1683662842000},{"poolId":285,"poolName":"STX/USDT","assetRewards":"STX","claimAmount":"0.03447844","status":1,"claimedTime":1683662842000},{"poolId":285,"poolName":"STX/USDT","assetRewards":"USDT","claimAmount":"0.02179589","status":1,"claimedTime":1683662842000},{"poolId":285,"poolName":"STX/USDT","assetRewards":"BNB","claimAmount":"0.00000658","status":1,"claimedTime":1683581876000},{"poolId":285,"poolName":"STX/USDT","assetRewards":"USDT","claimAmount":"0.03299673","status":1,"claimedTime":1683581876000},{"poolId":285,"poolName":"STX/USDT","assetRewards":"STX","claimAmount":"0.04304051","status":1,"claimedTime":1683581876000},{"poolId":285,"poolName":"STX/USDT","assetRewards":"BNB","claimAmount":"0.00000984","status":1,"claimedTime":1683541678000},{"poolId":285,"poolName":"STX/USDT","assetRewards":"STX","claimAmount":"0.04056056","status":1,"claimedTime":1683541678000},{"poolId":285,"poolName":"STX/USDT","assetRewards":"USDT","claimAmount":"0.03218284","status":1,"claimedTime":1683541678000},{"poolId":285,"poolName":"STX/USDT","assetRewards":"STX","claimAmount":"0.03254187","status":1,"claimedTime":1683488635000},{"poolId":285,"poolName":"STX/USDT","assetRewards":"USDT","claimAmount":"0.02334243","status":1,"claimedTime":1683488635000},{"poolId":285,"poolName":"STX/USDT","assetRewards":"BNB","claimAmount":"0.00002236","status":1,"claimedTime":1683488635000},{"poolId":285,"poolName":"STX/USDT","assetRewards":"USDT","claimAmount":"0.00395231","status":1,"claimedTime":1683365451000},{"poolId":285,"poolName":"STX/USDT","assetRewards":"BNB","claimAmount":"0.00000767","status":1,"claimedTime":1683365451000},{"poolId":285,"poolName":"STX/USDT","assetRewards":"STX","claimAmount":"0.00619686","status":1,"claimedTime":1683365451000},{"poolId":285,"poolName":"STX/USDT","assetRewards":"STX","claimAmount":"0.00993016","status":1,"claimedTime":1683321390000},{"poolId":285,"poolName":"STX/USDT","assetRewards":"BNB","claimAmount":"0.0000082","status":1,"claimedTime":1683321390000},{"poolId":285,"poolName":"STX/USDT","assetRewards":"USDT","claimAmount":"0.0066752","status":1,"claimedTime":1683321390000},{"poolId":285,"poolName":"STX/USDT","assetRewards":"STX","claimAmount":"0.01383525","status":1,"claimedTime":1683277438000},{"poolId":285,"poolName":"STX/USDT","assetRewards":"USDT","claimAmount":"0.00955345","status":1,"claimedTime":1683277438000},{"poolId":285,"poolName":"STX/USDT","assetRewards":"BNB","claimAmount":"0.00001535","status":1,"claimedTime":1683277438000},{"poolId":285,"poolName":"STX/USDT","assetRewards":"STX","claimAmount":"0.01137951","status":1,"claimedTime":1683188168000},{"poolId":285,"poolName":"STX/USDT","assetRewards":"USDT","claimAmount":"0.0084784","status":1,"claimedTime":1683188168000},{"poolId":285,"poolName":"STX/USDT","assetRewards":"BNB","claimAmount":"0.00000652","status":1,"claimedTime":1683188168000},{"poolId":285,"poolName":"STX/USDT","assetRewards":"USDT","claimAmount":"0.01226649","status":1,"claimedTime":1683152076000},{"poolId":285,"poolName":"STX/USDT","assetRewards":"STX","claimAmount":"0.01602505","status":1,"claimedTime":1683152076000},{"poolId":285,"poolName":"STX/USDT","assetRewards":"BNB","claimAmount":"0.00000399","status":1,"claimedTime":1683152076000},{"poolId":285,"poolName":"STX/USDT","assetRewards":"STX","claimAmount":"0.03966179","status":1,"claimedTime":1683131421000},{"poolId":285,"poolName":"STX/USDT","assetRewards":"BNB","claimAmount":"0.0000131","status":1,"claimedTime":1683131421000},{"poolId":285,"poolName":"STX/USDT","assetRewards":"USDT","claimAmount":"0.03153013","status":1,"claimedTime":1683131421000},{"poolId":285,"poolName":"STX/USDT","assetRewards":"USDT","claimAmount":"0.03065368","status":1,"claimedTime":1683063079000},{"poolId":285,"poolName":"STX/USDT","assetRewards":"BNB","claimAmount":"0.00002698","status":1,"claimedTime":1683063079000},{"poolId":285,"poolName":"STX/USDT","assetRewards":"STX","claimAmount":"0.03902985","status":1,"claimedTime":1683063079000},{"poolId":285,"poolName":"STX/USDT","assetRewards":"BNB","claimAmount":"0.00001601","status":1,"claimedTime":1682926198000},{"poolId":285,"poolName":"STX/USDT","assetRewards":"STX","claimAmount":"0.01687275","status":1,"claimedTime":1682926198000},{"poolId":285,"poolName":"STX/USDT","assetRewards":"USDT","claimAmount":"0.01056849","status":1,"claimedTime":1682926198000},{"poolId":285,"poolName":"STX/USDT","assetRewards":"STX","claimAmount":"0.01252391","status":1,"claimedTime":1682844681000},{"poolId":285,"poolName":"STX/USDT","assetRewards":"BNB","claimAmount":"0.00001725","status":1,"claimedTime":1682844681000},{"poolId":285,"poolName":"STX/USDT","assetRewards":"USDT","claimAmount":"0.00916431","status":1,"claimedTime":1682844681000},{"poolId":285,"poolName":"STX/USDT","assetRewards":"BNB","claimAmount":"0.00001725","status":1,"claimedTime":1682754226000},{"poolId":285,"poolName":"STX/USDT","assetRewards":"STX","claimAmount":"0.01349736","status":1,"claimedTime":1682754226000},{"poolId":285,"poolName":"STX/USDT","assetRewards":"USDT","claimAmount":"0.00963104","status":1,"claimedTime":1682754226000},{"poolId":285,"poolName":"STX/USDT","assetRewards":"STX","claimAmount":"0.00439101","status":1,"claimedTime":1682664233000},{"poolId":285,"poolName":"STX/USDT","assetRewards":"USDT","claimAmount":"0.00292756","status":1,"claimedTime":1682664233000},{"poolId":285,"poolName":"STX/USDT","assetRewards":"BNB","claimAmount":"0.00000621","status":1,"claimedTime":1682664233000},{"poolId":285,"poolName":"STX/USDT","assetRewards":"BNB","claimAmount":"0.00000483","status":1,"claimedTime":1682631100000},{"poolId":285,"poolName":"STX/USDT","assetRewards":"USDT","claimAmount":"0.007774","status":1,"claimedTime":1682631100000},{"poolId":285,"poolName":"STX/USDT","assetRewards":"STX","claimAmount":"0.01012836","status":1,"claimedTime":1682631100000},{"poolId":285,"poolName":"STX/USDT","assetRewards":"BNB","claimAmount":"0.00001808","status":1,"claimedTime":1682607190000},{"poolId":285,"poolName":"STX/USDT","assetRewards":"STX","claimAmount":"0.04481644","status":1,"claimedTime":1682607190000},{"poolId":285,"poolName":"STX/USDT","assetRewards":"USDT","claimAmount":"0.03291892","status":1,"claimedTime":1682607190000},{"poolId":285,"poolName":"STX/USDT","assetRewards":"BNB","claimAmount":"0.00000272","status":1,"claimedTime":1682514259000},{"poolId":285,"poolName":"STX/USDT","assetRewards":"STX","claimAmount":"0.00247823","status":1,"claimedTime":1682514259000},{"poolId":285,"poolName":"STX/USDT","assetRewards":"USDT","claimAmount":"0.00230237","status":1,"claimedTime":1682514259000},{"poolId":285,"poolName":"STX/USDT","assetRewards":"USDT","claimAmount":"0.00436066","status":1,"claimedTime":1682496343000},{"poolId":285,"poolName":"STX/USDT","assetRewards":"STX","claimAmount":"0.0056902","status":1,"claimedTime":1682496343000},{"poolId":285,"poolName":"STX/USDT","assetRewards":"BNB","claimAmount":"0.00000754","status":1,"claimedTime":1682496343000},{"poolId":285,"poolName":"STX/USDT","assetRewards":"USDT","claimAmount":"0.00836536","status":1,"claimedTime":1682457957000},{"poolId":285,"poolName":"STX/USDT","assetRewards":"BNB","claimAmount":"0.00000565","status":1,"claimedTime":1682457957000},{"poolId":285,"poolName":"STX/USDT","assetRewards":"STX","claimAmount":"0.01039602","status":1,"claimedTime":1682457957000},{"poolId":285,"poolName":"STX/USDT","assetRewards":"STX","claimAmount":"0.01342872","status":1,"claimedTime":1682429126000},{"poolId":285,"poolName":"STX/USDT","assetRewards":"USDT","claimAmount":"0.00886357","status":1,"claimedTime":1682429126000},{"poolId":285,"poolName":"STX/USDT","assetRewards":"BNB","claimAmount":"0.0000112","status":1,"claimedTime":1682429126000},{"poolId":285,"poolName":"STX/USDT","assetRewards":"USDT","claimAmount":"0.01456253","status":1,"claimedTime":1682372060000},{"poolId":285,"poolName":"STX/USDT","assetRewards":"BNB","claimAmount":"0.0000084","status":1,"claimedTime":1682372060000},{"poolId":285,"poolName":"STX/USDT","assetRewards":"STX","claimAmount":"0.01875105","status":1,"claimedTime":1682372060000},{"poolId":285,"poolName":"STX/USDT","assetRewards":"BNB","claimAmount":"0.00001394","status":1,"claimedTime":1682330463000},{"poolId":285,"poolName":"STX/USDT","assetRewards":"USDT","claimAmount":"0.01859494","status":1,"claimedTime":1682330463000},{"poolId":285,"poolName":"STX/USDT","assetRewards":"STX","claimAmount":"0.02620082","status":1,"claimedTime":1682330463000},{"poolId":285,"poolName":"STX/USDT","assetRewards":"USDT","claimAmount":"0.01921312","status":1,"claimedTime":1682255554000},{"poolId":285,"poolName":"STX/USDT","assetRewards":"BNB","claimAmount":"0.00002755","status":1,"claimedTime":1682255554000},{"poolId":285,"poolName":"STX/USDT","assetRewards":"STX","claimAmount":"0.02561807","status":1,"claimedTime":1682255554000},{"poolId":285,"poolName":"STX/USDT","assetRewards":"BNB","claimAmount":"0.000018","status":1,"claimedTime":1682115557000},{"poolId":285,"poolName":"STX/USDT","assetRewards":"STX","claimAmount":"0.02899919","status":1,"claimedTime":1682115557000},{"poolId":285,"poolName":"STX/USDT","assetRewards":"USDT","claimAmount":"0.01913101","status":1,"claimedTime":1682115557000},{"poolId":285,"poolName":"STX/USDT","assetRewards":"USDT","claimAmount":"0.02132563","status":1,"claimedTime":1682025935000},{"poolId":285,"poolName":"STX/USDT","assetRewards":"BNB","claimAmount":"0.00001711","status":1,"claimedTime":1682025935000},{"poolId":285,"poolName":"STX/USDT","assetRewards":"STX","claimAmount":"0.03041064","status":1,"claimedTime":1682025935000},{"poolId":285,"poolName":"STX/USDT","assetRewards":"USDT","claimAmount":"0.00072255","status":1,"claimedTime":1681939984000},{"poolId":285,"poolName":"STX/USDT","assetRewards":"BNB","claimAmount":"0.00000071","status":1,"claimedTime":1681939984000},{"poolId":285,"poolName":"STX/USDT","assetRewards":"STX","claimAmount":"0.00091326","status":1,"claimedTime":1681939984000},{"poolId":285,"poolName":"STX/USDT","assetRewards":"STX","claimAmount":"0.02648986","status":1,"claimedTime":1681936862000},{"poolId":285,"poolName":"STX/USDT","assetRewards":"USDT","claimAmount":"0.01836803","status":1,"claimedTime":1681936862000},{"poolId":285,"poolName":"STX/USDT","assetRewards":"BNB","claimAmount":"0.00001702","status":1,"claimedTime":1681936862000},{"poolId":285,"poolName":"STX/USDT","assetRewards":"STX","claimAmount":"0.01147747","status":1,"claimedTime":1681850008000},{"poolId":285,"poolName":"STX/USDT","assetRewards":"BNB","claimAmount":"0.00001529","status":1,"claimedTime":1681850008000},{"poolId":285,"poolName":"STX/USDT","assetRewards":"USDT","claimAmount":"0.01053072","status":1,"claimedTime":1681850008000},{"poolId":285,"poolName":"STX/USDT","assetRewards":"STX","claimAmount":"0.00496166","status":1,"claimedTime":1681771185000},{"poolId":285,"poolName":"STX/USDT","assetRewards":"USDT","claimAmount":"0.0041264","status":1,"claimedTime":1681771185000},{"poolId":285,"poolName":"STX/USDT","assetRewards":"BNB","claimAmount":"0.000007","status":1,"claimedTime":1681771185000},{"poolId":285,"poolName":"STX/USDT","assetRewards":"USDT","claimAmount":"0.00749534","status":1,"claimedTime":1681733497000},{"poolId":285,"poolName":"STX/USDT","assetRewards":"BNB","claimAmount":"0.00000846","status":1,"claimedTime":1681733497000},{"poolId":285,"poolName":"STX/USDT","assetRewards":"STX","claimAmount":"0.00943483","status":1,"claimedTime":1681733497000},{"poolId":285,"poolName":"STX/USDT","assetRewards":"STX","claimAmount":"0.00821994","status":1,"claimedTime":1681690912000},{"poolId":285,"poolName":"STX/USDT","assetRewards":"USDT","claimAmount":"0.0072341","status":1,"claimedTime":1681690912000},{"poolId":285,"poolName":"STX/USDT","assetRewards":"BNB","claimAmount":"0.00000781","status":1,"claimedTime":1681690912000},{"poolId":285,"poolName":"STX/USDT","assetRewards":"BNB","claimAmount":"0.00001065","status":1,"claimedTime":1681652755000},{"poolId":285,"poolName":"STX/USDT","assetRewards":"USDT","claimAmount":"0.00607347","status":1,"claimedTime":1681652755000},{"poolId":285,"poolName":"STX/USDT","assetRewards":"STX","claimAmount":"0.00706091","status":1,"claimedTime":1681652755000},{"poolId":285,"poolName":"STX/USDT","assetRewards":"BNB","claimAmount":"0.00000857","status":1,"claimedTime":1681597170000},{"poolId":285,"poolName":"STX/USDT","assetRewards":"BNB","claimAmount":"0.00000857","status":1,"claimedTime":1681597170000},{"poolId":285,"poolName":"STX/USDT","assetRewards":"STX","claimAmount":"0.00576672","status":1,"claimedTime":1681597170000},{"poolId":285,"poolName":"STX/USDT","assetRewards":"USDT","claimAmount":"0.00469394","status":1,"claimedTime":1681597170000},{"poolId":285,"poolName":"STX/USDT","assetRewards":"USDT","claimAmount":"0.02433791","status":1,"claimedTime":1681556252000},{"poolId":285,"poolName":"STX/USDT","assetRewards":"BNB","claimAmount":"0.00001967","status":1,"claimedTime":1681556252000},{"poolId":285,"poolName":"STX/USDT","assetRewards":"STX","claimAmount":"0.02479189","status":1,"claimedTime":1681556252000},{"poolId":285,"poolName":"STX/USDT","assetRewards":"STX","claimAmount":"0.01460256","status":1,"claimedTime":1681470004000},{"poolId":285,"poolName":"STX/USDT","assetRewards":"USDT","claimAmount":"0.01348156","status":1,"claimedTime":1681470004000},{"poolId":285,"poolName":"STX/USDT","assetRewards":"BNB","claimAmount":"0.0000118","status":1,"claimedTime":1681470004000},{"poolId":285,"poolName":"STX/USDT","assetRewards":"BNB","claimAmount":"0.00001037","status":1,"claimedTime":1681426895000},{"poolId":285,"poolName":"STX/USDT","assetRewards":"STX","claimAmount":"0.01351318","status":1,"claimedTime":1681426895000},{"poolId":285,"poolName":"STX/USDT","assetRewards":"USDT","claimAmount":"0.01196103","status":1,"claimedTime":1681426895000},{"poolId":285,"poolName":"STX/USDT","assetRewards":"STX","claimAmount":"0.0246355","status":1,"claimedTime":1681381222000},{"poolId":285,"poolName":"STX/USDT","assetRewards":"USDT","claimAmount":"0.02112035","status":1,"claimedTime":1681381222000},{"poolId":285,"poolName":"STX/USDT","assetRewards":"BNB","claimAmount":"0.00001694","status":1,"claimedTime":1681381222000},{"poolId":285,"poolName":"STX/USDT","assetRewards":"USDT","claimAmount":"0.00881869","status":1,"claimedTime":1681315099000},{"poolId":285,"poolName":"STX/USDT","assetRewards":"BNB","claimAmount":"0.00000365","status":1,"claimedTime":1681315099000},{"poolId":285,"poolName":"STX/USDT","assetRewards":"STX","claimAmount":"0.00985685","status":1,"claimedTime":1681315099000},{"poolId":285,"poolName":"STX/USDT","assetRewards":"BNB","claimAmount":"0.00001206","status":1,"claimedTime":1681297621000},{"poolId":285,"poolName":"STX/USDT","assetRewards":"STX","claimAmount":"0.02337687","status":1,"claimedTime":1681297621000},{"poolId":285,"poolName":"STX/USDT","assetRewards":"USDT","claimAmount":"0.02068133","status":1,"claimedTime":1681297621000},{"poolId":285,"poolName":"STX/USDT","assetRewards":"BNB","claimAmount":"0.00002891","status":1,"claimedTime":1681253090000},{"poolId":285,"poolName":"STX/USDT","assetRewards":"USDT","claimAmount":"0.0632005","status":1,"claimedTime":1681253090000},{"poolId":285,"poolName":"STX/USDT","assetRewards":"STX","claimAmount":"0.06356694","status":1,"claimedTime":1681253090000},{"poolId":285,"poolName":"STX/USDT","assetRewards":"USDT","claimAmount":"0.03732143","status":1,"claimedTime":1681141566000},{"poolId":285,"poolName":"STX/USDT","assetRewards":"BNB","claimAmount":"0.00002829","status":1,"claimedTime":1681141566000},{"poolId":285,"poolName":"STX/USDT","assetRewards":"STX","claimAmount":"0.04278553","status":1,"claimedTime":1681141566000},{"poolId":285,"poolName":"STX/USDT","assetRewards":"USDT","claimAmount":"0.003784","status":1,"claimedTime":1681032361000},{"poolId":285,"poolName":"STX/USDT","assetRewards":"BNB","claimAmount":"0.00000885","status":1,"claimedTime":1681032361000},{"poolId":285,"poolName":"STX/USDT","assetRewards":"STX","claimAmount":"0.00537815","status":1,"claimedTime":1681032361000},{"poolId":285,"poolName":"STX/USDT","assetRewards":"STX","claimAmount":"0.00403124","status":1,"claimedTime":1680992772000},{"poolId":285,"poolName":"STX/USDT","assetRewards":"USDT","claimAmount":"0.00300676","status":1,"claimedTime":1680992772000},{"poolId":285,"poolName":"STX/USDT","assetRewards":"BNB","claimAmount":"0.00000823","status":1,"claimedTime":1680992772000},{"poolId":285,"poolName":"STX/USDT","assetRewards":"STX","claimAmount":"0.00033167","status":1,"claimedTime":1680957237000},{"poolId":285,"poolName":"STX/USDT","assetRewards":"USDT","claimAmount":"0.00011371","status":1,"claimedTime":1680957237000},{"poolId":285,"poolName":"STX/USDT","assetRewards":"BNB","claimAmount":"0.00000085","status":1,"claimedTime":1680957237000},{"poolId":285,"poolName":"STX/USDT","assetRewards":"BNB","claimAmount":"0.00002403","status":1,"claimedTime":1680953654000},{"poolId":285,"poolName":"STX/USDT","assetRewards":"STX","claimAmount":"0.01595213","status":1,"claimedTime":1680953654000},{"poolId":285,"poolName":"STX/USDT","assetRewards":"USDT","claimAmount":"0.01176889","status":1,"claimedTime":1680953654000},{"poolId":285,"poolName":"STX/USDT","assetRewards":"USDT","claimAmount":"0.00612988","status":1,"claimedTime":1680851854000},{"poolId":285,"poolName":"STX/USDT","assetRewards":"STX","claimAmount":"0.00803841","status":1,"claimedTime":1680851854000},{"poolId":285,"poolName":"STX/USDT","assetRewards":"BNB","claimAmount":"0.00000968","status":1,"claimedTime":1680851854000},{"poolId":285,"poolName":"STX/USDT","assetRewards":"STX","claimAmount":"0.00174767","status":1,"claimedTime":1680814838000},{"poolId":285,"poolName":"STX/USDT","assetRewards":"USDT","claimAmount":"0.0016594","status":1,"claimedTime":1680814838000},{"poolId":285,"poolName":"STX/USDT","assetRewards":"BNB","claimAmount":"0.00000351","status":1,"claimedTime":1680814838000},{"poolId":285,"poolName":"STX/USDT","assetRewards":"USDT","claimAmount":"0.00068957","status":1,"claimedTime":1680799217000},{"poolId":285,"poolName":"STX/USDT","assetRewards":"BNB","claimAmount":"0.00000088","status":1,"claimedTime":1680799217000},{"poolId":285,"poolName":"STX/USDT","assetRewards":"STX","claimAmount":"0.00052751","status":1,"claimedTime":1680799217000},{"poolId":285,"poolName":"STX/USDT","assetRewards":"USDT","claimAmount":"0.00193413","status":1,"claimedTime":1680794103000},{"poolId":285,"poolName":"STX/USDT","assetRewards":"BNB","claimAmount":"0.00000264","status":1,"claimedTime":1680794103000},{"poolId":285,"poolName":"STX/USDT","assetRewards":"STX","claimAmount":"0.00254398","status":1,"claimedTime":1680794103000},{"poolId":285,"poolName":"STX/USDT","assetRewards":"USDT","claimAmount":"0.00145221","status":1,"claimedTime":1680782978000},{"poolId":285,"poolName":"STX/USDT","assetRewards":"BNB","claimAmount":"0.00000176","status":1,"claimedTime":1680782978000},{"poolId":285,"poolName":"STX/USDT","assetRewards":"STX","claimAmount":"0.00183891","status":1,"claimedTime":1680782978000},{"poolId":285,"poolName":"STX/USDT","assetRewards":"USDT","claimAmount":"0.01463763","status":1,"claimedTime":1680776732000},{"poolId":285,"poolName":"STX/USDT","assetRewards":"BNB","claimAmount":"0.00002234","status":1,"claimedTime":1680776732000},{"poolId":285,"poolName":"STX/USDT","assetRewards":"STX","claimAmount":"0.02098173","status":1,"claimedTime":1680776732000},{"poolId":285,"poolName":"STX/USDT","assetRewards":"BNB","claimAmount":"0.00001077","status":1,"claimedTime":1680686522000},{"poolId":285,"poolName":"STX/USDT","assetRewards":"USDT","claimAmount":"0.00786808","status":1,"claimedTime":1680686522000},{"poolId":285,"poolName":"STX/USDT","assetRewards":"STX","claimAmount":"0.00870461","status":1,"claimedTime":1680686522000},{"poolId":285,"poolName":"STX/USDT","assetRewards":"BNB","claimAmount":"0.00000795","status":1,"claimedTime":1680641878000},{"poolId":285,"poolName":"STX/USDT","assetRewards":"USDT","claimAmount":"0.00638356","status":1,"claimedTime":1680641878000},{"poolId":285,"poolName":"STX/USDT","assetRewards":"STX","claimAmount":"0.00718332","status":1,"claimedTime":1680641878000},{"poolId":285,"poolName":"STX/USDT","assetRewards":"STX","claimAmount":"0.01509814","status":1,"claimedTime":1680602777000},{"poolId":285,"poolName":"STX/USDT","assetRewards":"BNB","claimAmount":"0.00001317","status":1,"claimedTime":1680602777000},{"poolId":285,"poolName":"STX/USDT","assetRewards":"USDT","claimAmount":"0.01241522","status":1,"claimedTime":1680602777000},{"poolId":285,"poolName":"STX/USDT","assetRewards":"BNB","claimAmount":"0.00000096","status":1,"claimedTime":1680551457000},{"poolId":285,"poolName":"STX/USDT","assetRewards":"STX","claimAmount":"0.0019573","status":1,"claimedTime":1680551457000},{"poolId":285,"poolName":"STX/USDT","assetRewards":"USDT","claimAmount":"0.00195849","status":1,"claimedTime":1680551457000},{"poolId":285,"poolName":"STX/USDT","assetRewards":"USDT","claimAmount":"0.00166796","status":1,"claimedTime":1680545384000},{"poolId":285,"poolName":"STX/USDT","assetRewards":"BNB","claimAmount":"0.00000155","status":1,"claimedTime":1680545384000},{"poolId":285,"poolName":"STX/USDT","assetRewards":"STX","claimAmount":"0.00199848","status":1,"claimedTime":1680545384000},{"poolId":285,"poolName":"STX/USDT","assetRewards":"USDT","claimAmount":"0.01522293","status":1,"claimedTime":1680536388000},{"poolId":285,"poolName":"STX/USDT","assetRewards":"BNB","claimAmount":"0.00000997","status":1,"claimedTime":1680536388000},{"poolId":285,"poolName":"STX/USDT","assetRewards":"STX","claimAmount":"0.01651526","status":1,"claimedTime":1680536388000},{"poolId":285,"poolName":"STX/USDT","assetRewards":"USDT","claimAmount":"0.00865553","status":1,"claimedTime":1680466432000},{"poolId":285,"poolName":"STX/USDT","assetRewards":"STX","claimAmount":"0.01064676","status":1,"claimedTime":1680466432000},{"poolId":285,"poolName":"STX/USDT","assetRewards":"BNB","claimAmount":"0.00001124","status":1,"claimedTime":1680466432000},{"poolId":285,"poolName":"STX/USDT","assetRewards":"BNB","claimAmount":"0.00000606","status":1,"claimedTime":1680388352000},{"poolId":285,"poolName":"STX/USDT","assetRewards":"STX","claimAmount":"0.0038439","status":1,"claimedTime":1680388352000},{"poolId":285,"poolName":"STX/USDT","assetRewards":"USDT","claimAmount":"0.00322809","status":1,"claimedTime":1680388352000},{"poolId":285,"poolName":"STX/USDT","assetRewards":"STX","claimAmount":"0.00568729","status":1,"claimedTime":1680300199000},{"poolId":285,"poolName":"STX/USDT","assetRewards":"BNB","claimAmount":"0.00000459","status":1,"claimedTime":1680300199000},{"poolId":285,"poolName":"STX/USDT","assetRewards":"USDT","claimAmount":"0.00519541","status":1,"claimedTime":1680300199000},{"poolId":285,"poolName":"STX/USDT","assetRewards":"BNB","claimAmount":"0.00000357","status":1,"claimedTime":1680204585000},{"poolId":285,"poolName":"STX/USDT","assetRewards":"USDT","claimAmount":"0.00715227","status":1,"claimedTime":1680204585000},{"poolId":285,"poolName":"STX/USDT","assetRewards":"STX","claimAmount":"0.00804593","status":1,"claimedTime":1680204585000}]
