[{"operationId":7277108,"poolId":288,"poolName":"ARB/USDT","operation":"ADD","status":1,"updateTime":1683555961000,"shareAmount":"49.39401708","liquidityAmount":[{"asset":"ARB","amount":"45.66152979"},{"asset":"USDT","amount":"53.43181802"}]},{"operationId":4989806,"poolId":288,"poolName":"ARB/USDT","operation":"REMOVE","status":1,"updateTime":1683489224000,"shareAmount":"50.27944112","liquidityAmount":[{"asset":"ARB","amount":"45.2451953"},{"asset":"USDT","amount":"55.8740458"}]},{"operationId":7248563,"poolId":288,"poolName":"ARB/USDT","operation":"ADD","status":1,"updateTime":1682631189000,"shareAmount":"50.27944112","liquidityAmount":[{"asset":"ARB","amount":"41.98608652"},{"asset":"USDT","amount":"60.21117712"}]},{"operationId":4958823,"poolId":288,"poolName":"ARB/USDT","operation":"REMOVE","status":1,"updateTime":1682373138000,"shareAmount":"48.13555707","liquidityAmount":[{"asset":"ARB","amount":"41.7348071"},{"asset":"USDT","amount":"55.51817472"}]},{"operationId":7214181,"poolId":288,"poolName":"ARB/USDT","operation":"ADD","status":1,"updateTime":1681658200000,"shareAmount":"48.13555707","liquidityAmount":[{"asset":"ARB","amount":"37.87827362"},{"asset":"USDT","amount":"61.17067926"}]},{"operationId":4928590,"poolId":288,"poolName":"ARB/USDT","operation":"REMOVE","status":1,"updateTime":1681473824000,"shareAmount":"47.20727263","liquidityAmount":[{"asset":"ARB","amount":"37.67587639"},{"asset":"USDT","amount":"59.15014165"}]},{"operationId":7179532,"poolId":288,"poolName":"ARB/USDT","operation":"ADD","status":1,"updateTime":1680795165000,"shareAmount":"47.20727263","liquidityAmount":[{"asset":"ARB","amount":"42.93096855"},{"asset":"USDT","amount":"51.90968235"}]},{"operationId":4904936,"poolId":288,"poolName":"ARB/USDT","operation":"REMOVE","status":1,"updateTime":1680795114000,"shareAmount":"25.19559112","liquidityAmount":[{"asset":"ARB","amount":"22.91662171"},{"asset":"USDT","amount":"27.70127416"}]},{"operationId":7171042,"poolId":288,"poolName":"ARB/USDT","operation":"ADD","status":1,"updateTime":1680548062000,"shareAmount":"25.19559112","liquidityAmount":[{"asset":"ARB","amount":"23.2"},{"asset":"USDT","amount":"27.36291065"}]}]
