[{"poolId":288,"poolName":"ARB/USDT","assetRewards":"ARB","claimAmount":"0.00158034","status":1,"claimedTime":1686000848000},{"poolId":288,"poolName":"ARB/USDT","assetRewards":"BNB","claimAmount":"0.00000173","status":1,"claimedTime":1686000848000},{"poolId":288,"poolName":"ARB/USDT","assetRewards":"USDT","claimAmount":"0.00201879","status":1,"claimedTime":1686000848000},{"poolId":288,"poolName":"ARB/USDT","assetRewards":"ARB","claimAmount":"0.00776095","status":1,"claimedTime":1685985812000},{"poolId":288,"poolName":"ARB/USDT","assetRewards":"BNB","claimAmount":"0.00000947","status":1,"claimedTime":1685985812000},{"poolId":288,"poolName":"ARB/USDT","assetRewards":"USDT","claimAmount":"0.0075846","status":1,"claimedTime":1685985812000},{"poolId":288,"poolName":"ARB/USDT","assetRewards":"USDT","claimAmount":"0.00544683","status":1,"claimedTime":1685904929000},{"poolId":288,"poolName":"ARB/USDT","assetRewards":"ARB","claimAmount":"0.0049058","status":1,"claimedTime":1685904929000},{"poolId":288,"poolName":"ARB/USDT","assetRewards":"BNB","claimAmount":"0.00001925","status":1,"claimedTime":1685904929000},{"poolId":288,"poolName":"ARB/USDT","assetRewards":"BNB","claimAmount":"0.00002047","status":1,"claimedTime":1685735343000},{"poolId":288,"poolName":"ARB/USDT","assetRewards":"ARB","claimAmount":"0.00837093","status":1,"claimedTime":1685735343000},{"poolId":288,"poolName":"ARB/USDT","assetRewards":"USDT","claimAmount":"0.01039982","status":1,"claimedTime":1685735343000},{"poolId":288,"poolName":"ARB/USDT","assetRewards":"USDT","claimAmount":"0.00439214","status":1,"claimedTime":1685556359000},{"poolId":288,"poolName":"ARB/USDT","assetRewards":"BNB","claimAmount":"0.00000843","status":1,"claimedTime":1685556359000},{"poolId":288,"poolName":"ARB/USDT","assetRewards":"ARB","claimAmount":"0.00423617","status":1,"claimedTime":1685556359000},{"poolId":288,"poolName":"ARB/USDT","assetRewards":"USDT","claimAmount":"0.00198696","status":1,"claimedTime":1685483670000},{"poolId":288,"poolName":"ARB/USDT","assetRewards":"ARB","claimAmount":"0.00171529","status":1,"claimedTime":1685483670000},{"poolId":288,"poolName":"ARB/USDT","assetRewards":"BNB","claimAmount":"0.0000032","status":1,"claimedTime":1685483670000},{"poolId":288,"poolName":"ARB/USDT","assetRewards":"BNB","claimAmount":"0.00000864","status":1,"claimedTime":1685451525000},{"poolId":288,"poolName":"ARB/USDT","assetRewards":"USDT","claimAmount":"0.00416477","status":1,"claimedTime":1685451525000},{"poolId":288,"poolName":"ARB/USDT","assetRewards":"ARB","claimAmount":"0.00342306","status":1,"claimedTime":1685451525000},{"poolId":288,"poolName":"ARB/USDT","assetRewards":"USDT","claimAmount":"0.0060169","status":1,"claimedTime":1685365008000},{"poolId":288,"poolName":"ARB/USDT","assetRewards":"ARB","claimAmount":"0.00460401","status":1,"claimedTime":1685365008000},{"poolId":288,"poolName":"ARB/USDT","assetRewards":"BNB","claimAmount":"0.00001031","status":1,"claimedTime":1685365008000},{"poolId":288,"poolName":"ARB/USDT","assetRewards":"ARB","claimAmount":"0.0026658","status":1,"claimedTime":1685260935000},{"poolId":288,"poolName":"ARB/USDT","assetRewards":"BNB","claimAmount":"0.00000865","status":1,"claimedTime":1685260935000},{"poolId":288,"poolName":"ARB/USDT","assetRewards":"USDT","claimAmount":"0.00275312","status":1,"claimedTime":1685260935000},{"poolId":288,"poolName":"ARB/USDT","assetRewards":"ARB","claimAmount":"0.00345852","status":1,"claimedTime":1685176600000},{"poolId":288,"poolName":"ARB/USDT","assetRewards":"BNB","claimAmount":"0.00000869","status":1,"claimedTime":1685176600000},{"poolId":288,"poolName":"ARB/USDT","assetRewards":"USDT","claimAmount":"0.00408753","status":1,"claimedTime":1685176600000},{"poolId":288,"poolName":"ARB/USDT","assetRewards":"USDT","claimAmount":"0.00402875","status":1,"claimedTime":1685091462000},{"poolId":288,"poolName":"ARB/USDT","assetRewards":"BNB","claimAmount":"0.00001027","status":1,"claimedTime":1685091462000},{"poolId":288,"poolName":"ARB/USDT","assetRewards":"ARB","claimAmount":"0.00285518","status":1,"claimedTime":1685091462000},{"poolId":288,"poolName":"ARB/USDT","assetRewards":"BNB","claimAmount":"0.00000252","status":1,"claimedTime":1684989641000},{"poolId":288,"poolName":"ARB/USDT","assetRewards":"USDT","claimAmount":"0.00102654","status":1,"claimedTime":1684989641000},{"poolId":288,"poolName":"ARB/USDT","assetRewards":"ARB","claimAmount":"0.00112585","status":1,"claimedTime":1684989641000},{"poolId":288,"poolName":"ARB/USDT","assetRewards":"ARB","claimAmount":"0.0020826","status":1,"claimedTime":1684963285000},{"poolId":288,"poolName":"ARB/USDT","assetRewards":"BNB","claimAmount":"0.00000324","status":1,"claimedTime":1684963285000},{"poolId":288,"poolName":"ARB/USDT","assetRewards":"USDT","claimAmount":"0.00226666","status":1,"claimedTime":1684963285000},{"poolId":288,"poolName":"ARB/USDT","assetRewards":"ARB","claimAmount":"0.00263802","status":1,"claimedTime":1684931951000},{"poolId":288,"poolName":"ARB/USDT","assetRewards":"USDT","claimAmount":"0.00272748","status":1,"claimedTime":1684931951000},{"poolId":288,"poolName":"ARB/USDT","assetRewards":"BNB","claimAmount":"0.00001044","status":1,"claimedTime":1684931951000},{"poolId":288,"poolName":"ARB/USDT","assetRewards":"USDT","claimAmount":"0.00275434","status":1,"claimedTime":1684828045000},{"poolId":288,"poolName":"ARB/USDT","assetRewards":"ARB","claimAmount":"0.0024092","status":1,"claimedTime":1684828045000},{"poolId":288,"poolName":"ARB/USDT","assetRewards":"BNB","claimAmount":"0.00000812","status":1,"claimedTime":1684828045000},{"poolId":288,"poolName":"ARB/USDT","assetRewards":"USDT","claimAmount":"0.00283837","status":1,"claimedTime":1684745220000},{"poolId":288,"poolName":"ARB/USDT","assetRewards":"BNB","claimAmount":"0.00000854","status":1,"claimedTime":1684745220000},{"poolId":288,"poolName":"ARB/USDT","assetRewards":"ARB","claimAmount":"0.00252774","status":1,"claimedTime":1684745220000},{"poolId":288,"poolName":"ARB/USDT","assetRewards":"BNB","claimAmount":"0.00000385","status":1,"claimedTime":1684658716000},{"poolId":288,"poolName":"ARB/USDT","assetRewards":"ARB","claimAmount":"0.0003925","status":1,"claimedTime":1684658716000},{"poolId":288,"poolName":"ARB/USDT","assetRewards":"USDT","claimAmount":"0.00043716","status":1,"claimedTime":1684658716000},{"poolId":288,"poolName":"ARB/USDT","assetRewards":"USDT","claimAmount":"0.00068445","status":1,"claimedTime":1684617421000},{"poolId":288,"poolName":"ARB/USDT","assetRewards":"BNB","claimAmount":"0.00000455","status":1,"claimedTime":1684617421000},{"poolId":288,"poolName":"ARB/USDT","assetRewards":"ARB","claimAmount":"0.00062607","status":1,"claimedTime":1684617421000},{"poolId":288,"poolName":"ARB/USDT","assetRewards":"ARB","claimAmount":"0.00220643","status":1,"claimedTime":1684570840000},{"poolId":288,"poolName":"ARB/USDT","assetRewards":"USDT","claimAmount":"0.00211258","status":1,"claimedTime":1684570840000},{"poolId":288,"poolName":"ARB/USDT","assetRewards":"BNB","claimAmount":"0.0000063","status":1,"claimedTime":1684570840000},{"poolId":288,"poolName":"ARB/USDT","assetRewards":"BNB","claimAmount":"0.00000945","status":1,"claimedTime":1684507388000},{"poolId":288,"poolName":"ARB/USDT","assetRewards":"USDT","claimAmount":"0.00420684","status":1,"claimedTime":1684507388000},{"poolId":288,"poolName":"ARB/USDT","assetRewards":"ARB","claimAmount":"0.00358543","status":1,"claimedTime":1684507388000},{"poolId":288,"poolName":"ARB/USDT","assetRewards":"USDT","claimAmount":"0.00454145","status":1,"claimedTime":1684407951000},{"poolId":288,"poolName":"ARB/USDT","assetRewards":"ARB","claimAmount":"0.00379691","status":1,"claimedTime":1684407951000},{"poolId":288,"poolName":"ARB/USDT","assetRewards":"BNB","claimAmount":"0.00000875","status":1,"claimedTime":1684407951000},{"poolId":288,"poolName":"ARB/USDT","assetRewards":"ARB","claimAmount":"0.00232901","status":1,"claimedTime":1684318513000},{"poolId":288,"poolName":"ARB/USDT","assetRewards":"BNB","claimAmount":"0.0000063","status":1,"claimedTime":1684318513000},{"poolId":288,"poolName":"ARB/USDT","assetRewards":"USDT","claimAmount":"0.0026341","status":1,"claimedTime":1684318513000},{"poolId":288,"poolName":"ARB/USDT","assetRewards":"USDT","claimAmount":"0.00527729","status":1,"claimedTime":1684253184000},{"poolId":288,"poolName":"ARB/USDT","assetRewards":"ARB","claimAmount":"0.00406588","status":1,"claimedTime":1684253184000},{"poolId":288,"poolName":"ARB/USDT","assetRewards":"BNB","claimAmount":"0.00000733","status":1,"claimedTime":1684253184000},{"poolId":288,"poolName":"ARB/USDT","assetRewards":"BNB","claimAmount":"0.0000021","status":1,"claimedTime":1684180513000},{"poolId":288,"poolName":"ARB/USDT","assetRewards":"USDT","claimAmount":"0.00147671","status":1,"claimedTime":1684180513000},{"poolId":288,"poolName":"ARB/USDT","assetRewards":"ARB","claimAmount":"0.00126017","status":1,"claimedTime":1684180513000},{"poolId":288,"poolName":"ARB/USDT","assetRewards":"USDT","claimAmount":"0.00632365","status":1,"claimedTime":1684157653000},{"poolId":288,"poolName":"ARB/USDT","assetRewards":"ARB","claimAmount":"0.00510234","status":1,"claimedTime":1684157653000},{"poolId":288,"poolName":"ARB/USDT","assetRewards":"BNB","claimAmount":"0.0000084","status":1,"claimedTime":1684157653000},{"poolId":288,"poolName":"ARB/USDT","assetRewards":"BNB","claimAmount":"0.00000175","status":1,"claimedTime":1684070017000},{"poolId":288,"poolName":"ARB/USDT","assetRewards":"USDT","claimAmount":"0.00054465","status":1,"claimedTime":1684070017000},{"poolId":288,"poolName":"ARB/USDT","assetRewards":"ARB","claimAmount":"0.00041998","status":1,"claimedTime":1684070017000},{"poolId":288,"poolName":"ARB/USDT","assetRewards":"ARB","claimAmount":"0.00425878","status":1,"claimedTime":1684053898000},{"poolId":288,"poolName":"ARB/USDT","assetRewards":"BNB","claimAmount":"0.00000803","status":1,"claimedTime":1684053898000},{"poolId":288,"poolName":"ARB/USDT","assetRewards":"USDT","claimAmount":"0.00517164","status":1,"claimedTime":1684053898000},{"poolId":288,"poolName":"ARB/USDT","assetRewards":"ARB","claimAmount":"0.00180346","status":1,"claimedTime":1683966128000},{"poolId":288,"poolName":"ARB/USDT","assetRewards":"USDT","claimAmount":"0.00220445","status":1,"claimedTime":1683966128000},{"poolId":288,"poolName":"ARB/USDT","assetRewards":"BNB","claimAmount":"0.0000033","status":1,"claimedTime":1683966128000},{"poolId":288,"poolName":"ARB/USDT","assetRewards":"ARB","claimAmount":"0.00317295","status":1,"claimedTime":1683926079000},{"poolId":288,"poolName":"ARB/USDT","assetRewards":"BNB","claimAmount":"0.0000024","status":1,"claimedTime":1683926079000},{"poolId":288,"poolName":"ARB/USDT","assetRewards":"USDT","claimAmount":"0.00374819","status":1,"claimedTime":1683926079000},{"poolId":288,"poolName":"ARB/USDT","assetRewards":"BNB","claimAmount":"0.00000145","status":1,"claimedTime":1683896618000},{"poolId":288,"poolName":"ARB/USDT","assetRewards":"USDT","claimAmount":"0.00117182","status":1,"claimedTime":1683896618000},{"poolId":288,"poolName":"ARB/USDT","assetRewards":"ARB","claimAmount":"0.00109065","status":1,"claimedTime":1683896618000},{"poolId":288,"poolName":"ARB/USDT","assetRewards":"USDT","claimAmount":"0.00565199","status":1,"claimedTime":1683881667000},{"poolId":288,"poolName":"ARB/USDT","assetRewards":"ARB","claimAmount":"0.00564061","status":1,"claimedTime":1683881667000},{"poolId":288,"poolName":"ARB/USDT","assetRewards":"BNB","claimAmount":"0.00000457","status":1,"claimedTime":1683881667000},{"poolId":288,"poolName":"ARB/USDT","assetRewards":"USDT","claimAmount":"0.00573368","status":1,"claimedTime":1683822494000},{"poolId":288,"poolName":"ARB/USDT","assetRewards":"BNB","claimAmount":"0.00000568","status":1,"claimedTime":1683822494000},{"poolId":288,"poolName":"ARB/USDT","assetRewards":"ARB","claimAmount":"0.0060697","status":1,"claimedTime":1683822494000},{"poolId":288,"poolName":"ARB/USDT","assetRewards":"BNB","claimAmount":"0.0000077","status":1,"claimedTime":1683755422000},{"poolId":288,"poolName":"ARB/USDT","assetRewards":"USDT","claimAmount":"0.01179571","status":1,"claimedTime":1683755422000},{"poolId":288,"poolName":"ARB/USDT","assetRewards":"ARB","claimAmount":"0.00956211","status":1,"claimedTime":1683755422000},{"poolId":288,"poolName":"ARB/USDT","assetRewards":"ARB","claimAmount":"0.00607788","status":1,"claimedTime":1683662842000},{"poolId":288,"poolName":"ARB/USDT","assetRewards":"ARB","claimAmount":"0.00607788","status":1,"claimedTime":1683662842000},{"poolId":288,"poolName":"ARB/USDT","assetRewards":"BNB","claimAmount":"0.00000828","status":1,"claimedTime":1683662842000},{"poolId":288,"poolName":"ARB/USDT","assetRewards":"USDT","claimAmount":"0.00620183","status":1,"claimedTime":1683662842000},{"poolId":288,"poolName":"ARB/USDT","assetRewards":"BNB","claimAmount":"0.00000273","status":1,"claimedTime":1683581876000},{"poolId":288,"poolName":"ARB/USDT","assetRewards":"USDT","claimAmount":"0.00535018","status":1,"claimedTime":1683581876000},{"poolId":288,"poolName":"ARB/USDT","assetRewards":"ARB","claimAmount":"0.00587873","status":1,"claimedTime":1683581876000},{"poolId":288,"poolName":"ARB/USDT","assetRewards":"BNB","claimAmount":"0.00001244","status":1,"claimedTime":1683488635000},{"poolId":288,"poolName":"ARB/USDT","assetRewards":"USDT","claimAmount":"0.00657839","status":1,"claimedTime":1683488635000},{"poolId":288,"poolName":"ARB/USDT","assetRewards":"ARB","claimAmount":"0.00591999","status":1,"claimedTime":1683488635000},{"poolId":288,"poolName":"ARB/USDT","assetRewards":"BNB","claimAmount":"0.00000438","status":1,"claimedTime":1683365451000},{"poolId":288,"poolName":"ARB/USDT","assetRewards":"USDT","claimAmount":"0.00186439","status":1,"claimedTime":1683365451000},{"poolId":288,"poolName":"ARB/USDT","assetRewards":"ARB","claimAmount":"0.00174575","status":1,"claimedTime":1683365451000},{"poolId":288,"poolName":"ARB/USDT","assetRewards":"BNB","claimAmount":"0.0000044","status":1,"claimedTime":1683321390000},{"poolId":288,"poolName":"ARB/USDT","assetRewards":"ARB","claimAmount":"0.00248838","status":1,"claimedTime":1683321390000},{"poolId":288,"poolName":"ARB/USDT","assetRewards":"USDT","claimAmount":"0.00328558","status":1,"claimedTime":1683321390000},{"poolId":288,"poolName":"ARB/USDT","assetRewards":"BNB","claimAmount":"0.00000954","status":1,"claimedTime":1683277438000},{"poolId":288,"poolName":"ARB/USDT","assetRewards":"ARB","claimAmount":"0.00350753","status":1,"claimedTime":1683277438000},{"poolId":288,"poolName":"ARB/USDT","assetRewards":"USDT","claimAmount":"0.00483753","status":1,"claimedTime":1683277438000},{"poolId":288,"poolName":"ARB/USDT","assetRewards":"USDT","claimAmount":"0.00108783","status":1,"claimedTime":1683188168000},{"poolId":288,"poolName":"ARB/USDT","assetRewards":"BNB","claimAmount":"0.00000385","status":1,"claimedTime":1683188168000},{"poolId":288,"poolName":"ARB/USDT","assetRewards":"ARB","claimAmount":"0.00083089","status":1,"claimedTime":1683188168000},{"poolId":288,"poolName":"ARB/USDT","assetRewards":"ARB","claimAmount":"0.00144111","status":1,"claimedTime":1683152076000},{"poolId":288,"poolName":"ARB/USDT","assetRewards":"BNB","claimAmount":"0.00000228","status":1,"claimedTime":1683152076000},{"poolId":288,"poolName":"ARB/USDT","assetRewards":"USDT","claimAmount":"0.00216657","status":1,"claimedTime":1683152076000},{"poolId":288,"poolName":"ARB/USDT","assetRewards":"BNB","claimAmount":"0.00000722","status":1,"claimedTime":1683131421000},{"poolId":288,"poolName":"ARB/USDT","assetRewards":"ARB","claimAmount":"0.00199298","status":1,"claimedTime":1683131421000},{"poolId":288,"poolName":"ARB/USDT","assetRewards":"USDT","claimAmount":"0.00218696","status":1,"claimedTime":1683131421000},{"poolId":288,"poolName":"ARB/USDT","assetRewards":"BNB","claimAmount":"0.00001404","status":1,"claimedTime":1683063079000},{"poolId":288,"poolName":"ARB/USDT","assetRewards":"ARB","claimAmount":"0.0053952","status":1,"claimedTime":1683063079000},{"poolId":288,"poolName":"ARB/USDT","assetRewards":"USDT","claimAmount":"0.00833849","status":1,"claimedTime":1683063079000},{"poolId":288,"poolName":"ARB/USDT","assetRewards":"ARB","claimAmount":"0.00387616","status":1,"claimedTime":1682926198000},{"poolId":288,"poolName":"ARB/USDT","assetRewards":"BNB","claimAmount":"0.00000821","status":1,"claimedTime":1682926198000},{"poolId":288,"poolName":"ARB/USDT","assetRewards":"USDT","claimAmount":"0.00509971","status":1,"claimedTime":1682926198000},{"poolId":288,"poolName":"ARB/USDT","assetRewards":"USDT","claimAmount":"0.0024615","status":1,"claimedTime":1682844681000},{"poolId":288,"poolName":"ARB/USDT","assetRewards":"BNB","claimAmount":"0.000009","status":1,"claimedTime":1682844681000},{"poolId":288,"poolName":"ARB/USDT","assetRewards":"ARB","claimAmount":"0.00202427","status":1,"claimedTime":1682844681000},{"poolId":288,"poolName":"ARB/USDT","assetRewards":"USDT","claimAmount":"0.00544255","status":1,"claimedTime":1682754226000},{"poolId":288,"poolName":"ARB/USDT","assetRewards":"ARB","claimAmount":"0.00424616","status":1,"claimedTime":1682754226000},{"poolId":288,"poolName":"ARB/USDT","assetRewards":"BNB","claimAmount":"0.00000911","status":1,"claimedTime":1682754226000},{"poolId":288,"poolName":"ARB/USDT","assetRewards":"BNB","claimAmount":"0.00000337","status":1,"claimedTime":1682664233000},{"poolId":288,"poolName":"ARB/USDT","assetRewards":"ARB","claimAmount":"0.0013359","status":1,"claimedTime":1682664233000},{"poolId":288,"poolName":"ARB/USDT","assetRewards":"USDT","claimAmount":"0.00177247","status":1,"claimedTime":1682664233000},{"poolId":288,"poolName":"ARB/USDT","assetRewards":"ARB","claimAmount":"0.00401521","status":1,"claimedTime":1682372060000},{"poolId":288,"poolName":"ARB/USDT","assetRewards":"USDT","claimAmount":"0.00545497","status":1,"claimedTime":1682372060000},{"poolId":288,"poolName":"ARB/USDT","assetRewards":"BNB","claimAmount":"0.00000431","status":1,"claimedTime":1682372060000},{"poolId":288,"poolName":"ARB/USDT","assetRewards":"USDT","claimAmount":"0.00991222","status":1,"claimedTime":1682330463000},{"poolId":288,"poolName":"ARB/USDT","assetRewards":"BNB","claimAmount":"0.00000585","status":1,"claimedTime":1682330463000},{"poolId":288,"poolName":"ARB/USDT","assetRewards":"ARB","claimAmount":"0.0078909","status":1,"claimedTime":1682330463000},{"poolId":288,"poolName":"ARB/USDT","assetRewards":"BNB","claimAmount":"0.00001061","status":1,"claimedTime":1682255554000},{"poolId":288,"poolName":"ARB/USDT","assetRewards":"ARB","claimAmount":"0.00883875","status":1,"claimedTime":1682255554000},{"poolId":288,"poolName":"ARB/USDT","assetRewards":"USDT","claimAmount":"0.01135617","status":1,"claimedTime":1682255554000},{"poolId":288,"poolName":"ARB/USDT","assetRewards":"USDT","claimAmount":"0.01515598","status":1,"claimedTime":1682115557000},{"poolId":288,"poolName":"ARB/USDT","assetRewards":"ARB","claimAmount":"0.01088221","status":1,"claimedTime":1682115557000},{"poolId":288,"poolName":"ARB/USDT","assetRewards":"BNB","claimAmount":"0.00000727","status":1,"claimedTime":1682115557000},{"poolId":288,"poolName":"ARB/USDT","assetRewards":"ARB","claimAmount":"0.01340192","status":1,"claimedTime":1682025935000},{"poolId":288,"poolName":"ARB/USDT","assetRewards":"BNB","claimAmount":"0.00000721","status":1,"claimedTime":1682025935000},{"poolId":288,"poolName":"ARB/USDT","assetRewards":"USDT","claimAmount":"0.01754731","status":1,"claimedTime":1682025935000},{"poolId":288,"poolName":"ARB/USDT","assetRewards":"BNB","claimAmount":"0.00000031","status":1,"claimedTime":1681939984000},{"poolId":288,"poolName":"ARB/USDT","assetRewards":"USDT","claimAmount":"0.00041496","status":1,"claimedTime":1681939984000},{"poolId":288,"poolName":"ARB/USDT","assetRewards":"ARB","claimAmount":"0.00031744","status":1,"claimedTime":1681939984000},{"poolId":288,"poolName":"ARB/USDT","assetRewards":"USDT","claimAmount":"0.01457932","status":1,"claimedTime":1681936862000},{"poolId":288,"poolName":"ARB/USDT","assetRewards":"BNB","claimAmount":"0.0000074","status":1,"claimedTime":1681936862000},{"poolId":288,"poolName":"ARB/USDT","assetRewards":"ARB","claimAmount":"0.01044913","status":1,"claimedTime":1681936862000},{"poolId":288,"poolName":"ARB/USDT","assetRewards":"ARB","claimAmount":"0.0101888","status":1,"claimedTime":1681850008000},{"poolId":288,"poolName":"ARB/USDT","assetRewards":"BNB","claimAmount":"0.00000783","status":1,"claimedTime":1681850008000},{"poolId":288,"poolName":"ARB/USDT","assetRewards":"USDT","claimAmount":"0.01970699","status":1,"claimedTime":1681850008000},{"poolId":288,"poolName":"ARB/USDT","assetRewards":"BNB","claimAmount":"0.00000362","status":1,"claimedTime":1681771185000},{"poolId":288,"poolName":"ARB/USDT","assetRewards":"ARB","claimAmount":"0.00303852","status":1,"claimedTime":1681771185000},{"poolId":288,"poolName":"ARB/USDT","assetRewards":"USDT","claimAmount":"0.00421083","status":1,"claimedTime":1681771185000},{"poolId":288,"poolName":"ARB/USDT","assetRewards":"USDT","claimAmount":"0.00684866","status":1,"claimedTime":1681733497000},{"poolId":288,"poolName":"ARB/USDT","assetRewards":"BNB","claimAmount":"0.00000545","status":1,"claimedTime":1681733497000},{"poolId":288,"poolName":"ARB/USDT","assetRewards":"ARB","claimAmount":"0.00571346","status":1,"claimedTime":1681733497000},{"poolId":288,"poolName":"ARB/USDT","assetRewards":"BNB","claimAmount":"0.00000416","status":1,"claimedTime":1681690912000},{"poolId":288,"poolName":"ARB/USDT","assetRewards":"ARB","claimAmount":"0.00414936","status":1,"claimedTime":1681690912000},{"poolId":288,"poolName":"ARB/USDT","assetRewards":"USDT","claimAmount":"0.00677088","status":1,"claimedTime":1681690912000},{"poolId":288,"poolName":"ARB/USDT","assetRewards":"ARB","claimAmount":"0.00049799","status":1,"claimedTime":1681556252000},{"poolId":288,"poolName":"ARB/USDT","assetRewards":"USDT","claimAmount":"0.00088763","status":1,"claimedTime":1681556252000},{"poolId":288,"poolName":"ARB/USDT","assetRewards":"USDT","claimAmount":"0.00182261","status":1,"claimedTime":1681473817000},{"poolId":288,"poolName":"ARB/USDT","assetRewards":"ARB","claimAmount":"0.00097759","status":1,"claimedTime":1681473817000},{"poolId":288,"poolName":"ARB/USDT","assetRewards":"BNB","claimAmount":"0.00000096","status":1,"claimedTime":1681473817000},{"poolId":288,"poolName":"ARB/USDT","assetRewards":"ARB","claimAmount":"0.01307691","status":1,"claimedTime":1681470004000},{"poolId":288,"poolName":"ARB/USDT","assetRewards":"USDT","claimAmount":"0.01964149","status":1,"claimedTime":1681470004000},{"poolId":288,"poolName":"ARB/USDT","assetRewards":"BNB","claimAmount":"0.00000565","status":1,"claimedTime":1681470004000},{"poolId":288,"poolName":"ARB/USDT","assetRewards":"USDT","claimAmount":"0.00687149","status":1,"claimedTime":1681426895000},{"poolId":288,"poolName":"ARB/USDT","assetRewards":"BNB","claimAmount":"0.00000445","status":1,"claimedTime":1681426895000},{"poolId":288,"poolName":"ARB/USDT","assetRewards":"ARB","claimAmount":"0.00504089","status":1,"claimedTime":1681426895000},{"poolId":288,"poolName":"ARB/USDT","assetRewards":"ARB","claimAmount":"0.00562681","status":1,"claimedTime":1681381222000},{"poolId":288,"poolName":"ARB/USDT","assetRewards":"USDT","claimAmount":"0.00717108","status":1,"claimedTime":1681381222000},{"poolId":288,"poolName":"ARB/USDT","assetRewards":"BNB","claimAmount":"0.00000702","status":1,"claimedTime":1681381222000},{"poolId":288,"poolName":"ARB/USDT","assetRewards":"ARB","claimAmount":"0.00118309","status":1,"claimedTime":1681315099000},{"poolId":288,"poolName":"ARB/USDT","assetRewards":"BNB","claimAmount":"0.00000147","status":1,"claimedTime":1681315099000},{"poolId":288,"poolName":"ARB/USDT","assetRewards":"USDT","claimAmount":"0.00150044","status":1,"claimedTime":1681315099000},{"poolId":288,"poolName":"ARB/USDT","assetRewards":"BNB","claimAmount":"0.00000462","status":1,"claimedTime":1681297621000},{"poolId":288,"poolName":"ARB/USDT","assetRewards":"ARB","claimAmount":"0.00249677","status":1,"claimedTime":1681297621000},{"poolId":288,"poolName":"ARB/USDT","assetRewards":"USDT","claimAmount":"0.00358063","status":1,"claimedTime":1681297621000},{"poolId":288,"poolName":"ARB/USDT","assetRewards":"BNB","claimAmount":"0.00001105","status":1,"claimedTime":1681253090000},{"poolId":288,"poolName":"ARB/USDT","assetRewards":"USDT","claimAmount":"0.00698707","status":1,"claimedTime":1681253090000},{"poolId":288,"poolName":"ARB/USDT","assetRewards":"ARB","claimAmount":"0.00658807","status":1,"claimedTime":1681253090000},{"poolId":288,"poolName":"ARB/USDT","assetRewards":"ARB","claimAmount":"0.00390131","status":1,"claimedTime":1681141566000},{"poolId":288,"poolName":"ARB/USDT","assetRewards":"BNB","claimAmount":"0.00001125","status":1,"claimedTime":1681141566000},{"poolId":288,"poolName":"ARB/USDT","assetRewards":"ARB","claimAmount":"0.00390131","status":1,"claimedTime":1681141566000},{"poolId":288,"poolName":"ARB/USDT","assetRewards":"BNB","claimAmount":"0.00001125","status":1,"claimedTime":1681141566000},{"poolId":288,"poolName":"ARB/USDT","assetRewards":"USDT","claimAmount":"0.00385844","status":1,"claimedTime":1681141566000},{"poolId":288,"poolName":"ARB/USDT","assetRewards":"USDT","claimAmount":"0.00127129","status":1,"claimedTime":1681032361000},{"poolId":288,"poolName":"ARB/USDT","assetRewards":"BNB","claimAmount":"0.00000396","status":1,"claimedTime":1681032361000},{"poolId":288,"poolName":"ARB/USDT","assetRewards":"ARB","claimAmount":"0.00119593","status":1,"claimedTime":1681032361000},{"poolId":288,"poolName":"ARB/USDT","assetRewards":"ARB","claimAmount":"0.00176115","status":1,"claimedTime":1680992772000},{"poolId":288,"poolName":"ARB/USDT","assetRewards":"BNB","claimAmount":"0.00000419","status":1,"claimedTime":1680992772000},{"poolId":288,"poolName":"ARB/USDT","assetRewards":"USDT","claimAmount":"0.00143163","status":1,"claimedTime":1680992772000},{"poolId":288,"poolName":"ARB/USDT","assetRewards":"ARB","claimAmount":"0.00429253","status":1,"claimedTime":1680953654000},{"poolId":288,"poolName":"ARB/USDT","assetRewards":"USDT","claimAmount":"0.00548366","status":1,"claimedTime":1680953654000},{"poolId":288,"poolName":"ARB/USDT","assetRewards":"BNB","claimAmount":"0.00001077","status":1,"claimedTime":1680953654000},{"poolId":288,"poolName":"ARB/USDT","assetRewards":"ARB","claimAmount":"0.00212806","status":1,"claimedTime":1680851854000},{"poolId":288,"poolName":"ARB/USDT","assetRewards":"BNB","claimAmount":"0.00000418","status":1,"claimedTime":1680851854000},{"poolId":288,"poolName":"ARB/USDT","assetRewards":"USDT","claimAmount":"0.00254932","status":1,"claimedTime":1680851854000},{"poolId":288,"poolName":"ARB/USDT","assetRewards":"ARB","claimAmount":"0.00075048","status":1,"claimedTime":1680814838000},{"poolId":288,"poolName":"ARB/USDT","assetRewards":"BNB","claimAmount":"0.00000152","status":1,"claimedTime":1680814838000},{"poolId":288,"poolName":"ARB/USDT","assetRewards":"USDT","claimAmount":"0.00065613","status":1,"claimedTime":1680814838000},{"poolId":288,"poolName":"ARB/USDT","assetRewards":"USDT","claimAmount":"0.00025854","status":1,"claimedTime":1680799217000},{"poolId":288,"poolName":"ARB/USDT","assetRewards":"BNB","claimAmount":"0.00000038","status":1,"claimedTime":1680799217000},{"poolId":288,"poolName":"ARB/USDT","assetRewards":"ARB","claimAmount":"0.000183","status":1,"claimedTime":1680799217000},{"poolId":288,"poolName":"ARB/USDT","assetRewards":"USDT","claimAmount":"0.00048915","status":1,"claimedTime":1680794103000},{"poolId":288,"poolName":"ARB/USDT","assetRewards":"ARB","claimAmount":"0.0004585","status":1,"claimedTime":1680794103000},{"poolId":288,"poolName":"ARB/USDT","assetRewards":"BNB","claimAmount":"0.0000006","status":1,"claimedTime":1680794103000},{"poolId":288,"poolName":"ARB/USDT","assetRewards":"ARB","claimAmount":"0.00035221","status":1,"claimedTime":1680782978000},{"poolId":288,"poolName":"ARB/USDT","assetRewards":"USDT","claimAmount":"0.00039031","status":1,"claimedTime":1680782978000},{"poolId":288,"poolName":"ARB/USDT","assetRewards":"BNB","claimAmount":"0.0000004","status":1,"claimedTime":1680782978000},{"poolId":288,"poolName":"ARB/USDT","assetRewards":"BNB","claimAmount":"0.00000542","status":1,"claimedTime":1680776732000},{"poolId":288,"poolName":"ARB/USDT","assetRewards":"ARB","claimAmount":"0.00447505","status":1,"claimedTime":1680776732000},{"poolId":288,"poolName":"ARB/USDT","assetRewards":"USDT","claimAmount":"0.00440612","status":1,"claimedTime":1680776732000},{"poolId":288,"poolName":"ARB/USDT","assetRewards":"BNB","claimAmount":"0.00000291","status":1,"claimedTime":1680686522000},{"poolId":288,"poolName":"ARB/USDT","assetRewards":"ARB","claimAmount":"0.00226149","status":1,"claimedTime":1680686522000},{"poolId":288,"poolName":"ARB/USDT","assetRewards":"USDT","claimAmount":"0.00249913","status":1,"claimedTime":1680686522000},{"poolId":288,"poolName":"ARB/USDT","assetRewards":"ARB","claimAmount":"0.00238025","status":1,"claimedTime":1680641878000},{"poolId":288,"poolName":"ARB/USDT","assetRewards":"BNB","claimAmount":"0.00000224","status":1,"claimedTime":1680641878000},{"poolId":288,"poolName":"ARB/USDT","assetRewards":"USDT","claimAmount":"0.00359806","status":1,"claimedTime":1680641878000},{"poolId":288,"poolName":"ARB/USDT","assetRewards":"ARB","claimAmount":"0.00391648","status":1,"claimedTime":1680602777000},{"poolId":288,"poolName":"ARB/USDT","assetRewards":"BNB","claimAmount":"0.00000329","status":1,"claimedTime":1680602777000},{"poolId":288,"poolName":"ARB/USDT","assetRewards":"USDT","claimAmount":"0.00375875","status":1,"claimedTime":1680602777000},{"poolId":288,"poolName":"ARB/USDT","assetRewards":"USDT","claimAmount":"0.0006069","status":1,"claimedTime":1680551457000},{"poolId":288,"poolName":"ARB/USDT","assetRewards":"BNB","claimAmount":"0.00000021","status":1,"claimedTime":1680551457000},{"poolId":288,"poolName":"ARB/USDT","assetRewards":"ARB","claimAmount":"0.00050286","status":1,"claimedTime":1680551457000}]
