[{"poolId":292,"poolName":"ID/USDT","assetRewards":"BNB","claimAmount":"0.00001048","status":1,"claimedTime":1685904929000},{"poolId":292,"poolName":"ID/USDT","assetRewards":"ID","claimAmount":"0.00689383","status":1,"claimedTime":1685904929000},{"poolId":292,"poolName":"ID/USDT","assetRewards":"USDT","claimAmount":"0.00328144","status":1,"claimedTime":1685904929000},{"poolId":292,"poolName":"ID/USDT","assetRewards":"BNB","claimAmount":"0.00001174","status":1,"claimedTime":1685735343000},{"poolId":292,"poolName":"ID/USDT","assetRewards":"USDT","claimAmount":"0.00548921","status":1,"claimedTime":1685735343000},{"poolId":292,"poolName":"ID/USDT","assetRewards":"ID","claimAmount":"0.01161446","status":1,"claimedTime":1685735343000},{"poolId":292,"poolName":"ID/USDT","assetRewards":"USDT","claimAmount":"0.00369104","status":1,"claimedTime":1685556359000},{"poolId":292,"poolName":"ID/USDT","assetRewards":"BNB","claimAmount":"0.00000516","status":1,"claimedTime":1685556359000},{"poolId":292,"poolName":"ID/USDT","assetRewards":"ID","claimAmount":"0.00856035","status":1,"claimedTime":1685556359000},{"poolId":292,"poolName":"ID/USDT","assetRewards":"USDT","claimAmount":"0.00173354","status":1,"claimedTime":1685483670000},{"poolId":292,"poolName":"ID/USDT","assetRewards":"BNB","claimAmount":"0.00000243","status":1,"claimedTime":1685483670000},{"poolId":292,"poolName":"ID/USDT","assetRewards":"ID","claimAmount":"0.00423188","status":1,"claimedTime":1685483670000},{"poolId":292,"poolName":"ID/USDT","assetRewards":"BNB","claimAmount":"0.00000647","status":1,"claimedTime":1685451525000},{"poolId":292,"poolName":"ID/USDT","assetRewards":"ID","claimAmount":"0.0166793","status":1,"claimedTime":1685451525000},{"poolId":292,"poolName":"ID/USDT","assetRewards":"USDT","claimAmount":"0.00831561","status":1,"claimedTime":1685451525000},{"poolId":292,"poolName":"ID/USDT","assetRewards":"BNB","claimAmount":"0.00000742","status":1,"claimedTime":1685365008000},{"poolId":292,"poolName":"ID/USDT","assetRewards":"ID","claimAmount":"0.01829259","status":1,"claimedTime":1685365008000},{"poolId":292,"poolName":"ID/USDT","assetRewards":"USDT","claimAmount":"0.00971976","status":1,"claimedTime":1685365008000},{"poolId":292,"poolName":"ID/USDT","assetRewards":"USDT","claimAmount":"0.00299833","status":1,"claimedTime":1685260935000},{"poolId":292,"poolName":"ID/USDT","assetRewards":"BNB","claimAmount":"0.00000576","status":1,"claimedTime":1685260935000},{"poolId":292,"poolName":"ID/USDT","assetRewards":"ID","claimAmount":"0.00539439","status":1,"claimedTime":1685260935000},{"poolId":292,"poolName":"ID/USDT","assetRewards":"USDT","claimAmount":"0.00321423","status":1,"claimedTime":1685176600000},{"poolId":292,"poolName":"ID/USDT","assetRewards":"ID","claimAmount":"0.00678407","status":1,"claimedTime":1685176600000},{"poolId":292,"poolName":"ID/USDT","assetRewards":"BNB","claimAmount":"0.00000576","status":1,"claimedTime":1685176600000},{"poolId":292,"poolName":"ID/USDT","assetRewards":"ID","claimAmount":"0.00756541","status":1,"claimedTime":1685091462000},{"poolId":292,"poolName":"ID/USDT","assetRewards":"BNB","claimAmount":"0.00000672","status":1,"claimedTime":1685091462000},{"poolId":292,"poolName":"ID/USDT","assetRewards":"USDT","claimAmount":"0.00365167","status":1,"claimedTime":1685091462000},{"poolId":292,"poolName":"ID/USDT","assetRewards":"USDT","claimAmount":"0.00097629","status":1,"claimedTime":1684989641000},{"poolId":292,"poolName":"ID/USDT","assetRewards":"BNB","claimAmount":"0.00000156","status":1,"claimedTime":1684989641000},{"poolId":292,"poolName":"ID/USDT","assetRewards":"ID","claimAmount":"0.0022527","status":1,"claimedTime":1684989641000},{"poolId":292,"poolName":"ID/USDT","assetRewards":"BNB","claimAmount":"0.00000188","status":1,"claimedTime":1684963285000},{"poolId":292,"poolName":"ID/USDT","assetRewards":"ID","claimAmount":"0.00394558","status":1,"claimedTime":1684963285000},{"poolId":292,"poolName":"ID/USDT","assetRewards":"USDT","claimAmount":"0.00193128","status":1,"claimedTime":1684963285000},{"poolId":292,"poolName":"ID/USDT","assetRewards":"USDT","claimAmount":"0.00383512","status":1,"claimedTime":1684931951000},{"poolId":292,"poolName":"ID/USDT","assetRewards":"ID","claimAmount":"0.0082922","status":1,"claimedTime":1684931951000},{"poolId":292,"poolName":"ID/USDT","assetRewards":"BNB","claimAmount":"0.00000571","status":1,"claimedTime":1684931951000},{"poolId":292,"poolName":"ID/USDT","assetRewards":"BNB","claimAmount":"0.00000437","status":1,"claimedTime":1684828045000},{"poolId":292,"poolName":"ID/USDT","assetRewards":"ID","claimAmount":"0.00546249","status":1,"claimedTime":1684828045000},{"poolId":292,"poolName":"ID/USDT","assetRewards":"USDT","claimAmount":"0.00260973","status":1,"claimedTime":1684828045000},{"poolId":292,"poolName":"ID/USDT","assetRewards":"ID","claimAmount":"0.00764438","status":1,"claimedTime":1684745220000},{"poolId":292,"poolName":"ID/USDT","assetRewards":"USDT","claimAmount":"0.00325266","status":1,"claimedTime":1684745220000},{"poolId":292,"poolName":"ID/USDT","assetRewards":"BNB","claimAmount":"0.00000456","status":1,"claimedTime":1684745220000},{"poolId":292,"poolName":"ID/USDT","assetRewards":"BNB","claimAmount":"0.00000209","status":1,"claimedTime":1684658716000},{"poolId":292,"poolName":"ID/USDT","assetRewards":"USDT","claimAmount":"0.00153131","status":1,"claimedTime":1684658716000},{"poolId":292,"poolName":"ID/USDT","assetRewards":"ID","claimAmount":"0.00333085","status":1,"claimedTime":1684658716000},{"poolId":292,"poolName":"ID/USDT","assetRewards":"USDT","claimAmount":"0.00113667","status":1,"claimedTime":1684617421000},{"poolId":292,"poolName":"ID/USDT","assetRewards":"BNB","claimAmount":"0.00000247","status":1,"claimedTime":1684617421000},{"poolId":292,"poolName":"ID/USDT","assetRewards":"ID","claimAmount":"0.00215993","status":1,"claimedTime":1684617421000},{"poolId":292,"poolName":"ID/USDT","assetRewards":"ID","claimAmount":"0.00641535","status":1,"claimedTime":1684570840000},{"poolId":292,"poolName":"ID/USDT","assetRewards":"USDT","claimAmount":"0.00303916","status":1,"claimedTime":1684570840000},{"poolId":292,"poolName":"ID/USDT","assetRewards":"BNB","claimAmount":"0.00000339","status":1,"claimedTime":1684570840000},{"poolId":292,"poolName":"ID/USDT","assetRewards":"USDT","claimAmount":"0.00544959","status":1,"claimedTime":1684507388000},{"poolId":292,"poolName":"ID/USDT","assetRewards":"BNB","claimAmount":"0.00000485","status":1,"claimedTime":1684507388000},{"poolId":292,"poolName":"ID/USDT","assetRewards":"ID","claimAmount":"0.01174572","status":1,"claimedTime":1684507388000},{"poolId":292,"poolName":"ID/USDT","assetRewards":"ID","claimAmount":"0.01192599","status":1,"claimedTime":1684407951000},{"poolId":292,"poolName":"ID/USDT","assetRewards":"BNB","claimAmount":"0.0000045","status":1,"claimedTime":1684407951000},{"poolId":292,"poolName":"ID/USDT","assetRewards":"USDT","claimAmount":"0.00585123","status":1,"claimedTime":1684407951000},{"poolId":292,"poolName":"ID/USDT","assetRewards":"BNB","claimAmount":"0.0000032","status":1,"claimedTime":1684318513000},{"poolId":292,"poolName":"ID/USDT","assetRewards":"USDT","claimAmount":"0.00263472","status":1,"claimedTime":1684318513000},{"poolId":292,"poolName":"ID/USDT","assetRewards":"ID","claimAmount":"0.00589246","status":1,"claimedTime":1684318513000},{"poolId":292,"poolName":"ID/USDT","assetRewards":"USDT","claimAmount":"0.00342851","status":1,"claimedTime":1684253184000},{"poolId":292,"poolName":"ID/USDT","assetRewards":"ID","claimAmount":"0.00783441","status":1,"claimedTime":1684253184000},{"poolId":292,"poolName":"ID/USDT","assetRewards":"BNB","claimAmount":"0.00000386","status":1,"claimedTime":1684253184000},{"poolId":292,"poolName":"ID/USDT","assetRewards":"ID","claimAmount":"0.00223556","status":1,"claimedTime":1684180513000},{"poolId":292,"poolName":"ID/USDT","assetRewards":"BNB","claimAmount":"0.00000114","status":1,"claimedTime":1684180513000},{"poolId":292,"poolName":"ID/USDT","assetRewards":"USDT","claimAmount":"0.00115376","status":1,"claimedTime":1684180513000},{"poolId":292,"poolName":"ID/USDT","assetRewards":"BNB","claimAmount":"0.00000455","status":1,"claimedTime":1684157653000},{"poolId":292,"poolName":"ID/USDT","assetRewards":"USDT","claimAmount":"0.00810638","status":1,"claimedTime":1684157653000},{"poolId":292,"poolName":"ID/USDT","assetRewards":"ID","claimAmount":"0.01510135","status":1,"claimedTime":1684157653000},{"poolId":292,"poolName":"ID/USDT","assetRewards":"USDT","claimAmount":"0.00127884","status":1,"claimedTime":1684070017000},{"poolId":292,"poolName":"ID/USDT","assetRewards":"BNB","claimAmount":"0.000001","status":1,"claimedTime":1684070017000},{"poolId":292,"poolName":"ID/USDT","assetRewards":"ID","claimAmount":"0.0025511","status":1,"claimedTime":1684070017000},{"poolId":292,"poolName":"ID/USDT","assetRewards":"BNB","claimAmount":"0.00000492","status":1,"claimedTime":1684053898000},{"poolId":292,"poolName":"ID/USDT","assetRewards":"USDT","claimAmount":"0.00578531","status":1,"claimedTime":1684053898000},{"poolId":292,"poolName":"ID/USDT","assetRewards":"ID","claimAmount":"0.0126661","status":1,"claimedTime":1684053898000},{"poolId":292,"poolName":"ID/USDT","assetRewards":"BNB","claimAmount":"0.00000231","status":1,"claimedTime":1683966128000},{"poolId":292,"poolName":"ID/USDT","assetRewards":"ID","claimAmount":"0.00595356","status":1,"claimedTime":1683966128000},{"poolId":292,"poolName":"ID/USDT","assetRewards":"USDT","claimAmount":"0.00303016","status":1,"claimedTime":1683966128000},{"poolId":292,"poolName":"ID/USDT","assetRewards":"USDT","claimAmount":"0.00289848","status":1,"claimedTime":1683926079000},{"poolId":292,"poolName":"ID/USDT","assetRewards":"ID","claimAmount":"0.00614288","status":1,"claimedTime":1683926079000},{"poolId":292,"poolName":"ID/USDT","assetRewards":"BNB","claimAmount":"0.00000168","status":1,"claimedTime":1683926079000},{"poolId":292,"poolName":"ID/USDT","assetRewards":"ID","claimAmount":"0.00259238","status":1,"claimedTime":1683896618000},{"poolId":292,"poolName":"ID/USDT","assetRewards":"USDT","claimAmount":"0.00128014","status":1,"claimedTime":1683896618000},{"poolId":292,"poolName":"ID/USDT","assetRewards":"BNB","claimAmount":"0.00000105","status":1,"claimedTime":1683896618000},{"poolId":292,"poolName":"ID/USDT","assetRewards":"BNB","claimAmount":"0.00000336","status":1,"claimedTime":1683881667000},{"poolId":292,"poolName":"ID/USDT","assetRewards":"USDT","claimAmount":"0.00516759","status":1,"claimedTime":1683881667000},{"poolId":292,"poolName":"ID/USDT","assetRewards":"ID","claimAmount":"0.01153999","status":1,"claimedTime":1683881667000},{"poolId":292,"poolName":"ID/USDT","assetRewards":"ID","claimAmount":"0.01211558","status":1,"claimedTime":1683822494000},{"poolId":292,"poolName":"ID/USDT","assetRewards":"BNB","claimAmount":"0.00000384","status":1,"claimedTime":1683822494000},{"poolId":292,"poolName":"ID/USDT","assetRewards":"USDT","claimAmount":"0.0049187","status":1,"claimedTime":1683822494000},{"poolId":292,"poolName":"ID/USDT","assetRewards":"BNB","claimAmount":"0.00000502","status":1,"claimedTime":1683755422000},{"poolId":292,"poolName":"ID/USDT","assetRewards":"USDT","claimAmount":"0.00950121","status":1,"claimedTime":1683755422000},{"poolId":292,"poolName":"ID/USDT","assetRewards":"ID","claimAmount":"0.01900129","status":1,"claimedTime":1683755422000},{"poolId":292,"poolName":"ID/USDT","assetRewards":"ID","claimAmount":"0.00993488","status":1,"claimedTime":1683662842000},{"poolId":292,"poolName":"ID/USDT","assetRewards":"BNB","claimAmount":"0.00000464","status":1,"claimedTime":1683662842000},{"poolId":292,"poolName":"ID/USDT","assetRewards":"USDT","claimAmount":"0.00474865","status":1,"claimedTime":1683662842000},{"poolId":292,"poolName":"ID/USDT","assetRewards":"BNB","claimAmount":"0.0000022","status":1,"claimedTime":1683581876000},{"poolId":292,"poolName":"ID/USDT","assetRewards":"ID","claimAmount":"0.00975955","status":1,"claimedTime":1683581876000},{"poolId":292,"poolName":"ID/USDT","assetRewards":"USDT","claimAmount":"0.00389643","status":1,"claimedTime":1683581876000},{"poolId":292,"poolName":"ID/USDT","assetRewards":"BNB","claimAmount":"0.000003","status":1,"claimedTime":1683541678000},{"poolId":292,"poolName":"ID/USDT","assetRewards":"BNB","claimAmount":"0.00001048","status":1,"claimedTime":1685904929000},{"poolId":292,"poolName":"ID/USDT","assetRewards":"ID","claimAmount":"0.00689383","status":1,"claimedTime":1685904929000},{"poolId":292,"poolName":"ID/USDT","assetRewards":"USDT","claimAmount":"0.00328144","status":1,"claimedTime":1685904929000}]
