[{"operationId":7272270,"poolId":292,"poolName":"ID/USDT","operation":"ADD","status":1,"updateTime":1683371720000,"shareAmount":"34.62290767","liquidityAmount":[{"asset":"ID","amount":"47.32621799"},{"asset":"USDT","amount":"25.32941161"}]},{"operationId":4980423,"poolId":292,"poolName":"ID/USDT","operation":"REMOVE","status":1,"updateTime":1683133044000,"shareAmount":"35.53091397","liquidityAmount":[{"asset":"ID","amount":"47.0076169"},{"asset":"USDT","amount":"26.85618665"}]},{"operationId":7211652,"poolId":292,"poolName":"ID/USDT","operation":"ADD","status":1,"updateTime":1681590653000,"shareAmount":"35.53091397","liquidityAmount":[{"asset":"ID","amount":"40.05397054"},{"asset":"USDT","amount":"31.51859165"}]},{"operationId":4926189,"poolId":292,"poolName":"ID/USDT","operation":"REMOVE","status":1,"updateTime":1681427277000,"shareAmount":"30.14422022","liquidityAmount":[{"asset":"ID","amount":"39.89893716"},{"asset":"USDT","amount":"22.77436707"}]},{"operationId":7178863,"poolId":292,"poolName":"ID/USDT","operation":"ADD","status":1,"updateTime":1680776942000,"shareAmount":"30.14422022","liquidityAmount":[{"asset":"ID","amount":"45"},{"asset":"USDT","amount":"20.1927185"}]}]
