[{"operationId":7296594,"poolId":293,"poolName":"RDNT/USDT","operation":"ADD","status":1,"updateTime":1684181103000,"shareAmount":"37.63532211","liquidityAmount":[{"asset":"RDNT","amount":"67.08554947"},{"asset":"USDT","amount":"21.11363619"}]},{"operationId":5008049,"poolId":293,"poolName":"RDNT/USDT","operation":"REMOVE","status":1,"updateTime":1684180770000,"shareAmount":"37.56161424","liquidityAmount":[{"asset":"RDNT","amount":"67.06410018"},{"asset":"USDT","amount":"21.03774248"}]},{"operationId":7286116,"poolId":293,"poolName":"RDNT/USDT","operation":"ADD","status":1,"updateTime":1683838585000,"shareAmount":"37.56161424","liquidityAmount":[{"asset":"RDNT","amount":"69"},{"asset":"USDT","amount":"20.44749421"}]}]
