[{"poolId":293,"poolName":"RDNT/USDT","assetRewards":"USDT","claimAmount":"0.00024356","status":1,"claimedTime":1686000848000},{"poolId":293,"poolName":"RDNT/USDT","assetRewards":"RDNT","claimAmount":"0.00084931","status":1,"claimedTime":1686000848000},{"poolId":293,"poolName":"RDNT/USDT","assetRewards":"BNB","claimAmount":"0.00000028","status":1,"claimedTime":1686000848000},{"poolId":293,"poolName":"RDNT/USDT","assetRewards":"RDNT","claimAmount":"0.0093301","status":1,"claimedTime":1686000848000},{"poolId":293,"poolName":"RDNT/USDT","assetRewards":"RDNT","claimAmount":"0.00787542","status":1,"claimedTime":1685985812000},{"poolId":293,"poolName":"RDNT/USDT","assetRewards":"BNB","claimAmount":"0.00000161","status":1,"claimedTime":1685985812000},{"poolId":293,"poolName":"RDNT/USDT","assetRewards":"RDNT","claimAmount":"0.05121692","status":1,"claimedTime":1685985812000},{"poolId":293,"poolName":"RDNT/USDT","assetRewards":"USDT","claimAmount":"0.00154961","status":1,"claimedTime":1685985812000},{"poolId":293,"poolName":"RDNT/USDT","assetRewards":"RDNT","claimAmount":"0.1138086","status":1,"claimedTime":1685904929000},{"poolId":293,"poolName":"RDNT/USDT","assetRewards":"RDNT","claimAmount":"0.00537175","status":1,"claimedTime":1685904929000},{"poolId":293,"poolName":"RDNT/USDT","assetRewards":"BNB","claimAmount":"0.00000356","status":1,"claimedTime":1685904929000},{"poolId":293,"poolName":"RDNT/USDT","assetRewards":"USDT","claimAmount":"0.00162957","status":1,"claimedTime":1685904929000},{"poolId":293,"poolName":"RDNT/USDT","assetRewards":"RDNT","claimAmount":"0.12066684","status":1,"claimedTime":1685735343000},{"poolId":293,"poolName":"RDNT/USDT","assetRewards":"USDT","claimAmount":"0.00285434","status":1,"claimedTime":1685735343000},{"poolId":293,"poolName":"RDNT/USDT","assetRewards":"RDNT","claimAmount":"0.00750889","status":1,"claimedTime":1685735343000},{"poolId":293,"poolName":"RDNT/USDT","assetRewards":"BNB","claimAmount":"0.00000387","status":1,"claimedTime":1685735343000},{"poolId":293,"poolName":"RDNT/USDT","assetRewards":"RDNT","claimAmount":"0.0497758","status":1,"claimedTime":1685556359000},{"poolId":293,"poolName":"RDNT/USDT","assetRewards":"USDT","claimAmount":"0.00124285","status":1,"claimedTime":1685556359000},{"poolId":293,"poolName":"RDNT/USDT","assetRewards":"BNB","claimAmount":"0.00000147","status":1,"claimedTime":1685556359000},{"poolId":293,"poolName":"RDNT/USDT","assetRewards":"RDNT","claimAmount":"0.00543661","status":1,"claimedTime":1685556359000},{"poolId":293,"poolName":"RDNT/USDT","assetRewards":"USDT","claimAmount":"0.000578","status":1,"claimedTime":1685483670000},{"poolId":293,"poolName":"RDNT/USDT","assetRewards":"BNB","claimAmount":"0.00000069","status":1,"claimedTime":1685483670000},{"poolId":293,"poolName":"RDNT/USDT","assetRewards":"RDNT","claimAmount":"0.02161749","status":1,"claimedTime":1685483670000},{"poolId":293,"poolName":"RDNT/USDT","assetRewards":"RDNT","claimAmount":"0.00219009","status":1,"claimedTime":1685483670000},{"poolId":293,"poolName":"RDNT/USDT","assetRewards":"BNB","claimAmount":"0.00000168","status":1,"claimedTime":1685451525000},{"poolId":293,"poolName":"RDNT/USDT","assetRewards":"RDNT","claimAmount":"0.00360926","status":1,"claimedTime":1685451525000},{"poolId":293,"poolName":"RDNT/USDT","assetRewards":"RDNT","claimAmount":"0.05692646","status":1,"claimedTime":1685451525000},{"poolId":293,"poolName":"RDNT/USDT","assetRewards":"USDT","claimAmount":"0.00109145","status":1,"claimedTime":1685451525000},{"poolId":293,"poolName":"RDNT/USDT","assetRewards":"BNB","claimAmount":"0.00000196","status":1,"claimedTime":1685365008000},{"poolId":293,"poolName":"RDNT/USDT","assetRewards":"RDNT","claimAmount":"0.00489548","status":1,"claimedTime":1685365008000},{"poolId":293,"poolName":"RDNT/USDT","assetRewards":"RDNT","claimAmount":"0.08272929","status":1,"claimedTime":1685365008000},{"poolId":293,"poolName":"RDNT/USDT","assetRewards":"USDT","claimAmount":"0.00157656","status":1,"claimedTime":1685365008000},{"poolId":293,"poolName":"RDNT/USDT","assetRewards":"RDNT","claimAmount":"0.07637532","status":1,"claimedTime":1685260935000},{"poolId":293,"poolName":"RDNT/USDT","assetRewards":"BNB","claimAmount":"0.00000175","status":1,"claimedTime":1685260935000},{"poolId":293,"poolName":"RDNT/USDT","assetRewards":"USDT","claimAmount":"0.00135711","status":1,"claimedTime":1685260935000},{"poolId":293,"poolName":"RDNT/USDT","assetRewards":"RDNT","claimAmount":"0.00320532","status":1,"claimedTime":1685260935000},{"poolId":293,"poolName":"RDNT/USDT","assetRewards":"RDNT","claimAmount":"0.00375793","status":1,"claimedTime":1685176600000},{"poolId":293,"poolName":"RDNT/USDT","assetRewards":"BNB","claimAmount":"0.00000192","status":1,"claimedTime":1685176600000},{"poolId":293,"poolName":"RDNT/USDT","assetRewards":"USDT","claimAmount":"0.00129828","status":1,"claimedTime":1685176600000},{"poolId":293,"poolName":"RDNT/USDT","assetRewards":"RDNT","claimAmount":"0.07820268","status":1,"claimedTime":1685176600000},{"poolId":293,"poolName":"RDNT/USDT","assetRewards":"USDT","claimAmount":"0.00110234","status":1,"claimedTime":1685091462000},{"poolId":293,"poolName":"RDNT/USDT","assetRewards":"RDNT","claimAmount":"0.08842731","status":1,"claimedTime":1685091462000},{"poolId":293,"poolName":"RDNT/USDT","assetRewards":"BNB","claimAmount":"0.0000021","status":1,"claimedTime":1685091462000},{"poolId":293,"poolName":"RDNT/USDT","assetRewards":"RDNT","claimAmount":"0.00392011","status":1,"claimedTime":1685091462000},{"poolId":293,"poolName":"RDNT/USDT","assetRewards":"RDNT","claimAmount":"0.00088975","status":1,"claimedTime":1684989641000},{"poolId":293,"poolName":"RDNT/USDT","assetRewards":"BNB","claimAmount":"0.00000056","status":1,"claimedTime":1684989641000},{"poolId":293,"poolName":"RDNT/USDT","assetRewards":"RDNT","claimAmount":"0.02255294","status":1,"claimedTime":1684989641000},{"poolId":293,"poolName":"RDNT/USDT","assetRewards":"USDT","claimAmount":"0.00022109","status":1,"claimedTime":1684989641000},{"poolId":293,"poolName":"RDNT/USDT","assetRewards":"RDNT","claimAmount":"0.02886107","status":1,"claimedTime":1684963285000},{"poolId":293,"poolName":"RDNT/USDT","assetRewards":"BNB","claimAmount":"0.00000071","status":1,"claimedTime":1684963285000},{"poolId":293,"poolName":"RDNT/USDT","assetRewards":"USDT","claimAmount":"0.0004496","status":1,"claimedTime":1684963285000},{"poolId":293,"poolName":"RDNT/USDT","assetRewards":"RDNT","claimAmount":"0.00180552","status":1,"claimedTime":1684963285000},{"poolId":293,"poolName":"RDNT/USDT","assetRewards":"RDNT","claimAmount":"0.09228613","status":1,"claimedTime":1684931951000},{"poolId":293,"poolName":"RDNT/USDT","assetRewards":"RDNT","claimAmount":"0.00426929","status":1,"claimedTime":1684931951000},{"poolId":293,"poolName":"RDNT/USDT","assetRewards":"BNB","claimAmount":"0.00000213","status":1,"claimedTime":1684931951000},{"poolId":293,"poolName":"RDNT/USDT","assetRewards":"USDT","claimAmount":"0.00096412","status":1,"claimedTime":1684931951000},{"poolId":293,"poolName":"RDNT/USDT","assetRewards":"USDT","claimAmount":"0.00091568","status":1,"claimedTime":1684828045000},{"poolId":293,"poolName":"RDNT/USDT","assetRewards":"RDNT","claimAmount":"0.07222718","status":1,"claimedTime":1684828045000},{"poolId":293,"poolName":"RDNT/USDT","assetRewards":"BNB","claimAmount":"0.00000161","status":1,"claimedTime":1684828045000},{"poolId":293,"poolName":"RDNT/USDT","assetRewards":"RDNT","claimAmount":"0.00268093","status":1,"claimedTime":1684828045000},{"poolId":293,"poolName":"RDNT/USDT","assetRewards":"BNB","claimAmount":"0.00000168","status":1,"claimedTime":1684745220000},{"poolId":293,"poolName":"RDNT/USDT","assetRewards":"RDNT","claimAmount":"0.0751813","status":1,"claimedTime":1684745220000},{"poolId":293,"poolName":"RDNT/USDT","assetRewards":"USDT","claimAmount":"0.00065684","status":1,"claimedTime":1684745220000},{"poolId":293,"poolName":"RDNT/USDT","assetRewards":"RDNT","claimAmount":"0.00300167","status":1,"claimedTime":1684745220000},{"poolId":293,"poolName":"RDNT/USDT","assetRewards":"RDNT","claimAmount":"0.03467394","status":1,"claimedTime":1684658716000},{"poolId":293,"poolName":"RDNT/USDT","assetRewards":"BNB","claimAmount":"0.00000078","status":1,"claimedTime":1684658716000},{"poolId":293,"poolName":"RDNT/USDT","assetRewards":"RDNT","claimAmount":"0.00081396","status":1,"claimedTime":1684658716000},{"poolId":293,"poolName":"RDNT/USDT","assetRewards":"USDT","claimAmount":"0.00021371","status":1,"claimedTime":1684658716000},{"poolId":293,"poolName":"RDNT/USDT","assetRewards":"RDNT","claimAmount":"0.0419479","status":1,"claimedTime":1684617421000},{"poolId":293,"poolName":"RDNT/USDT","assetRewards":"RDNT","claimAmount":"0.00132236","status":1,"claimedTime":1684617421000},{"poolId":293,"poolName":"RDNT/USDT","assetRewards":"BNB","claimAmount":"0.00000099","status":1,"claimedTime":1684617421000},{"poolId":293,"poolName":"RDNT/USDT","assetRewards":"USDT","claimAmount":"0.00059499","status":1,"claimedTime":1684617421000},{"poolId":293,"poolName":"RDNT/USDT","assetRewards":"RDNT","claimAmount":"0.05579609","status":1,"claimedTime":1684570840000},{"poolId":293,"poolName":"RDNT/USDT","assetRewards":"BNB","claimAmount":"0.00000126","status":1,"claimedTime":1684570840000},{"poolId":293,"poolName":"RDNT/USDT","assetRewards":"USDT","claimAmount":"0.0006313","status":1,"claimedTime":1684570840000},{"poolId":293,"poolName":"RDNT/USDT","assetRewards":"RDNT","claimAmount":"0.00213628","status":1,"claimedTime":1684570840000},{"poolId":293,"poolName":"RDNT/USDT","assetRewards":"USDT","claimAmount":"0.00118476","status":1,"claimedTime":1684507388000},{"poolId":293,"poolName":"RDNT/USDT","assetRewards":"RDNT","claimAmount":"0.00486045","status":1,"claimedTime":1684507388000},{"poolId":293,"poolName":"RDNT/USDT","assetRewards":"RDNT","claimAmount":"0.08487452","status":1,"claimedTime":1684507388000},{"poolId":293,"poolName":"RDNT/USDT","assetRewards":"BNB","claimAmount":"0.00000189","status":1,"claimedTime":1684507388000},{"poolId":293,"poolName":"RDNT/USDT","assetRewards":"USDT","claimAmount":"0.00147865","status":1,"claimedTime":1684407951000},{"poolId":293,"poolName":"RDNT/USDT","assetRewards":"RDNT","claimAmount":"0.00477081","status":1,"claimedTime":1684407951000},{"poolId":293,"poolName":"RDNT/USDT","assetRewards":"RDNT","claimAmount":"0.08012052","status":1,"claimedTime":1684407951000},{"poolId":293,"poolName":"RDNT/USDT","assetRewards":"BNB","claimAmount":"0.00000193","status":1,"claimedTime":1684407951000},{"poolId":293,"poolName":"RDNT/USDT","assetRewards":"BNB","claimAmount":"0.00000144","status":1,"claimedTime":1684318513000},{"poolId":293,"poolName":"RDNT/USDT","assetRewards":"USDT","claimAmount":"0.00098621","status":1,"claimedTime":1684318513000},{"poolId":293,"poolName":"RDNT/USDT","assetRewards":"RDNT","claimAmount":"0.00300833","status":1,"claimedTime":1684318513000},{"poolId":293,"poolName":"RDNT/USDT","assetRewards":"RDNT","claimAmount":"0.05841718","status":1,"claimedTime":1684318513000},{"poolId":293,"poolName":"RDNT/USDT","assetRewards":"BNB","claimAmount":"0.00000153","status":1,"claimedTime":1684253184000},{"poolId":293,"poolName":"RDNT/USDT","assetRewards":"RDNT","claimAmount":"0.06404969","status":1,"claimedTime":1684253184000},{"poolId":293,"poolName":"RDNT/USDT","assetRewards":"RDNT","claimAmount":"0.00389863","status":1,"claimedTime":1684253184000},{"poolId":293,"poolName":"RDNT/USDT","assetRewards":"USDT","claimAmount":"0.00102638","status":1,"claimedTime":1684253184000},{"poolId":293,"poolName":"RDNT/USDT","assetRewards":"RDNT","claimAmount":"0.01957144","status":1,"claimedTime":1684180513000},{"poolId":293,"poolName":"RDNT/USDT","assetRewards":"RDNT","claimAmount":"0.00187785","status":1,"claimedTime":1684180513000},{"poolId":293,"poolName":"RDNT/USDT","assetRewards":"BNB","claimAmount":"0.00000048","status":1,"claimedTime":1684180513000},{"poolId":293,"poolName":"RDNT/USDT","assetRewards":"USDT","claimAmount":"0.00043033","status":1,"claimedTime":1684180513000},{"poolId":293,"poolName":"RDNT/USDT","assetRewards":"RDNT","claimAmount":"0.00727019","status":1,"claimedTime":1684157653000},{"poolId":293,"poolName":"RDNT/USDT","assetRewards":"USDT","claimAmount":"0.00223445","status":1,"claimedTime":1684157653000},{"poolId":293,"poolName":"RDNT/USDT","assetRewards":"BNB","claimAmount":"0.00000192","status":1,"claimedTime":1684157653000},{"poolId":293,"poolName":"RDNT/USDT","assetRewards":"RDNT","claimAmount":"0.07853596","status":1,"claimedTime":1684157653000},{"poolId":293,"poolName":"RDNT/USDT","assetRewards":"RDNT","claimAmount":"0.00727019","status":1,"claimedTime":1684157653000},{"poolId":293,"poolName":"RDNT/USDT","assetRewards":"USDT","claimAmount":"0.00223445","status":1,"claimedTime":1684157653000},{"poolId":293,"poolName":"RDNT/USDT","assetRewards":"BNB","claimAmount":"0.00000192","status":1,"claimedTime":1684157653000},{"poolId":293,"poolName":"RDNT/USDT","assetRewards":"RDNT","claimAmount":"0.07853596","status":1,"claimedTime":1684157653000},{"poolId":293,"poolName":"RDNT/USDT","assetRewards":"USDT","claimAmount":"0.00033952","status":1,"claimedTime":1684070017000},{"poolId":293,"poolName":"RDNT/USDT","assetRewards":"BNB","claimAmount":"0.0000004","status":1,"claimedTime":1684070017000},{"poolId":293,"poolName":"RDNT/USDT","assetRewards":"RDNT","claimAmount":"0.01639312","status":1,"claimedTime":1684070017000},{"poolId":293,"poolName":"RDNT/USDT","assetRewards":"RDNT","claimAmount":"0.00083131","status":1,"claimedTime":1684070017000},{"poolId":293,"poolName":"RDNT/USDT","assetRewards":"USDT","claimAmount":"0.0013073","status":1,"claimedTime":1684053898000},{"poolId":293,"poolName":"RDNT/USDT","assetRewards":"BNB","claimAmount":"0.00000208","status":1,"claimedTime":1684053898000},{"poolId":293,"poolName":"RDNT/USDT","assetRewards":"RDNT","claimAmount":"0.0882575","status":1,"claimedTime":1684053898000},{"poolId":293,"poolName":"RDNT/USDT","assetRewards":"RDNT","claimAmount":"0.00495313","status":1,"claimedTime":1684053898000},{"poolId":293,"poolName":"RDNT/USDT","assetRewards":"USDT","claimAmount":"0.00096261","status":1,"claimedTime":1683966128000},{"poolId":293,"poolName":"RDNT/USDT","assetRewards":"RDNT","claimAmount":"0.04211399","status":1,"claimedTime":1683966128000},{"poolId":293,"poolName":"RDNT/USDT","assetRewards":"RDNT","claimAmount":"0.00329537","status":1,"claimedTime":1683966128000},{"poolId":293,"poolName":"RDNT/USDT","assetRewards":"BNB","claimAmount":"0.00000099","status":1,"claimedTime":1683966128000},{"poolId":293,"poolName":"RDNT/USDT","assetRewards":"USDT","claimAmount":"0.00090594","status":1,"claimedTime":1683926079000},{"poolId":293,"poolName":"RDNT/USDT","assetRewards":"RDNT","claimAmount":"0.00293378","status":1,"claimedTime":1683926079000},{"poolId":293,"poolName":"RDNT/USDT","assetRewards":"BNB","claimAmount":"0.00000072","status":1,"claimedTime":1683926079000},{"poolId":293,"poolName":"RDNT/USDT","assetRewards":"RDNT","claimAmount":"0.03042521","status":1,"claimedTime":1683926079000},{"poolId":293,"poolName":"RDNT/USDT","assetRewards":"RDNT","claimAmount":"0.01899032","status":1,"claimedTime":1683896618000},{"poolId":293,"poolName":"RDNT/USDT","assetRewards":"USDT","claimAmount":"0.00037117","status":1,"claimedTime":1683896618000},{"poolId":293,"poolName":"RDNT/USDT","assetRewards":"RDNT","claimAmount":"0.00117915","status":1,"claimedTime":1683896618000},{"poolId":293,"poolName":"RDNT/USDT","assetRewards":"BNB","claimAmount":"0.00000045","status":1,"claimedTime":1683896618000},{"poolId":293,"poolName":"RDNT/USDT","assetRewards":"BNB","claimAmount":"0.00000107","status":1,"claimedTime":1683881667000},{"poolId":293,"poolName":"RDNT/USDT","assetRewards":"USDT","claimAmount":"0.00109845","status":1,"claimedTime":1683881667000},{"poolId":293,"poolName":"RDNT/USDT","assetRewards":"RDNT","claimAmount":"0.04409741","status":1,"claimedTime":1683881667000},{"poolId":293,"poolName":"RDNT/USDT","assetRewards":"RDNT","claimAmount":"0.00472667","status":1,"claimedTime":1683881667000}]
