[{"operationId":7266579,"poolId":298,"poolName":"BTC/TUSD","operation":"ADD","status":1,"updateTime":1683188828000,"shareAmount":"3.60221656","liquidityAmount":[{"asset":"BTC","amount":"0.0210488"},{"asset":"TUSD","amount":"611.99986471"}]},{"operationId":4972383,"poolId":298,"poolName":"BTC/TUSD","operation":"REMOVE","status":1,"updateTime":1682876637000,"shareAmount":"3.54457933","liquidityAmount":[{"asset":"BTC","amount":"0.02050084"},{"asset":"TUSD","amount":"608.40988834"}]},{"operationId":7255179,"poolId":298,"poolName":"BTC/TUSD","operation":"ADD","status":1,"updateTime":1682851438000,"shareAmount":"3.54457933","liquidityAmount":[{"asset":"BTC","amount":"0.0206497"},{"asset":"TUSD","amount":"604.02418102"}]},{"operationId":4971667,"poolId":298,"poolName":"BTC/TUSD","operation":"REMOVE","status":1,"updateTime":1682851167000,"shareAmount":"2.93264289","liquidityAmount":[{"asset":"BTC","amount":"0.01707752"},{"asset":"TUSD","amount":"499.95646749"}]},{"operationId":7249892,"poolId":298,"poolName":"BTC/TUSD","operation":"ADD","status":1,"updateTime":1682670084000,"shareAmount":"2.93264289","liquidityAmount":[{"asset":"BTC","amount":"0.01703446"},{"asset":"TUSD","amount":"501.22034288"}]},{"operationId":4967418,"poolId":298,"poolName":"BTC/TUSD","operation":"REMOVE","status":1,"updateTime":1682669750000,"shareAmount":"2.69594668","liquidityAmount":[{"asset":"BTC","amount":"0.0156484"},{"asset":"TUSD","amount":"461.0957434"}]},{"operationId":7241137,"poolId":298,"poolName":"BTC/TUSD","operation":"ADD","status":1,"updateTime":1682430233000,"shareAmount":"2.69594668","liquidityAmount":[{"asset":"BTC","amount":"0.01623132"},{"asset":"TUSD","amount":"444.53623741"}]}]
