[{"poolId":298,"poolName":"BTC/TUSD","assetRewards":"BNB","claimAmount":"0.00006632","status":1,"claimedTime":1686000848000},{"poolId":298,"poolName":"BTC/TUSD","assetRewards":"BTC","claimAmount":"0.00000011","status":1,"claimedTime":1686000848000},{"poolId":298,"poolName":"BTC/TUSD","assetRewards":"TUSD","claimAmount":"0.00365616","status":1,"claimedTime":1686000848000},{"poolId":298,"poolName":"BTC/TUSD","assetRewards":"BTC","claimAmount":"0.0000005","status":1,"claimedTime":1685985812000},{"poolId":298,"poolName":"BTC/TUSD","assetRewards":"TUSD","claimAmount":"0.01255473","status":1,"claimedTime":1685985812000},{"poolId":298,"poolName":"BTC/TUSD","assetRewards":"BNB","claimAmount":"0.00037443","status":1,"claimedTime":1685985812000},{"poolId":298,"poolName":"BTC/TUSD","assetRewards":"BNB","claimAmount":"0.00075871","status":1,"claimedTime":1685904929000},{"poolId":298,"poolName":"BTC/TUSD","assetRewards":"BTC","claimAmount":"0.00000007","status":1,"claimedTime":1685904929000},{"poolId":298,"poolName":"BTC/TUSD","assetRewards":"TUSD","claimAmount":"0.00597952","status":1,"claimedTime":1685904929000},{"poolId":298,"poolName":"BTC/TUSD","assetRewards":"TUSD","claimAmount":"0.01777097","status":1,"claimedTime":1685735343000},{"poolId":298,"poolName":"BTC/TUSD","assetRewards":"BTC","claimAmount":"0.00000045","status":1,"claimedTime":1685735343000},{"poolId":298,"poolName":"BTC/TUSD","assetRewards":"BNB","claimAmount":"0.00057247","status":1,"claimedTime":1685735343000},{"poolId":298,"poolName":"BTC/TUSD","assetRewards":"TUSD","claimAmount":"0.01153374","status":1,"claimedTime":1685556359000},{"poolId":298,"poolName":"BTC/TUSD","assetRewards":"BNB","claimAmount":"0.00021207","status":1,"claimedTime":1685556359000},{"poolId":298,"poolName":"BTC/TUSD","assetRewards":"BTC","claimAmount":"0.00000035","status":1,"claimedTime":1685556359000},{"poolId":298,"poolName":"BTC/TUSD","assetRewards":"BNB","claimAmount":"0.00010808","status":1,"claimedTime":1685483670000},{"poolId":298,"poolName":"BTC/TUSD","assetRewards":"BTC","claimAmount":"0.00000017","status":1,"claimedTime":1685483670000},{"poolId":298,"poolName":"BTC/TUSD","assetRewards":"TUSD","claimAmount":"0.0057126","status":1,"claimedTime":1685483670000},{"poolId":298,"poolName":"BTC/TUSD","assetRewards":"TUSD","claimAmount":"0.01220008","status":1,"claimedTime":1685451525000},{"poolId":298,"poolName":"BTC/TUSD","assetRewards":"BTC","claimAmount":"0.00000033","status":1,"claimedTime":1685451525000},{"poolId":298,"poolName":"BTC/TUSD","assetRewards":"BNB","claimAmount":"0.00040769","status":1,"claimedTime":1685451525000},{"poolId":298,"poolName":"BTC/TUSD","assetRewards":"TUSD","claimAmount":"0.02735467","status":1,"claimedTime":1685365008000},{"poolId":298,"poolName":"BTC/TUSD","assetRewards":"BNB","claimAmount":"0.00042681","status":1,"claimedTime":1685365008000},{"poolId":298,"poolName":"BTC/TUSD","assetRewards":"BTC","claimAmount":"0.00000063","status":1,"claimedTime":1685365008000},{"poolId":298,"poolName":"BTC/TUSD","assetRewards":"TUSD","claimAmount":"0.00602876","status":1,"claimedTime":1685260935000},{"poolId":298,"poolName":"BTC/TUSD","assetRewards":"BTC","claimAmount":"0.00000011","status":1,"claimedTime":1685260935000},{"poolId":298,"poolName":"BTC/TUSD","assetRewards":"BNB","claimAmount":"0.00028964","status":1,"claimedTime":1685260935000},{"poolId":298,"poolName":"BTC/TUSD","assetRewards":"BTC","claimAmount":"0.00000036","status":1,"claimedTime":1685176600000},{"poolId":298,"poolName":"BTC/TUSD","assetRewards":"TUSD","claimAmount":"0.0087667","status":1,"claimedTime":1685176600000},{"poolId":298,"poolName":"BTC/TUSD","assetRewards":"BNB","claimAmount":"0.00028694","status":1,"claimedTime":1685176600000},{"poolId":298,"poolName":"BTC/TUSD","assetRewards":"TUSD","claimAmount":"0.01324074","status":1,"claimedTime":1685091462000},{"poolId":298,"poolName":"BTC/TUSD","assetRewards":"BNB","claimAmount":"0.00033481","status":1,"claimedTime":1685091462000},{"poolId":298,"poolName":"BTC/TUSD","assetRewards":"BTC","claimAmount":"0.00000027","status":1,"claimedTime":1685091462000},{"poolId":298,"poolName":"BTC/TUSD","assetRewards":"BTC","claimAmount":"0.00000016","status":1,"claimedTime":1684989641000},{"poolId":298,"poolName":"BTC/TUSD","assetRewards":"TUSD","claimAmount":"0.00783985","status":1,"claimedTime":1684989641000},{"poolId":298,"poolName":"BTC/TUSD","assetRewards":"BNB","claimAmount":"0.00008245","status":1,"claimedTime":1684989641000},{"poolId":298,"poolName":"BTC/TUSD","assetRewards":"TUSD","claimAmount":"0.00979878","status":1,"claimedTime":1684963285000},{"poolId":298,"poolName":"BTC/TUSD","assetRewards":"BTC","claimAmount":"0.00000031","status":1,"claimedTime":1684963285000},{"poolId":298,"poolName":"BTC/TUSD","assetRewards":"BNB","claimAmount":"0.00010408","status":1,"claimedTime":1684963285000},{"poolId":298,"poolName":"BTC/TUSD","assetRewards":"TUSD","claimAmount":"0.00852979","status":1,"claimedTime":1684931951000},{"poolId":298,"poolName":"BTC/TUSD","assetRewards":"BTC","claimAmount":"0.00000023","status":1,"claimedTime":1684931951000},{"poolId":298,"poolName":"BTC/TUSD","assetRewards":"BNB","claimAmount":"0.00032536","status":1,"claimedTime":1684931951000},{"poolId":298,"poolName":"BTC/TUSD","assetRewards":"TUSD","claimAmount":"0.01105899","status":1,"claimedTime":1684828045000},{"poolId":298,"poolName":"BTC/TUSD","assetRewards":"BNB","claimAmount":"0.00025203","status":1,"claimedTime":1684828045000},{"poolId":298,"poolName":"BTC/TUSD","assetRewards":"BTC","claimAmount":"0.00000024","status":1,"claimedTime":1684828045000},{"poolId":298,"poolName":"BTC/TUSD","assetRewards":"TUSD","claimAmount":"0.00725979","status":1,"claimedTime":1684745220000},{"poolId":298,"poolName":"BTC/TUSD","assetRewards":"BTC","claimAmount":"0.0000002","status":1,"claimedTime":1684745220000},{"poolId":298,"poolName":"BTC/TUSD","assetRewards":"BNB","claimAmount":"0.00026629","status":1,"claimedTime":1684745220000},{"poolId":298,"poolName":"BTC/TUSD","assetRewards":"BNB","claimAmount":"0.00012344","status":1,"claimedTime":1684658716000},{"poolId":298,"poolName":"BTC/TUSD","assetRewards":"TUSD","claimAmount":"0.00199944","status":1,"claimedTime":1684658716000},{"poolId":298,"poolName":"BTC/TUSD","assetRewards":"BTC","claimAmount":"0.00000002","status":1,"claimedTime":1684658716000},{"poolId":298,"poolName":"BTC/TUSD","assetRewards":"TUSD","claimAmount":"0.00225307","status":1,"claimedTime":1684617421000},{"poolId":298,"poolName":"BTC/TUSD","assetRewards":"BNB","claimAmount":"0.00014651","status":1,"claimedTime":1684617421000},{"poolId":298,"poolName":"BTC/TUSD","assetRewards":"BTC","claimAmount":"0.00000002","status":1,"claimedTime":1684617421000},{"poolId":298,"poolName":"BTC/TUSD","assetRewards":"BTC","claimAmount":"0.00000019","status":1,"claimedTime":1684570840000},{"poolId":298,"poolName":"BTC/TUSD","assetRewards":"BNB","claimAmount":"0.0002031","status":1,"claimedTime":1684570840000},{"poolId":298,"poolName":"BTC/TUSD","assetRewards":"TUSD","claimAmount":"0.006822","status":1,"claimedTime":1684570840000},{"poolId":298,"poolName":"BTC/TUSD","assetRewards":"BTC","claimAmount":"0.00000056","status":1,"claimedTime":1684507388000},{"poolId":298,"poolName":"BTC/TUSD","assetRewards":"TUSD","claimAmount":"0.01914714","status":1,"claimedTime":1684507388000},{"poolId":298,"poolName":"BTC/TUSD","assetRewards":"BNB","claimAmount":"0.00030991","status":1,"claimedTime":1684507388000},{"poolId":298,"poolName":"BTC/TUSD","assetRewards":"BNB","claimAmount":"0.00028888","status":1,"claimedTime":1684407951000},{"poolId":298,"poolName":"BTC/TUSD","assetRewards":"TUSD","claimAmount":"0.0153955","status":1,"claimedTime":1684407951000},{"poolId":298,"poolName":"BTC/TUSD","assetRewards":"BTC","claimAmount":"0.00000036","status":1,"claimedTime":1684407951000},{"poolId":298,"poolName":"BTC/TUSD","assetRewards":"BNB","claimAmount":"0.00020717","status":1,"claimedTime":1684318513000},{"poolId":298,"poolName":"BTC/TUSD","assetRewards":"TUSD","claimAmount":"0.00596477","status":1,"claimedTime":1684318513000},{"poolId":298,"poolName":"BTC/TUSD","assetRewards":"BTC","claimAmount":"0.00000015","status":1,"claimedTime":1684318513000},{"poolId":298,"poolName":"BTC/TUSD","assetRewards":"BTC","claimAmount":"0.00000038","status":1,"claimedTime":1684253184000},{"poolId":298,"poolName":"BTC/TUSD","assetRewards":"TUSD","claimAmount":"0.01444771","status":1,"claimedTime":1684253184000},{"poolId":298,"poolName":"BTC/TUSD","assetRewards":"BNB","claimAmount":"0.00024035","status":1,"claimedTime":1684253184000},{"poolId":298,"poolName":"BTC/TUSD","assetRewards":"TUSD","claimAmount":"0.00543425","status":1,"claimedTime":1684180513000},{"poolId":298,"poolName":"BTC/TUSD","assetRewards":"BNB","claimAmount":"0.00006828","status":1,"claimedTime":1684180513000},{"poolId":298,"poolName":"BTC/TUSD","assetRewards":"BTC","claimAmount":"0.00000022","status":1,"claimedTime":1684180513000},{"poolId":298,"poolName":"BTC/TUSD","assetRewards":"TUSD","claimAmount":"0.01669684","status":1,"claimedTime":1684157653000},{"poolId":298,"poolName":"BTC/TUSD","assetRewards":"BTC","claimAmount":"0.00000045","status":1,"claimedTime":1684157653000},{"poolId":298,"poolName":"BTC/TUSD","assetRewards":"BNB","claimAmount":"0.00027229","status":1,"claimedTime":1684157653000},{"poolId":298,"poolName":"BTC/TUSD","assetRewards":"TUSD","claimAmount":"0.00094104","status":1,"claimedTime":1684070017000},{"poolId":298,"poolName":"BTC/TUSD","assetRewards":"BNB","claimAmount":"0.00005528","status":1,"claimedTime":1684070017000},{"poolId":298,"poolName":"BTC/TUSD","assetRewards":"TUSD","claimAmount":"0.00740787","status":1,"claimedTime":1684053898000},{"poolId":298,"poolName":"BTC/TUSD","assetRewards":"BTC","claimAmount":"0.00000015","status":1,"claimedTime":1684053898000},{"poolId":298,"poolName":"BTC/TUSD","assetRewards":"BNB","claimAmount":"0.00026165","status":1,"claimedTime":1684053898000},{"poolId":298,"poolName":"BTC/TUSD","assetRewards":"BTC","claimAmount":"0.00000016","status":1,"claimedTime":1683966128000},{"poolId":298,"poolName":"BTC/TUSD","assetRewards":"TUSD","claimAmount":"0.0070636","status":1,"claimedTime":1683966128000},{"poolId":298,"poolName":"BTC/TUSD","assetRewards":"BNB","claimAmount":"0.00011435","status":1,"claimedTime":1683966128000},{"poolId":298,"poolName":"BTC/TUSD","assetRewards":"BTC","claimAmount":"0.00000031","status":1,"claimedTime":1683926079000},{"poolId":298,"poolName":"BTC/TUSD","assetRewards":"TUSD","claimAmount":"0.0103001","status":1,"claimedTime":1683926079000},{"poolId":298,"poolName":"BTC/TUSD","assetRewards":"BNB","claimAmount":"0.00008255","status":1,"claimedTime":1683926079000},{"poolId":298,"poolName":"BTC/TUSD","assetRewards":"BTC","claimAmount":"0.00000003","status":1,"claimedTime":1683896618000},{"poolId":298,"poolName":"BTC/TUSD","assetRewards":"TUSD","claimAmount":"0.00161965","status":1,"claimedTime":1683896618000},{"poolId":298,"poolName":"BTC/TUSD","assetRewards":"BNB","claimAmount":"0.00005154","status":1,"claimedTime":1683896618000},{"poolId":298,"poolName":"BTC/TUSD","assetRewards":"BNB","claimAmount":"0.0001631","status":1,"claimedTime":1683881667000},{"poolId":298,"poolName":"BTC/TUSD","assetRewards":"TUSD","claimAmount":"0.01565895","status":1,"claimedTime":1683881667000},{"poolId":298,"poolName":"BTC/TUSD","assetRewards":"BTC","claimAmount":"0.00000057","status":1,"claimedTime":1683881667000},{"poolId":298,"poolName":"BTC/TUSD","assetRewards":"TUSD","claimAmount":"0.01762522","status":1,"claimedTime":1683822494000},{"poolId":298,"poolName":"BTC/TUSD","assetRewards":"BNB","claimAmount":"0.00019658","status":1,"claimedTime":1683822494000},{"poolId":298,"poolName":"BTC/TUSD","assetRewards":"BTC","claimAmount":"0.00000054","status":1,"claimedTime":1683822494000},{"poolId":298,"poolName":"BTC/TUSD","assetRewards":"BTC","claimAmount":"0.00000118","status":1,"claimedTime":1683755422000},{"poolId":298,"poolName":"BTC/TUSD","assetRewards":"BNB","claimAmount":"0.00032013","status":1,"claimedTime":1683755422000},{"poolId":298,"poolName":"BTC/TUSD","assetRewards":"TUSD","claimAmount":"0.05450416","status":1,"claimedTime":1683755422000},{"poolId":298,"poolName":"BTC/TUSD","assetRewards":"BTC","claimAmount":"0.00000055","status":1,"claimedTime":1683662842000},{"poolId":298,"poolName":"BTC/TUSD","assetRewards":"BNB","claimAmount":"0.00030322","status":1,"claimedTime":1683662842000},{"poolId":298,"poolName":"BTC/TUSD","assetRewards":"BTC","claimAmount":"0.00000055","status":1,"claimedTime":1683662842000},{"poolId":298,"poolName":"BTC/TUSD","assetRewards":"BNB","claimAmount":"0.00030322","status":1,"claimedTime":1683662842000},{"poolId":298,"poolName":"BTC/TUSD","assetRewards":"TUSD","claimAmount":"0.01927649","status":1,"claimedTime":1683662842000},{"poolId":298,"poolName":"BTC/TUSD","assetRewards":"TUSD","claimAmount":"0.01661566","status":1,"claimedTime":1683581876000},{"poolId":298,"poolName":"BTC/TUSD","assetRewards":"BTC","claimAmount":"0.00000048","status":1,"claimedTime":1683581876000},{"poolId":298,"poolName":"BTC/TUSD","assetRewards":"BNB","claimAmount":"0.00014386","status":1,"claimedTime":1683581876000},{"poolId":298,"poolName":"BTC/TUSD","assetRewards":"BNB","claimAmount":"0.00019605","status":1,"claimedTime":1683541678000},{"poolId":298,"poolName":"BTC/TUSD","assetRewards":"TUSD","claimAmount":"0.01436919","status":1,"claimedTime":1683541678000},{"poolId":298,"poolName":"BTC/TUSD","assetRewards":"BTC","claimAmount":"0.0000005","status":1,"claimedTime":1683541678000},{"poolId":298,"poolName":"BTC/TUSD","assetRewards":"BNB","claimAmount":"0.0004482","status":1,"claimedTime":1683488635000},{"poolId":298,"poolName":"BTC/TUSD","assetRewards":"BTC","claimAmount":"0.00000076","status":1,"claimedTime":1683488635000},{"poolId":298,"poolName":"BTC/TUSD","assetRewards":"TUSD","claimAmount":"0.02754148","status":1,"claimedTime":1683488635000},{"poolId":298,"poolName":"BTC/TUSD","assetRewards":"TUSD","claimAmount":"0.0074925","status":1,"claimedTime":1683365451000},{"poolId":298,"poolName":"BTC/TUSD","assetRewards":"BTC","claimAmount":"0.00000021","status":1,"claimedTime":1683365451000},{"poolId":298,"poolName":"BTC/TUSD","assetRewards":"BNB","claimAmount":"0.0001562","status":1,"claimedTime":1683365451000},{"poolId":298,"poolName":"BTC/TUSD","assetRewards":"TUSD","claimAmount":"0.02133503","status":1,"claimedTime":1683321390000},{"poolId":298,"poolName":"BTC/TUSD","assetRewards":"BNB","claimAmount":"0.00016698","status":1,"claimedTime":1683321390000},{"poolId":298,"poolName":"BTC/TUSD","assetRewards":"BTC","claimAmount":"0.0000007","status":1,"claimedTime":1683321390000},{"poolId":298,"poolName":"BTC/TUSD","assetRewards":"BNB","claimAmount":"0.00045978","status":1,"claimedTime":1683277438000},{"poolId":298,"poolName":"BTC/TUSD","assetRewards":"BTC","claimAmount":"0.00000135","status":1,"claimedTime":1683277438000},{"poolId":298,"poolName":"BTC/TUSD","assetRewards":"TUSD","claimAmount":"0.03932955","status":1,"claimedTime":1683277438000},{"poolId":298,"poolName":"BTC/TUSD","assetRewards":"BTC","claimAmount":"0.00000024","status":1,"claimedTime":1682876607000},{"poolId":298,"poolName":"BTC/TUSD","assetRewards":"TUSD","claimAmount":"0.00884527","status":1,"claimedTime":1682876607000},{"poolId":298,"poolName":"BTC/TUSD","assetRewards":"BNB","claimAmount":"0.00010457","status":1,"claimedTime":1682876607000},{"poolId":298,"poolName":"BTC/TUSD","assetRewards":"TUSD","claimAmount":"0.00033629","status":1,"claimedTime":1682851153000},{"poolId":298,"poolName":"BTC/TUSD","assetRewards":"BNB","claimAmount":"0.00002473","status":1,"claimedTime":1682851153000},{"poolId":298,"poolName":"BTC/TUSD","assetRewards":"BNB","claimAmount":"0.00031191","status":1,"claimedTime":1682844681000},{"poolId":298,"poolName":"BTC/TUSD","assetRewards":"BTC","claimAmount":"0.0000001","status":1,"claimedTime":1682844681000},{"poolId":298,"poolName":"BTC/TUSD","assetRewards":"TUSD","claimAmount":"0.00439853","status":1,"claimedTime":1682844681000},{"poolId":298,"poolName":"BTC/TUSD","assetRewards":"BNB","claimAmount":"0.00029332","status":1,"claimedTime":1682754226000},{"poolId":298,"poolName":"BTC/TUSD","assetRewards":"TUSD","claimAmount":"0.01750227","status":1,"claimedTime":1682754226000},{"poolId":298,"poolName":"BTC/TUSD","assetRewards":"BTC","claimAmount":"0.00000048","status":1,"claimedTime":1682754226000},{"poolId":298,"poolName":"BTC/TUSD","assetRewards":"BTC","claimAmount":"0.00000002","status":1,"claimedTime":1682669742000},{"poolId":298,"poolName":"BTC/TUSD","assetRewards":"BNB","claimAmount":"0.00002326","status":1,"claimedTime":1682669742000},{"poolId":298,"poolName":"BTC/TUSD","assetRewards":"TUSD","claimAmount":"0.0006937","status":1,"claimedTime":1682669742000},{"poolId":298,"poolName":"BTC/TUSD","assetRewards":"BTC","claimAmount":"0.00000018","status":1,"claimedTime":1682664233000},{"poolId":298,"poolName":"BTC/TUSD","assetRewards":"BNB","claimAmount":"0.00010466","status":1,"claimedTime":1682664233000},{"poolId":298,"poolName":"BTC/TUSD","assetRewards":"TUSD","claimAmount":"0.00623804","status":1,"claimedTime":1682664233000},{"poolId":298,"poolName":"BTC/TUSD","assetRewards":"TUSD","claimAmount":"0.01658757","status":1,"claimedTime":1682631100000},{"poolId":298,"poolName":"BTC/TUSD","assetRewards":"BNB","claimAmount":"0.00008128","status":1,"claimedTime":1682631100000},{"poolId":298,"poolName":"BTC/TUSD","assetRewards":"BTC","claimAmount":"0.00000046","status":1,"claimedTime":1682631100000},{"poolId":298,"poolName":"BTC/TUSD","assetRewards":"BNB","claimAmount":"0.0002789","status":1,"claimedTime":1682607190000},{"poolId":298,"poolName":"BTC/TUSD","assetRewards":"BTC","claimAmount":"0.00000188","status":1,"claimedTime":1682607190000},{"poolId":298,"poolName":"BTC/TUSD","assetRewards":"TUSD","claimAmount":"0.06133367","status":1,"claimedTime":1682607190000},{"poolId":298,"poolName":"BTC/TUSD","assetRewards":"BTC","claimAmount":"0.00000017","status":1,"claimedTime":1682514259000},{"poolId":298,"poolName":"BTC/TUSD","assetRewards":"BNB","claimAmount":"0.00005293","status":1,"claimedTime":1682514259000},{"poolId":298,"poolName":"BTC/TUSD","assetRewards":"TUSD","claimAmount":"0.00587939","status":1,"claimedTime":1682514259000},{"poolId":298,"poolName":"BTC/TUSD","assetRewards":"BTC","claimAmount":"0.00000023","status":1,"claimedTime":1682496343000},{"poolId":298,"poolName":"BTC/TUSD","assetRewards":"BNB","claimAmount":"0.0001362","status":1,"claimedTime":1682496343000},{"poolId":298,"poolName":"BTC/TUSD","assetRewards":"TUSD","claimAmount":"0.00839724","status":1,"claimedTime":1682496343000},{"poolId":298,"poolName":"BTC/TUSD","assetRewards":"BNB","claimAmount":"0.00026978","status":1,"claimedTime":1682457957000},{"poolId":298,"poolName":"BTC/TUSD","assetRewards":"TUSD","claimAmount":"0.0254159","status":1,"claimedTime":1682457957000},{"poolId":298,"poolName":"BTC/TUSD","assetRewards":"BTC","claimAmount":"0.00000114","status":1,"claimedTime":1682457957000}]
