[{"poolId":304,"poolName":"SUI/USDT","assetRewards":"BNB","claimAmount":"0.00001128","status":1,"claimedTime":1685904929000},{"poolId":304,"poolName":"SUI/USDT","assetRewards":"USDT","claimAmount":"0.00770216","status":1,"claimedTime":1685904929000},{"poolId":304,"poolName":"SUI/USDT","assetRewards":"SUI","claimAmount":"0.0081814","status":1,"claimedTime":1685904929000},{"poolId":304,"poolName":"SUI/USDT","assetRewards":"BNB","claimAmount":"0.00001161","status":1,"claimedTime":1685735343000},{"poolId":304,"poolName":"SUI/USDT","assetRewards":"SUI","claimAmount":"0.00812373","status":1,"claimedTime":1685735343000},{"poolId":304,"poolName":"SUI/USDT","assetRewards":"USDT","claimAmount":"0.00754807","status":1,"claimedTime":1685735343000},{"poolId":304,"poolName":"SUI/USDT","assetRewards":"SUI","claimAmount":"0.00369973","status":1,"claimedTime":1685556359000},{"poolId":304,"poolName":"SUI/USDT","assetRewards":"USDT","claimAmount":"0.00361229","status":1,"claimedTime":1685556359000},{"poolId":304,"poolName":"SUI/USDT","assetRewards":"BNB","claimAmount":"0.00000545","status":1,"claimedTime":1685556359000},{"poolId":304,"poolName":"SUI/USDT","assetRewards":"SUI","claimAmount":"0.00201437","status":1,"claimedTime":1685483670000},{"poolId":304,"poolName":"SUI/USDT","assetRewards":"BNB","claimAmount":"0.00000243","status":1,"claimedTime":1685483670000},{"poolId":304,"poolName":"SUI/USDT","assetRewards":"USDT","claimAmount":"0.00178548","status":1,"claimedTime":1685483670000},{"poolId":304,"poolName":"SUI/USDT","assetRewards":"USDT","claimAmount":"0.00609881","status":1,"claimedTime":1685451525000},{"poolId":304,"poolName":"SUI/USDT","assetRewards":"SUI","claimAmount":"0.00608028","status":1,"claimedTime":1685451525000},{"poolId":304,"poolName":"SUI/USDT","assetRewards":"BNB","claimAmount":"0.00000717","status":1,"claimedTime":1685451525000},{"poolId":304,"poolName":"SUI/USDT","assetRewards":"BNB","claimAmount":"0.00001256","status":1,"claimedTime":1685365008000},{"poolId":304,"poolName":"SUI/USDT","assetRewards":"SUI","claimAmount":"0.00899398","status":1,"claimedTime":1685365008000},{"poolId":304,"poolName":"SUI/USDT","assetRewards":"USDT","claimAmount":"0.00965394","status":1,"claimedTime":1685365008000},{"poolId":304,"poolName":"SUI/USDT","assetRewards":"BNB","claimAmount":"0.00000984","status":1,"claimedTime":1685260935000},{"poolId":304,"poolName":"SUI/USDT","assetRewards":"SUI","claimAmount":"0.00258478","status":1,"claimedTime":1685260935000},{"poolId":304,"poolName":"SUI/USDT","assetRewards":"USDT","claimAmount":"0.00245613","status":1,"claimedTime":1685260935000},{"poolId":304,"poolName":"SUI/USDT","assetRewards":"SUI","claimAmount":"0.00392516","status":1,"claimedTime":1685176600000},{"poolId":304,"poolName":"SUI/USDT","assetRewards":"BNB","claimAmount":"0.00000955","status":1,"claimedTime":1685176600000},{"poolId":304,"poolName":"SUI/USDT","assetRewards":"USDT","claimAmount":"0.0044192","status":1,"claimedTime":1685176600000},{"poolId":304,"poolName":"SUI/USDT","assetRewards":"SUI","claimAmount":"0.00620887","status":1,"claimedTime":1685091462000},{"poolId":304,"poolName":"SUI/USDT","assetRewards":"USDT","claimAmount":"0.00576859","status":1,"claimedTime":1685091462000},{"poolId":304,"poolName":"SUI/USDT","assetRewards":"BNB","claimAmount":"0.00001013","status":1,"claimedTime":1685091462000},{"poolId":304,"poolName":"SUI/USDT","assetRewards":"USDT","claimAmount":"0.0017585","status":1,"claimedTime":1684989641000},{"poolId":304,"poolName":"SUI/USDT","assetRewards":"SUI","claimAmount":"0.00195771","status":1,"claimedTime":1684989641000},{"poolId":304,"poolName":"SUI/USDT","assetRewards":"BNB","claimAmount":"0.00000282","status":1,"claimedTime":1684989641000},{"poolId":304,"poolName":"SUI/USDT","assetRewards":"USDT","claimAmount":"0.00368969","status":1,"claimedTime":1684963285000},{"poolId":304,"poolName":"SUI/USDT","assetRewards":"SUI","claimAmount":"0.00501143","status":1,"claimedTime":1684963285000},{"poolId":304,"poolName":"SUI/USDT","assetRewards":"BNB","claimAmount":"0.00000328","status":1,"claimedTime":1684963285000},{"poolId":304,"poolName":"SUI/USDT","assetRewards":"SUI","claimAmount":"0.00837288","status":1,"claimedTime":1684931951000},{"poolId":304,"poolName":"SUI/USDT","assetRewards":"BNB","claimAmount":"0.00001237","status":1,"claimedTime":1684931951000},{"poolId":304,"poolName":"SUI/USDT","assetRewards":"USDT","claimAmount":"0.00698759","status":1,"claimedTime":1684931951000},{"poolId":304,"poolName":"SUI/USDT","assetRewards":"SUI","claimAmount":"0.0069233","status":1,"claimedTime":1684828045000},{"poolId":304,"poolName":"SUI/USDT","assetRewards":"BNB","claimAmount":"0.00001491","status":1,"claimedTime":1684828045000},{"poolId":304,"poolName":"SUI/USDT","assetRewards":"USDT","claimAmount":"0.00672448","status":1,"claimedTime":1684828045000},{"poolId":304,"poolName":"SUI/USDT","assetRewards":"USDT","claimAmount":"0.00957125","status":1,"claimedTime":1684745220000},{"poolId":304,"poolName":"SUI/USDT","assetRewards":"SUI","claimAmount":"0.01108741","status":1,"claimedTime":1684745220000},{"poolId":304,"poolName":"SUI/USDT","assetRewards":"BNB","claimAmount":"0.0000183","status":1,"claimedTime":1684745220000},{"poolId":304,"poolName":"SUI/USDT","assetRewards":"USDT","claimAmount":"0.00218943","status":1,"claimedTime":1684658716000},{"poolId":304,"poolName":"SUI/USDT","assetRewards":"SUI","claimAmount":"0.00185707","status":1,"claimedTime":1684658716000},{"poolId":304,"poolName":"SUI/USDT","assetRewards":"BNB","claimAmount":"0.00000818","status":1,"claimedTime":1684658716000},{"poolId":304,"poolName":"SUI/USDT","assetRewards":"BNB","claimAmount":"0.00000931","status":1,"claimedTime":1684617421000},{"poolId":304,"poolName":"SUI/USDT","assetRewards":"USDT","claimAmount":"0.00263513","status":1,"claimedTime":1684617421000},{"poolId":304,"poolName":"SUI/USDT","assetRewards":"SUI","claimAmount":"0.00206993","status":1,"claimedTime":1684617421000},{"poolId":304,"poolName":"SUI/USDT","assetRewards":"BNB","claimAmount":"0.00001091","status":1,"claimedTime":1684570840000},{"poolId":304,"poolName":"SUI/USDT","assetRewards":"USDT","claimAmount":"0.00282743","status":1,"claimedTime":1684570840000},{"poolId":304,"poolName":"SUI/USDT","assetRewards":"SUI","claimAmount":"0.00226712","status":1,"claimedTime":1684570840000}]
