[{"poolId":33,"poolName":"BTC/USDT","assetRewards":"USDT","claimAmount":"0.00757842","status":1,"claimedTime":1686000848000},{"poolId":33,"poolName":"BTC/USDT","assetRewards":"BTC","claimAmount":"0.00000016","status":1,"claimedTime":1686000848000},{"poolId":33,"poolName":"BTC/USDT","assetRewards":"BNB","claimAmount":"0.00000154","status":1,"claimedTime":1686000848000},{"poolId":33,"poolName":"BTC/USDT","assetRewards":"BTC","claimAmount":"0.00000072","status":1,"claimedTime":1685985812000},{"poolId":33,"poolName":"BTC/USDT","assetRewards":"BNB","claimAmount":"0.00000874","status":1,"claimedTime":1685985812000},{"poolId":33,"poolName":"BTC/USDT","assetRewards":"USDT","claimAmount":"0.01831019","status":1,"claimedTime":1685985812000},{"poolId":33,"poolName":"BTC/USDT","assetRewards":"USDT","claimAmount":"0.00851634","status":1,"claimedTime":1685904929000},{"poolId":33,"poolName":"BTC/USDT","assetRewards":"BTC","claimAmount":"0.00000022","status":1,"claimedTime":1685904929000},{"poolId":33,"poolName":"BTC/USDT","assetRewards":"BNB","claimAmount":"0.00001786","status":1,"claimedTime":1685904929000},{"poolId":33,"poolName":"BTC/USDT","assetRewards":"USDT","claimAmount":"0.04906624","status":1,"claimedTime":1685735343000},{"poolId":33,"poolName":"BTC/USDT","assetRewards":"BNB","claimAmount":"0.00001864","status":1,"claimedTime":1685735343000},{"poolId":33,"poolName":"BTC/USDT","assetRewards":"BTC","claimAmount":"0.00000187","status":1,"claimedTime":1685735343000},{"poolId":33,"poolName":"BTC/USDT","assetRewards":"BTC","claimAmount":"0.00000143","status":1,"claimedTime":1685556359000},{"poolId":33,"poolName":"BTC/USDT","assetRewards":"USDT","claimAmount":"0.03452122","status":1,"claimedTime":1685556359000},{"poolId":33,"poolName":"BTC/USDT","assetRewards":"BNB","claimAmount":"0.00000777","status":1,"claimedTime":1685556359000},{"poolId":33,"poolName":"BTC/USDT","assetRewards":"BNB","claimAmount":"0.00000333","status":1,"claimedTime":1685483670000},{"poolId":33,"poolName":"BTC/USDT","assetRewards":"USDT","claimAmount":"0.01885997","status":1,"claimedTime":1685483670000},{"poolId":33,"poolName":"BTC/USDT","assetRewards":"BTC","claimAmount":"0.00000072","status":1,"claimedTime":1685483670000},{"poolId":33,"poolName":"BTC/USDT","assetRewards":"BNB","claimAmount":"0.00000888","status":1,"claimedTime":1685451525000},{"poolId":33,"poolName":"BTC/USDT","assetRewards":"BTC","claimAmount":"0.00000109","status":1,"claimedTime":1685451525000},{"poolId":33,"poolName":"BTC/USDT","assetRewards":"USDT","claimAmount":"0.03347886","status":1,"claimedTime":1685451525000},{"poolId":33,"poolName":"BTC/USDT","assetRewards":"USDT","claimAmount":"0.05656811","status":1,"claimedTime":1685365008000},{"poolId":33,"poolName":"BTC/USDT","assetRewards":"BNB","claimAmount":"0.00001036","status":1,"claimedTime":1685365008000},{"poolId":33,"poolName":"BTC/USDT","assetRewards":"BTC","claimAmount":"0.00000176","status":1,"claimedTime":1685365008000},{"poolId":33,"poolName":"BTC/USDT","assetRewards":"BNB","claimAmount":"0.00000888","status":1,"claimedTime":1685260935000},{"poolId":33,"poolName":"BTC/USDT","assetRewards":"USDT","claimAmount":"0.02503227","status":1,"claimedTime":1685260935000},{"poolId":33,"poolName":"BTC/USDT","assetRewards":"BTC","claimAmount":"0.00000076","status":1,"claimedTime":1685260935000},{"poolId":33,"poolName":"BTC/USDT","assetRewards":"BTC","claimAmount":"0.00000086","status":1,"claimedTime":1685176600000},{"poolId":33,"poolName":"BTC/USDT","assetRewards":"USDT","claimAmount":"0.02394267","status":1,"claimedTime":1685176600000},{"poolId":33,"poolName":"BTC/USDT","assetRewards":"BNB","claimAmount":"0.00000888","status":1,"claimedTime":1685176600000},{"poolId":33,"poolName":"BTC/USDT","assetRewards":"USDT","claimAmount":"0.03632998","status":1,"claimedTime":1685091462000},{"poolId":33,"poolName":"BTC/USDT","assetRewards":"BTC","claimAmount":"0.00000128","status":1,"claimedTime":1685091462000},{"poolId":33,"poolName":"BTC/USDT","assetRewards":"BNB","claimAmount":"0.00001036","status":1,"claimedTime":1685091462000},{"poolId":33,"poolName":"BTC/USDT","assetRewards":"BTC","claimAmount":"0.00000051","status":1,"claimedTime":1684989641000},{"poolId":33,"poolName":"BTC/USDT","assetRewards":"BNB","claimAmount":"0.00000259","status":1,"claimedTime":1684989641000},{"poolId":33,"poolName":"BTC/USDT","assetRewards":"USDT","claimAmount":"0.01142164","status":1,"claimedTime":1684989641000},{"poolId":33,"poolName":"BTC/USDT","assetRewards":"BTC","claimAmount":"0.00000116","status":1,"claimedTime":1684963285000},{"poolId":33,"poolName":"BTC/USDT","assetRewards":"BNB","claimAmount":"0.00000331","status":1,"claimedTime":1684963285000},{"poolId":33,"poolName":"BTC/USDT","assetRewards":"USDT","claimAmount":"0.02949359","status":1,"claimedTime":1684963285000},{"poolId":33,"poolName":"BTC/USDT","assetRewards":"BTC","claimAmount":"0.00000114","status":1,"claimedTime":1684931951000},{"poolId":33,"poolName":"BTC/USDT","assetRewards":"BNB","claimAmount":"0.00001044","status":1,"claimedTime":1684931951000},{"poolId":33,"poolName":"BTC/USDT","assetRewards":"USDT","claimAmount":"0.02902741","status":1,"claimedTime":1684931951000},{"poolId":33,"poolName":"BTC/USDT","assetRewards":"USDT","claimAmount":"0.03430425","status":1,"claimedTime":1684828045000},{"poolId":33,"poolName":"BTC/USDT","assetRewards":"BTC","claimAmount":"0.00000113","status":1,"claimedTime":1684828045000},{"poolId":33,"poolName":"BTC/USDT","assetRewards":"BNB","claimAmount":"0.00000828","status":1,"claimedTime":1684828045000},{"poolId":33,"poolName":"BTC/USDT","assetRewards":"BNB","claimAmount":"0.00000864","status":1,"claimedTime":1684745220000},{"poolId":33,"poolName":"BTC/USDT","assetRewards":"USDT","claimAmount":"0.02132679","status":1,"claimedTime":1684745220000},{"poolId":33,"poolName":"BTC/USDT","assetRewards":"BTC","claimAmount":"0.00000079","status":1,"claimedTime":1684745220000},{"poolId":33,"poolName":"BTC/USDT","assetRewards":"BNB","claimAmount":"0.00000396","status":1,"claimedTime":1684658716000},{"poolId":33,"poolName":"BTC/USDT","assetRewards":"USDT","claimAmount":"0.00823095","status":1,"claimedTime":1684658716000},{"poolId":33,"poolName":"BTC/USDT","assetRewards":"BTC","claimAmount":"0.00000037","status":1,"claimedTime":1684658716000},{"poolId":33,"poolName":"BTC/USDT","assetRewards":"BTC","claimAmount":"0.00000034","status":1,"claimedTime":1684617421000},{"poolId":33,"poolName":"BTC/USDT","assetRewards":"USDT","claimAmount":"0.00766906","status":1,"claimedTime":1684617421000},{"poolId":33,"poolName":"BTC/USDT","assetRewards":"BNB","claimAmount":"0.00000468","status":1,"claimedTime":1684617421000},{"poolId":33,"poolName":"BTC/USDT","assetRewards":"BNB","claimAmount":"0.00000648","status":1,"claimedTime":1684570840000},{"poolId":33,"poolName":"BTC/USDT","assetRewards":"BTC","claimAmount":"0.00000081","status":1,"claimedTime":1684570840000},{"poolId":33,"poolName":"BTC/USDT","assetRewards":"USDT","claimAmount":"0.02366777","status":1,"claimedTime":1684570840000},{"poolId":33,"poolName":"BTC/USDT","assetRewards":"USDT","claimAmount":"0.05202587","status":1,"claimedTime":1684507388000},{"poolId":33,"poolName":"BTC/USDT","assetRewards":"BTC","claimAmount":"0.00000206","status":1,"claimedTime":1684507388000},{"poolId":33,"poolName":"BTC/USDT","assetRewards":"BNB","claimAmount":"0.00000972","status":1,"claimedTime":1684507388000},{"poolId":33,"poolName":"BTC/USDT","assetRewards":"BTC","claimAmount":"0.00000147","status":1,"claimedTime":1684407951000},{"poolId":33,"poolName":"BTC/USDT","assetRewards":"USDT","claimAmount":"0.04376871","status":1,"claimedTime":1684407951000},{"poolId":33,"poolName":"BTC/USDT","assetRewards":"BNB","claimAmount":"0.000009","status":1,"claimedTime":1684407951000},{"poolId":33,"poolName":"BTC/USDT","assetRewards":"BNB","claimAmount":"0.00000648","status":1,"claimedTime":1684318513000},{"poolId":33,"poolName":"BTC/USDT","assetRewards":"USDT","claimAmount":"0.01836744","status":1,"claimedTime":1684318513000},{"poolId":33,"poolName":"BTC/USDT","assetRewards":"BTC","claimAmount":"0.00000077","status":1,"claimedTime":1684318513000},{"poolId":33,"poolName":"BTC/USDT","assetRewards":"BNB","claimAmount":"0.00000756","status":1,"claimedTime":1684253184000},{"poolId":33,"poolName":"BTC/USDT","assetRewards":"USDT","claimAmount":"0.03278168","status":1,"claimedTime":1684253184000},{"poolId":33,"poolName":"BTC/USDT","assetRewards":"BTC","claimAmount":"0.00000132","status":1,"claimedTime":1684253184000},{"poolId":33,"poolName":"BTC/USDT","assetRewards":"BNB","claimAmount":"0.00000216","status":1,"claimedTime":1684180513000},{"poolId":33,"poolName":"BTC/USDT","assetRewards":"USDT","claimAmount":"0.01356937","status":1,"claimedTime":1684180513000},{"poolId":33,"poolName":"BTC/USDT","assetRewards":"BTC","claimAmount":"0.00000047","status":1,"claimedTime":1684180513000},{"poolId":33,"poolName":"BTC/USDT","assetRewards":"BTC","claimAmount":"0.00000118","status":1,"claimedTime":1684157653000},{"poolId":33,"poolName":"BTC/USDT","assetRewards":"USDT","claimAmount":"0.03867997","status":1,"claimedTime":1684157653000},{"poolId":33,"poolName":"BTC/USDT","assetRewards":"BNB","claimAmount":"0.00000754","status":1,"claimedTime":1684157653000},{"poolId":33,"poolName":"BTC/USDT","assetRewards":"BTC","claimAmount":"0.00000005","status":1,"claimedTime":1684070017000},{"poolId":33,"poolName":"BTC/USDT","assetRewards":"BNB","claimAmount":"0.00000155","status":1,"claimedTime":1684070017000},{"poolId":33,"poolName":"BTC/USDT","assetRewards":"USDT","claimAmount":"0.00190866","status":1,"claimedTime":1684070017000},{"poolId":33,"poolName":"BTC/USDT","assetRewards":"BTC","claimAmount":"0.00000078","status":1,"claimedTime":1684053898000},{"poolId":33,"poolName":"BTC/USDT","assetRewards":"USDT","claimAmount":"0.0212213","status":1,"claimedTime":1684053898000},{"poolId":33,"poolName":"BTC/USDT","assetRewards":"BNB","claimAmount":"0.00000727","status":1,"claimedTime":1684053898000},{"poolId":33,"poolName":"BTC/USDT","assetRewards":"BNB","claimAmount":"0.0000033","status":1,"claimedTime":1683966128000},{"poolId":33,"poolName":"BTC/USDT","assetRewards":"USDT","claimAmount":"0.01879243","status":1,"claimedTime":1683966128000},{"poolId":33,"poolName":"BTC/USDT","assetRewards":"BTC","claimAmount":"0.00000051","status":1,"claimedTime":1683966128000},{"poolId":33,"poolName":"BTC/USDT","assetRewards":"BNB","claimAmount":"0.00000236","status":1,"claimedTime":1683926079000},{"poolId":33,"poolName":"BTC/USDT","assetRewards":"USDT","claimAmount":"0.02682629","status":1,"claimedTime":1683926079000},{"poolId":33,"poolName":"BTC/USDT","assetRewards":"BTC","claimAmount":"0.00000105","status":1,"claimedTime":1683926079000},{"poolId":33,"poolName":"BTC/USDT","assetRewards":"USDT","claimAmount":"0.00696145","status":1,"claimedTime":1683896618000},{"poolId":33,"poolName":"BTC/USDT","assetRewards":"BNB","claimAmount":"0.0000014","status":1,"claimedTime":1683896618000},{"poolId":33,"poolName":"BTC/USDT","assetRewards":"BTC","claimAmount":"0.00000023","status":1,"claimedTime":1683896618000},{"poolId":33,"poolName":"BTC/USDT","assetRewards":"USDT","claimAmount":"0.03917","status":1,"claimedTime":1683881667000},{"poolId":33,"poolName":"BTC/USDT","assetRewards":"BTC","claimAmount":"0.00000167","status":1,"claimedTime":1683881667000},{"poolId":33,"poolName":"BTC/USDT","assetRewards":"BNB","claimAmount":"0.00000448","status":1,"claimedTime":1683881667000},{"poolId":33,"poolName":"BTC/USDT","assetRewards":"BTC","claimAmount":"0.00000174","status":1,"claimedTime":1683822494000},{"poolId":33,"poolName":"BTC/USDT","assetRewards":"USDT","claimAmount":"0.04086213","status":1,"claimedTime":1683822494000},{"poolId":33,"poolName":"BTC/USDT","assetRewards":"BNB","claimAmount":"0.00000532","status":1,"claimedTime":1683822494000},{"poolId":33,"poolName":"BTC/USDT","assetRewards":"USDT","claimAmount":"0.07190641","status":1,"claimedTime":1683755422000},{"poolId":33,"poolName":"BTC/USDT","assetRewards":"BTC","claimAmount":"0.00000256","status":1,"claimedTime":1683755422000},{"poolId":33,"poolName":"BTC/USDT","assetRewards":"BNB","claimAmount":"0.000007","status":1,"claimedTime":1683755422000},{"poolId":33,"poolName":"BTC/USDT","assetRewards":"BNB","claimAmount":"0.00000644","status":1,"claimedTime":1683662842000},{"poolId":33,"poolName":"BTC/USDT","assetRewards":"BNB","claimAmount":"0.00000644","status":1,"claimedTime":1683662842000},{"poolId":33,"poolName":"BTC/USDT","assetRewards":"USDT","claimAmount":"0.03511309","status":1,"claimedTime":1683662842000},{"poolId":33,"poolName":"BTC/USDT","assetRewards":"BTC","claimAmount":"0.00000114","status":1,"claimedTime":1683662842000},{"poolId":33,"poolName":"BTC/USDT","assetRewards":"BTC","claimAmount":"0.00000131","status":1,"claimedTime":1683581876000},{"poolId":33,"poolName":"BTC/USDT","assetRewards":"BNB","claimAmount":"0.00000308","status":1,"claimedTime":1683581876000},{"poolId":33,"poolName":"BTC/USDT","assetRewards":"USDT","claimAmount":"0.03465364","status":1,"claimedTime":1683581876000},{"poolId":33,"poolName":"BTC/USDT","assetRewards":"BTC","claimAmount":"0.00000136","status":1,"claimedTime":1683541678000},{"poolId":33,"poolName":"BTC/USDT","assetRewards":"BNB","claimAmount":"0.0000042","status":1,"claimedTime":1683541678000},{"poolId":33,"poolName":"BTC/USDT","assetRewards":"USDT","claimAmount":"0.03306728","status":1,"claimedTime":1683541678000},{"poolId":33,"poolName":"BTC/USDT","assetRewards":"BNB","claimAmount":"0.00000952","status":1,"claimedTime":1683488635000},{"poolId":33,"poolName":"BTC/USDT","assetRewards":"USDT","claimAmount":"0.05005596","status":1,"claimedTime":1683488635000},{"poolId":33,"poolName":"BTC/USDT","assetRewards":"BTC","claimAmount":"0.00000169","status":1,"claimedTime":1683488635000},{"poolId":33,"poolName":"BTC/USDT","assetRewards":"BNB","claimAmount":"0.00000336","status":1,"claimedTime":1683365451000},{"poolId":33,"poolName":"BTC/USDT","assetRewards":"USDT","claimAmount":"0.01715556","status":1,"claimedTime":1683365451000},{"poolId":33,"poolName":"BTC/USDT","assetRewards":"BTC","claimAmount":"0.00000057","status":1,"claimedTime":1683365451000},{"poolId":33,"poolName":"BTC/USDT","assetRewards":"BTC","claimAmount":"0.00000118","status":1,"claimedTime":1683321390000},{"poolId":33,"poolName":"BTC/USDT","assetRewards":"BNB","claimAmount":"0.00000336","status":1,"claimedTime":1683321390000},{"poolId":33,"poolName":"BTC/USDT","assetRewards":"USDT","claimAmount":"0.03816425","status":1,"claimedTime":1683321390000},{"poolId":33,"poolName":"BTC/USDT","assetRewards":"BTC","claimAmount":"0.00000159","status":1,"claimedTime":1683277438000},{"poolId":33,"poolName":"BTC/USDT","assetRewards":"USDT","claimAmount":"0.04672738","status":1,"claimedTime":1683277438000},{"poolId":33,"poolName":"BTC/USDT","assetRewards":"BNB","claimAmount":"0.000007","status":1,"claimedTime":1683277438000},{"poolId":33,"poolName":"BTC/USDT","assetRewards":"USDT","claimAmount":"0.01675679","status":1,"claimedTime":1683188168000},{"poolId":33,"poolName":"BTC/USDT","assetRewards":"BTC","claimAmount":"0.00000052","status":1,"claimedTime":1683188168000},{"poolId":33,"poolName":"BTC/USDT","assetRewards":"BNB","claimAmount":"0.0000028","status":1,"claimedTime":1683188168000},{"poolId":33,"poolName":"BTC/USDT","assetRewards":"USDT","claimAmount":"0.04257429","status":1,"claimedTime":1683152076000},{"poolId":33,"poolName":"BTC/USDT","assetRewards":"BNB","claimAmount":"0.00000168","status":1,"claimedTime":1683152076000},{"poolId":33,"poolName":"BTC/USDT","assetRewards":"BTC","claimAmount":"0.00000144","status":1,"claimedTime":1683152076000},{"poolId":33,"poolName":"BTC/USDT","assetRewards":"USDT","claimAmount":"0.0306061","status":1,"claimedTime":1683131421000},{"poolId":33,"poolName":"BTC/USDT","assetRewards":"BTC","claimAmount":"0.00000115","status":1,"claimedTime":1683131421000},{"poolId":33,"poolName":"BTC/USDT","assetRewards":"BNB","claimAmount":"0.00000532","status":1,"claimedTime":1683131421000},{"poolId":33,"poolName":"BTC/USDT","assetRewards":"USDT","claimAmount":"0.09055734","status":1,"claimedTime":1683063079000},{"poolId":33,"poolName":"BTC/USDT","assetRewards":"BNB","claimAmount":"0.00001038","status":1,"claimedTime":1683063079000},{"poolId":33,"poolName":"BTC/USDT","assetRewards":"BTC","claimAmount":"0.00000303","status":1,"claimedTime":1683063079000},{"poolId":33,"poolName":"BTC/USDT","assetRewards":"BTC","claimAmount":"0.00000199","status":1,"claimedTime":1682926198000},{"poolId":33,"poolName":"BTC/USDT","assetRewards":"BNB","claimAmount":"0.00000644","status":1,"claimedTime":1682926198000},{"poolId":33,"poolName":"BTC/USDT","assetRewards":"USDT","claimAmount":"0.05621989","status":1,"claimedTime":1682926198000},{"poolId":33,"poolName":"BTC/USDT","assetRewards":"USDT","claimAmount":"0.01295481","status":1,"claimedTime":1682844681000},{"poolId":33,"poolName":"BTC/USDT","assetRewards":"BNB","claimAmount":"0.000007","status":1,"claimedTime":1682844681000},{"poolId":33,"poolName":"BTC/USDT","assetRewards":"BTC","claimAmount":"0.0000004","status":1,"claimedTime":1682844681000},{"poolId":33,"poolName":"BTC/USDT","assetRewards":"BNB","claimAmount":"0.0000068","status":1,"claimedTime":1682754226000},{"poolId":33,"poolName":"BTC/USDT","assetRewards":"USDT","claimAmount":"0.04147226","status":1,"claimedTime":1682754226000},{"poolId":33,"poolName":"BTC/USDT","assetRewards":"BTC","claimAmount":"0.00000137","status":1,"claimedTime":1682754226000},{"poolId":33,"poolName":"BTC/USDT","assetRewards":"BNB","claimAmount":"0.00000243","status":1,"claimedTime":1682664233000},{"poolId":33,"poolName":"BTC/USDT","assetRewards":"USDT","claimAmount":"0.0169966","status":1,"claimedTime":1682664233000},{"poolId":33,"poolName":"BTC/USDT","assetRewards":"BTC","claimAmount":"0.00000059","status":1,"claimedTime":1682664233000},{"poolId":33,"poolName":"BTC/USDT","assetRewards":"BTC","claimAmount":"0.00000132","status":1,"claimedTime":1682631100000},{"poolId":33,"poolName":"BTC/USDT","assetRewards":"USDT","claimAmount":"0.04373275","status":1,"claimedTime":1682631100000},{"poolId":33,"poolName":"BTC/USDT","assetRewards":"BNB","claimAmount":"0.00000189","status":1,"claimedTime":1682631100000},{"poolId":33,"poolName":"BTC/USDT","assetRewards":"BNB","claimAmount":"0.00000699","status":1,"claimedTime":1682607190000},{"poolId":33,"poolName":"BTC/USDT","assetRewards":"BTC","claimAmount":"0.00000584","status":1,"claimedTime":1682607190000},{"poolId":33,"poolName":"BTC/USDT","assetRewards":"USDT","claimAmount":"0.15959065","status":1,"claimedTime":1682607190000},{"poolId":33,"poolName":"BTC/USDT","assetRewards":"BTC","claimAmount":"0.00000074","status":1,"claimedTime":1682514259000},{"poolId":33,"poolName":"BTC/USDT","assetRewards":"BNB","claimAmount":"0.0000014","status":1,"claimedTime":1682514259000},{"poolId":33,"poolName":"BTC/USDT","assetRewards":"USDT","claimAmount":"0.03119276","status":1,"claimedTime":1682514259000},{"poolId":33,"poolName":"BTC/USDT","assetRewards":"USDT","claimAmount":"0.01797591","status":1,"claimedTime":1682496343000},{"poolId":33,"poolName":"BTC/USDT","assetRewards":"BNB","claimAmount":"0.00000308","status":1,"claimedTime":1682496343000},{"poolId":33,"poolName":"BTC/USDT","assetRewards":"BTC","claimAmount":"0.0000005","status":1,"claimedTime":1682496343000},{"poolId":33,"poolName":"BTC/USDT","assetRewards":"USDT","claimAmount":"0.02108845","status":1,"claimedTime":1682457957000},{"poolId":33,"poolName":"BTC/USDT","assetRewards":"BTC","claimAmount":"0.00000063","status":1,"claimedTime":1682457957000},{"poolId":33,"poolName":"BTC/USDT","assetRewards":"BNB","claimAmount":"0.00000224","status":1,"claimedTime":1682457957000},{"poolId":33,"poolName":"BTC/USDT","assetRewards":"BNB","claimAmount":"0.00000448","status":1,"claimedTime":1682429126000},{"poolId":33,"poolName":"BTC/USDT","assetRewards":"BTC","claimAmount":"0.00000075","status":1,"claimedTime":1682429126000},{"poolId":33,"poolName":"BTC/USDT","assetRewards":"USDT","claimAmount":"0.01986994","status":1,"claimedTime":1682429126000},{"poolId":33,"poolName":"BTC/USDT","assetRewards":"BNB","claimAmount":"0.00000308","status":1,"claimedTime":1682372060000},{"poolId":33,"poolName":"BTC/USDT","assetRewards":"BTC","claimAmount":"0.00000101","status":1,"claimedTime":1682372060000},{"poolId":33,"poolName":"BTC/USDT","assetRewards":"USDT","claimAmount":"0.03127627","status":1,"claimedTime":1682372060000},{"poolId":33,"poolName":"BTC/USDT","assetRewards":"BTC","claimAmount":"0.0000015","status":1,"claimedTime":1682330463000},{"poolId":33,"poolName":"BTC/USDT","assetRewards":"BNB","claimAmount":"0.00000588","status":1,"claimedTime":1682330463000},{"poolId":33,"poolName":"BTC/USDT","assetRewards":"USDT","claimAmount":"0.03345223","status":1,"claimedTime":1682330463000},{"poolId":33,"poolName":"BTC/USDT","assetRewards":"BNB","claimAmount":"0.00001092","status":1,"claimedTime":1682255554000},{"poolId":33,"poolName":"BTC/USDT","assetRewards":"USDT","claimAmount":"0.0414432","status":1,"claimedTime":1682255554000},{"poolId":33,"poolName":"BTC/USDT","assetRewards":"BTC","claimAmount":"0.00000185","status":1,"claimedTime":1682255554000},{"poolId":33,"poolName":"BTC/USDT","assetRewards":"BNB","claimAmount":"0.00000676","status":1,"claimedTime":1682115557000},{"poolId":33,"poolName":"BTC/USDT","assetRewards":"USDT","claimAmount":"0.05475593","status":1,"claimedTime":1682115557000},{"poolId":33,"poolName":"BTC/USDT","assetRewards":"BTC","claimAmount":"0.00000244","status":1,"claimedTime":1682115557000},{"poolId":33,"poolName":"BTC/USDT","assetRewards":"USDT","claimAmount":"0.08325536","status":1,"claimedTime":1682025935000},{"poolId":33,"poolName":"BTC/USDT","assetRewards":"BTC","claimAmount":"0.00000352","status":1,"claimedTime":1682025935000},{"poolId":33,"poolName":"BTC/USDT","assetRewards":"BNB","claimAmount":"0.00000648","status":1,"claimedTime":1682025935000},{"poolId":33,"poolName":"BTC/USDT","assetRewards":"USDT","claimAmount":"0.00153176","status":1,"claimedTime":1681939984000},{"poolId":33,"poolName":"BTC/USDT","assetRewards":"BNB","claimAmount":"0.00000027","status":1,"claimedTime":1681939984000},{"poolId":33,"poolName":"BTC/USDT","assetRewards":"BTC","claimAmount":"0.00000006","status":1,"claimedTime":1681939984000},{"poolId":33,"poolName":"BTC/USDT","assetRewards":"BTC","claimAmount":"0.00000275","status":1,"claimedTime":1681936862000},{"poolId":33,"poolName":"BTC/USDT","assetRewards":"USDT","claimAmount":"0.06401005","status":1,"claimedTime":1681936862000},{"poolId":33,"poolName":"BTC/USDT","assetRewards":"BNB","claimAmount":"0.00000652","status":1,"claimedTime":1681936862000},{"poolId":33,"poolName":"BTC/USDT","assetRewards":"BTC","claimAmount":"0.00000139","status":1,"claimedTime":1681850008000},{"poolId":33,"poolName":"BTC/USDT","assetRewards":"USDT","claimAmount":"0.03485918","status":1,"claimedTime":1681850008000},{"poolId":33,"poolName":"BTC/USDT","assetRewards":"BNB","claimAmount":"0.00000616","status":1,"claimedTime":1681850008000},{"poolId":33,"poolName":"BTC/USDT","assetRewards":"BNB","claimAmount":"0.0000028","status":1,"claimedTime":1681771185000},{"poolId":33,"poolName":"BTC/USDT","assetRewards":"BTC","claimAmount":"0.00000075","status":1,"claimedTime":1681771185000},{"poolId":33,"poolName":"BTC/USDT","assetRewards":"USDT","claimAmount":"0.01505204","status":1,"claimedTime":1681771185000},{"poolId":33,"poolName":"BTC/USDT","assetRewards":"BNB","claimAmount":"0.00000336","status":1,"claimedTime":1681733497000},{"poolId":33,"poolName":"BTC/USDT","assetRewards":"USDT","claimAmount":"0.02105762","status":1,"claimedTime":1681733497000},{"poolId":33,"poolName":"BTC/USDT","assetRewards":"BTC","claimAmount":"0.00000132","status":1,"claimedTime":1681733497000},{"poolId":33,"poolName":"BTC/USDT","assetRewards":"BNB","claimAmount":"0.00000308","status":1,"claimedTime":1681690912000},{"poolId":33,"poolName":"BTC/USDT","assetRewards":"BTC","claimAmount":"0.00000051","status":1,"claimedTime":1681690912000},{"poolId":33,"poolName":"BTC/USDT","assetRewards":"USDT","claimAmount":"0.01063688","status":1,"claimedTime":1681690912000},{"poolId":33,"poolName":"BTC/USDT","assetRewards":"BTC","claimAmount":"0.00000043","status":1,"claimedTime":1681652755000},{"poolId":33,"poolName":"BTC/USDT","assetRewards":"USDT","claimAmount":"0.00636659","status":1,"claimedTime":1681652755000},{"poolId":33,"poolName":"BTC/USDT","assetRewards":"BNB","claimAmount":"0.0000042","status":1,"claimedTime":1681652755000},{"poolId":33,"poolName":"BTC/USDT","assetRewards":"BNB","claimAmount":"0.00000336","status":1,"claimedTime":1681597170000},{"poolId":33,"poolName":"BTC/USDT","assetRewards":"BNB","claimAmount":"0.00000336","status":1,"claimedTime":1681597170000},{"poolId":33,"poolName":"BTC/USDT","assetRewards":"USDT","claimAmount":"0.00628935","status":1,"claimedTime":1681597170000},{"poolId":33,"poolName":"BTC/USDT","assetRewards":"BTC","claimAmount":"0.00000046","status":1,"claimedTime":1681597170000},{"poolId":33,"poolName":"BTC/USDT","assetRewards":"USDT","claimAmount":"0.03523259","status":1,"claimedTime":1681556252000},{"poolId":33,"poolName":"BTC/USDT","assetRewards":"BNB","claimAmount":"0.00000667","status":1,"claimedTime":1681556252000},{"poolId":33,"poolName":"BTC/USDT","assetRewards":"BTC","claimAmount":"0.00000174","status":1,"claimedTime":1681556252000},{"poolId":33,"poolName":"BTC/USDT","assetRewards":"BTC","claimAmount":"0.00000078","status":1,"claimedTime":1681470004000},{"poolId":33,"poolName":"BTC/USDT","assetRewards":"BNB","claimAmount":"0.00000299","status":1,"claimedTime":1681470004000},{"poolId":33,"poolName":"BTC/USDT","assetRewards":"USDT","claimAmount":"0.02405704","status":1,"claimedTime":1681470004000},{"poolId":33,"poolName":"BTC/USDT","assetRewards":"BNB","claimAmount":"0.00000351","status":1,"claimedTime":1681426895000},{"poolId":33,"poolName":"BTC/USDT","assetRewards":"BTC","claimAmount":"0.00000083","status":1,"claimedTime":1681426895000},{"poolId":33,"poolName":"BTC/USDT","assetRewards":"USDT","claimAmount":"0.01916382","status":1,"claimedTime":1681426895000},{"poolId":33,"poolName":"BTC/USDT","assetRewards":"USDT","claimAmount":"0.03168689","status":1,"claimedTime":1681381222000},{"poolId":33,"poolName":"BTC/USDT","assetRewards":"BTC","claimAmount":"0.00000127","status":1,"claimedTime":1681381222000},{"poolId":33,"poolName":"BTC/USDT","assetRewards":"BNB","claimAmount":"0.00000513","status":1,"claimedTime":1681381222000},{"poolId":33,"poolName":"BTC/USDT","assetRewards":"BTC","claimAmount":"0.00000051","status":1,"claimedTime":1681315099000},{"poolId":33,"poolName":"BTC/USDT","assetRewards":"BNB","claimAmount":"0.00000108","status":1,"claimedTime":1681315099000},{"poolId":33,"poolName":"BTC/USDT","assetRewards":"USDT","claimAmount":"0.01580252","status":1,"claimedTime":1681315099000},{"poolId":33,"poolName":"BTC/USDT","assetRewards":"BTC","claimAmount":"0.00000068","status":1,"claimedTime":1681297621000},{"poolId":33,"poolName":"BTC/USDT","assetRewards":"USDT","claimAmount":"0.01465537","status":1,"claimedTime":1681297621000},{"poolId":33,"poolName":"BTC/USDT","assetRewards":"BNB","claimAmount":"0.00000351","status":1,"claimedTime":1681297621000},{"poolId":33,"poolName":"BTC/USDT","assetRewards":"BTC","claimAmount":"0.00000372","status":1,"claimedTime":1681253090000},{"poolId":33,"poolName":"BTC/USDT","assetRewards":"BNB","claimAmount":"0.00000837","status":1,"claimedTime":1681253090000},{"poolId":33,"poolName":"BTC/USDT","assetRewards":"USDT","claimAmount":"0.10194719","status":1,"claimedTime":1681253090000},{"poolId":33,"poolName":"BTC/USDT","assetRewards":"BNB","claimAmount":"0.00000756","status":1,"claimedTime":1681141566000},{"poolId":33,"poolName":"BTC/USDT","assetRewards":"USDT","claimAmount":"0.02389667","status":1,"claimedTime":1681141566000},{"poolId":33,"poolName":"BTC/USDT","assetRewards":"BTC","claimAmount":"0.0000011","status":1,"claimedTime":1681141566000},{"poolId":33,"poolName":"BTC/USDT","assetRewards":"USDT","claimAmount":"0.00038492","status":1,"claimedTime":1681039035000},{"poolId":33,"poolName":"BTC/USDT","assetRewards":"BTC","claimAmount":"0.00000002","status":1,"claimedTime":1681039035000},{"poolId":33,"poolName":"BTC/USDT","assetRewards":"BNB","claimAmount":"0.00000026","status":1,"claimedTime":1681039035000},{"poolId":33,"poolName":"BTC/USDT","assetRewards":"BNB","claimAmount":"0.00000139","status":1,"claimedTime":1681032361000},{"poolId":33,"poolName":"BTC/USDT","assetRewards":"BTC","claimAmount":"0.00000011","status":1,"claimedTime":1681032361000},{"poolId":33,"poolName":"BTC/USDT","assetRewards":"USDT","claimAmount":"0.00211424","status":1,"claimedTime":1681032361000},{"poolId":33,"poolName":"BTC/USDT","assetRewards":"BTC","claimAmount":"0.00000009","status":1,"claimedTime":1680992772000},{"poolId":33,"poolName":"BTC/USDT","assetRewards":"USDT","claimAmount":"0.00152919","status":1,"claimedTime":1680992772000},{"poolId":33,"poolName":"BTC/USDT","assetRewards":"BNB","claimAmount":"0.00000132","status":1,"claimedTime":1680992772000},{"poolId":33,"poolName":"BTC/USDT","assetRewards":"BTC","claimAmount":"0.00000033","status":1,"claimedTime":1680953654000},{"poolId":33,"poolName":"BTC/USDT","assetRewards":"USDT","claimAmount":"0.00808842","status":1,"claimedTime":1680953654000},{"poolId":33,"poolName":"BTC/USDT","assetRewards":"BNB","claimAmount":"0.00000336","status":1,"claimedTime":1680953654000},{"poolId":33,"poolName":"BTC/USDT","assetRewards":"BNB","claimAmount":"0.00000132","status":1,"claimedTime":1680851854000},{"poolId":33,"poolName":"BTC/USDT","assetRewards":"USDT","claimAmount":"0.00285012","status":1,"claimedTime":1680851854000},{"poolId":33,"poolName":"BTC/USDT","assetRewards":"BTC","claimAmount":"0.00000014","status":1,"claimedTime":1680851854000},{"poolId":33,"poolName":"BTC/USDT","assetRewards":"BTC","claimAmount":"0.00000006","status":1,"claimedTime":1680814838000},{"poolId":33,"poolName":"BTC/USDT","assetRewards":"USDT","claimAmount":"0.00130246","status":1,"claimedTime":1680814838000},{"poolId":33,"poolName":"BTC/USDT","assetRewards":"BNB","claimAmount":"0.00000048","status":1,"claimedTime":1680814838000},{"poolId":33,"poolName":"BTC/USDT","assetRewards":"BTC","claimAmount":"0.00000003","status":1,"claimedTime":1680799217000},{"poolId":33,"poolName":"BTC/USDT","assetRewards":"BNB","claimAmount":"0.00000012","status":1,"claimedTime":1680799217000},{"poolId":33,"poolName":"BTC/USDT","assetRewards":"USDT","claimAmount":"0.00115336","status":1,"claimedTime":1680799217000},{"poolId":33,"poolName":"BTC/USDT","assetRewards":"BNB","claimAmount":"0.00000036","status":1,"claimedTime":1680794103000},{"poolId":33,"poolName":"BTC/USDT","assetRewards":"USDT","claimAmount":"0.00268537","status":1,"claimedTime":1680794103000},{"poolId":33,"poolName":"BTC/USDT","assetRewards":"BTC","claimAmount":"0.0000001","status":1,"claimedTime":1680794103000},{"poolId":33,"poolName":"BTC/USDT","assetRewards":"BNB","claimAmount":"0.00000056","status":1,"claimedTime":1680782978000},{"poolId":33,"poolName":"BTC/USDT","assetRewards":"USDT","claimAmount":"0.00381882","status":1,"claimedTime":1680782978000},{"poolId":33,"poolName":"BTC/USDT","assetRewards":"BTC","claimAmount":"0.00000017","status":1,"claimedTime":1680782978000},{"poolId":33,"poolName":"BTC/USDT","assetRewards":"USDT","claimAmount":"0.04817494","status":1,"claimedTime":1680776732000},{"poolId":33,"poolName":"BTC/USDT","assetRewards":"BNB","claimAmount":"0.000007","status":1,"claimedTime":1680776732000},{"poolId":33,"poolName":"BTC/USDT","assetRewards":"BTC","claimAmount":"0.0000021","status":1,"claimedTime":1680776732000},{"poolId":33,"poolName":"BTC/USDT","assetRewards":"BNB","claimAmount":"0.00000364","status":1,"claimedTime":1680686522000},{"poolId":33,"poolName":"BTC/USDT","assetRewards":"BTC","claimAmount":"0.00000089","status":1,"claimedTime":1680686522000},{"poolId":33,"poolName":"BTC/USDT","assetRewards":"USDT","claimAmount":"0.02284709","status":1,"claimedTime":1680686522000},{"poolId":33,"poolName":"BTC/USDT","assetRewards":"USDT","claimAmount":"0.02470771","status":1,"claimedTime":1680641878000},{"poolId":33,"poolName":"BTC/USDT","assetRewards":"BNB","claimAmount":"0.0000028","status":1,"claimedTime":1680641878000},{"poolId":33,"poolName":"BTC/USDT","assetRewards":"BTC","claimAmount":"0.00000103","status":1,"claimedTime":1680641878000},{"poolId":33,"poolName":"BTC/USDT","assetRewards":"BTC","claimAmount":"0.00000153","status":1,"claimedTime":1680602777000},{"poolId":33,"poolName":"BTC/USDT","assetRewards":"BNB","claimAmount":"0.0000042","status":1,"claimedTime":1680602777000},{"poolId":33,"poolName":"BTC/USDT","assetRewards":"USDT","claimAmount":"0.0382747","status":1,"claimedTime":1680602777000},{"poolId":33,"poolName":"BTC/USDT","assetRewards":"USDT","claimAmount":"0.0047593","status":1,"claimedTime":1680551457000},{"poolId":33,"poolName":"BTC/USDT","assetRewards":"BNB","claimAmount":"0.00000028","status":1,"claimedTime":1680551457000},{"poolId":33,"poolName":"BTC/USDT","assetRewards":"BTC","claimAmount":"0.00000017","status":1,"claimedTime":1680551457000},{"poolId":33,"poolName":"BTC/USDT","assetRewards":"BNB","claimAmount":"0.00000084","status":1,"claimedTime":1680545384000},{"poolId":33,"poolName":"BTC/USDT","assetRewards":"USDT","claimAmount":"0.00625382","status":1,"claimedTime":1680545384000},{"poolId":33,"poolName":"BTC/USDT","assetRewards":"BTC","claimAmount":"0.00000026","status":1,"claimedTime":1680545384000},{"poolId":33,"poolName":"BTC/USDT","assetRewards":"BNB","claimAmount":"0.00000532","status":1,"claimedTime":1680536388000},{"poolId":33,"poolName":"BTC/USDT","assetRewards":"USDT","claimAmount":"0.04417486","status":1,"claimedTime":1680536388000},{"poolId":33,"poolName":"BTC/USDT","assetRewards":"BTC","claimAmount":"0.00000178","status":1,"claimedTime":1680536388000},{"poolId":33,"poolName":"BTC/USDT","assetRewards":"BNB","claimAmount":"0.0000061","status":1,"claimedTime":1680466432000},{"poolId":33,"poolName":"BTC/USDT","assetRewards":"BTC","claimAmount":"0.00000103","status":1,"claimedTime":1680466432000},{"poolId":33,"poolName":"BTC/USDT","assetRewards":"USDT","claimAmount":"0.01873843","status":1,"claimedTime":1680466432000},{"poolId":33,"poolName":"BTC/USDT","assetRewards":"BTC","claimAmount":"0.00000104","status":1,"claimedTime":1680388352000},{"poolId":33,"poolName":"BTC/USDT","assetRewards":"USDT","claimAmount":"0.02098771","status":1,"claimedTime":1680388352000},{"poolId":33,"poolName":"BTC/USDT","assetRewards":"BNB","claimAmount":"0.00000648","status":1,"claimedTime":1680388352000},{"poolId":33,"poolName":"BTC/USDT","assetRewards":"USDT","claimAmount":"0.06765448","status":1,"claimedTime":1680300199000},{"poolId":33,"poolName":"BTC/USDT","assetRewards":"BNB","claimAmount":"0.00000715","status":1,"claimedTime":1680300199000},{"poolId":33,"poolName":"BTC/USDT","assetRewards":"BTC","claimAmount":"0.00000249","status":1,"claimedTime":1680300199000},{"poolId":33,"poolName":"BTC/USDT","assetRewards":"USDT","claimAmount":"0.06553055","status":1,"claimedTime":1680204585000},{"poolId":33,"poolName":"BTC/USDT","assetRewards":"BNB","claimAmount":"0.00000546","status":1,"claimedTime":1680204585000},{"poolId":33,"poolName":"BTC/USDT","assetRewards":"BTC","claimAmount":"0.00000257","status":1,"claimedTime":1680204585000},{"poolId":33,"poolName":"BTC/USDT","assetRewards":"USDT","claimAmount":"0.00139879","status":1,"claimedTime":1680128126000},{"poolId":33,"poolName":"BTC/USDT","assetRewards":"BTC","claimAmount":"0.00000008","status":1,"claimedTime":1680128126000},{"poolId":33,"poolName":"BTC/USDT","assetRewards":"BNB","claimAmount":"0.00000338","status":1,"claimedTime":1680127323000},{"poolId":33,"poolName":"BTC/USDT","assetRewards":"USDT","claimAmount":"0.02687279","status":1,"claimedTime":1680127323000},{"poolId":33,"poolName":"BTC/USDT","assetRewards":"BTC","claimAmount":"0.0000011","status":1,"claimedTime":1680127323000},{"poolId":33,"poolName":"BTC/USDT","assetRewards":"BNB","claimAmount":"0.00000416","status":1,"claimedTime":1680083332000},{"poolId":33,"poolName":"BTC/USDT","assetRewards":"USDT","claimAmount":"0.05125947","status":1,"claimedTime":1680083332000},{"poolId":33,"poolName":"BTC/USDT","assetRewards":"BTC","claimAmount":"0.00000144","status":1,"claimedTime":1680083332000},{"poolId":33,"poolName":"BTC/USDT","assetRewards":"BNB","claimAmount":"0.0000049","status":1,"claimedTime":1680024083000},{"poolId":33,"poolName":"BTC/USDT","assetRewards":"BTC","claimAmount":"0.0000016","status":1,"claimedTime":1680024083000},{"poolId":33,"poolName":"BTC/USDT","assetRewards":"USDT","claimAmount":"0.03753385","status":1,"claimedTime":1680024083000},{"poolId":33,"poolName":"BTC/USDT","assetRewards":"USDT","claimAmount":"0.05949891","status":1,"claimedTime":1679956293000},{"poolId":33,"poolName":"BTC/USDT","assetRewards":"BTC","claimAmount":"0.00000252","status":1,"claimedTime":1679956293000},{"poolId":33,"poolName":"BTC/USDT","assetRewards":"USDT","claimAmount":"0.05949891","status":1,"claimedTime":1679956293000},{"poolId":33,"poolName":"BTC/USDT","assetRewards":"BTC","claimAmount":"0.00000252","status":1,"claimedTime":1679956293000},{"poolId":33,"poolName":"BTC/USDT","assetRewards":"BNB","claimAmount":"0.00000608","status":1,"claimedTime":1679956293000},{"poolId":33,"poolName":"BTC/USDT","assetRewards":"BTC","claimAmount":"0.00000112","status":1,"claimedTime":1679865874000},{"poolId":33,"poolName":"BTC/USDT","assetRewards":"BNB","claimAmount":"0.00000504","status":1,"claimedTime":1679865874000},{"poolId":33,"poolName":"BTC/USDT","assetRewards":"USDT","claimAmount":"0.02769092","status":1,"claimedTime":1679865874000},{"poolId":33,"poolName":"BTC/USDT","assetRewards":"BTC","claimAmount":"0.00000103","status":1,"claimedTime":1679789336000},{"poolId":33,"poolName":"BTC/USDT","assetRewards":"USDT","claimAmount":"0.02288376","status":1,"claimedTime":1679789336000},{"poolId":33,"poolName":"BTC/USDT","assetRewards":"BNB","claimAmount":"0.00000312","status":1,"claimedTime":1679789336000},{"poolId":33,"poolName":"BTC/USDT","assetRewards":"USDT","claimAmount":"0.04895402","status":1,"claimedTime":1679744976000},{"poolId":33,"poolName":"BTC/USDT","assetRewards":"BNB","claimAmount":"0.0000048","status":1,"claimedTime":1679744976000},{"poolId":33,"poolName":"BTC/USDT","assetRewards":"BTC","claimAmount":"0.0000022","status":1,"claimedTime":1679744976000},{"poolId":33,"poolName":"BTC/USDT","assetRewards":"BTC","claimAmount":"0.00000133","status":1,"claimedTime":1679670805000},{"poolId":33,"poolName":"BTC/USDT","assetRewards":"BNB","claimAmount":"0.00000432","status":1,"claimedTime":1679670805000},{"poolId":33,"poolName":"BTC/USDT","assetRewards":"USDT","claimAmount":"0.03005467","status":1,"claimedTime":1679670805000},{"poolId":33,"poolName":"BTC/USDT","assetRewards":"BTC","claimAmount":"0.00000292","status":1,"claimedTime":1679607873000},{"poolId":33,"poolName":"BTC/USDT","assetRewards":"BNB","claimAmount":"0.00000504","status":1,"claimedTime":1679607873000},{"poolId":33,"poolName":"BTC/USDT","assetRewards":"USDT","claimAmount":"0.08099532","status":1,"claimedTime":1679607873000},{"poolId":33,"poolName":"BTC/USDT","assetRewards":"BTC","claimAmount":"0.00000505","status":1,"claimedTime":1679529731000},{"poolId":33,"poolName":"BTC/USDT","assetRewards":"USDT","claimAmount":"0.13057816","status":1,"claimedTime":1679529731000},{"poolId":33,"poolName":"BTC/USDT","assetRewards":"BNB","claimAmount":"0.00000288","status":1,"claimedTime":1679529731000},{"poolId":33,"poolName":"BTC/USDT","assetRewards":"BNB","claimAmount":"0.00000384","status":1,"claimedTime":1679486739000},{"poolId":33,"poolName":"BTC/USDT","assetRewards":"USDT","claimAmount":"0.02811215","status":1,"claimedTime":1679486739000},{"poolId":33,"poolName":"BTC/USDT","assetRewards":"BTC","claimAmount":"0.00000118","status":1,"claimedTime":1679486739000},{"poolId":33,"poolName":"BTC/USDT","assetRewards":"USDT","claimAmount":"0.05125111","status":1,"claimedTime":1679431471000},{"poolId":33,"poolName":"BTC/USDT","assetRewards":"BTC","claimAmount":"0.00000195","status":1,"claimedTime":1679431471000},{"poolId":33,"poolName":"BTC/USDT","assetRewards":"BNB","claimAmount":"0.00000216","status":1,"claimedTime":1679431471000},{"poolId":33,"poolName":"BTC/USDT","assetRewards":"BNB","claimAmount":"0.00000336","status":1,"claimedTime":1679397961000},{"poolId":33,"poolName":"BTC/USDT","assetRewards":"BTC","claimAmount":"0.00000259","status":1,"claimedTime":1679397961000},{"poolId":33,"poolName":"BTC/USDT","assetRewards":"USDT","claimAmount":"0.06463245","status":1,"claimedTime":1679397961000},{"poolId":33,"poolName":"BTC/USDT","assetRewards":"USDT","claimAmount":"0.07372788","status":1,"claimedTime":1679348093000},{"poolId":33,"poolName":"BTC/USDT","assetRewards":"BNB","claimAmount":"0.00000144","status":1,"claimedTime":1679348093000},{"poolId":33,"poolName":"BTC/USDT","assetRewards":"BTC","claimAmount":"0.00000298","status":1,"claimedTime":1679348093000},{"poolId":33,"poolName":"BTC/USDT","assetRewards":"BNB","claimAmount":"0.00000405","status":1,"claimedTime":1679324621000},{"poolId":33,"poolName":"BTC/USDT","assetRewards":"BTC","claimAmount":"0.00000728","status":1,"claimedTime":1679324621000},{"poolId":33,"poolName":"BTC/USDT","assetRewards":"USDT","claimAmount":"0.18747514","status":1,"claimedTime":1679324621000},{"poolId":33,"poolName":"BTC/USDT","assetRewards":"BTC","claimAmount":"0.00000733","status":1,"claimedTime":1679266674000},{"poolId":33,"poolName":"BTC/USDT","assetRewards":"BNB","claimAmount":"0.00000552","status":1,"claimedTime":1679266674000},{"poolId":33,"poolName":"BTC/USDT","assetRewards":"USDT","claimAmount":"0.19297","status":1,"claimedTime":1679266674000},{"poolId":33,"poolName":"BTC/USDT","assetRewards":"BTC","claimAmount":"0.00000534","status":1,"claimedTime":1679179653000},{"poolId":33,"poolName":"BTC/USDT","assetRewards":"BNB","claimAmount":"0.00000299","status":1,"claimedTime":1679179653000},{"poolId":33,"poolName":"BTC/USDT","assetRewards":"USDT","claimAmount":"0.14668988","status":1,"claimedTime":1679179653000},{"poolId":33,"poolName":"BTC/USDT","assetRewards":"BNB","claimAmount":"0.00000023","status":1,"claimedTime":1679132986000},{"poolId":33,"poolName":"BTC/USDT","assetRewards":"BTC","claimAmount":"0.00000041","status":1,"claimedTime":1679132986000},{"poolId":33,"poolName":"BTC/USDT","assetRewards":"USDT","claimAmount":"0.00884252","status":1,"claimedTime":1679132986000},{"poolId":33,"poolName":"BTC/USDT","assetRewards":"BTC","claimAmount":"0.00000327","status":1,"claimedTime":1679127016000},{"poolId":33,"poolName":"BTC/USDT","assetRewards":"BNB","claimAmount":"0.00000184","status":1,"claimedTime":1679127016000},{"poolId":33,"poolName":"BTC/USDT","assetRewards":"USDT","claimAmount":"0.07778817","status":1,"claimedTime":1679127016000},{"poolId":33,"poolName":"BTC/USDT","assetRewards":"USDT","claimAmount":"0.29767186","status":1,"claimedTime":1679098125000},{"poolId":33,"poolName":"BTC/USDT","assetRewards":"BNB","claimAmount":"0.00000414","status":1,"claimedTime":1679098125000},{"poolId":33,"poolName":"BTC/USDT","assetRewards":"BTC","claimAmount":"0.00001079","status":1,"claimedTime":1679098125000},{"poolId":33,"poolName":"BTC/USDT","assetRewards":"BNB","claimAmount":"0.00000207","status":1,"claimedTime":1679034534000},{"poolId":33,"poolName":"BTC/USDT","assetRewards":"USDT","claimAmount":"0.09627527","status":1,"claimedTime":1679034534000},{"poolId":33,"poolName":"BTC/USDT","assetRewards":"BTC","claimAmount":"0.00000343","status":1,"claimedTime":1679034534000},{"poolId":33,"poolName":"BTC/USDT","assetRewards":"BNB","claimAmount":"0.00000138","status":1,"claimedTime":1679003407000},{"poolId":33,"poolName":"BTC/USDT","assetRewards":"USDT","claimAmount":"0.05404963","status":1,"claimedTime":1679003407000},{"poolId":33,"poolName":"BTC/USDT","assetRewards":"BTC","claimAmount":"0.00000241","status":1,"claimedTime":1679003407000},{"poolId":33,"poolName":"BTC/USDT","assetRewards":"BNB","claimAmount":"0.00000414","status":1,"claimedTime":1678982193000},{"poolId":33,"poolName":"BTC/USDT","assetRewards":"USDT","claimAmount":"0.14204776","status":1,"claimedTime":1678982193000},{"poolId":33,"poolName":"BTC/USDT","assetRewards":"BTC","claimAmount":"0.00000575","status":1,"claimedTime":1678982193000},{"poolId":33,"poolName":"BTC/USDT","assetRewards":"USDT","claimAmount":"0.25155855","status":1,"claimedTime":1678916856000},{"poolId":33,"poolName":"BTC/USDT","assetRewards":"BTC","claimAmount":"0.00001099","status":1,"claimedTime":1678916856000},{"poolId":33,"poolName":"BTC/USDT","assetRewards":"BNB","claimAmount":"0.00000345","status":1,"claimedTime":1678916856000},{"poolId":33,"poolName":"BTC/USDT","assetRewards":"BTC","claimAmount":"0.00000868","status":1,"claimedTime":1678860650000},{"poolId":33,"poolName":"BTC/USDT","assetRewards":"USDT","claimAmount":"0.20298103","status":1,"claimedTime":1678860650000},{"poolId":33,"poolName":"BTC/USDT","assetRewards":"BNB","claimAmount":"0.00000253","status":1,"claimedTime":1678860650000},{"poolId":33,"poolName":"BTC/USDT","assetRewards":"BNB","claimAmount":"0.00000138","status":1,"claimedTime":1678823277000},{"poolId":33,"poolName":"BTC/USDT","assetRewards":"USDT","claimAmount":"0.12743965","status":1,"claimedTime":1678823277000},{"poolId":33,"poolName":"BTC/USDT","assetRewards":"BTC","claimAmount":"0.00000567","status":1,"claimedTime":1678823277000},{"poolId":33,"poolName":"BTC/USDT","assetRewards":"USDT","claimAmount":"0.10910528","status":1,"claimedTime":1678801414000},{"poolId":33,"poolName":"BTC/USDT","assetRewards":"BNB","claimAmount":"0.00000025","status":1,"claimedTime":1678801414000},{"poolId":33,"poolName":"BTC/USDT","assetRewards":"BTC","claimAmount":"0.00000357","status":1,"claimedTime":1678801414000},{"poolId":33,"poolName":"BTC/USDT","assetRewards":"BNB","claimAmount":"0.0000005","status":1,"claimedTime":1678798912000},{"poolId":33,"poolName":"BTC/USDT","assetRewards":"BTC","claimAmount":"0.00000095","status":1,"claimedTime":1678798912000},{"poolId":33,"poolName":"BTC/USDT","assetRewards":"USDT","claimAmount":"0.0287894","status":1,"claimedTime":1678798912000},{"poolId":33,"poolName":"BTC/USDT","assetRewards":"USDT","claimAmount":"0.09520908","status":1,"claimedTime":1678791230000},{"poolId":33,"poolName":"BTC/USDT","assetRewards":"BNB","claimAmount":"0.000003","status":1,"claimedTime":1678791230000},{"poolId":33,"poolName":"BTC/USDT","assetRewards":"BTC","claimAmount":"0.0000043","status":1,"claimedTime":1678791230000},{"poolId":33,"poolName":"BTC/USDT","assetRewards":"BTC","claimAmount":"0.00001262","status":1,"claimedTime":1678747598000},{"poolId":33,"poolName":"BTC/USDT","assetRewards":"USDT","claimAmount":"0.31327363","status":1,"claimedTime":1678747598000},{"poolId":33,"poolName":"BTC/USDT","assetRewards":"BNB","claimAmount":"0.00000336","status":1,"claimedTime":1678747598000},{"poolId":33,"poolName":"BTC/USDT","assetRewards":"BNB","claimAmount":"0.00000286","status":1,"claimedTime":1678700744000},{"poolId":33,"poolName":"BTC/USDT","assetRewards":"USDT","claimAmount":"0.16455433","status":1,"claimedTime":1678700744000},{"poolId":33,"poolName":"BTC/USDT","assetRewards":"BTC","claimAmount":"0.00000694","status":1,"claimedTime":1678700744000},{"poolId":33,"poolName":"BTC/USDT","assetRewards":"USDT","claimAmount":"0.09769092","status":1,"claimedTime":1678661844000},{"poolId":33,"poolName":"BTC/USDT","assetRewards":"BNB","claimAmount":"0.0000013","status":1,"claimedTime":1678661844000},{"poolId":33,"poolName":"BTC/USDT","assetRewards":"BTC","claimAmount":"0.00000401","status":1,"claimedTime":1678661844000},{"poolId":33,"poolName":"BTC/USDT","assetRewards":"BNB","claimAmount":"0.00000208","status":1,"claimedTime":1678642144000},{"poolId":33,"poolName":"BTC/USDT","assetRewards":"USDT","claimAmount":"0.01931869","status":1,"claimedTime":1678642144000},{"poolId":33,"poolName":"BTC/USDT","assetRewards":"BTC","claimAmount":"0.00000117","status":1,"claimedTime":1678642144000},{"poolId":33,"poolName":"BTC/USDT","assetRewards":"BNB","claimAmount":"0.0000026","status":1,"claimedTime":1678613762000},{"poolId":33,"poolName":"BTC/USDT","assetRewards":"BTC","claimAmount":"0.00000135","status":1,"claimedTime":1678613762000},{"poolId":33,"poolName":"BTC/USDT","assetRewards":"USDT","claimAmount":"0.02425268","status":1,"claimedTime":1678613762000},{"poolId":33,"poolName":"BTC/USDT","assetRewards":"BTC","claimAmount":"0.00001286","status":1,"claimedTime":1678577203000},{"poolId":33,"poolName":"BTC/USDT","assetRewards":"BNB","claimAmount":"0.00000878","status":1,"claimedTime":1678577203000},{"poolId":33,"poolName":"BTC/USDT","assetRewards":"USDT","claimAmount":"0.25569841","status":1,"claimedTime":1678577203000},{"poolId":33,"poolName":"BTC/USDT","assetRewards":"USDT","claimAmount":"0.01686816","status":1,"claimedTime":1678452678000},{"poolId":33,"poolName":"BTC/USDT","assetRewards":"BNB","claimAmount":"0.00000025","status":1,"claimedTime":1678452678000},{"poolId":33,"poolName":"BTC/USDT","assetRewards":"BTC","claimAmount":"0.00000103","status":1,"claimedTime":1678452678000},{"poolId":33,"poolName":"BTC/USDT","assetRewards":"USDT","claimAmount":"0.15961428","status":1,"claimedTime":1678449333000},{"poolId":33,"poolName":"BTC/USDT","assetRewards":"USDT","claimAmount":"0.15961428","status":1,"claimedTime":1678449333000},{"poolId":33,"poolName":"BTC/USDT","assetRewards":"BNB","claimAmount":"0.0000035","status":1,"claimedTime":1678449333000},{"poolId":33,"poolName":"BTC/USDT","assetRewards":"BTC","claimAmount":"0.00000786","status":1,"claimedTime":1678449333000},{"poolId":33,"poolName":"BTC/USDT","assetRewards":"USDT","claimAmount":"0.02872799","status":1,"claimedTime":1678398431000},{"poolId":33,"poolName":"BTC/USDT","assetRewards":"BNB","claimAmount":"0.00000025","status":1,"claimedTime":1678398431000},{"poolId":33,"poolName":"BTC/USDT","assetRewards":"BTC","claimAmount":"0.00000188","status":1,"claimedTime":1678398431000},{"poolId":33,"poolName":"BTC/USDT","assetRewards":"BNB","claimAmount":"0.00000522","status":1,"claimedTime":1678395635000},{"poolId":33,"poolName":"BTC/USDT","assetRewards":"USDT","claimAmount":"0.1124065","status":1,"claimedTime":1678395635000},{"poolId":33,"poolName":"BTC/USDT","assetRewards":"BTC","claimAmount":"0.00000582","status":1,"claimedTime":1678395635000},{"poolId":33,"poolName":"BTC/USDT","assetRewards":"BTC","claimAmount":"0.00000283","status":1,"claimedTime":1678319605000},{"poolId":33,"poolName":"BTC/USDT","assetRewards":"BNB","claimAmount":"0.00000361","status":1,"claimedTime":1678319605000},{"poolId":33,"poolName":"BTC/USDT","assetRewards":"USDT","claimAmount":"0.06104071","status":1,"claimedTime":1678319605000},{"poolId":33,"poolName":"BTC/USDT","assetRewards":"USDT","claimAmount":"0.08519458","status":1,"claimedTime":1678265557000},{"poolId":33,"poolName":"BTC/USDT","assetRewards":"BNB","claimAmount":"0.00000493","status":1,"claimedTime":1678265557000},{"poolId":33,"poolName":"BTC/USDT","assetRewards":"BTC","claimAmount":"0.00000447","status":1,"claimedTime":1678265557000},{"poolId":33,"poolName":"BTC/USDT","assetRewards":"BTC","claimAmount":"0.00000165","status":1,"claimedTime":1678194816000},{"poolId":33,"poolName":"BTC/USDT","assetRewards":"USDT","claimAmount":"0.02583024","status":1,"claimedTime":1678194816000},{"poolId":33,"poolName":"BTC/USDT","assetRewards":"BNB","claimAmount":"0.00000598","status":1,"claimedTime":1678194816000},{"poolId":33,"poolName":"BTC/USDT","assetRewards":"USDT","claimAmount":"0.00195414","status":1,"claimedTime":1678112411000},{"poolId":33,"poolName":"BTC/USDT","assetRewards":"BTC","claimAmount":"0.0000001","status":1,"claimedTime":1678112411000},{"poolId":33,"poolName":"BTC/USDT","assetRewards":"BNB","claimAmount":"0.00000052","status":1,"claimedTime":1678112411000},{"poolId":33,"poolName":"BTC/USDT","assetRewards":"USDT","claimAmount":"0.02083166","status":1,"claimedTime":1678106873000},{"poolId":33,"poolName":"BTC/USDT","assetRewards":"BTC","claimAmount":"0.00000141","status":1,"claimedTime":1678106873000},{"poolId":33,"poolName":"BTC/USDT","assetRewards":"BNB","claimAmount":"0.00000364","status":1,"claimedTime":1678106873000},{"poolId":33,"poolName":"BTC/USDT","assetRewards":"BNB","claimAmount":"0.00000626","status":1,"claimedTime":1678054482000},{"poolId":33,"poolName":"BTC/USDT","assetRewards":"USDT","claimAmount":"0.04972266","status":1,"claimedTime":1678054482000},{"poolId":33,"poolName":"BTC/USDT","assetRewards":"BTC","claimAmount":"0.00000256","status":1,"claimedTime":1678054482000},{"poolId":33,"poolName":"BTC/USDT","assetRewards":"BNB","claimAmount":"0.00000816","status":1,"claimedTime":1677964156000},{"poolId":33,"poolName":"BTC/USDT","assetRewards":"USDT","claimAmount":"0.05510198","status":1,"claimedTime":1677964156000},{"poolId":33,"poolName":"BTC/USDT","assetRewards":"BTC","claimAmount":"0.00000322","status":1,"claimedTime":1677964156000},{"poolId":33,"poolName":"BTC/USDT","assetRewards":"BNB","claimAmount":"0.00000911","status":1,"claimedTime":1677842367000},{"poolId":33,"poolName":"BTC/USDT","assetRewards":"BTC","claimAmount":"0.00000751","status":1,"claimedTime":1677842367000},{"poolId":33,"poolName":"BTC/USDT","assetRewards":"USDT","claimAmount":"0.13832543","status":1,"claimedTime":1677842367000},{"poolId":33,"poolName":"BTC/USDT","assetRewards":"BTC","claimAmount":"0.00000206","status":1,"claimedTime":1677711164000},{"poolId":33,"poolName":"BTC/USDT","assetRewards":"USDT","claimAmount":"0.04317208","status":1,"claimedTime":1677711164000},{"poolId":33,"poolName":"BTC/USDT","assetRewards":"BNB","claimAmount":"0.0000025","status":1,"claimedTime":1677711164000},{"poolId":33,"poolName":"BTC/USDT","assetRewards":"USDT","claimAmount":"0.05858425","status":1,"claimedTime":1677673348000},{"poolId":33,"poolName":"BTC/USDT","assetRewards":"BNB","claimAmount":"0.00000345","status":1,"claimedTime":1677673348000},{"poolId":33,"poolName":"BTC/USDT","assetRewards":"BTC","claimAmount":"0.00000289","status":1,"claimedTime":1677673348000},{"poolId":33,"poolName":"BTC/USDT","assetRewards":"USDT","claimAmount":"0.04104751","status":1,"claimedTime":1677622556000},{"poolId":33,"poolName":"BTC/USDT","assetRewards":"BNB","claimAmount":"0.00000264","status":1,"claimedTime":1677622556000},{"poolId":33,"poolName":"BTC/USDT","assetRewards":"BTC","claimAmount":"0.00000212","status":1,"claimedTime":1677622556000},{"poolId":33,"poolName":"BTC/USDT","assetRewards":"BNB","claimAmount":"0.00000929","status":1,"claimedTime":1677582731000},{"poolId":33,"poolName":"BTC/USDT","assetRewards":"BTC","claimAmount":"0.00000655","status":1,"claimedTime":1677582731000},{"poolId":33,"poolName":"BTC/USDT","assetRewards":"USDT","claimAmount":"0.1270252","status":1,"claimedTime":1677582731000},{"poolId":33,"poolName":"BTC/USDT","assetRewards":"BNB","claimAmount":"0.00000648","status":1,"claimedTime":1677444269000},{"poolId":33,"poolName":"BTC/USDT","assetRewards":"BTC","claimAmount":"0.00000315","status":1,"claimedTime":1677444269000},{"poolId":33,"poolName":"BTC/USDT","assetRewards":"USDT","claimAmount":"0.06357342","status":1,"claimedTime":1677444269000},{"poolId":33,"poolName":"BTC/USDT","assetRewards":"BTC","claimAmount":"0.00000023","status":1,"claimedTime":1677347903000},{"poolId":33,"poolName":"BTC/USDT","assetRewards":"BNB","claimAmount":"0.00000072","status":1,"claimedTime":1677347903000},{"poolId":33,"poolName":"BTC/USDT","assetRewards":"USDT","claimAmount":"0.00395864","status":1,"claimedTime":1677347903000},{"poolId":33,"poolName":"BTC/USDT","assetRewards":"BTC","claimAmount":"0.00000239","status":1,"claimedTime":1677336099000},{"poolId":33,"poolName":"BTC/USDT","assetRewards":"BNB","claimAmount":"0.00000432","status":1,"claimedTime":1677336099000},{"poolId":33,"poolName":"BTC/USDT","assetRewards":"USDT","claimAmount":"0.04198694","status":1,"claimedTime":1677336099000},{"poolId":33,"poolName":"BTC/USDT","assetRewards":"USDT","claimAmount":"0.11512971","status":1,"claimedTime":1677270448000},{"poolId":33,"poolName":"BTC/USDT","assetRewards":"BTC","claimAmount":"0.00000601","status":1,"claimedTime":1677270448000},{"poolId":33,"poolName":"BTC/USDT","assetRewards":"BNB","claimAmount":"0.00000534","status":1,"claimedTime":1677270448000},{"poolId":33,"poolName":"BTC/USDT","assetRewards":"BTC","claimAmount":"0.00000629","status":1,"claimedTime":1677188596000},{"poolId":33,"poolName":"BTC/USDT","assetRewards":"USDT","claimAmount":"0.13796884","status":1,"claimedTime":1677188596000},{"poolId":33,"poolName":"BTC/USDT","assetRewards":"BNB","claimAmount":"0.00000484","status":1,"claimedTime":1677188596000},{"poolId":33,"poolName":"BTC/USDT","assetRewards":"BTC","claimAmount":"0.00000433","status":1,"claimedTime":1677108209000},{"poolId":33,"poolName":"BTC/USDT","assetRewards":"BNB","claimAmount":"0.00000286","status":1,"claimedTime":1677108209000},{"poolId":33,"poolName":"BTC/USDT","assetRewards":"USDT","claimAmount":"0.09790257","status":1,"claimedTime":1677108209000},{"poolId":33,"poolName":"BTC/USDT","assetRewards":"BTC","claimAmount":"0.00000974","status":1,"claimedTime":1677062363000},{"poolId":33,"poolName":"BTC/USDT","assetRewards":"BNB","claimAmount":"0.00000785","status":1,"claimedTime":1677062363000},{"poolId":33,"poolName":"BTC/USDT","assetRewards":"USDT","claimAmount":"0.20375545","status":1,"claimedTime":1677062363000},{"poolId":33,"poolName":"BTC/USDT","assetRewards":"BNB","claimAmount":"0.00000231","status":1,"claimedTime":1676930328000},{"poolId":33,"poolName":"BTC/USDT","assetRewards":"BTC","claimAmount":"0.00000415","status":1,"claimedTime":1676930328000},{"poolId":33,"poolName":"BTC/USDT","assetRewards":"USDT","claimAmount":"0.08782205","status":1,"claimedTime":1676930328000},{"poolId":33,"poolName":"BTC/USDT","assetRewards":"BNB","claimAmount":"0.00000245","status":1,"claimedTime":1676890272000},{"poolId":33,"poolName":"BTC/USDT","assetRewards":"BTC","claimAmount":"0.00000308","status":1,"claimedTime":1676890272000},{"poolId":33,"poolName":"BTC/USDT","assetRewards":"USDT","claimAmount":"0.07073126","status":1,"claimedTime":1676890272000},{"poolId":33,"poolName":"BTC/USDT","assetRewards":"BNB","claimAmount":"0.00000483","status":1,"claimedTime":1676845593000},{"poolId":33,"poolName":"BTC/USDT","assetRewards":"USDT","claimAmount":"0.1147798","status":1,"claimedTime":1676845593000},{"poolId":33,"poolName":"BTC/USDT","assetRewards":"BTC","claimAmount":"0.00000553","status":1,"claimedTime":1676845593000},{"poolId":33,"poolName":"BTC/USDT","assetRewards":"BNB","claimAmount":"0.00000642","status":1,"claimedTime":1676762014000},{"poolId":33,"poolName":"BTC/USDT","assetRewards":"USDT","claimAmount":"0.18330029","status":1,"claimedTime":1676762014000},{"poolId":33,"poolName":"BTC/USDT","assetRewards":"BTC","claimAmount":"0.00000878","status":1,"claimedTime":1676762014000},{"poolId":33,"poolName":"BTC/USDT","assetRewards":"BTC","claimAmount":"0.00000972","status":1,"claimedTime":1676660246000},{"poolId":33,"poolName":"BTC/USDT","assetRewards":"BNB","claimAmount":"0.0000046","status":1,"claimedTime":1676660246000},{"poolId":33,"poolName":"BTC/USDT","assetRewards":"USDT","claimAmount":"0.21833067","status":1,"claimedTime":1676660246000},{"poolId":33,"poolName":"BTC/USDT","assetRewards":"BNB","claimAmount":"0.00000536","status":1,"claimedTime":1676586804000},{"poolId":33,"poolName":"BTC/USDT","assetRewards":"BTC","claimAmount":"0.00001074","status":1,"claimedTime":1676586804000},{"poolId":33,"poolName":"BTC/USDT","assetRewards":"USDT","claimAmount":"0.25359459","status":1,"claimedTime":1676586804000},{"poolId":33,"poolName":"BTC/USDT","assetRewards":"BTC","claimAmount":"0.00000981","status":1,"claimedTime":1676503580000},{"poolId":33,"poolName":"BTC/USDT","assetRewards":"BNB","claimAmount":"0.0000065","status":1,"claimedTime":1676503580000},{"poolId":33,"poolName":"BTC/USDT","assetRewards":"USDT","claimAmount":"0.23985114","status":1,"claimedTime":1676503580000},{"poolId":33,"poolName":"BTC/USDT","assetRewards":"BNB","claimAmount":"0.000003","status":1,"claimedTime":1676409350000},{"poolId":33,"poolName":"BTC/USDT","assetRewards":"USDT","claimAmount":"0.11088667","status":1,"claimedTime":1676409350000},{"poolId":33,"poolName":"BTC/USDT","assetRewards":"BTC","claimAmount":"0.00000462","status":1,"claimedTime":1676409350000},{"poolId":33,"poolName":"BTC/USDT","assetRewards":"BTC","claimAmount":"0.00000094","status":1,"claimedTime":1676368488000},{"poolId":33,"poolName":"BTC/USDT","assetRewards":"USDT","claimAmount":"0.01691727","status":1,"claimedTime":1676368488000},{"poolId":33,"poolName":"BTC/USDT","assetRewards":"BNB","claimAmount":"0.0000025","status":1,"claimedTime":1676368488000},{"poolId":33,"poolName":"BTC/USDT","assetRewards":"USDT","claimAmount":"0.04112526","status":1,"claimedTime":1676330935000},{"poolId":33,"poolName":"BTC/USDT","assetRewards":"BNB","claimAmount":"0.0000027","status":1,"claimedTime":1676330935000},{"poolId":33,"poolName":"BTC/USDT","assetRewards":"BTC","claimAmount":"0.00000239","status":1,"claimedTime":1676330935000},{"poolId":33,"poolName":"BTC/USDT","assetRewards":"USDT","claimAmount":"0.00257337","status":1,"claimedTime":1676290099000},{"poolId":33,"poolName":"BTC/USDT","assetRewards":"BNB","claimAmount":"0.00000025","status":1,"claimedTime":1676290099000},{"poolId":33,"poolName":"BTC/USDT","assetRewards":"BTC","claimAmount":"0.00000018","status":1,"claimedTime":1676290099000},{"poolId":33,"poolName":"BTC/USDT","assetRewards":"USDT","claimAmount":"0.05355309","status":1,"claimedTime":1676289186000},{"poolId":33,"poolName":"BTC/USDT","assetRewards":"USDT","claimAmount":"0.05355309","status":1,"claimedTime":1676289186000},{"poolId":33,"poolName":"BTC/USDT","assetRewards":"BTC","claimAmount":"0.00000298","status":1,"claimedTime":1676289186000},{"poolId":33,"poolName":"BTC/USDT","assetRewards":"BNB","claimAmount":"0.00000315","status":1,"claimedTime":1676289186000},{"poolId":33,"poolName":"BTC/USDT","assetRewards":"BTC","claimAmount":"0.00000151","status":1,"claimedTime":1676240410000},{"poolId":33,"poolName":"BTC/USDT","assetRewards":"BNB","claimAmount":"0.00000192","status":1,"claimedTime":1676240410000},{"poolId":33,"poolName":"BTC/USDT","assetRewards":"USDT","claimAmount":"0.02750899","status":1,"claimedTime":1676240410000},{"poolId":33,"poolName":"BTC/USDT","assetRewards":"USDT","claimAmount":"0.01629407","status":1,"claimedTime":1676210483000},{"poolId":33,"poolName":"BTC/USDT","assetRewards":"BTC","claimAmount":"0.000001","status":1,"claimedTime":1676210483000},{"poolId":33,"poolName":"BTC/USDT","assetRewards":"BNB","claimAmount":"0.0000036","status":1,"claimedTime":1676210483000},{"poolId":33,"poolName":"BTC/USDT","assetRewards":"BTC","claimAmount":"0.00000106","status":1,"claimedTime":1676157114000},{"poolId":33,"poolName":"BTC/USDT","assetRewards":"USDT","claimAmount":"0.01877517","status":1,"claimedTime":1676157114000},{"poolId":33,"poolName":"BTC/USDT","assetRewards":"BNB","claimAmount":"0.00000264","status":1,"claimedTime":1676157114000},{"poolId":33,"poolName":"BTC/USDT","assetRewards":"BNB","claimAmount":"0.00000048","status":1,"claimedTime":1676117936000},{"poolId":33,"poolName":"BTC/USDT","assetRewards":"USDT","claimAmount":"0.00137962","status":1,"claimedTime":1676117936000},{"poolId":33,"poolName":"BTC/USDT","assetRewards":"BTC","claimAmount":"0.00000012","status":1,"claimedTime":1676117936000},{"poolId":33,"poolName":"BTC/USDT","assetRewards":"BTC","claimAmount":"0.00000075","status":1,"claimedTime":1676112178000},{"poolId":33,"poolName":"BTC/USDT","assetRewards":"USDT","claimAmount":"0.01213996","status":1,"claimedTime":1676112178000},{"poolId":33,"poolName":"BTC/USDT","assetRewards":"BNB","claimAmount":"0.0000024","status":1,"claimedTime":1676112178000},{"poolId":33,"poolName":"BTC/USDT","assetRewards":"BNB","claimAmount":"0.0000072","status":1,"claimedTime":1676075602000},{"poolId":33,"poolName":"BTC/USDT","assetRewards":"USDT","claimAmount":"0.19052789","status":1,"claimedTime":1676075602000},{"poolId":33,"poolName":"BTC/USDT","assetRewards":"BTC","claimAmount":"0.00001147","status":1,"claimedTime":1676075602000},{"poolId":33,"poolName":"BTC/USDT","assetRewards":"USDT","claimAmount":"0.13178774","status":1,"claimedTime":1675969284000},{"poolId":33,"poolName":"BTC/USDT","assetRewards":"BNB","claimAmount":"0.00000204","status":1,"claimedTime":1675969284000},{"poolId":33,"poolName":"BTC/USDT","assetRewards":"BTC","claimAmount":"0.00000471","status":1,"claimedTime":1675969284000},{"poolId":33,"poolName":"BTC/USDT","assetRewards":"BNB","claimAmount":"0.0000004","status":1,"claimedTime":1675932229000},{"poolId":33,"poolName":"BTC/USDT","assetRewards":"BTC","claimAmount":"0.00000287","status":1,"claimedTime":1675932229000},{"poolId":33,"poolName":"BTC/USDT","assetRewards":"USDT","claimAmount":"0.04654649","status":1,"claimedTime":1675932229000},{"poolId":33,"poolName":"BTC/USDT","assetRewards":"BNB","claimAmount":"0.00000028","status":1,"claimedTime":1675895226000},{"poolId":33,"poolName":"BTC/USDT","assetRewards":"BTC","claimAmount":"0.00000182","status":1,"claimedTime":1675895226000},{"poolId":33,"poolName":"BTC/USDT","assetRewards":"USDT","claimAmount":"0.0354756","status":1,"claimedTime":1675895226000},{"poolId":33,"poolName":"BTC/USDT","assetRewards":"USDT","claimAmount":"0.00496457","status":1,"claimedTime":1675869453000},{"poolId":33,"poolName":"BTC/USDT","assetRewards":"BTC","claimAmount":"0.00000028","status":1,"claimedTime":1675869453000},{"poolId":33,"poolName":"BTC/USDT","assetRewards":"USDT","claimAmount":"0.02993813","status":1,"claimedTime":1675868491000},{"poolId":33,"poolName":"BTC/USDT","assetRewards":"BNB","claimAmount":"0.00001645","status":1,"claimedTime":1675868491000},{"poolId":33,"poolName":"BTC/USDT","assetRewards":"BTC","claimAmount":"0.00000206","status":1,"claimedTime":1675868491000},{"poolId":33,"poolName":"BTC/USDT","assetRewards":"BNB","claimAmount":"0.00003192","status":1,"claimedTime":1675813857000},{"poolId":33,"poolName":"BTC/USDT","assetRewards":"BTC","claimAmount":"0.00000288","status":1,"claimedTime":1675813857000},{"poolId":33,"poolName":"BTC/USDT","assetRewards":"USDT","claimAmount":"0.06537133","status":1,"claimedTime":1675813857000},{"poolId":33,"poolName":"BTC/USDT","assetRewards":"USDT","claimAmount":"0.05552534","status":1,"claimedTime":1675782460000},{"poolId":33,"poolName":"BTC/USDT","assetRewards":"BNB","claimAmount":"0.00006958","status":1,"claimedTime":1675782460000},{"poolId":33,"poolName":"BTC/USDT","assetRewards":"BTC","claimAmount":"0.00000361","status":1,"claimedTime":1675782460000},{"poolId":33,"poolName":"BTC/USDT","assetRewards":"BTC","claimAmount":"0.00000526","status":1,"claimedTime":1675721101000},{"poolId":33,"poolName":"BTC/USDT","assetRewards":"BNB","claimAmount":"0.00010094","status":1,"claimedTime":1675721101000},{"poolId":33,"poolName":"BTC/USDT","assetRewards":"USDT","claimAmount":"0.087393","status":1,"claimedTime":1675721101000},{"poolId":33,"poolName":"BTC/USDT","assetRewards":"BNB","claimAmount":"0.00004653","status":1,"claimedTime":1675635994000},{"poolId":33,"poolName":"BTC/USDT","assetRewards":"BTC","claimAmount":"0.00000318","status":1,"claimedTime":1675635994000},{"poolId":33,"poolName":"BTC/USDT","assetRewards":"USDT","claimAmount":"0.06157968","status":1,"claimedTime":1675635994000},{"poolId":33,"poolName":"BTC/USDT","assetRewards":"USDT","claimAmount":"0.01870844","status":1,"claimedTime":1675596697000},{"poolId":33,"poolName":"BTC/USDT","assetRewards":"BTC","claimAmount":"0.00000115","status":1,"claimedTime":1675596697000},{"poolId":33,"poolName":"BTC/USDT","assetRewards":"BNB","claimAmount":"0.00005086","status":1,"claimedTime":1675596697000},{"poolId":33,"poolName":"BTC/USDT","assetRewards":"BTC","claimAmount":"0.00000598","status":1,"claimedTime":1675552856000},{"poolId":33,"poolName":"BTC/USDT","assetRewards":"BNB","claimAmount":"0.00014648","status":1,"claimedTime":1675552856000},{"poolId":33,"poolName":"BTC/USDT","assetRewards":"USDT","claimAmount":"0.11990174","status":1,"claimedTime":1675552856000},{"poolId":33,"poolName":"BTC/USDT","assetRewards":"BTC","claimAmount":"0.00000192","status":1,"claimedTime":1675429414000},{"poolId":33,"poolName":"BTC/USDT","assetRewards":"BNB","claimAmount":"0.00005943","status":1,"claimedTime":1675429414000},{"poolId":33,"poolName":"BTC/USDT","assetRewards":"USDT","claimAmount":"0.0353971","status":1,"claimedTime":1675429414000},{"poolId":33,"poolName":"BTC/USDT","assetRewards":"BTC","claimAmount":"0.00000443","status":1,"claimedTime":1675380625000},{"poolId":33,"poolName":"BTC/USDT","assetRewards":"BNB","claimAmount":"0.00003791","status":1,"claimedTime":1675380625000},{"poolId":33,"poolName":"BTC/USDT","assetRewards":"USDT","claimAmount":"0.09908648","status":1,"claimedTime":1675380625000},{"poolId":33,"poolName":"BTC/USDT","assetRewards":"USDT","claimAmount":"0.0041101","status":1,"claimedTime":1675347928000},{"poolId":33,"poolName":"BTC/USDT","assetRewards":"BTC","claimAmount":"0.00000025","status":1,"claimedTime":1675347928000},{"poolId":33,"poolName":"BTC/USDT","assetRewards":"BNB","claimAmount":"0.00000836","status":1,"claimedTime":1675347928000},{"poolId":33,"poolName":"BTC/USDT","assetRewards":"USDT","claimAmount":"0.06117129","status":1,"claimedTime":1675341501000},{"poolId":33,"poolName":"BTC/USDT","assetRewards":"BNB","claimAmount":"0.00005452","status":1,"claimedTime":1675341501000},{"poolId":33,"poolName":"BTC/USDT","assetRewards":"BTC","claimAmount":"0.00000344","status":1,"claimedTime":1675341501000},{"poolId":33,"poolName":"BTC/USDT","assetRewards":"BNB","claimAmount":"0.00002534","status":1,"claimedTime":1675293138000},{"poolId":33,"poolName":"BTC/USDT","assetRewards":"USDT","claimAmount":"0.09841587","status":1,"claimedTime":1675293138000},{"poolId":33,"poolName":"BTC/USDT","assetRewards":"BTC","claimAmount":"0.00000441","status":1,"claimedTime":1675293138000},{"poolId":33,"poolName":"BTC/USDT","assetRewards":"BTC","claimAmount":"0.00000283","status":1,"claimedTime":1675272822000},{"poolId":33,"poolName":"BTC/USDT","assetRewards":"BNB","claimAmount":"0.00007061","status":1,"claimedTime":1675272822000},{"poolId":33,"poolName":"BTC/USDT","assetRewards":"USDT","claimAmount":"0.04542127","status":1,"claimedTime":1675272822000},{"poolId":33,"poolName":"BTC/USDT","assetRewards":"USDT","claimAmount":"0.05703788","status":1,"claimedTime":1675210275000},{"poolId":33,"poolName":"BTC/USDT","assetRewards":"BNB","claimAmount":"0.00004945","status":1,"claimedTime":1675210275000},{"poolId":33,"poolName":"BTC/USDT","assetRewards":"BTC","claimAmount":"0.00000257","status":1,"claimedTime":1675210275000},{"poolId":33,"poolName":"BTC/USDT","assetRewards":"BTC","claimAmount":"0.00000187","status":1,"claimedTime":1675169065000},{"poolId":33,"poolName":"BTC/USDT","assetRewards":"USDT","claimAmount":"0.03142258","status":1,"claimedTime":1675169065000},{"poolId":33,"poolName":"BTC/USDT","assetRewards":"BNB","claimAmount":"0.00004982","status":1,"claimedTime":1675169065000},{"poolId":33,"poolName":"BTC/USDT","assetRewards":"BTC","claimAmount":"0.00000651","status":1,"claimedTime":1675123942000},{"poolId":33,"poolName":"BTC/USDT","assetRewards":"USDT","claimAmount":"0.13323675","status":1,"claimedTime":1675123942000},{"poolId":33,"poolName":"BTC/USDT","assetRewards":"BNB","claimAmount":"0.00006434","status":1,"claimedTime":1675123942000},{"poolId":33,"poolName":"BTC/USDT","assetRewards":"USDT","claimAmount":"0.02872959","status":1,"claimedTime":1675072701000},{"poolId":33,"poolName":"BTC/USDT","assetRewards":"BTC","claimAmount":"0.00000192","status":1,"claimedTime":1675072701000},{"poolId":33,"poolName":"BTC/USDT","assetRewards":"BNB","claimAmount":"0.00004404","status":1,"claimedTime":1675072701000},{"poolId":33,"poolName":"BTC/USDT","assetRewards":"BNB","claimAmount":"0.00004895","status":1,"claimedTime":1675035476000},{"poolId":33,"poolName":"BTC/USDT","assetRewards":"USDT","claimAmount":"0.08393789","status":1,"claimedTime":1675035476000},{"poolId":33,"poolName":"BTC/USDT","assetRewards":"BTC","claimAmount":"0.00000384","status":1,"claimedTime":1675035476000},{"poolId":33,"poolName":"BTC/USDT","assetRewards":"BNB","claimAmount":"0.00000445","status":1,"claimedTime":1674996525000},{"poolId":33,"poolName":"BTC/USDT","assetRewards":"BTC","claimAmount":"0.00000054","status":1,"claimedTime":1674996525000},{"poolId":33,"poolName":"BTC/USDT","assetRewards":"USDT","claimAmount":"0.01178153","status":1,"claimedTime":1674996525000},{"poolId":33,"poolName":"BTC/USDT","assetRewards":"USDT","claimAmount":"0.06741118","status":1,"claimedTime":1674993586000},{"poolId":33,"poolName":"BTC/USDT","assetRewards":"BNB","claimAmount":"0.00005354","status":1,"claimedTime":1674993586000},{"poolId":33,"poolName":"BTC/USDT","assetRewards":"BTC","claimAmount":"0.00000269","status":1,"claimedTime":1674993586000},{"poolId":33,"poolName":"BTC/USDT","assetRewards":"BTC","claimAmount":"0.0000025","status":1,"claimedTime":1674947475000},{"poolId":33,"poolName":"BTC/USDT","assetRewards":"BNB","claimAmount":"0.00010776","status":1,"claimedTime":1674947475000},{"poolId":33,"poolName":"BTC/USDT","assetRewards":"USDT","claimAmount":"0.04259782","status":1,"claimedTime":1674947475000},{"poolId":33,"poolName":"BTC/USDT","assetRewards":"BTC","claimAmount":"0.00000267","status":1,"claimedTime":1674862185000},{"poolId":33,"poolName":"BTC/USDT","assetRewards":"USDT","claimAmount":"0.05170382","status":1,"claimedTime":1674862185000},{"poolId":33,"poolName":"BTC/USDT","assetRewards":"BNB","claimAmount":"0.00002697","status":1,"claimedTime":1674862185000},{"poolId":33,"poolName":"BTC/USDT","assetRewards":"BTC","claimAmount":"0.00000364","status":1,"claimedTime":1674839029000},{"poolId":33,"poolName":"BTC/USDT","assetRewards":"USDT","claimAmount":"0.07664786","status":1,"claimedTime":1674839029000},{"poolId":33,"poolName":"BTC/USDT","assetRewards":"BTC","claimAmount":"0.00000364","status":1,"claimedTime":1674839029000},{"poolId":33,"poolName":"BTC/USDT","assetRewards":"USDT","claimAmount":"0.07664786","status":1,"claimedTime":1674839029000},{"poolId":33,"poolName":"BTC/USDT","assetRewards":"BNB","claimAmount":"0.0000678","status":1,"claimedTime":1674839029000},{"poolId":33,"poolName":"BTC/USDT","assetRewards":"USDT","claimAmount":"0.12102418","status":1,"claimedTime":1674775177000},{"poolId":33,"poolName":"BTC/USDT","assetRewards":"BNB","claimAmount":"0.00009213","status":1,"claimedTime":1674775177000},{"poolId":33,"poolName":"BTC/USDT","assetRewards":"BTC","claimAmount":"0.00000568","status":1,"claimedTime":1674775177000},{"poolId":33,"poolName":"BTC/USDT","assetRewards":"USDT","claimAmount":"0.20074738","status":1,"claimedTime":1674689016000},{"poolId":33,"poolName":"BTC/USDT","assetRewards":"BTC","claimAmount":"0.00000939","status":1,"claimedTime":1674689016000},{"poolId":33,"poolName":"BTC/USDT","assetRewards":"BNB","claimAmount":"0.00010358","status":1,"claimedTime":1674689016000},{"poolId":33,"poolName":"BTC/USDT","assetRewards":"BNB","claimAmount":"0.00008072","status":1,"claimedTime":1674593482000},{"poolId":33,"poolName":"BTC/USDT","assetRewards":"USDT","claimAmount":"0.07954113","status":1,"claimedTime":1674593482000},{"poolId":33,"poolName":"BTC/USDT","assetRewards":"BTC","claimAmount":"0.00000392","status":1,"claimedTime":1674593482000},{"poolId":33,"poolName":"BTC/USDT","assetRewards":"BTC","claimAmount":"0.00000616","status":1,"claimedTime":1674513493000},{"poolId":33,"poolName":"BTC/USDT","assetRewards":"USDT","claimAmount":"0.13313168","status":1,"claimedTime":1674513493000},{"poolId":33,"poolName":"BTC/USDT","assetRewards":"BNB","claimAmount":"0.00008839","status":1,"claimedTime":1674513493000},{"poolId":33,"poolName":"BTC/USDT","assetRewards":"USDT","claimAmount":"0.08068231","status":1,"claimedTime":1674424933000},{"poolId":33,"poolName":"BTC/USDT","assetRewards":"BTC","claimAmount":"0.0000041","status":1,"claimedTime":1674424933000},{"poolId":33,"poolName":"BTC/USDT","assetRewards":"BNB","claimAmount":"0.00007349","status":1,"claimedTime":1674424933000},{"poolId":33,"poolName":"BTC/USDT","assetRewards":"BNB","claimAmount":"0.00006461","status":1,"claimedTime":1674356596000},{"poolId":33,"poolName":"BTC/USDT","assetRewards":"BTC","claimAmount":"0.00000685","status":1,"claimedTime":1674356596000},{"poolId":33,"poolName":"BTC/USDT","assetRewards":"USDT","claimAmount":"0.14465957","status":1,"claimedTime":1674356596000},{"poolId":33,"poolName":"BTC/USDT","assetRewards":"BNB","claimAmount":"0.0000523","status":1,"claimedTime":1674301343000},{"poolId":33,"poolName":"BTC/USDT","assetRewards":"BTC","claimAmount":"0.00000533","status":1,"claimedTime":1674301343000},{"poolId":33,"poolName":"BTC/USDT","assetRewards":"USDT","claimAmount":"0.12550756","status":1,"claimedTime":1674301343000},{"poolId":33,"poolName":"BTC/USDT","assetRewards":"USDT","claimAmount":"0.11739545","status":1,"claimedTime":1674253578000},{"poolId":33,"poolName":"BTC/USDT","assetRewards":"BNB","claimAmount":"0.00008876","status":1,"claimedTime":1674253578000},{"poolId":33,"poolName":"BTC/USDT","assetRewards":"BTC","claimAmount":"0.00000493","status":1,"claimedTime":1674253578000},{"poolId":33,"poolName":"BTC/USDT","assetRewards":"BNB","claimAmount":"0.0000886","status":1,"claimedTime":1674167427000},{"poolId":33,"poolName":"BTC/USDT","assetRewards":"USDT","claimAmount":"0.06922723","status":1,"claimedTime":1674167427000},{"poolId":33,"poolName":"BTC/USDT","assetRewards":"BTC","claimAmount":"0.00000389","status":1,"claimedTime":1674167427000},{"poolId":33,"poolName":"BTC/USDT","assetRewards":"USDT","claimAmount":"0.1336996","status":1,"claimedTime":1674079454000},{"poolId":33,"poolName":"BTC/USDT","assetRewards":"BTC","claimAmount":"0.00000719","status":1,"claimedTime":1674079454000},{"poolId":33,"poolName":"BTC/USDT","assetRewards":"BNB","claimAmount":"0.00005117","status":1,"claimedTime":1674079454000},{"poolId":33,"poolName":"BTC/USDT","assetRewards":"BTC","claimAmount":"0.00000148","status":1,"claimedTime":1674030514000},{"poolId":33,"poolName":"BTC/USDT","assetRewards":"USDT","claimAmount":"0.02607043","status":1,"claimedTime":1674030514000},{"poolId":33,"poolName":"BTC/USDT","assetRewards":"BNB","claimAmount":"0.00003846","status":1,"claimedTime":1674030514000},{"poolId":33,"poolName":"BTC/USDT","assetRewards":"BNB","claimAmount":"0.00009448","status":1,"claimedTime":1673992948000},{"poolId":33,"poolName":"BTC/USDT","assetRewards":"BTC","claimAmount":"0.00000556","status":1,"claimedTime":1673992948000},{"poolId":33,"poolName":"BTC/USDT","assetRewards":"USDT","claimAmount":"0.10790501","status":1,"claimedTime":1673992948000},{"poolId":33,"poolName":"BTC/USDT","assetRewards":"BNB","claimAmount":"0.00001219","status":1,"claimedTime":1673907430000},{"poolId":33,"poolName":"BTC/USDT","assetRewards":"USDT","claimAmount":"0.02088869","status":1,"claimedTime":1673907430000},{"poolId":33,"poolName":"BTC/USDT","assetRewards":"BTC","claimAmount":"0.00000098","status":1,"claimedTime":1673907430000},{"poolId":33,"poolName":"BTC/USDT","assetRewards":"BNB","claimAmount":"0.00000239","status":1,"claimedTime":1673873865000},{"poolId":33,"poolName":"BTC/USDT","assetRewards":"BTC","claimAmount":"0.00000007","status":1,"claimedTime":1673873865000},{"poolId":33,"poolName":"BTC/USDT","assetRewards":"USDT","claimAmount":"0.00117324","status":1,"claimedTime":1673873865000},{"poolId":33,"poolName":"BTC/USDT","assetRewards":"BTC","claimAmount":"0.00000112","status":1,"claimedTime":1673864184000},{"poolId":33,"poolName":"BTC/USDT","assetRewards":"USDT","claimAmount":"0.02164191","status":1,"claimedTime":1673864184000},{"poolId":33,"poolName":"BTC/USDT","assetRewards":"BNB","claimAmount":"0.00001232","status":1,"claimedTime":1673864184000},{"poolId":33,"poolName":"BTC/USDT","assetRewards":"BTC","claimAmount":"0.00000072","status":1,"claimedTime":1673827144000},{"poolId":33,"poolName":"BTC/USDT","assetRewards":"USDT","claimAmount":"0.01363656","status":1,"claimedTime":1673827144000},{"poolId":33,"poolName":"BTC/USDT","assetRewards":"BNB","claimAmount":"0.00001348","status":1,"claimedTime":1673827144000},{"poolId":33,"poolName":"BTC/USDT","assetRewards":"BNB","claimAmount":"0.0000212","status":1,"claimedTime":1673780978000},{"poolId":33,"poolName":"BTC/USDT","assetRewards":"USDT","claimAmount":"0.02160868","status":1,"claimedTime":1673780978000},{"poolId":33,"poolName":"BTC/USDT","assetRewards":"BTC","claimAmount":"0.00000116","status":1,"claimedTime":1673780978000},{"poolId":33,"poolName":"BTC/USDT","assetRewards":"BNB","claimAmount":"0.00000354","status":1,"claimedTime":1673715147000},{"poolId":33,"poolName":"BTC/USDT","assetRewards":"BTC","claimAmount":"0.00000062","status":1,"claimedTime":1673715147000},{"poolId":33,"poolName":"BTC/USDT","assetRewards":"USDT","claimAmount":"0.01163471","status":1,"claimedTime":1673715147000},{"poolId":33,"poolName":"BTC/USDT","assetRewards":"BNB","claimAmount":"0.00010134","status":1,"claimedTime":1673556789000},{"poolId":33,"poolName":"BTC/USDT","assetRewards":"BTC","claimAmount":"0.00000835","status":1,"claimedTime":1673556789000},{"poolId":33,"poolName":"BTC/USDT","assetRewards":"USDT","claimAmount":"0.17411789","status":1,"claimedTime":1673556789000},{"poolId":33,"poolName":"BTC/USDT","assetRewards":"BNB","claimAmount":"0.00003916","status":1,"claimedTime":1673472180000},{"poolId":33,"poolName":"BTC/USDT","assetRewards":"BTC","claimAmount":"0.00000088","status":1,"claimedTime":1673472180000},{"poolId":33,"poolName":"BTC/USDT","assetRewards":"USDT","claimAmount":"0.01454765","status":1,"claimedTime":1673472180000},{"poolId":33,"poolName":"BTC/USDT","assetRewards":"USDT","claimAmount":"0.00040603","status":1,"claimedTime":1673441832000},{"poolId":33,"poolName":"BTC/USDT","assetRewards":"BTC","claimAmount":"0.00000007","status":1,"claimedTime":1673441832000},{"poolId":33,"poolName":"BTC/USDT","assetRewards":"BNB","claimAmount":"0.00000906","status":1,"claimedTime":1673441832000},{"poolId":33,"poolName":"BTC/USDT","assetRewards":"BTC","claimAmount":"0.00000099","status":1,"claimedTime":1673434245000},{"poolId":33,"poolName":"BTC/USDT","assetRewards":"USDT","claimAmount":"0.009496","status":1,"claimedTime":1673434245000},{"poolId":33,"poolName":"BTC/USDT","assetRewards":"BNB","claimAmount":"0.00007643","status":1,"claimedTime":1673434245000},{"poolId":33,"poolName":"BTC/USDT","assetRewards":"BNB","claimAmount":"0.00018858","status":1,"claimedTime":1673388429000},{"poolId":33,"poolName":"BTC/USDT","assetRewards":"BTC","claimAmount":"0.00000184","status":1,"claimedTime":1673388429000},{"poolId":33,"poolName":"BTC/USDT","assetRewards":"USDT","claimAmount":"0.0268647","status":1,"claimedTime":1673388429000},{"poolId":33,"poolName":"BTC/USDT","assetRewards":"USDT","claimAmount":"0.00219641","status":1,"claimedTime":1673309313000},{"poolId":33,"poolName":"BTC/USDT","assetRewards":"BTC","claimAmount":"0.00000025","status":1,"claimedTime":1673309313000},{"poolId":33,"poolName":"BTC/USDT","assetRewards":"BNB","claimAmount":"0.00001714","status":1,"claimedTime":1673309313000},{"poolId":33,"poolName":"BTC/USDT","assetRewards":"BTC","claimAmount":"0.00000107","status":1,"claimedTime":1673304723000},{"poolId":33,"poolName":"BTC/USDT","assetRewards":"BNB","claimAmount":"0.00004277","status":1,"claimedTime":1673304723000},{"poolId":33,"poolName":"BTC/USDT","assetRewards":"USDT","claimAmount":"0.00956721","status":1,"claimedTime":1673304723000},{"poolId":33,"poolName":"BTC/USDT","assetRewards":"BTC","claimAmount":"0.00000239","status":1,"claimedTime":1673284418000},{"poolId":33,"poolName":"BTC/USDT","assetRewards":"BNB","claimAmount":"0.00015864","status":1,"claimedTime":1673284418000},{"poolId":33,"poolName":"BTC/USDT","assetRewards":"USDT","claimAmount":"0.03622806","status":1,"claimedTime":1673284418000},{"poolId":33,"poolName":"BTC/USDT","assetRewards":"USDT","claimAmount":"0.00602529","status":1,"claimedTime":1673218598000},{"poolId":33,"poolName":"BTC/USDT","assetRewards":"BNB","claimAmount":"0.00018894","status":1,"claimedTime":1673218598000},{"poolId":33,"poolName":"BTC/USDT","assetRewards":"BTC","claimAmount":"0.00000107","status":1,"claimedTime":1673218598000},{"poolId":33,"poolName":"BTC/USDT","assetRewards":"BNB","claimAmount":"0.00006128","status":1,"claimedTime":1673129629000},{"poolId":33,"poolName":"BTC/USDT","assetRewards":"BTC","claimAmount":"0.00000038","status":1,"claimedTime":1673129629000},{"poolId":33,"poolName":"BTC/USDT","assetRewards":"USDT","claimAmount":"0.00186674","status":1,"claimedTime":1673129629000},{"poolId":33,"poolName":"BTC/USDT","assetRewards":"BNB","claimAmount":"0.00019113","status":1,"claimedTime":1673102213000},{"poolId":33,"poolName":"BTC/USDT","assetRewards":"USDT","claimAmount":"0.02317249","status":1,"claimedTime":1673102213000},{"poolId":33,"poolName":"BTC/USDT","assetRewards":"BTC","claimAmount":"0.00000211","status":1,"claimedTime":1673102213000},{"poolId":33,"poolName":"BTC/USDT","assetRewards":"BTC","claimAmount":"0.00000302","status":1,"claimedTime":1673011595000},{"poolId":33,"poolName":"BTC/USDT","assetRewards":"BNB","claimAmount":"0.00029563","status":1,"claimedTime":1673011595000},{"poolId":33,"poolName":"BTC/USDT","assetRewards":"USDT","claimAmount":"0.0250464","status":1,"claimedTime":1673011595000},{"poolId":33,"poolName":"BTC/USDT","assetRewards":"BNB","claimAmount":"0.00021858","status":1,"claimedTime":1672874654000},{"poolId":33,"poolName":"BTC/USDT","assetRewards":"BTC","claimAmount":"0.00000282","status":1,"claimedTime":1672874654000},{"poolId":33,"poolName":"BTC/USDT","assetRewards":"USDT","claimAmount":"0.03415155","status":1,"claimedTime":1672874654000},{"poolId":33,"poolName":"BTC/USDT","assetRewards":"BTC","claimAmount":"0.00000151","status":1,"claimedTime":1672776322000},{"poolId":33,"poolName":"BTC/USDT","assetRewards":"BNB","claimAmount":"0.00016798","status":1,"claimedTime":1672776322000},{"poolId":33,"poolName":"BTC/USDT","assetRewards":"USDT","claimAmount":"0.01358736","status":1,"claimedTime":1672776322000},{"poolId":33,"poolName":"BTC/USDT","assetRewards":"BTC","claimAmount":"0.00000177","status":1,"claimedTime":1672701203000},{"poolId":33,"poolName":"BTC/USDT","assetRewards":"BTC","claimAmount":"0.00000177","status":1,"claimedTime":1672701203000},{"poolId":33,"poolName":"BTC/USDT","assetRewards":"BNB","claimAmount":"0.0002094","status":1,"claimedTime":1672701203000},{"poolId":33,"poolName":"BTC/USDT","assetRewards":"USDT","claimAmount":"0.01899956","status":1,"claimedTime":1672701203000},{"poolId":33,"poolName":"BTC/USDT","assetRewards":"BNB","claimAmount":"0.0001705","status":1,"claimedTime":1672606409000},{"poolId":33,"poolName":"BTC/USDT","assetRewards":"BTC","claimAmount":"0.00000115","status":1,"claimedTime":1672606409000},{"poolId":33,"poolName":"BTC/USDT","assetRewards":"USDT","claimAmount":"0.00854171","status":1,"claimedTime":1672606409000},{"poolId":33,"poolName":"BTC/USDT","assetRewards":"BNB","claimAmount":"0.00007747","status":1,"claimedTime":1672526332000},{"poolId":33,"poolName":"BTC/USDT","assetRewards":"USDT","claimAmount":"0.00424283","status":1,"claimedTime":1672526332000},{"poolId":33,"poolName":"BTC/USDT","assetRewards":"BTC","claimAmount":"0.00000064","status":1,"claimedTime":1672526332000},{"poolId":33,"poolName":"BTC/USDT","assetRewards":"USDT","claimAmount":"0.00927133","status":1,"claimedTime":1672490881000},{"poolId":33,"poolName":"BTC/USDT","assetRewards":"BTC","claimAmount":"0.00000126","status":1,"claimedTime":1672490881000},{"poolId":33,"poolName":"BTC/USDT","assetRewards":"BNB","claimAmount":"0.00012783","status":1,"claimedTime":1672490881000},{"poolId":33,"poolName":"BTC/USDT","assetRewards":"USDT","claimAmount":"0.1021717","status":1,"claimedTime":1672432754000},{"poolId":33,"poolName":"BTC/USDT","assetRewards":"BTC","claimAmount":"0.00001031","status":1,"claimedTime":1672432754000},{"poolId":33,"poolName":"BTC/USDT","assetRewards":"BNB","claimAmount":"0.00086442","status":1,"claimedTime":1672432754000},{"poolId":33,"poolName":"BTC/USDT","assetRewards":"USDT","claimAmount":"0.01323466","status":1,"claimedTime":1672089963000},{"poolId":33,"poolName":"BTC/USDT","assetRewards":"BNB","claimAmount":"0.00025846","status":1,"claimedTime":1672089963000},{"poolId":33,"poolName":"BTC/USDT","assetRewards":"BTC","claimAmount":"0.00000192","status":1,"claimedTime":1672089963000},{"poolId":33,"poolName":"BTC/USDT","assetRewards":"BTC","claimAmount":"0.00000124","status":1,"claimedTime":1671987840000},{"poolId":33,"poolName":"BTC/USDT","assetRewards":"USDT","claimAmount":"0.0085501","status":1,"claimedTime":1671987840000},{"poolId":33,"poolName":"BTC/USDT","assetRewards":"BNB","claimAmount":"0.00018255","status":1,"claimedTime":1671987840000},{"poolId":33,"poolName":"BTC/USDT","assetRewards":"BNB","claimAmount":"0.00015825","status":1,"claimedTime":1671905865000},{"poolId":33,"poolName":"BTC/USDT","assetRewards":"BTC","claimAmount":"0.00000111","status":1,"claimedTime":1671905865000},{"poolId":33,"poolName":"BTC/USDT","assetRewards":"USDT","claimAmount":"0.00878463","status":1,"claimedTime":1671905865000},{"poolId":33,"poolName":"BTC/USDT","assetRewards":"USDT","claimAmount":"0.00203346","status":1,"claimedTime":1671835597000},{"poolId":33,"poolName":"BTC/USDT","assetRewards":"BNB","claimAmount":"0.00001587","status":1,"claimedTime":1671835597000},{"poolId":33,"poolName":"BTC/USDT","assetRewards":"BTC","claimAmount":"0.00000021","status":1,"claimedTime":1671835597000},{"poolId":33,"poolName":"BTC/USDT","assetRewards":"USDT","claimAmount":"0.02861578","status":1,"claimedTime":1671825680000},{"poolId":33,"poolName":"BTC/USDT","assetRewards":"BNB","claimAmount":"0.00017471","status":1,"claimedTime":1671825680000},{"poolId":33,"poolName":"BTC/USDT","assetRewards":"BTC","claimAmount":"0.00000239","status":1,"claimedTime":1671825680000},{"poolId":33,"poolName":"BTC/USDT","assetRewards":"BTC","claimAmount":"0.00000278","status":1,"claimedTime":1671749412000},{"poolId":33,"poolName":"BTC/USDT","assetRewards":"BNB","claimAmount":"0.0002039","status":1,"claimedTime":1671749412000},{"poolId":33,"poolName":"BTC/USDT","assetRewards":"USDT","claimAmount":"0.03403216","status":1,"claimedTime":1671749412000},{"poolId":33,"poolName":"BTC/USDT","assetRewards":"BTC","claimAmount":"0.00000249","status":1,"claimedTime":1671658411000},{"poolId":33,"poolName":"BTC/USDT","assetRewards":"USDT","claimAmount":"0.02695318","status":1,"claimedTime":1671658411000},{"poolId":33,"poolName":"BTC/USDT","assetRewards":"BNB","claimAmount":"0.0001943","status":1,"claimedTime":1671658411000},{"poolId":33,"poolName":"BTC/USDT","assetRewards":"BTC","claimAmount":"0.00000454","status":1,"claimedTime":1671576206000},{"poolId":33,"poolName":"BTC/USDT","assetRewards":"BNB","claimAmount":"0.00020346","status":1,"claimedTime":1671576206000},{"poolId":33,"poolName":"BTC/USDT","assetRewards":"USDT","claimAmount":"0.06988689","status":1,"claimedTime":1671576206000},{"poolId":33,"poolName":"BTC/USDT","assetRewards":"BNB","claimAmount":"0.00021842","status":1,"claimedTime":1671488464000},{"poolId":33,"poolName":"BTC/USDT","assetRewards":"BTC","claimAmount":"0.00000305","status":1,"claimedTime":1671488464000},{"poolId":33,"poolName":"BTC/USDT","assetRewards":"USDT","claimAmount":"0.03188103","status":1,"claimedTime":1671488464000},{"poolId":33,"poolName":"BTC/USDT","assetRewards":"BNB","claimAmount":"0.0002268","status":1,"claimedTime":1671394234000},{"poolId":33,"poolName":"BTC/USDT","assetRewards":"BTC","claimAmount":"0.0000021","status":1,"claimedTime":1671394234000},{"poolId":33,"poolName":"BTC/USDT","assetRewards":"USDT","claimAmount":"0.0207418","status":1,"claimedTime":1671394234000},{"poolId":33,"poolName":"BTC/USDT","assetRewards":"USDT","claimAmount":"0.04637925","status":1,"claimedTime":1671293844000},{"poolId":33,"poolName":"BTC/USDT","assetRewards":"BNB","claimAmount":"0.0001526","status":1,"claimedTime":1671293844000},{"poolId":33,"poolName":"BTC/USDT","assetRewards":"BTC","claimAmount":"0.00000336","status":1,"claimedTime":1671293844000},{"poolId":33,"poolName":"BTC/USDT","assetRewards":"USDT","claimAmount":"0.00191308","status":1,"claimedTime":1671226293000},{"poolId":33,"poolName":"BTC/USDT","assetRewards":"BTC","claimAmount":"0.00000012","status":1,"claimedTime":1671226293000},{"poolId":33,"poolName":"BTC/USDT","assetRewards":"BNB","claimAmount":"0.00000706","status":1,"claimedTime":1671226293000},{"poolId":33,"poolName":"BTC/USDT","assetRewards":"BNB","claimAmount":"0.0001704","status":1,"claimedTime":1671221805000},{"poolId":33,"poolName":"BTC/USDT","assetRewards":"BTC","claimAmount":"0.00000493","status":1,"claimedTime":1671221805000},{"poolId":33,"poolName":"BTC/USDT","assetRewards":"USDT","claimAmount":"0.06045052","status":1,"claimedTime":1671221805000},{"poolId":33,"poolName":"BTC/USDT","assetRewards":"USDT","claimAmount":"0.24393843","status":1,"claimedTime":1671137622000},{"poolId":33,"poolName":"BTC/USDT","assetRewards":"BNB","claimAmount":"0.0011233","status":1,"claimedTime":1671137622000},{"poolId":33,"poolName":"BTC/USDT","assetRewards":"BTC","claimAmount":"0.00001686","status":1,"claimedTime":1671137622000},{"poolId":33,"poolName":"BTC/USDT","assetRewards":"BNB","claimAmount":"0.00044873","status":1,"claimedTime":1670799878000},{"poolId":33,"poolName":"BTC/USDT","assetRewards":"BTC","claimAmount":"0.00000132","status":1,"claimedTime":1670799878000},{"poolId":33,"poolName":"BTC/USDT","assetRewards":"USDT","claimAmount":"0.00833346","status":1,"claimedTime":1670799878000},{"poolId":33,"poolName":"BTC/USDT","assetRewards":"USDT","claimAmount":"0.01821144","status":1,"claimedTime":1670715552000},{"poolId":33,"poolName":"BTC/USDT","assetRewards":"BNB","claimAmount":"0.00118268","status":1,"claimedTime":1670715552000},{"poolId":33,"poolName":"BTC/USDT","assetRewards":"BTC","claimAmount":"0.00000181","status":1,"claimedTime":1670715552000},{"poolId":33,"poolName":"BTC/USDT","assetRewards":"BNB","claimAmount":"0.00056102","status":1,"claimedTime":1670513952000},{"poolId":33,"poolName":"BTC/USDT","assetRewards":"BTC","claimAmount":"0.00000067","status":1,"claimedTime":1670513952000},{"poolId":33,"poolName":"BTC/USDT","assetRewards":"USDT","claimAmount":"0.00591538","status":1,"claimedTime":1670513952000},{"poolId":33,"poolName":"BTC/USDT","assetRewards":"BNB","claimAmount":"0.00014765","status":1,"claimedTime":1670428159000},{"poolId":33,"poolName":"BTC/USDT","assetRewards":"BTC","claimAmount":"0.00000025","status":1,"claimedTime":1670428159000},{"poolId":33,"poolName":"BTC/USDT","assetRewards":"USDT","claimAmount":"0.00282304","status":1,"claimedTime":1670428159000},{"poolId":33,"poolName":"BTC/USDT","assetRewards":"USDT","claimAmount":"0.05444878","status":1,"claimedTime":1670404502000},{"poolId":33,"poolName":"BTC/USDT","assetRewards":"BTC","claimAmount":"0.00000304","status":1,"claimedTime":1670404502000},{"poolId":33,"poolName":"BTC/USDT","assetRewards":"BNB","claimAmount":"0.0002512","status":1,"claimedTime":1670404502000},{"poolId":33,"poolName":"BTC/USDT","assetRewards":"BTC","claimAmount":"0.00000167","status":1,"claimedTime":1670364746000},{"poolId":33,"poolName":"BTC/USDT","assetRewards":"BNB","claimAmount":"0.00089175","status":1,"claimedTime":1670364746000},{"poolId":33,"poolName":"BTC/USDT","assetRewards":"USDT","claimAmount":"0.01544238","status":1,"claimedTime":1670364746000},{"poolId":33,"poolName":"BTC/USDT","assetRewards":"USDT","claimAmount":"0.00845096","status":1,"claimedTime":1670236457000},{"poolId":33,"poolName":"BTC/USDT","assetRewards":"BNB","claimAmount":"0.00046964","status":1,"claimedTime":1670236457000},{"poolId":33,"poolName":"BTC/USDT","assetRewards":"BTC","claimAmount":"0.0000007","status":1,"claimedTime":1670236457000},{"poolId":33,"poolName":"BTC/USDT","assetRewards":"BNB","claimAmount":"0.00055841","status":1,"claimedTime":1670173706000},{"poolId":33,"poolName":"BTC/USDT","assetRewards":"USDT","claimAmount":"0.00637396","status":1,"claimedTime":1670173706000},{"poolId":33,"poolName":"BTC/USDT","assetRewards":"BTC","claimAmount":"0.00000065","status":1,"claimedTime":1670173706000}]
