[{"operationId":7187900,"poolId":33,"poolName":"BTC/USDT","operation":"ADD","status":1,"updateTime":1681039233000,"shareAmount":"3.45172683","liquidityAmount":[{"asset":"BTC","amount":"0.02108003"},{"asset":"USDT","amount":"587.92865224"}]},{"operationId":4911745,"poolId":33,"poolName":"BTC/USDT","operation":"REMOVE","status":1,"updateTime":1681039171000,"shareAmount":"1.638197","liquidityAmount":[{"asset":"BTC","amount":"0.01000424"},{"asset":"USDT","amount":"279.04276195"}]},{"operationId":7179095,"poolId":33,"poolName":"BTC/USDT","operation":"ADD","status":1,"updateTime":1680783130000,"shareAmount":"1.638197","liquidityAmount":[{"asset":"BTC","amount":"0.01"},{"asset":"USDT","amount":"279.16133603"}]},{"operationId":4904630,"poolId":33,"poolName":"BTC/USDT","operation":"REMOVE","status":1,"updateTime":1680782986000,"shareAmount":"3.65515693","liquidityAmount":[{"asset":"BTC","amount":"0.02230678"},{"asset":"USDT","amount":"623.01426835"}]},{"operationId":7101959,"poolId":33,"poolName":"BTC/USDT","operation":"ADD","status":1,"updateTime":1678800916000,"shareAmount":"3.65515693","liquidityAmount":[{"asset":"BTC","amount":"0.02316241"},{"asset":"USDT","amount":"600"}]},{"operationId":4823413,"poolId":33,"poolName":"BTC/USDT","operation":"REMOVE","status":1,"updateTime":1678799200000,"shareAmount":"3.98028229","liquidityAmount":[{"asset":"BTC","amount":"0.02507296"},{"asset":"USDT","amount":"657.27162309"}]},{"operationId":6933911,"poolId":33,"poolName":"BTC/USDT","operation":"ADD","status":1,"updateTime":1674842388000,"shareAmount":"3.98028229","liquidityAmount":[{"asset":"BTC","amount":"0.0266393"},{"asset":"USDT","amount":"618.62487985"}]},{"operationId":4688859,"poolId":33,"poolName":"BTC/USDT","operation":"REMOVE","status":1,"updateTime":1674841707000,"shareAmount":"3.36856243","liquidityAmount":[{"asset":"BTC","amount":"0.02257608"},{"asset":"USDT","amount":"522.83307611"}]},{"operationId":6878753,"poolId":33,"poolName":"BTC/USDT","operation":"ADD","status":1,"updateTime":1673907631000,"shareAmount":"3.36856243","liquidityAmount":[{"asset":"BTC","amount":"0.02360704"},{"asset":"USDT","amount":"499.99997322"}]},{"operationId":4652657,"poolId":33,"poolName":"BTC/USDT","operation":"REMOVE","status":1,"updateTime":1673907480000,"shareAmount":"1.05685562","liquidityAmount":[{"asset":"BTC","amount":"0.00740167"},{"asset":"USDT","amount":"156.97253193"}]},{"operationId":6866354,"poolId":33,"poolName":"BTC/USDT","operation":"ADD","status":1,"updateTime":1673702082000,"shareAmount":"1.05685562","liquidityAmount":[{"asset":"BTC","amount":"0.00746502"},{"asset":"USDT","amount":"155.64050768"}]},{"operationId":4638573,"poolId":33,"poolName":"BTC/USDT","operation":"REMOVE","status":1,"updateTime":1673556943000,"shareAmount":"3.77895518","liquidityAmount":[{"asset":"BTC","amount":"0.02795797"},{"asset":"USDT","amount":"531.32476382"}]},{"operationId":6791492,"poolId":33,"poolName":"BTC/USDT","operation":"ADD","status":1,"updateTime":1671226444000,"shareAmount":"3.77895518","liquidityAmount":[{"asset":"BTC","amount":"0.02970992"},{"asset":"USDT","amount":"499.99330356"}]},{"operationId":4584208,"poolId":33,"poolName":"BTC/USDT","operation":"REMOVE","status":1,"updateTime":1671226314000,"shareAmount":"3.40055741","liquidityAmount":[{"asset":"BTC","amount":"0.02672147"},{"asset":"USDT","amount":"450.15497022"}]},{"operationId":6602811,"poolId":33,"poolName":"BTC/USDT","operation":"ADD","status":1,"updateTime":1667086040000,"shareAmount":"3.40055741","liquidityAmount":[{"asset":"BTC","amount":"0.02405752"},{"asset":"USDT","amount":"500"}]},{"operationId":4427390,"poolId":33,"poolName":"BTC/USDT","operation":"REMOVE","status":1,"updateTime":1667085964000,"shareAmount":"3.68021418","liquidityAmount":[{"asset":"BTC","amount":"0.02603766"},{"asset":"USDT","amount":"541.08413101"}]},{"operationId":6550289,"poolId":33,"poolName":"BTC/USDT","operation":"ADD","status":1,"updateTime":1665521865000,"shareAmount":"0.71079832","liquidityAmount":[{"asset":"BTC","amount":"0.00525549"},{"asset":"USDT","amount":"100.00000509"}]},{"operationId":6533787,"poolId":33,"poolName":"BTC/USDT","operation":"ADD","status":1,"updateTime":1664971617000,"shareAmount":"0.95615949","liquidityAmount":[{"asset":"BTC","amount":"0.00688812"},{"asset":"USDT","amount":"138.06387587"}]},{"operationId":6532028,"poolId":33,"poolName":"BTC/USDT","operation":"ADD","status":1,"updateTime":1664922114000,"shareAmount":"0.68848277","liquidityAmount":[{"asset":"BTC","amount":"0.00492912"},{"asset":"USDT","amount":"100.03161007"}]},{"operationId":6530409,"poolId":33,"poolName":"BTC/USDT","operation":"ADD","status":1,"updateTime":1664881785000,"shareAmount":"0.64547379","liquidityAmount":[{"asset":"BTC","amount":"0.00466084"},{"asset":"USDT","amount":"92.9850385"}]},{"operationId":6530067,"poolId":33,"poolName":"BTC/USDT","operation":"ADD","status":1,"updateTime":1664873073000,"shareAmount":"0.67929981","liquidityAmount":[{"asset":"BTC","amount":"0.00490451"},{"asset":"USDT","amount":"97.86950897"}]},{"operationId":4309286,"poolId":33,"poolName":"BTC/USDT","operation":"REMOVE","status":1,"updateTime":1663356370000,"shareAmount":"2.03792449","liquidityAmount":[{"asset":"BTC","amount":"0.01484403"},{"asset":"USDT","amount":"291.0334754"}]},{"operationId":6320745,"poolId":33,"poolName":"BTC/USDT","operation":"ADD","status":1,"updateTime":1660428414000,"shareAmount":"0.46950027","liquidityAmount":[{"asset":"BTC","amount":"0.00305722"},{"asset":"USDT","amount":"75"}]},{"operationId":6285162,"poolId":33,"poolName":"BTC/USDT","operation":"ADD","status":1,"updateTime":1659820297000,"shareAmount":"0.59740775","liquidityAmount":[{"asset":"BTC","amount":"0.00400082"},{"asset":"USDT","amount":"92.79149721"}]},{"operationId":6248785,"poolId":33,"poolName":"BTC/USDT","operation":"ADD","status":1,"updateTime":1659216740000,"shareAmount":"0.63417563","liquidityAmount":[{"asset":"BTC","amount":"0.00418312"},{"asset":"USDT","amount":"100.00787592"}]},{"operationId":6138010,"poolId":33,"poolName":"BTC/USDT","operation":"ADD","status":1,"updateTime":1657289995000,"shareAmount":"0.16098451","liquidityAmount":[{"asset":"BTC","amount":"0.00112324"},{"asset":"USDT","amount":"24"}]},{"operationId":6108497,"poolId":33,"poolName":"BTC/USDT","operation":"ADD","status":1,"updateTime":1656670237000,"shareAmount":"0.17585633","liquidityAmount":[{"asset":"BTC","amount":"0.00128674"},{"asset":"USDT","amount":"24.99992901"}]}]
