[{"poolId":42,"poolName":"DOGE/USDT","assetRewards":"DOGE","claimAmount":"0.00447934","status":1,"claimedTime":1686000848000},{"poolId":42,"poolName":"DOGE/USDT","assetRewards":"BNB","claimAmount":"0.00000092","status":1,"claimedTime":1686000848000},{"poolId":42,"poolName":"DOGE/USDT","assetRewards":"USDT","claimAmount":"0.00038086","status":1,"claimedTime":1686000848000},{"poolId":42,"poolName":"DOGE/USDT","assetRewards":"BNB","claimAmount":"0.00000529","status":1,"claimedTime":1685985812000},{"poolId":42,"poolName":"DOGE/USDT","assetRewards":"USDT","claimAmount":"0.00158659","status":1,"claimedTime":1685985812000},{"poolId":42,"poolName":"DOGE/USDT","assetRewards":"DOGE","claimAmount":"0.02861134","status":1,"claimedTime":1685985812000},{"poolId":42,"poolName":"DOGE/USDT","assetRewards":"DOGE","claimAmount":"0.00602448","status":1,"claimedTime":1685904929000},{"poolId":42,"poolName":"DOGE/USDT","assetRewards":"BNB","claimAmount":"0.00001081","status":1,"claimedTime":1685904929000},{"poolId":42,"poolName":"DOGE/USDT","assetRewards":"USDT","claimAmount":"0.00045733","status":1,"claimedTime":1685904929000},{"poolId":42,"poolName":"DOGE/USDT","assetRewards":"BNB","claimAmount":"0.00001155","status":1,"claimedTime":1685735343000},{"poolId":42,"poolName":"DOGE/USDT","assetRewards":"USDT","claimAmount":"0.00117231","status":1,"claimedTime":1685735343000},{"poolId":42,"poolName":"DOGE/USDT","assetRewards":"DOGE","claimAmount":"0.02591534","status":1,"claimedTime":1685735343000},{"poolId":42,"poolName":"DOGE/USDT","assetRewards":"BNB","claimAmount":"0.00000504","status":1,"claimedTime":1685556359000},{"poolId":42,"poolName":"DOGE/USDT","assetRewards":"DOGE","claimAmount":"0.00753331","status":1,"claimedTime":1685556359000},{"poolId":42,"poolName":"DOGE/USDT","assetRewards":"USDT","claimAmount":"0.00045878","status":1,"claimedTime":1685556359000},{"poolId":42,"poolName":"DOGE/USDT","assetRewards":"BNB","claimAmount":"0.00000216","status":1,"claimedTime":1685483670000},{"poolId":42,"poolName":"DOGE/USDT","assetRewards":"USDT","claimAmount":"0.00016971","status":1,"claimedTime":1685483670000},{"poolId":42,"poolName":"DOGE/USDT","assetRewards":"DOGE","claimAmount":"0.00291767","status":1,"claimedTime":1685483670000},{"poolId":42,"poolName":"DOGE/USDT","assetRewards":"BNB","claimAmount":"0.00000576","status":1,"claimedTime":1685451525000},{"poolId":42,"poolName":"DOGE/USDT","assetRewards":"DOGE","claimAmount":"0.00649372","status":1,"claimedTime":1685451525000},{"poolId":42,"poolName":"DOGE/USDT","assetRewards":"USDT","claimAmount":"0.00044175","status":1,"claimedTime":1685451525000},{"poolId":42,"poolName":"DOGE/USDT","assetRewards":"USDT","claimAmount":"0.00060681","status":1,"claimedTime":1685365008000},{"poolId":42,"poolName":"DOGE/USDT","assetRewards":"DOGE","claimAmount":"0.00848499","status":1,"claimedTime":1685365008000},{"poolId":42,"poolName":"DOGE/USDT","assetRewards":"BNB","claimAmount":"0.00000672","status":1,"claimedTime":1685365008000},{"poolId":42,"poolName":"DOGE/USDT","assetRewards":"BNB","claimAmount":"0.00000576","status":1,"claimedTime":1685260935000},{"poolId":42,"poolName":"DOGE/USDT","assetRewards":"DOGE","claimAmount":"0.00507913","status":1,"claimedTime":1685260935000},{"poolId":42,"poolName":"DOGE/USDT","assetRewards":"USDT","claimAmount":"0.00042853","status":1,"claimedTime":1685260935000},{"poolId":42,"poolName":"DOGE/USDT","assetRewards":"DOGE","claimAmount":"0.00489792","status":1,"claimedTime":1685176600000},{"poolId":42,"poolName":"DOGE/USDT","assetRewards":"BNB","claimAmount":"0.00000576","status":1,"claimedTime":1685176600000},{"poolId":42,"poolName":"DOGE/USDT","assetRewards":"USDT","claimAmount":"0.0003627","status":1,"claimedTime":1685176600000},{"poolId":42,"poolName":"DOGE/USDT","assetRewards":"USDT","claimAmount":"0.00045852","status":1,"claimedTime":1685091462000},{"poolId":42,"poolName":"DOGE/USDT","assetRewards":"DOGE","claimAmount":"0.00580016","status":1,"claimedTime":1685091462000},{"poolId":42,"poolName":"DOGE/USDT","assetRewards":"BNB","claimAmount":"0.00000672","status":1,"claimedTime":1685091462000},{"poolId":42,"poolName":"DOGE/USDT","assetRewards":"BNB","claimAmount":"0.00000168","status":1,"claimedTime":1684989641000},{"poolId":42,"poolName":"DOGE/USDT","assetRewards":"USDT","claimAmount":"0.00021667","status":1,"claimedTime":1684989641000},{"poolId":42,"poolName":"DOGE/USDT","assetRewards":"DOGE","claimAmount":"0.00393046","status":1,"claimedTime":1684989641000},{"poolId":42,"poolName":"DOGE/USDT","assetRewards":"DOGE","claimAmount":"0.00573019","status":1,"claimedTime":1684963285000},{"poolId":42,"poolName":"DOGE/USDT","assetRewards":"USDT","claimAmount":"0.00037901","status":1,"claimedTime":1684963285000},{"poolId":42,"poolName":"DOGE/USDT","assetRewards":"BNB","claimAmount":"0.00000216","status":1,"claimedTime":1684963285000},{"poolId":42,"poolName":"DOGE/USDT","assetRewards":"USDT","claimAmount":"0.00043512","status":1,"claimedTime":1684931951000},{"poolId":42,"poolName":"DOGE/USDT","assetRewards":"BNB","claimAmount":"0.00000696","status":1,"claimedTime":1684931951000},{"poolId":42,"poolName":"DOGE/USDT","assetRewards":"DOGE","claimAmount":"0.00756688","status":1,"claimedTime":1684931951000},{"poolId":42,"poolName":"DOGE/USDT","assetRewards":"USDT","claimAmount":"0.00062337","status":1,"claimedTime":1684828045000},{"poolId":42,"poolName":"DOGE/USDT","assetRewards":"BNB","claimAmount":"0.00000552","status":1,"claimedTime":1684828045000},{"poolId":42,"poolName":"DOGE/USDT","assetRewards":"DOGE","claimAmount":"0.00782113","status":1,"claimedTime":1684828045000},{"poolId":42,"poolName":"DOGE/USDT","assetRewards":"USDT","claimAmount":"0.00103363","status":1,"claimedTime":1684745220000},{"poolId":42,"poolName":"DOGE/USDT","assetRewards":"DOGE","claimAmount":"0.00935246","status":1,"claimedTime":1684745220000},{"poolId":42,"poolName":"DOGE/USDT","assetRewards":"BNB","claimAmount":"0.00000504","status":1,"claimedTime":1684745220000}]
