[{"poolId":44,"poolName":"FRONT/BUSD","assetRewards":"FRONT","claimAmount":"0.00024818","status":1,"claimedTime":1686000848000},{"poolId":44,"poolName":"FRONT/BUSD","assetRewards":"BUSD","claimAmount":"0.00002824","status":1,"claimedTime":1686000848000},{"poolId":44,"poolName":"FRONT/BUSD","assetRewards":"BNB","claimAmount":"0.00000052","status":1,"claimedTime":1686000848000},{"poolId":44,"poolName":"FRONT/BUSD","assetRewards":"BUSD","claimAmount":"0.00012432","status":1,"claimedTime":1685985812000},{"poolId":44,"poolName":"FRONT/BUSD","assetRewards":"FRONT","claimAmount":"0.00147207","status":1,"claimedTime":1685985812000},{"poolId":44,"poolName":"FRONT/BUSD","assetRewards":"BNB","claimAmount":"0.00000299","status":1,"claimedTime":1685985812000},{"poolId":44,"poolName":"FRONT/BUSD","assetRewards":"BUSD","claimAmount":"0.0002242","status":1,"claimedTime":1685904929000},{"poolId":44,"poolName":"FRONT/BUSD","assetRewards":"FRONT","claimAmount":"0.00108087","status":1,"claimedTime":1685904929000},{"poolId":44,"poolName":"FRONT/BUSD","assetRewards":"BNB","claimAmount":"0.00000611","status":1,"claimedTime":1685904929000},{"poolId":44,"poolName":"FRONT/BUSD","assetRewards":"BNB","claimAmount":"0.00000637","status":1,"claimedTime":1685735343000},{"poolId":44,"poolName":"FRONT/BUSD","assetRewards":"BUSD","claimAmount":"0.00022356","status":1,"claimedTime":1685735343000},{"poolId":44,"poolName":"FRONT/BUSD","assetRewards":"FRONT","claimAmount":"0.0009949","status":1,"claimedTime":1685735343000},{"poolId":44,"poolName":"FRONT/BUSD","assetRewards":"FRONT","claimAmount":"0.00064121","status":1,"claimedTime":1685556359000},{"poolId":44,"poolName":"FRONT/BUSD","assetRewards":"BNB","claimAmount":"0.00000273","status":1,"claimedTime":1685556359000},{"poolId":44,"poolName":"FRONT/BUSD","assetRewards":"BUSD","claimAmount":"0.00007165","status":1,"claimedTime":1685556359000},{"poolId":44,"poolName":"FRONT/BUSD","assetRewards":"FRONT","claimAmount":"0.00023352","status":1,"claimedTime":1685483670000},{"poolId":44,"poolName":"FRONT/BUSD","assetRewards":"BNB","claimAmount":"0.00000117","status":1,"claimedTime":1685483670000},{"poolId":44,"poolName":"FRONT/BUSD","assetRewards":"BUSD","claimAmount":"0.00003547","status":1,"claimedTime":1685483670000},{"poolId":44,"poolName":"FRONT/BUSD","assetRewards":"BUSD","claimAmount":"0.00005852","status":1,"claimedTime":1685451525000},{"poolId":44,"poolName":"FRONT/BUSD","assetRewards":"BNB","claimAmount":"0.00000312","status":1,"claimedTime":1685451525000},{"poolId":44,"poolName":"FRONT/BUSD","assetRewards":"FRONT","claimAmount":"0.00041349","status":1,"claimedTime":1685451525000},{"poolId":44,"poolName":"FRONT/BUSD","assetRewards":"BNB","claimAmount":"0.00000377","status":1,"claimedTime":1685365008000},{"poolId":44,"poolName":"FRONT/BUSD","assetRewards":"FRONT","claimAmount":"0.00035461","status":1,"claimedTime":1685365008000},{"poolId":44,"poolName":"FRONT/BUSD","assetRewards":"BUSD","claimAmount":"0.00009066","status":1,"claimedTime":1685365008000},{"poolId":44,"poolName":"FRONT/BUSD","assetRewards":"FRONT","claimAmount":"0.00022911","status":1,"claimedTime":1685260935000},{"poolId":44,"poolName":"FRONT/BUSD","assetRewards":"BUSD","claimAmount":"0.00005216","status":1,"claimedTime":1685260935000},{"poolId":44,"poolName":"FRONT/BUSD","assetRewards":"BNB","claimAmount":"0.00000299","status":1,"claimedTime":1685260935000},{"poolId":44,"poolName":"FRONT/BUSD","assetRewards":"FRONT","claimAmount":"0.00040513","status":1,"claimedTime":1685176600000},{"poolId":44,"poolName":"FRONT/BUSD","assetRewards":"BUSD","claimAmount":"0.00005936","status":1,"claimedTime":1685176600000},{"poolId":44,"poolName":"FRONT/BUSD","assetRewards":"BNB","claimAmount":"0.00000312","status":1,"claimedTime":1685176600000},{"poolId":44,"poolName":"FRONT/BUSD","assetRewards":"BUSD","claimAmount":"0.0004036","status":1,"claimedTime":1685091462000},{"poolId":44,"poolName":"FRONT/BUSD","assetRewards":"FRONT","claimAmount":"0.00230315","status":1,"claimedTime":1685091462000},{"poolId":44,"poolName":"FRONT/BUSD","assetRewards":"BNB","claimAmount":"0.00000364","status":1,"claimedTime":1685091462000},{"poolId":44,"poolName":"FRONT/BUSD","assetRewards":"FRONT","claimAmount":"0.0002582","status":1,"claimedTime":1684989641000},{"poolId":44,"poolName":"FRONT/BUSD","assetRewards":"BNB","claimAmount":"0.00000091","status":1,"claimedTime":1684989641000},{"poolId":44,"poolName":"FRONT/BUSD","assetRewards":"BUSD","claimAmount":"0.00008456","status":1,"claimedTime":1684989641000},{"poolId":44,"poolName":"FRONT/BUSD","assetRewards":"BNB","claimAmount":"0.00000117","status":1,"claimedTime":1684963285000},{"poolId":44,"poolName":"FRONT/BUSD","assetRewards":"FRONT","claimAmount":"0.00046774","status":1,"claimedTime":1684963285000},{"poolId":44,"poolName":"FRONT/BUSD","assetRewards":"BUSD","claimAmount":"0.00004889","status":1,"claimedTime":1684963285000},{"poolId":44,"poolName":"FRONT/BUSD","assetRewards":"BNB","claimAmount":"0.00000377","status":1,"claimedTime":1684931951000},{"poolId":44,"poolName":"FRONT/BUSD","assetRewards":"BUSD","claimAmount":"0.00009003","status":1,"claimedTime":1684931951000},{"poolId":44,"poolName":"FRONT/BUSD","assetRewards":"FRONT","claimAmount":"0.00071918","status":1,"claimedTime":1684931951000},{"poolId":44,"poolName":"FRONT/BUSD","assetRewards":"FRONT","claimAmount":"0.00048181","status":1,"claimedTime":1684828045000},{"poolId":44,"poolName":"FRONT/BUSD","assetRewards":"BUSD","claimAmount":"0.00010803","status":1,"claimedTime":1684828045000},{"poolId":44,"poolName":"FRONT/BUSD","assetRewards":"BNB","claimAmount":"0.00000299","status":1,"claimedTime":1684828045000},{"poolId":44,"poolName":"FRONT/BUSD","assetRewards":"BUSD","claimAmount":"0.00014877","status":1,"claimedTime":1684745220000},{"poolId":44,"poolName":"FRONT/BUSD","assetRewards":"FRONT","claimAmount":"0.00106237","status":1,"claimedTime":1684745220000},{"poolId":44,"poolName":"FRONT/BUSD","assetRewards":"BNB","claimAmount":"0.00000312","status":1,"claimedTime":1684745220000},{"poolId":44,"poolName":"FRONT/BUSD","assetRewards":"BUSD","claimAmount":"0.00002014","status":1,"claimedTime":1684658716000},{"poolId":44,"poolName":"FRONT/BUSD","assetRewards":"FRONT","claimAmount":"0.00022188","status":1,"claimedTime":1684658716000},{"poolId":44,"poolName":"FRONT/BUSD","assetRewards":"BNB","claimAmount":"0.00000143","status":1,"claimedTime":1684658716000},{"poolId":44,"poolName":"FRONT/BUSD","assetRewards":"BUSD","claimAmount":"0.00030204","status":1,"claimedTime":1684617421000},{"poolId":44,"poolName":"FRONT/BUSD","assetRewards":"FRONT","claimAmount":"0.00138438","status":1,"claimedTime":1684617421000},{"poolId":44,"poolName":"FRONT/BUSD","assetRewards":"BNB","claimAmount":"0.00000169","status":1,"claimedTime":1684617421000},{"poolId":44,"poolName":"FRONT/BUSD","assetRewards":"BNB","claimAmount":"0.00000234","status":1,"claimedTime":1684570840000},{"poolId":44,"poolName":"FRONT/BUSD","assetRewards":"FRONT","claimAmount":"0.00032452","status":1,"claimedTime":1684570840000},{"poolId":44,"poolName":"FRONT/BUSD","assetRewards":"BUSD","claimAmount":"0.00003931","status":1,"claimedTime":1684570840000},{"poolId":44,"poolName":"FRONT/BUSD","assetRewards":"BUSD","claimAmount":"0.00012584","status":1,"claimedTime":1684507388000},{"poolId":44,"poolName":"FRONT/BUSD","assetRewards":"FRONT","claimAmount":"0.00084674","status":1,"claimedTime":1684507388000},{"poolId":44,"poolName":"FRONT/BUSD","assetRewards":"BNB","claimAmount":"0.00000351","status":1,"claimedTime":1684507388000},{"poolId":44,"poolName":"FRONT/BUSD","assetRewards":"BNB","claimAmount":"0.00000325","status":1,"claimedTime":1684407951000},{"poolId":44,"poolName":"FRONT/BUSD","assetRewards":"FRONT","claimAmount":"0.00057008","status":1,"claimedTime":1684407951000},{"poolId":44,"poolName":"FRONT/BUSD","assetRewards":"BUSD","claimAmount":"0.00013622","status":1,"claimedTime":1684407951000},{"poolId":44,"poolName":"FRONT/BUSD","assetRewards":"BNB","claimAmount":"0.00000234","status":1,"claimedTime":1684318513000},{"poolId":44,"poolName":"FRONT/BUSD","assetRewards":"BUSD","claimAmount":"0.00009011","status":1,"claimedTime":1684318513000},{"poolId":44,"poolName":"FRONT/BUSD","assetRewards":"FRONT","claimAmount":"0.00049691","status":1,"claimedTime":1684318513000},{"poolId":44,"poolName":"FRONT/BUSD","assetRewards":"BUSD","claimAmount":"0.0001398","status":1,"claimedTime":1684253184000},{"poolId":44,"poolName":"FRONT/BUSD","assetRewards":"BNB","claimAmount":"0.00000273","status":1,"claimedTime":1684253184000},{"poolId":44,"poolName":"FRONT/BUSD","assetRewards":"FRONT","claimAmount":"0.00067346","status":1,"claimedTime":1684253184000},{"poolId":44,"poolName":"FRONT/BUSD","assetRewards":"BUSD","claimAmount":"0.0000132","status":1,"claimedTime":1684180513000},{"poolId":44,"poolName":"FRONT/BUSD","assetRewards":"FRONT","claimAmount":"0.00010953","status":1,"claimedTime":1684180513000},{"poolId":44,"poolName":"FRONT/BUSD","assetRewards":"BNB","claimAmount":"0.00000078","status":1,"claimedTime":1684180513000},{"poolId":44,"poolName":"FRONT/BUSD","assetRewards":"BNB","claimAmount":"0.00000312","status":1,"claimedTime":1684157653000},{"poolId":44,"poolName":"FRONT/BUSD","assetRewards":"BUSD","claimAmount":"0.00007405","status":1,"claimedTime":1684157653000},{"poolId":44,"poolName":"FRONT/BUSD","assetRewards":"FRONT","claimAmount":"0.00030579","status":1,"claimedTime":1684157653000},{"poolId":44,"poolName":"FRONT/BUSD","assetRewards":"FRONT","claimAmount":"0.00005184","status":1,"claimedTime":1684070017000},{"poolId":44,"poolName":"FRONT/BUSD","assetRewards":"BNB","claimAmount":"0.00000065","status":1,"claimedTime":1684070017000},{"poolId":44,"poolName":"FRONT/BUSD","assetRewards":"BUSD","claimAmount":"0.00001863","status":1,"claimedTime":1684070017000},{"poolId":44,"poolName":"FRONT/BUSD","assetRewards":"BNB","claimAmount":"0.00000312","status":1,"claimedTime":1684053898000},{"poolId":44,"poolName":"FRONT/BUSD","assetRewards":"BUSD","claimAmount":"0.0000667","status":1,"claimedTime":1684053898000},{"poolId":44,"poolName":"FRONT/BUSD","assetRewards":"FRONT","claimAmount":"0.00047709","status":1,"claimedTime":1684053898000},{"poolId":44,"poolName":"FRONT/BUSD","assetRewards":"BNB","claimAmount":"0.00000143","status":1,"claimedTime":1683966128000},{"poolId":44,"poolName":"FRONT/BUSD","assetRewards":"FRONT","claimAmount":"0.00016959","status":1,"claimedTime":1683966128000},{"poolId":44,"poolName":"FRONT/BUSD","assetRewards":"BUSD","claimAmount":"0.0000336","status":1,"claimedTime":1683966128000},{"poolId":44,"poolName":"FRONT/BUSD","assetRewards":"BUSD","claimAmount":"0.00015894","status":1,"claimedTime":1683926079000},{"poolId":44,"poolName":"FRONT/BUSD","assetRewards":"BNB","claimAmount":"0.00000117","status":1,"claimedTime":1683926079000},{"poolId":44,"poolName":"FRONT/BUSD","assetRewards":"FRONT","claimAmount":"0.00062153","status":1,"claimedTime":1683926079000},{"poolId":44,"poolName":"FRONT/BUSD","assetRewards":"BUSD","claimAmount":"0.00005204","status":1,"claimedTime":1683896618000},{"poolId":44,"poolName":"FRONT/BUSD","assetRewards":"FRONT","claimAmount":"0.00019632","status":1,"claimedTime":1683896618000},{"poolId":44,"poolName":"FRONT/BUSD","assetRewards":"BNB","claimAmount":"0.00000052","status":1,"claimedTime":1683896618000},{"poolId":44,"poolName":"FRONT/BUSD","assetRewards":"FRONT","claimAmount":"0.00094973","status":1,"claimedTime":1683881667000},{"poolId":44,"poolName":"FRONT/BUSD","assetRewards":"BNB","claimAmount":"0.00000208","status":1,"claimedTime":1683881667000},{"poolId":44,"poolName":"FRONT/BUSD","assetRewards":"BUSD","claimAmount":"0.00010836","status":1,"claimedTime":1683881667000},{"poolId":44,"poolName":"FRONT/BUSD","assetRewards":"FRONT","claimAmount":"0.00127393","status":1,"claimedTime":1683822494000},{"poolId":44,"poolName":"FRONT/BUSD","assetRewards":"BNB","claimAmount":"0.00000247","status":1,"claimedTime":1683822494000},{"poolId":44,"poolName":"FRONT/BUSD","assetRewards":"BUSD","claimAmount":"0.00013388","status":1,"claimedTime":1683822494000},{"poolId":44,"poolName":"FRONT/BUSD","assetRewards":"BUSD","claimAmount":"0.00044022","status":1,"claimedTime":1683755422000},{"poolId":44,"poolName":"FRONT/BUSD","assetRewards":"FRONT","claimAmount":"0.00227428","status":1,"claimedTime":1683755422000},{"poolId":44,"poolName":"FRONT/BUSD","assetRewards":"BNB","claimAmount":"0.00000325","status":1,"claimedTime":1683755422000},{"poolId":44,"poolName":"FRONT/BUSD","assetRewards":"FRONT","claimAmount":"0.00092713","status":1,"claimedTime":1683662842000},{"poolId":44,"poolName":"FRONT/BUSD","assetRewards":"FRONT","claimAmount":"0.00092713","status":1,"claimedTime":1683662842000},{"poolId":44,"poolName":"FRONT/BUSD","assetRewards":"BNB","claimAmount":"0.00000299","status":1,"claimedTime":1683662842000},{"poolId":44,"poolName":"FRONT/BUSD","assetRewards":"BUSD","claimAmount":"0.00017139","status":1,"claimedTime":1683662842000},{"poolId":44,"poolName":"FRONT/BUSD","assetRewards":"FRONT","claimAmount":"0.00108898","status":1,"claimedTime":1683581876000},{"poolId":44,"poolName":"FRONT/BUSD","assetRewards":"BUSD","claimAmount":"0.00015208","status":1,"claimedTime":1683581876000},{"poolId":44,"poolName":"FRONT/BUSD","assetRewards":"BNB","claimAmount":"0.00000104","status":1,"claimedTime":1683581876000},{"poolId":44,"poolName":"FRONT/BUSD","assetRewards":"BNB","claimAmount":"0.00000195","status":1,"claimedTime":1683541678000},{"poolId":44,"poolName":"FRONT/BUSD","assetRewards":"FRONT","claimAmount":"0.00149729","status":1,"claimedTime":1683541678000},{"poolId":44,"poolName":"FRONT/BUSD","assetRewards":"BUSD","claimAmount":"0.00015997","status":1,"claimedTime":1683541678000},{"poolId":44,"poolName":"FRONT/BUSD","assetRewards":"BNB","claimAmount":"0.00000442","status":1,"claimedTime":1683488635000},{"poolId":44,"poolName":"FRONT/BUSD","assetRewards":"BUSD","claimAmount":"0.0003874","status":1,"claimedTime":1683488635000},{"poolId":44,"poolName":"FRONT/BUSD","assetRewards":"FRONT","claimAmount":"0.00247941","status":1,"claimedTime":1683488635000},{"poolId":44,"poolName":"FRONT/BUSD","assetRewards":"BUSD","claimAmount":"0.00010436","status":1,"claimedTime":1683365451000},{"poolId":44,"poolName":"FRONT/BUSD","assetRewards":"FRONT","claimAmount":"0.000682","status":1,"claimedTime":1683365451000},{"poolId":44,"poolName":"FRONT/BUSD","assetRewards":"BNB","claimAmount":"0.00000156","status":1,"claimedTime":1683365451000},{"poolId":44,"poolName":"FRONT/BUSD","assetRewards":"BNB","claimAmount":"0.00000169","status":1,"claimedTime":1683321390000},{"poolId":44,"poolName":"FRONT/BUSD","assetRewards":"FRONT","claimAmount":"0.00070936","status":1,"claimedTime":1683321390000},{"poolId":44,"poolName":"FRONT/BUSD","assetRewards":"BUSD","claimAmount":"0.00015437","status":1,"claimedTime":1683321390000},{"poolId":44,"poolName":"FRONT/BUSD","assetRewards":"BUSD","claimAmount":"0.00029961","status":1,"claimedTime":1683277438000},{"poolId":44,"poolName":"FRONT/BUSD","assetRewards":"BNB","claimAmount":"0.00000312","status":1,"claimedTime":1683277438000},{"poolId":44,"poolName":"FRONT/BUSD","assetRewards":"FRONT","claimAmount":"0.00153303","status":1,"claimedTime":1683277438000},{"poolId":44,"poolName":"FRONT/BUSD","assetRewards":"BUSD","claimAmount":"0.00010102","status":1,"claimedTime":1683188168000},{"poolId":44,"poolName":"FRONT/BUSD","assetRewards":"FRONT","claimAmount":"0.00054153","status":1,"claimedTime":1683188168000},{"poolId":44,"poolName":"FRONT/BUSD","assetRewards":"BNB","claimAmount":"0.0000013","status":1,"claimedTime":1683188168000},{"poolId":44,"poolName":"FRONT/BUSD","assetRewards":"BUSD","claimAmount":"0.00013312","status":1,"claimedTime":1683152076000},{"poolId":44,"poolName":"FRONT/BUSD","assetRewards":"FRONT","claimAmount":"0.00045271","status":1,"claimedTime":1683152076000},{"poolId":44,"poolName":"FRONT/BUSD","assetRewards":"BNB","claimAmount":"0.00000078","status":1,"claimedTime":1683152076000},{"poolId":44,"poolName":"FRONT/BUSD","assetRewards":"BNB","claimAmount":"0.00000247","status":1,"claimedTime":1683131421000},{"poolId":44,"poolName":"FRONT/BUSD","assetRewards":"FRONT","claimAmount":"0.0008488","status":1,"claimedTime":1683131421000},{"poolId":44,"poolName":"FRONT/BUSD","assetRewards":"BUSD","claimAmount":"0.00012542","status":1,"claimedTime":1683131421000},{"poolId":44,"poolName":"FRONT/BUSD","assetRewards":"FRONT","claimAmount":"0.00237337","status":1,"claimedTime":1683063079000},{"poolId":44,"poolName":"FRONT/BUSD","assetRewards":"BUSD","claimAmount":"0.00045564","status":1,"claimedTime":1683063079000},{"poolId":44,"poolName":"FRONT/BUSD","assetRewards":"BNB","claimAmount":"0.00000494","status":1,"claimedTime":1683063079000},{"poolId":44,"poolName":"FRONT/BUSD","assetRewards":"FRONT","claimAmount":"0.00196048","status":1,"claimedTime":1682926198000},{"poolId":44,"poolName":"FRONT/BUSD","assetRewards":"BUSD","claimAmount":"0.00036837","status":1,"claimedTime":1682926198000},{"poolId":44,"poolName":"FRONT/BUSD","assetRewards":"BNB","claimAmount":"0.00000299","status":1,"claimedTime":1682926198000},{"poolId":44,"poolName":"FRONT/BUSD","assetRewards":"BNB","claimAmount":"0.00000325","status":1,"claimedTime":1682844681000},{"poolId":44,"poolName":"FRONT/BUSD","assetRewards":"FRONT","claimAmount":"0.0065087","status":1,"claimedTime":1682844681000},{"poolId":44,"poolName":"FRONT/BUSD","assetRewards":"BUSD","claimAmount":"0.00144427","status":1,"claimedTime":1682844681000},{"poolId":44,"poolName":"FRONT/BUSD","assetRewards":"FRONT","claimAmount":"0.00070958","status":1,"claimedTime":1682754226000},{"poolId":44,"poolName":"FRONT/BUSD","assetRewards":"BNB","claimAmount":"0.00000325","status":1,"claimedTime":1682754226000},{"poolId":44,"poolName":"FRONT/BUSD","assetRewards":"BUSD","claimAmount":"0.00012581","status":1,"claimedTime":1682754226000},{"poolId":44,"poolName":"FRONT/BUSD","assetRewards":"FRONT","claimAmount":"0.0003344","status":1,"claimedTime":1682664233000},{"poolId":44,"poolName":"FRONT/BUSD","assetRewards":"BUSD","claimAmount":"0.00005466","status":1,"claimedTime":1682664233000},{"poolId":44,"poolName":"FRONT/BUSD","assetRewards":"BNB","claimAmount":"0.00000117","status":1,"claimedTime":1682664233000},{"poolId":44,"poolName":"FRONT/BUSD","assetRewards":"BNB","claimAmount":"0.00000091","status":1,"claimedTime":1682631100000},{"poolId":44,"poolName":"FRONT/BUSD","assetRewards":"BUSD","claimAmount":"0.00012464","status":1,"claimedTime":1682631100000},{"poolId":44,"poolName":"FRONT/BUSD","assetRewards":"FRONT","claimAmount":"0.00037472","status":1,"claimedTime":1682631100000},{"poolId":44,"poolName":"FRONT/BUSD","assetRewards":"BUSD","claimAmount":"0.00039235","status":1,"claimedTime":1682607190000},{"poolId":44,"poolName":"FRONT/BUSD","assetRewards":"BNB","claimAmount":"0.00000338","status":1,"claimedTime":1682607190000},{"poolId":44,"poolName":"FRONT/BUSD","assetRewards":"FRONT","claimAmount":"0.00222456","status":1,"claimedTime":1682607190000},{"poolId":44,"poolName":"FRONT/BUSD","assetRewards":"BNB","claimAmount":"0.00000052","status":1,"claimedTime":1682514259000},{"poolId":44,"poolName":"FRONT/BUSD","assetRewards":"BUSD","claimAmount":"0.0000567","status":1,"claimedTime":1682514259000},{"poolId":44,"poolName":"FRONT/BUSD","assetRewards":"FRONT","claimAmount":"0.00014058","status":1,"claimedTime":1682514259000},{"poolId":44,"poolName":"FRONT/BUSD","assetRewards":"BNB","claimAmount":"0.00000143","status":1,"claimedTime":1682496343000},{"poolId":44,"poolName":"FRONT/BUSD","assetRewards":"FRONT","claimAmount":"0.00020997","status":1,"claimedTime":1682496343000},{"poolId":44,"poolName":"FRONT/BUSD","assetRewards":"BUSD","claimAmount":"0.0000607","status":1,"claimedTime":1682496343000},{"poolId":44,"poolName":"FRONT/BUSD","assetRewards":"BNB","claimAmount":"0.00000104","status":1,"claimedTime":1682457957000},{"poolId":44,"poolName":"FRONT/BUSD","assetRewards":"BUSD","claimAmount":"0.00009677","status":1,"claimedTime":1682457957000},{"poolId":44,"poolName":"FRONT/BUSD","assetRewards":"FRONT","claimAmount":"0.00043352","status":1,"claimedTime":1682457957000},{"poolId":44,"poolName":"FRONT/BUSD","assetRewards":"FRONT","claimAmount":"0.00100072","status":1,"claimedTime":1682429126000},{"poolId":44,"poolName":"FRONT/BUSD","assetRewards":"BUSD","claimAmount":"0.00016925","status":1,"claimedTime":1682429126000},{"poolId":44,"poolName":"FRONT/BUSD","assetRewards":"BNB","claimAmount":"0.00000208","status":1,"claimedTime":1682429126000},{"poolId":44,"poolName":"FRONT/BUSD","assetRewards":"BUSD","claimAmount":"0.00018756","status":1,"claimedTime":1682372060000},{"poolId":44,"poolName":"FRONT/BUSD","assetRewards":"BNB","claimAmount":"0.00000156","status":1,"claimedTime":1682372060000},{"poolId":44,"poolName":"FRONT/BUSD","assetRewards":"FRONT","claimAmount":"0.00064159","status":1,"claimedTime":1682372060000},{"poolId":44,"poolName":"FRONT/BUSD","assetRewards":"FRONT","claimAmount":"0.00110275","status":1,"claimedTime":1682330463000},{"poolId":44,"poolName":"FRONT/BUSD","assetRewards":"BNB","claimAmount":"0.0000026","status":1,"claimedTime":1682330463000},{"poolId":44,"poolName":"FRONT/BUSD","assetRewards":"BUSD","claimAmount":"0.00014939","status":1,"claimedTime":1682330463000},{"poolId":44,"poolName":"FRONT/BUSD","assetRewards":"FRONT","claimAmount":"0.00145064","status":1,"claimedTime":1682255554000},{"poolId":44,"poolName":"FRONT/BUSD","assetRewards":"BNB","claimAmount":"0.00000507","status":1,"claimedTime":1682255554000},{"poolId":44,"poolName":"FRONT/BUSD","assetRewards":"BUSD","claimAmount":"0.00031771","status":1,"claimedTime":1682255554000},{"poolId":44,"poolName":"FRONT/BUSD","assetRewards":"BNB","claimAmount":"0.00000325","status":1,"claimedTime":1682115557000},{"poolId":44,"poolName":"FRONT/BUSD","assetRewards":"BUSD","claimAmount":"0.0003484","status":1,"claimedTime":1682115557000},{"poolId":44,"poolName":"FRONT/BUSD","assetRewards":"FRONT","claimAmount":"0.0018888","status":1,"claimedTime":1682115557000},{"poolId":44,"poolName":"FRONT/BUSD","assetRewards":"BUSD","claimAmount":"0.00041204","status":1,"claimedTime":1682025935000},{"poolId":44,"poolName":"FRONT/BUSD","assetRewards":"BNB","claimAmount":"0.00000312","status":1,"claimedTime":1682025935000},{"poolId":44,"poolName":"FRONT/BUSD","assetRewards":"FRONT","claimAmount":"0.00215167","status":1,"claimedTime":1682025935000},{"poolId":44,"poolName":"FRONT/BUSD","assetRewards":"FRONT","claimAmount":"0.00009358","status":1,"claimedTime":1681939984000},{"poolId":44,"poolName":"FRONT/BUSD","assetRewards":"BNB","claimAmount":"0.00000013","status":1,"claimedTime":1681939984000},{"poolId":44,"poolName":"FRONT/BUSD","assetRewards":"BUSD","claimAmount":"0.00001844","status":1,"claimedTime":1681939984000},{"poolId":44,"poolName":"FRONT/BUSD","assetRewards":"BNB","claimAmount":"0.00000312","status":1,"claimedTime":1681936862000},{"poolId":44,"poolName":"FRONT/BUSD","assetRewards":"FRONT","claimAmount":"0.0023538","status":1,"claimedTime":1681936862000},{"poolId":44,"poolName":"FRONT/BUSD","assetRewards":"BUSD","claimAmount":"0.00044367","status":1,"claimedTime":1681936862000},{"poolId":44,"poolName":"FRONT/BUSD","assetRewards":"FRONT","claimAmount":"0.00229061","status":1,"claimedTime":1681850008000},{"poolId":44,"poolName":"FRONT/BUSD","assetRewards":"BNB","claimAmount":"0.00000286","status":1,"claimedTime":1681850008000},{"poolId":44,"poolName":"FRONT/BUSD","assetRewards":"BUSD","claimAmount":"0.00067185","status":1,"claimedTime":1681850008000},{"poolId":44,"poolName":"FRONT/BUSD","assetRewards":"BNB","claimAmount":"0.0000013","status":1,"claimedTime":1681771185000},{"poolId":44,"poolName":"FRONT/BUSD","assetRewards":"BUSD","claimAmount":"0.00018347","status":1,"claimedTime":1681771185000},{"poolId":44,"poolName":"FRONT/BUSD","assetRewards":"FRONT","claimAmount":"0.00070646","status":1,"claimedTime":1681771185000},{"poolId":44,"poolName":"FRONT/BUSD","assetRewards":"BUSD","claimAmount":"0.00010978","status":1,"claimedTime":1681733497000},{"poolId":44,"poolName":"FRONT/BUSD","assetRewards":"FRONT","claimAmount":"0.00063599","status":1,"claimedTime":1681733497000},{"poolId":44,"poolName":"FRONT/BUSD","assetRewards":"BNB","claimAmount":"0.00000156","status":1,"claimedTime":1681733497000},{"poolId":44,"poolName":"FRONT/BUSD","assetRewards":"BUSD","claimAmount":"0.00011597","status":1,"claimedTime":1681690912000},{"poolId":44,"poolName":"FRONT/BUSD","assetRewards":"FRONT","claimAmount":"0.00043144","status":1,"claimedTime":1681690912000},{"poolId":44,"poolName":"FRONT/BUSD","assetRewards":"BNB","claimAmount":"0.00000143","status":1,"claimedTime":1681690912000},{"poolId":44,"poolName":"FRONT/BUSD","assetRewards":"BUSD","claimAmount":"0.00027557","status":1,"claimedTime":1681652755000},{"poolId":44,"poolName":"FRONT/BUSD","assetRewards":"BNB","claimAmount":"0.00000195","status":1,"claimedTime":1681652755000},{"poolId":44,"poolName":"FRONT/BUSD","assetRewards":"FRONT","claimAmount":"0.00103801","status":1,"claimedTime":1681652755000},{"poolId":44,"poolName":"FRONT/BUSD","assetRewards":"BNB","claimAmount":"0.00000156","status":1,"claimedTime":1681597170000},{"poolId":44,"poolName":"FRONT/BUSD","assetRewards":"BNB","claimAmount":"0.00000156","status":1,"claimedTime":1681597170000},{"poolId":44,"poolName":"FRONT/BUSD","assetRewards":"FRONT","claimAmount":"0.00099879","status":1,"claimedTime":1681597170000},{"poolId":44,"poolName":"FRONT/BUSD","assetRewards":"BUSD","claimAmount":"0.00026224","status":1,"claimedTime":1681597170000},{"poolId":44,"poolName":"FRONT/BUSD","assetRewards":"BUSD","claimAmount":"0.00022924","status":1,"claimedTime":1681556252000},{"poolId":44,"poolName":"FRONT/BUSD","assetRewards":"FRONT","claimAmount":"0.0009745","status":1,"claimedTime":1681556252000},{"poolId":44,"poolName":"FRONT/BUSD","assetRewards":"BNB","claimAmount":"0.00000312","status":1,"claimedTime":1681556252000},{"poolId":44,"poolName":"FRONT/BUSD","assetRewards":"BUSD","claimAmount":"0.00021565","status":1,"claimedTime":1681470004000},{"poolId":44,"poolName":"FRONT/BUSD","assetRewards":"BNB","claimAmount":"0.00000156","status":1,"claimedTime":1681470004000},{"poolId":44,"poolName":"FRONT/BUSD","assetRewards":"FRONT","claimAmount":"0.00079926","status":1,"claimedTime":1681470004000},{"poolId":44,"poolName":"FRONT/BUSD","assetRewards":"BNB","claimAmount":"0.00000156","status":1,"claimedTime":1681426895000},{"poolId":44,"poolName":"FRONT/BUSD","assetRewards":"FRONT","claimAmount":"0.00097535","status":1,"claimedTime":1681426895000},{"poolId":44,"poolName":"FRONT/BUSD","assetRewards":"BUSD","claimAmount":"0.00020153","status":1,"claimedTime":1681426895000},{"poolId":44,"poolName":"FRONT/BUSD","assetRewards":"BUSD","claimAmount":"0.00059461","status":1,"claimedTime":1681381222000},{"poolId":44,"poolName":"FRONT/BUSD","assetRewards":"FRONT","claimAmount":"0.00220725","status":1,"claimedTime":1681381222000},{"poolId":44,"poolName":"FRONT/BUSD","assetRewards":"BNB","claimAmount":"0.00000247","status":1,"claimedTime":1681381222000},{"poolId":44,"poolName":"FRONT/BUSD","assetRewards":"FRONT","claimAmount":"0.00023141","status":1,"claimedTime":1681315099000},{"poolId":44,"poolName":"FRONT/BUSD","assetRewards":"BNB","claimAmount":"0.00000052","status":1,"claimedTime":1681315099000},{"poolId":44,"poolName":"FRONT/BUSD","assetRewards":"BUSD","claimAmount":"0.00007724","status":1,"claimedTime":1681315099000},{"poolId":44,"poolName":"FRONT/BUSD","assetRewards":"FRONT","claimAmount":"0.00104348","status":1,"claimedTime":1681297621000},{"poolId":44,"poolName":"FRONT/BUSD","assetRewards":"BUSD","claimAmount":"0.00022869","status":1,"claimedTime":1681297621000},{"poolId":44,"poolName":"FRONT/BUSD","assetRewards":"BNB","claimAmount":"0.00000169","status":1,"claimedTime":1681297621000},{"poolId":44,"poolName":"FRONT/BUSD","assetRewards":"FRONT","claimAmount":"0.00151197","status":1,"claimedTime":1681253090000},{"poolId":44,"poolName":"FRONT/BUSD","assetRewards":"BNB","claimAmount":"0.00000403","status":1,"claimedTime":1681253090000},{"poolId":44,"poolName":"FRONT/BUSD","assetRewards":"BUSD","claimAmount":"0.00037036","status":1,"claimedTime":1681253090000},{"poolId":44,"poolName":"FRONT/BUSD","assetRewards":"BUSD","claimAmount":"0.00321137","status":1,"claimedTime":1681141566000},{"poolId":44,"poolName":"FRONT/BUSD","assetRewards":"BNB","claimAmount":"0.0000039","status":1,"claimedTime":1681141566000},{"poolId":44,"poolName":"FRONT/BUSD","assetRewards":"FRONT","claimAmount":"0.01218767","status":1,"claimedTime":1681141566000},{"poolId":44,"poolName":"FRONT/BUSD","assetRewards":"FRONT","claimAmount":"0.00408446","status":1,"claimedTime":1681032361000},{"poolId":44,"poolName":"FRONT/BUSD","assetRewards":"BNB","claimAmount":"0.0000014","status":1,"claimedTime":1681032361000},{"poolId":44,"poolName":"FRONT/BUSD","assetRewards":"BUSD","claimAmount":"0.00101068","status":1,"claimedTime":1681032361000},{"poolId":44,"poolName":"FRONT/BUSD","assetRewards":"BNB","claimAmount":"0.00000132","status":1,"claimedTime":1680992772000},{"poolId":44,"poolName":"FRONT/BUSD","assetRewards":"BUSD","claimAmount":"0.00136076","status":1,"claimedTime":1680992772000},{"poolId":44,"poolName":"FRONT/BUSD","assetRewards":"FRONT","claimAmount":"0.00499493","status":1,"claimedTime":1680992772000},{"poolId":44,"poolName":"FRONT/BUSD","assetRewards":"FRONT","claimAmount":"0.00091399","status":1,"claimedTime":1680953654000},{"poolId":44,"poolName":"FRONT/BUSD","assetRewards":"BNB","claimAmount":"0.00000336","status":1,"claimedTime":1680953654000},{"poolId":44,"poolName":"FRONT/BUSD","assetRewards":"BUSD","claimAmount":"0.0002485","status":1,"claimedTime":1680953654000},{"poolId":44,"poolName":"FRONT/BUSD","assetRewards":"BNB","claimAmount":"0.00000132","status":1,"claimedTime":1680851854000},{"poolId":44,"poolName":"FRONT/BUSD","assetRewards":"FRONT","claimAmount":"0.00033604","status":1,"claimedTime":1680851854000},{"poolId":44,"poolName":"FRONT/BUSD","assetRewards":"BUSD","claimAmount":"0.00005005","status":1,"claimedTime":1680851854000},{"poolId":44,"poolName":"FRONT/BUSD","assetRewards":"FRONT","claimAmount":"0.00027839","status":1,"claimedTime":1680814838000},{"poolId":44,"poolName":"FRONT/BUSD","assetRewards":"BNB","claimAmount":"0.00000048","status":1,"claimedTime":1680814838000},{"poolId":44,"poolName":"FRONT/BUSD","assetRewards":"BUSD","claimAmount":"0.00009163","status":1,"claimedTime":1680814838000},{"poolId":44,"poolName":"FRONT/BUSD","assetRewards":"FRONT","claimAmount":"0.00000592","status":1,"claimedTime":1680799217000},{"poolId":44,"poolName":"FRONT/BUSD","assetRewards":"BNB","claimAmount":"0.00000012","status":1,"claimedTime":1680799217000},{"poolId":44,"poolName":"FRONT/BUSD","assetRewards":"BUSD","claimAmount":"0.00000273","status":1,"claimedTime":1680799217000},{"poolId":44,"poolName":"FRONT/BUSD","assetRewards":"FRONT","claimAmount":"0.00008347","status":1,"claimedTime":1680794103000},{"poolId":44,"poolName":"FRONT/BUSD","assetRewards":"BUSD","claimAmount":"0.00002614","status":1,"claimedTime":1680794103000},{"poolId":44,"poolName":"FRONT/BUSD","assetRewards":"BNB","claimAmount":"0.00000036","status":1,"claimedTime":1680794103000},{"poolId":44,"poolName":"FRONT/BUSD","assetRewards":"BUSD","claimAmount":"0.00002793","status":1,"claimedTime":1680782978000},{"poolId":44,"poolName":"FRONT/BUSD","assetRewards":"FRONT","claimAmount":"0.00008961","status":1,"claimedTime":1680782978000},{"poolId":44,"poolName":"FRONT/BUSD","assetRewards":"BNB","claimAmount":"0.00000024","status":1,"claimedTime":1680782978000},{"poolId":44,"poolName":"FRONT/BUSD","assetRewards":"FRONT","claimAmount":"0.00103847","status":1,"claimedTime":1680776732000},{"poolId":44,"poolName":"FRONT/BUSD","assetRewards":"BNB","claimAmount":"0.000003","status":1,"claimedTime":1680776732000},{"poolId":44,"poolName":"FRONT/BUSD","assetRewards":"BUSD","claimAmount":"0.00021975","status":1,"claimedTime":1680776732000},{"poolId":44,"poolName":"FRONT/BUSD","assetRewards":"BNB","claimAmount":"0.00000156","status":1,"claimedTime":1680686522000},{"poolId":44,"poolName":"FRONT/BUSD","assetRewards":"BUSD","claimAmount":"0.00007886","status":1,"claimedTime":1680686522000},{"poolId":44,"poolName":"FRONT/BUSD","assetRewards":"FRONT","claimAmount":"0.00029732","status":1,"claimedTime":1680686522000},{"poolId":44,"poolName":"FRONT/BUSD","assetRewards":"BUSD","claimAmount":"0.00016524","status":1,"claimedTime":1680641878000},{"poolId":44,"poolName":"FRONT/BUSD","assetRewards":"FRONT","claimAmount":"0.00066064","status":1,"claimedTime":1680641878000},{"poolId":44,"poolName":"FRONT/BUSD","assetRewards":"BNB","claimAmount":"0.0000012","status":1,"claimedTime":1680641878000},{"poolId":44,"poolName":"FRONT/BUSD","assetRewards":"FRONT","claimAmount":"0.00099474","status":1,"claimedTime":1680602777000},{"poolId":44,"poolName":"FRONT/BUSD","assetRewards":"BNB","claimAmount":"0.0000018","status":1,"claimedTime":1680602777000},{"poolId":44,"poolName":"FRONT/BUSD","assetRewards":"BUSD","claimAmount":"0.00019485","status":1,"claimedTime":1680602777000},{"poolId":44,"poolName":"FRONT/BUSD","assetRewards":"FRONT","claimAmount":"0.000258","status":1,"claimedTime":1680551457000},{"poolId":44,"poolName":"FRONT/BUSD","assetRewards":"BNB","claimAmount":"0.00000012","status":1,"claimedTime":1680551457000},{"poolId":44,"poolName":"FRONT/BUSD","assetRewards":"BUSD","claimAmount":"0.00007573","status":1,"claimedTime":1680551457000},{"poolId":44,"poolName":"FRONT/BUSD","assetRewards":"BUSD","claimAmount":"0.00011293","status":1,"claimedTime":1680545384000},{"poolId":44,"poolName":"FRONT/BUSD","assetRewards":"FRONT","claimAmount":"0.00040116","status":1,"claimedTime":1680545384000},{"poolId":44,"poolName":"FRONT/BUSD","assetRewards":"BNB","claimAmount":"0.00000036","status":1,"claimedTime":1680545384000},{"poolId":44,"poolName":"FRONT/BUSD","assetRewards":"BNB","claimAmount":"0.00000228","status":1,"claimedTime":1680536388000},{"poolId":44,"poolName":"FRONT/BUSD","assetRewards":"BUSD","claimAmount":"0.00024232","status":1,"claimedTime":1680536388000},{"poolId":44,"poolName":"FRONT/BUSD","assetRewards":"FRONT","claimAmount":"0.00093608","status":1,"claimedTime":1680536388000},{"poolId":44,"poolName":"FRONT/BUSD","assetRewards":"FRONT","claimAmount":"0.00083856","status":1,"claimedTime":1680466432000},{"poolId":44,"poolName":"FRONT/BUSD","assetRewards":"BNB","claimAmount":"0.00000264","status":1,"claimedTime":1680466432000},{"poolId":44,"poolName":"FRONT/BUSD","assetRewards":"BUSD","claimAmount":"0.00018457","status":1,"claimedTime":1680466432000},{"poolId":44,"poolName":"FRONT/BUSD","assetRewards":"FRONT","claimAmount":"0.00041672","status":1,"claimedTime":1680388352000},{"poolId":44,"poolName":"FRONT/BUSD","assetRewards":"BUSD","claimAmount":"0.00010774","status":1,"claimedTime":1680388352000},{"poolId":44,"poolName":"FRONT/BUSD","assetRewards":"BNB","claimAmount":"0.000003","status":1,"claimedTime":1680388352000},{"poolId":44,"poolName":"FRONT/BUSD","assetRewards":"FRONT","claimAmount":"0.00072544","status":1,"claimedTime":1680300199000},{"poolId":44,"poolName":"FRONT/BUSD","assetRewards":"BUSD","claimAmount":"0.00019761","status":1,"claimedTime":1680300199000},{"poolId":44,"poolName":"FRONT/BUSD","assetRewards":"BNB","claimAmount":"0.00000312","status":1,"claimedTime":1680300199000},{"poolId":44,"poolName":"FRONT/BUSD","assetRewards":"BNB","claimAmount":"0.00000252","status":1,"claimedTime":1680204585000},{"poolId":44,"poolName":"FRONT/BUSD","assetRewards":"FRONT","claimAmount":"0.00130067","status":1,"claimedTime":1680204585000},{"poolId":44,"poolName":"FRONT/BUSD","assetRewards":"BUSD","claimAmount":"0.00027293","status":1,"claimedTime":1680204585000},{"poolId":44,"poolName":"FRONT/BUSD","assetRewards":"FRONT","claimAmount":"0.00005858","status":1,"claimedTime":1680128126000},{"poolId":44,"poolName":"FRONT/BUSD","assetRewards":"BUSD","claimAmount":"0.00001492","status":1,"claimedTime":1680128126000},{"poolId":44,"poolName":"FRONT/BUSD","assetRewards":"BNB","claimAmount":"0.00000012","status":1,"claimedTime":1680128126000},{"poolId":44,"poolName":"FRONT/BUSD","assetRewards":"FRONT","claimAmount":"0.00066228","status":1,"claimedTime":1680127323000},{"poolId":44,"poolName":"FRONT/BUSD","assetRewards":"BNB","claimAmount":"0.00000144","status":1,"claimedTime":1680127323000},{"poolId":44,"poolName":"FRONT/BUSD","assetRewards":"BUSD","claimAmount":"0.00014667","status":1,"claimedTime":1680127323000},{"poolId":44,"poolName":"FRONT/BUSD","assetRewards":"BUSD","claimAmount":"0.00024534","status":1,"claimedTime":1680083332000},{"poolId":44,"poolName":"FRONT/BUSD","assetRewards":"BNB","claimAmount":"0.00000192","status":1,"claimedTime":1680083332000},{"poolId":44,"poolName":"FRONT/BUSD","assetRewards":"FRONT","claimAmount":"0.00070313","status":1,"claimedTime":1680083332000},{"poolId":44,"poolName":"FRONT/BUSD","assetRewards":"BNB","claimAmount":"0.00000228","status":1,"claimedTime":1680024083000},{"poolId":44,"poolName":"FRONT/BUSD","assetRewards":"FRONT","claimAmount":"0.00071558","status":1,"claimedTime":1680024083000},{"poolId":44,"poolName":"FRONT/BUSD","assetRewards":"BUSD","claimAmount":"0.00017563","status":1,"claimedTime":1680024083000},{"poolId":44,"poolName":"FRONT/BUSD","assetRewards":"BUSD","claimAmount":"0.00034609","status":1,"claimedTime":1679956293000},{"poolId":44,"poolName":"FRONT/BUSD","assetRewards":"BNB","claimAmount":"0.000003","status":1,"claimedTime":1679956293000},{"poolId":44,"poolName":"FRONT/BUSD","assetRewards":"FRONT","claimAmount":"0.00167901","status":1,"claimedTime":1679956293000},{"poolId":44,"poolName":"FRONT/BUSD","assetRewards":"BUSD","claimAmount":"0.0002763","status":1,"claimedTime":1679865874000},{"poolId":44,"poolName":"FRONT/BUSD","assetRewards":"BUSD","claimAmount":"0.0002763","status":1,"claimedTime":1679865874000},{"poolId":44,"poolName":"FRONT/BUSD","assetRewards":"FRONT","claimAmount":"0.00130819","status":1,"claimedTime":1679865874000},{"poolId":44,"poolName":"FRONT/BUSD","assetRewards":"BNB","claimAmount":"0.00000252","status":1,"claimedTime":1679865874000},{"poolId":44,"poolName":"FRONT/BUSD","assetRewards":"FRONT","claimAmount":"0.00128819","status":1,"claimedTime":1679789336000},{"poolId":44,"poolName":"FRONT/BUSD","assetRewards":"BNB","claimAmount":"0.00000156","status":1,"claimedTime":1679789336000},{"poolId":44,"poolName":"FRONT/BUSD","assetRewards":"BUSD","claimAmount":"0.0003119","status":1,"claimedTime":1679789336000},{"poolId":44,"poolName":"FRONT/BUSD","assetRewards":"FRONT","claimAmount":"0.00262917","status":1,"claimedTime":1679744976000},{"poolId":44,"poolName":"FRONT/BUSD","assetRewards":"BUSD","claimAmount":"0.00065729","status":1,"claimedTime":1679744976000},{"poolId":44,"poolName":"FRONT/BUSD","assetRewards":"BNB","claimAmount":"0.0000024","status":1,"claimedTime":1679744976000},{"poolId":44,"poolName":"FRONT/BUSD","assetRewards":"FRONT","claimAmount":"0.00068952","status":1,"claimedTime":1679670805000},{"poolId":44,"poolName":"FRONT/BUSD","assetRewards":"BNB","claimAmount":"0.00000216","status":1,"claimedTime":1679670805000},{"poolId":44,"poolName":"FRONT/BUSD","assetRewards":"BUSD","claimAmount":"0.00019084","status":1,"claimedTime":1679670805000},{"poolId":44,"poolName":"FRONT/BUSD","assetRewards":"BNB","claimAmount":"0.0000026","status":1,"claimedTime":1679607873000},{"poolId":44,"poolName":"FRONT/BUSD","assetRewards":"BUSD","claimAmount":"0.00066559","status":1,"claimedTime":1679607873000},{"poolId":44,"poolName":"FRONT/BUSD","assetRewards":"FRONT","claimAmount":"0.00268557","status":1,"claimedTime":1679607873000},{"poolId":44,"poolName":"FRONT/BUSD","assetRewards":"FRONT","claimAmount":"0.00194623","status":1,"claimedTime":1679529731000},{"poolId":44,"poolName":"FRONT/BUSD","assetRewards":"BUSD","claimAmount":"0.00042115","status":1,"claimedTime":1679529731000},{"poolId":44,"poolName":"FRONT/BUSD","assetRewards":"BNB","claimAmount":"0.00000121","status":1,"claimedTime":1679529731000},{"poolId":44,"poolName":"FRONT/BUSD","assetRewards":"FRONT","claimAmount":"0.00087612","status":1,"claimedTime":1679486739000},{"poolId":44,"poolName":"FRONT/BUSD","assetRewards":"BNB","claimAmount":"0.00000176","status":1,"claimedTime":1679486739000},{"poolId":44,"poolName":"FRONT/BUSD","assetRewards":"BUSD","claimAmount":"0.00021098","status":1,"claimedTime":1679486739000},{"poolId":44,"poolName":"FRONT/BUSD","assetRewards":"BNB","claimAmount":"0.00000099","status":1,"claimedTime":1679431471000},{"poolId":44,"poolName":"FRONT/BUSD","assetRewards":"FRONT","claimAmount":"0.00097888","status":1,"claimedTime":1679431471000},{"poolId":44,"poolName":"FRONT/BUSD","assetRewards":"BUSD","claimAmount":"0.00027273","status":1,"claimedTime":1679431471000},{"poolId":44,"poolName":"FRONT/BUSD","assetRewards":"BNB","claimAmount":"0.00000154","status":1,"claimedTime":1679397961000},{"poolId":44,"poolName":"FRONT/BUSD","assetRewards":"FRONT","claimAmount":"0.00153149","status":1,"claimedTime":1679397961000},{"poolId":44,"poolName":"FRONT/BUSD","assetRewards":"BUSD","claimAmount":"0.00031432","status":1,"claimedTime":1679397961000},{"poolId":44,"poolName":"FRONT/BUSD","assetRewards":"BUSD","claimAmount":"0.00031255","status":1,"claimedTime":1679348093000},{"poolId":44,"poolName":"FRONT/BUSD","assetRewards":"BNB","claimAmount":"0.00000077","status":1,"claimedTime":1679348093000},{"poolId":44,"poolName":"FRONT/BUSD","assetRewards":"FRONT","claimAmount":"0.00147005","status":1,"claimedTime":1679348093000},{"poolId":44,"poolName":"FRONT/BUSD","assetRewards":"FRONT","claimAmount":"0.0038854","status":1,"claimedTime":1679324621000},{"poolId":44,"poolName":"FRONT/BUSD","assetRewards":"BNB","claimAmount":"0.00000176","status":1,"claimedTime":1679324621000},{"poolId":44,"poolName":"FRONT/BUSD","assetRewards":"BUSD","claimAmount":"0.0008749","status":1,"claimedTime":1679324621000},{"poolId":44,"poolName":"FRONT/BUSD","assetRewards":"BNB","claimAmount":"0.00000264","status":1,"claimedTime":1679266674000},{"poolId":44,"poolName":"FRONT/BUSD","assetRewards":"BUSD","claimAmount":"0.00432729","status":1,"claimedTime":1679266674000},{"poolId":44,"poolName":"FRONT/BUSD","assetRewards":"FRONT","claimAmount":"0.01658867","status":1,"claimedTime":1679266674000},{"poolId":44,"poolName":"FRONT/BUSD","assetRewards":"BUSD","claimAmount":"0.000325","status":1,"claimedTime":1679179653000},{"poolId":44,"poolName":"FRONT/BUSD","assetRewards":"BNB","claimAmount":"0.00000143","status":1,"claimedTime":1679179653000},{"poolId":44,"poolName":"FRONT/BUSD","assetRewards":"FRONT","claimAmount":"0.001528","status":1,"claimedTime":1679179653000},{"poolId":44,"poolName":"FRONT/BUSD","assetRewards":"FRONT","claimAmount":"0.00114304","status":1,"claimedTime":1679132986000},{"poolId":44,"poolName":"FRONT/BUSD","assetRewards":"BUSD","claimAmount":"0.00025963","status":1,"claimedTime":1679132986000},{"poolId":44,"poolName":"FRONT/BUSD","assetRewards":"BNB","claimAmount":"0.00000011","status":1,"claimedTime":1679132986000},{"poolId":44,"poolName":"FRONT/BUSD","assetRewards":"BNB","claimAmount":"0.00000088","status":1,"claimedTime":1679127016000},{"poolId":44,"poolName":"FRONT/BUSD","assetRewards":"BUSD","claimAmount":"0.00038933","status":1,"claimedTime":1679127016000},{"poolId":44,"poolName":"FRONT/BUSD","assetRewards":"FRONT","claimAmount":"0.00135157","status":1,"claimedTime":1679127016000},{"poolId":44,"poolName":"FRONT/BUSD","assetRewards":"BNB","claimAmount":"0.00000198","status":1,"claimedTime":1679098125000},{"poolId":44,"poolName":"FRONT/BUSD","assetRewards":"BUSD","claimAmount":"0.00097713","status":1,"claimedTime":1679098125000},{"poolId":44,"poolName":"FRONT/BUSD","assetRewards":"FRONT","claimAmount":"0.00396652","status":1,"claimedTime":1679098125000},{"poolId":44,"poolName":"FRONT/BUSD","assetRewards":"BUSD","claimAmount":"0.00017371","status":1,"claimedTime":1679034534000},{"poolId":44,"poolName":"FRONT/BUSD","assetRewards":"FRONT","claimAmount":"0.00064327","status":1,"claimedTime":1679034534000},{"poolId":44,"poolName":"FRONT/BUSD","assetRewards":"BNB","claimAmount":"0.00000099","status":1,"claimedTime":1679034534000},{"poolId":44,"poolName":"FRONT/BUSD","assetRewards":"BNB","claimAmount":"0.00000066","status":1,"claimedTime":1679003407000},{"poolId":44,"poolName":"FRONT/BUSD","assetRewards":"BUSD","claimAmount":"0.00010307","status":1,"claimedTime":1679003407000},{"poolId":44,"poolName":"FRONT/BUSD","assetRewards":"FRONT","claimAmount":"0.00047593","status":1,"claimedTime":1679003407000},{"poolId":44,"poolName":"FRONT/BUSD","assetRewards":"FRONT","claimAmount":"0.00160644","status":1,"claimedTime":1678982193000},{"poolId":44,"poolName":"FRONT/BUSD","assetRewards":"BUSD","claimAmount":"0.00035167","status":1,"claimedTime":1678982193000},{"poolId":44,"poolName":"FRONT/BUSD","assetRewards":"BNB","claimAmount":"0.00000198","status":1,"claimedTime":1678982193000},{"poolId":44,"poolName":"FRONT/BUSD","assetRewards":"BUSD","claimAmount":"0.00041842","status":1,"claimedTime":1678916856000},{"poolId":44,"poolName":"FRONT/BUSD","assetRewards":"FRONT","claimAmount":"0.00257456","status":1,"claimedTime":1678916856000},{"poolId":44,"poolName":"FRONT/BUSD","assetRewards":"BNB","claimAmount":"0.00000165","status":1,"claimedTime":1678916856000},{"poolId":44,"poolName":"FRONT/BUSD","assetRewards":"FRONT","claimAmount":"0.00133859","status":1,"claimedTime":1678860650000},{"poolId":44,"poolName":"FRONT/BUSD","assetRewards":"BUSD","claimAmount":"0.00027928","status":1,"claimedTime":1678860650000},{"poolId":44,"poolName":"FRONT/BUSD","assetRewards":"BNB","claimAmount":"0.00000121","status":1,"claimedTime":1678860650000},{"poolId":44,"poolName":"FRONT/BUSD","assetRewards":"FRONT","claimAmount":"0.00130734","status":1,"claimedTime":1678823277000},{"poolId":44,"poolName":"FRONT/BUSD","assetRewards":"BNB","claimAmount":"0.00000066","status":1,"claimedTime":1678823277000},{"poolId":44,"poolName":"FRONT/BUSD","assetRewards":"BUSD","claimAmount":"0.00026304","status":1,"claimedTime":1678823277000},{"poolId":44,"poolName":"FRONT/BUSD","assetRewards":"BUSD","claimAmount":"0.00016194","status":1,"claimedTime":1678801414000},{"poolId":44,"poolName":"FRONT/BUSD","assetRewards":"BNB","claimAmount":"0.00000011","status":1,"claimedTime":1678801414000},{"poolId":44,"poolName":"FRONT/BUSD","assetRewards":"FRONT","claimAmount":"0.00041522","status":1,"claimedTime":1678801414000},{"poolId":44,"poolName":"FRONT/BUSD","assetRewards":"BUSD","claimAmount":"0.00005905","status":1,"claimedTime":1678798912000},{"poolId":44,"poolName":"FRONT/BUSD","assetRewards":"BNB","claimAmount":"0.00000022","status":1,"claimedTime":1678798912000},{"poolId":44,"poolName":"FRONT/BUSD","assetRewards":"FRONT","claimAmount":"0.00020806","status":1,"claimedTime":1678798912000},{"poolId":44,"poolName":"FRONT/BUSD","assetRewards":"BNB","claimAmount":"0.00000132","status":1,"claimedTime":1678791230000},{"poolId":44,"poolName":"FRONT/BUSD","assetRewards":"FRONT","claimAmount":"0.00098185","status":1,"claimedTime":1678791230000},{"poolId":44,"poolName":"FRONT/BUSD","assetRewards":"BUSD","claimAmount":"0.0002003","status":1,"claimedTime":1678791230000},{"poolId":44,"poolName":"FRONT/BUSD","assetRewards":"BUSD","claimAmount":"0.00046007","status":1,"claimedTime":1678747598000},{"poolId":44,"poolName":"FRONT/BUSD","assetRewards":"BNB","claimAmount":"0.00000143","status":1,"claimedTime":1678747598000},{"poolId":44,"poolName":"FRONT/BUSD","assetRewards":"FRONT","claimAmount":"0.00199387","status":1,"claimedTime":1678747598000},{"poolId":44,"poolName":"FRONT/BUSD","assetRewards":"FRONT","claimAmount":"0.00104271","status":1,"claimedTime":1678700744000},{"poolId":44,"poolName":"FRONT/BUSD","assetRewards":"BUSD","claimAmount":"0.00025349","status":1,"claimedTime":1678700744000},{"poolId":44,"poolName":"FRONT/BUSD","assetRewards":"BNB","claimAmount":"0.00000121","status":1,"claimedTime":1678700744000},{"poolId":44,"poolName":"FRONT/BUSD","assetRewards":"BNB","claimAmount":"0.00000055","status":1,"claimedTime":1678661844000},{"poolId":44,"poolName":"FRONT/BUSD","assetRewards":"FRONT","claimAmount":"0.00038732","status":1,"claimedTime":1678661844000},{"poolId":44,"poolName":"FRONT/BUSD","assetRewards":"BUSD","claimAmount":"0.00011202","status":1,"claimedTime":1678661844000},{"poolId":44,"poolName":"FRONT/BUSD","assetRewards":"FRONT","claimAmount":"0.00033361","status":1,"claimedTime":1678642144000},{"poolId":44,"poolName":"FRONT/BUSD","assetRewards":"BNB","claimAmount":"0.00000088","status":1,"claimedTime":1678642144000},{"poolId":44,"poolName":"FRONT/BUSD","assetRewards":"BUSD","claimAmount":"0.00005413","status":1,"claimedTime":1678642144000},{"poolId":44,"poolName":"FRONT/BUSD","assetRewards":"BNB","claimAmount":"0.0000011","status":1,"claimedTime":1678613762000},{"poolId":44,"poolName":"FRONT/BUSD","assetRewards":"BUSD","claimAmount":"0.00008591","status":1,"claimedTime":1678613762000},{"poolId":44,"poolName":"FRONT/BUSD","assetRewards":"FRONT","claimAmount":"0.00043949","status":1,"claimedTime":1678613762000},{"poolId":44,"poolName":"FRONT/BUSD","assetRewards":"BNB","claimAmount":"0.00000385","status":1,"claimedTime":1678577203000},{"poolId":44,"poolName":"FRONT/BUSD","assetRewards":"FRONT","claimAmount":"0.00345536","status":1,"claimedTime":1678577203000},{"poolId":44,"poolName":"FRONT/BUSD","assetRewards":"BUSD","claimAmount":"0.00066751","status":1,"claimedTime":1678577203000},{"poolId":44,"poolName":"FRONT/BUSD","assetRewards":"BUSD","claimAmount":"0.0000359","status":1,"claimedTime":1678452678000},{"poolId":44,"poolName":"FRONT/BUSD","assetRewards":"BNB","claimAmount":"0.00000011","status":1,"claimedTime":1678452678000},{"poolId":44,"poolName":"FRONT/BUSD","assetRewards":"FRONT","claimAmount":"0.00012117","status":1,"claimedTime":1678452678000},{"poolId":44,"poolName":"FRONT/BUSD","assetRewards":"FRONT","claimAmount":"0.00252331","status":1,"claimedTime":1678449333000},{"poolId":44,"poolName":"FRONT/BUSD","assetRewards":"BNB","claimAmount":"0.00000154","status":1,"claimedTime":1678449333000},{"poolId":44,"poolName":"FRONT/BUSD","assetRewards":"BUSD","claimAmount":"0.00040518","status":1,"claimedTime":1678449333000},{"poolId":44,"poolName":"FRONT/BUSD","assetRewards":"BNB","claimAmount":"0.00000011","status":1,"claimedTime":1678398431000},{"poolId":44,"poolName":"FRONT/BUSD","assetRewards":"BNB","claimAmount":"0.00000011","status":1,"claimedTime":1678398431000},{"poolId":44,"poolName":"FRONT/BUSD","assetRewards":"BUSD","claimAmount":"0.00003549","status":1,"claimedTime":1678398431000},{"poolId":44,"poolName":"FRONT/BUSD","assetRewards":"FRONT","claimAmount":"0.00050698","status":1,"claimedTime":1678398431000},{"poolId":44,"poolName":"FRONT/BUSD","assetRewards":"FRONT","claimAmount":"0.00185793","status":1,"claimedTime":1678395635000},{"poolId":44,"poolName":"FRONT/BUSD","assetRewards":"BUSD","claimAmount":"0.00034437","status":1,"claimedTime":1678395635000},{"poolId":44,"poolName":"FRONT/BUSD","assetRewards":"BNB","claimAmount":"0.00000231","status":1,"claimedTime":1678395635000},{"poolId":44,"poolName":"FRONT/BUSD","assetRewards":"BNB","claimAmount":"0.00000165","status":1,"claimedTime":1678319605000},{"poolId":44,"poolName":"FRONT/BUSD","assetRewards":"FRONT","claimAmount":"0.00127557","status":1,"claimedTime":1678319605000},{"poolId":44,"poolName":"FRONT/BUSD","assetRewards":"BUSD","claimAmount":"0.0002201","status":1,"claimedTime":1678319605000},{"poolId":44,"poolName":"FRONT/BUSD","assetRewards":"FRONT","claimAmount":"0.00202815","status":1,"claimedTime":1678265557000},{"poolId":44,"poolName":"FRONT/BUSD","assetRewards":"BUSD","claimAmount":"0.00035214","status":1,"claimedTime":1678265557000},{"poolId":44,"poolName":"FRONT/BUSD","assetRewards":"BNB","claimAmount":"0.00000209","status":1,"claimedTime":1678265557000}]
