[{"operationId":7277119,"poolId":44,"poolName":"FRONT/BUSD","operation":"ADD","status":1,"updateTime":1683556324000,"shareAmount":"24.07476014","liquidityAmount":[{"asset":"FRONT","amount":"57.80129713"},{"asset":"BUSD","amount":"10.20262911"}]},{"operationId":4991601,"poolId":44,"poolName":"FRONT/BUSD","operation":"REMOVE","status":1,"updateTime":1683543721000,"shareAmount":"24.05056203","liquidityAmount":[{"asset":"FRONT","amount":"57.86238252"},{"asset":"BUSD","amount":"10.17138031"}]},{"operationId":7080950,"poolId":44,"poolName":"FRONT/BUSD","operation":"ADD","status":1,"updateTime":1678194951000,"shareAmount":"24.05056203","liquidityAmount":[{"asset":"FRONT","amount":"51.20200559"},{"asset":"BUSD","amount":"11.4944774"}]}]
