[{"poolId":78,"poolName":"THETA/USDT","assetRewards":"USDT","claimAmount":"0.0019463","status":1,"claimedTime":1683131421000},{"poolId":78,"poolName":"THETA/USDT","assetRewards":"THETA","claimAmount":"0.0023243","status":1,"claimedTime":1683131421000},{"poolId":78,"poolName":"THETA/USDT","assetRewards":"BNB","claimAmount":"0.00001462","status":1,"claimedTime":1683131421000},{"poolId":78,"poolName":"THETA/USDT","assetRewards":"USDT","claimAmount":"0.00555768","status":1,"claimedTime":1683063079000},{"poolId":78,"poolName":"THETA/USDT","assetRewards":"BNB","claimAmount":"0.00002888","status":1,"claimedTime":1683063079000},{"poolId":78,"poolName":"THETA/USDT","assetRewards":"THETA","claimAmount":"0.00558627","status":1,"claimedTime":1683063079000},{"poolId":78,"poolName":"THETA/USDT","assetRewards":"BNB","claimAmount":"0.00001721","status":1,"claimedTime":1682926198000},{"poolId":78,"poolName":"THETA/USDT","assetRewards":"THETA","claimAmount":"0.00390669","status":1,"claimedTime":1682926198000},{"poolId":78,"poolName":"THETA/USDT","assetRewards":"USDT","claimAmount":"0.00341138","status":1,"claimedTime":1682926198000},{"poolId":78,"poolName":"THETA/USDT","assetRewards":"USDT","claimAmount":"0.00197467","status":1,"claimedTime":1682844681000},{"poolId":78,"poolName":"THETA/USDT","assetRewards":"THETA","claimAmount":"0.00194319","status":1,"claimedTime":1682844681000},{"poolId":78,"poolName":"THETA/USDT","assetRewards":"BNB","claimAmount":"0.00001825","status":1,"claimedTime":1682844681000},{"poolId":78,"poolName":"THETA/USDT","assetRewards":"THETA","claimAmount":"0.00298348","status":1,"claimedTime":1682754226000},{"poolId":78,"poolName":"THETA/USDT","assetRewards":"BNB","claimAmount":"0.00001825","status":1,"claimedTime":1682754226000},{"poolId":78,"poolName":"THETA/USDT","assetRewards":"USDT","claimAmount":"0.00297569","status":1,"claimedTime":1682754226000},{"poolId":78,"poolName":"THETA/USDT","assetRewards":"THETA","claimAmount":"0.0010909","status":1,"claimedTime":1682664233000},{"poolId":78,"poolName":"THETA/USDT","assetRewards":"BNB","claimAmount":"0.00000657","status":1,"claimedTime":1682664233000},{"poolId":78,"poolName":"THETA/USDT","assetRewards":"USDT","claimAmount":"0.00093629","status":1,"claimedTime":1682664233000},{"poolId":78,"poolName":"THETA/USDT","assetRewards":"BNB","claimAmount":"0.00000511","status":1,"claimedTime":1682631100000},{"poolId":78,"poolName":"THETA/USDT","assetRewards":"USDT","claimAmount":"0.0027465","status":1,"claimedTime":1682631100000},{"poolId":78,"poolName":"THETA/USDT","assetRewards":"THETA","claimAmount":"0.00255229","status":1,"claimedTime":1682631100000},{"poolId":78,"poolName":"THETA/USDT","assetRewards":"BNB","claimAmount":"0.00001898","status":1,"claimedTime":1682607190000},{"poolId":78,"poolName":"THETA/USDT","assetRewards":"THETA","claimAmount":"0.01269229","status":1,"claimedTime":1682607190000},{"poolId":78,"poolName":"THETA/USDT","assetRewards":"USDT","claimAmount":"0.01212482","status":1,"claimedTime":1682607190000},{"poolId":78,"poolName":"THETA/USDT","assetRewards":"BNB","claimAmount":"0.00000292","status":1,"claimedTime":1682514259000},{"poolId":78,"poolName":"THETA/USDT","assetRewards":"USDT","claimAmount":"0.00090595","status":1,"claimedTime":1682514259000},{"poolId":78,"poolName":"THETA/USDT","assetRewards":"THETA","claimAmount":"0.00062858","status":1,"claimedTime":1682514259000},{"poolId":78,"poolName":"THETA/USDT","assetRewards":"THETA","claimAmount":"0.00128671","status":1,"claimedTime":1682496343000},{"poolId":78,"poolName":"THETA/USDT","assetRewards":"BNB","claimAmount":"0.00000803","status":1,"claimedTime":1682496343000},{"poolId":78,"poolName":"THETA/USDT","assetRewards":"USDT","claimAmount":"0.00144999","status":1,"claimedTime":1682496343000},{"poolId":78,"poolName":"THETA/USDT","assetRewards":"BNB","claimAmount":"0.00000584","status":1,"claimedTime":1682457957000},{"poolId":78,"poolName":"THETA/USDT","assetRewards":"USDT","claimAmount":"0.00212094","status":1,"claimedTime":1682457957000},{"poolId":78,"poolName":"THETA/USDT","assetRewards":"THETA","claimAmount":"0.00180844","status":1,"claimedTime":1682457957000},{"poolId":78,"poolName":"THETA/USDT","assetRewards":"USDT","claimAmount":"0.00183322","status":1,"claimedTime":1682429126000},{"poolId":78,"poolName":"THETA/USDT","assetRewards":"BNB","claimAmount":"0.00001168","status":1,"claimedTime":1682429126000},{"poolId":78,"poolName":"THETA/USDT","assetRewards":"THETA","claimAmount":"0.00208845","status":1,"claimedTime":1682429126000},{"poolId":78,"poolName":"THETA/USDT","assetRewards":"BNB","claimAmount":"0.0000087","status":1,"claimedTime":1682372060000},{"poolId":78,"poolName":"THETA/USDT","assetRewards":"THETA","claimAmount":"0.00232621","status":1,"claimedTime":1682372060000},{"poolId":78,"poolName":"THETA/USDT","assetRewards":"USDT","claimAmount":"0.00231742","status":1,"claimedTime":1682372060000},{"poolId":78,"poolName":"THETA/USDT","assetRewards":"USDT","claimAmount":"0.00388282","status":1,"claimedTime":1682330463000},{"poolId":78,"poolName":"THETA/USDT","assetRewards":"THETA","claimAmount":"0.0042958","status":1,"claimedTime":1682330463000},{"poolId":78,"poolName":"THETA/USDT","assetRewards":"BNB","claimAmount":"0.0000144","status":1,"claimedTime":1682330463000},{"poolId":78,"poolName":"THETA/USDT","assetRewards":"USDT","claimAmount":"0.00476114","status":1,"claimedTime":1682255554000},{"poolId":78,"poolName":"THETA/USDT","assetRewards":"THETA","claimAmount":"0.00436184","status":1,"claimedTime":1682255554000},{"poolId":78,"poolName":"THETA/USDT","assetRewards":"BNB","claimAmount":"0.00002808","status":1,"claimedTime":1682255554000},{"poolId":78,"poolName":"THETA/USDT","assetRewards":"USDT","claimAmount":"0.00718002","status":1,"claimedTime":1682115557000},{"poolId":78,"poolName":"THETA/USDT","assetRewards":"THETA","claimAmount":"0.00798291","status":1,"claimedTime":1682115557000},{"poolId":78,"poolName":"THETA/USDT","assetRewards":"BNB","claimAmount":"0.000018","status":1,"claimedTime":1682115557000},{"poolId":78,"poolName":"THETA/USDT","assetRewards":"USDT","claimAmount":"0.00858765","status":1,"claimedTime":1682025935000},{"poolId":78,"poolName":"THETA/USDT","assetRewards":"BNB","claimAmount":"0.00001728","status":1,"claimedTime":1682025935000},{"poolId":78,"poolName":"THETA/USDT","assetRewards":"THETA","claimAmount":"0.00920298","status":1,"claimedTime":1682025935000},{"poolId":78,"poolName":"THETA/USDT","assetRewards":"USDT","claimAmount":"0.00022144","status":1,"claimedTime":1681939984000},{"poolId":78,"poolName":"THETA/USDT","assetRewards":"THETA","claimAmount":"0.00018657","status":1,"claimedTime":1681939984000},{"poolId":78,"poolName":"THETA/USDT","assetRewards":"BNB","claimAmount":"0.00000072","status":1,"claimedTime":1681939984000},{"poolId":78,"poolName":"THETA/USDT","assetRewards":"USDT","claimAmount":"0.01302747","status":1,"claimedTime":1681936862000},{"poolId":78,"poolName":"THETA/USDT","assetRewards":"BNB","claimAmount":"0.0000172","status":1,"claimedTime":1681936862000},{"poolId":78,"poolName":"THETA/USDT","assetRewards":"THETA","claimAmount":"0.01244559","status":1,"claimedTime":1681936862000},{"poolId":78,"poolName":"THETA/USDT","assetRewards":"BNB","claimAmount":"0.0000156","status":1,"claimedTime":1681850008000},{"poolId":78,"poolName":"THETA/USDT","assetRewards":"USDT","claimAmount":"0.00786564","status":1,"claimedTime":1681850008000},{"poolId":78,"poolName":"THETA/USDT","assetRewards":"THETA","claimAmount":"0.005783","status":1,"claimedTime":1681850008000},{"poolId":78,"poolName":"THETA/USDT","assetRewards":"THETA","claimAmount":"0.00190537","status":1,"claimedTime":1681771185000},{"poolId":78,"poolName":"THETA/USDT","assetRewards":"USDT","claimAmount":"0.00187805","status":1,"claimedTime":1681771185000},{"poolId":78,"poolName":"THETA/USDT","assetRewards":"BNB","claimAmount":"0.00000706","status":1,"claimedTime":1681771185000},{"poolId":78,"poolName":"THETA/USDT","assetRewards":"THETA","claimAmount":"0.00261447","status":1,"claimedTime":1681733497000},{"poolId":78,"poolName":"THETA/USDT","assetRewards":"BNB","claimAmount":"0.00000852","status":1,"claimedTime":1681733497000},{"poolId":78,"poolName":"THETA/USDT","assetRewards":"USDT","claimAmount":"0.00239286","status":1,"claimedTime":1681733497000},{"poolId":78,"poolName":"THETA/USDT","assetRewards":"BNB","claimAmount":"0.00000781","status":1,"claimedTime":1681690912000},{"poolId":78,"poolName":"THETA/USDT","assetRewards":"USDT","claimAmount":"0.00243042","status":1,"claimedTime":1681690912000},{"poolId":78,"poolName":"THETA/USDT","assetRewards":"THETA","claimAmount":"0.00216612","status":1,"claimedTime":1681690912000},{"poolId":78,"poolName":"THETA/USDT","assetRewards":"THETA","claimAmount":"0.00181955","status":1,"claimedTime":1681652755000},{"poolId":78,"poolName":"THETA/USDT","assetRewards":"BNB","claimAmount":"0.00001065","status":1,"claimedTime":1681652755000},{"poolId":78,"poolName":"THETA/USDT","assetRewards":"USDT","claimAmount":"0.00203114","status":1,"claimedTime":1681652755000},{"poolId":78,"poolName":"THETA/USDT","assetRewards":"USDT","claimAmount":"0.0021246","status":1,"claimedTime":1681597170000},{"poolId":78,"poolName":"THETA/USDT","assetRewards":"THETA","claimAmount":"0.00187972","status":1,"claimedTime":1681597170000},{"poolId":78,"poolName":"THETA/USDT","assetRewards":"BNB","claimAmount":"0.00000848","status":1,"claimedTime":1681597170000},{"poolId":78,"poolName":"THETA/USDT","assetRewards":"BNB","claimAmount":"0.00001701","status":1,"claimedTime":1681556252000},{"poolId":78,"poolName":"THETA/USDT","assetRewards":"THETA","claimAmount":"0.00479676","status":1,"claimedTime":1681556252000},{"poolId":78,"poolName":"THETA/USDT","assetRewards":"USDT","claimAmount":"0.00520761","status":1,"claimedTime":1681556252000},{"poolId":78,"poolName":"THETA/USDT","assetRewards":"BNB","claimAmount":"0.0000083","status":1,"claimedTime":1681470004000},{"poolId":78,"poolName":"THETA/USDT","assetRewards":"USDT","claimAmount":"0.00272895","status":1,"claimedTime":1681470004000},{"poolId":78,"poolName":"THETA/USDT","assetRewards":"THETA","claimAmount":"0.00187351","status":1,"claimedTime":1681470004000},{"poolId":78,"poolName":"THETA/USDT","assetRewards":"BNB","claimAmount":"0.00000828","status":1,"claimedTime":1681426895000},{"poolId":78,"poolName":"THETA/USDT","assetRewards":"USDT","claimAmount":"0.00162981","status":1,"claimedTime":1681426895000},{"poolId":78,"poolName":"THETA/USDT","assetRewards":"THETA","claimAmount":"0.00135814","status":1,"claimedTime":1681426895000},{"poolId":78,"poolName":"THETA/USDT","assetRewards":"BNB","claimAmount":"0.00001311","status":1,"claimedTime":1681381222000},{"poolId":78,"poolName":"THETA/USDT","assetRewards":"THETA","claimAmount":"0.0020626","status":1,"claimedTime":1681381222000},{"poolId":78,"poolName":"THETA/USDT","assetRewards":"USDT","claimAmount":"0.00217586","status":1,"claimedTime":1681381222000},{"poolId":78,"poolName":"THETA/USDT","assetRewards":"BNB","claimAmount":"0.00000276","status":1,"claimedTime":1681315099000},{"poolId":78,"poolName":"THETA/USDT","assetRewards":"USDT","claimAmount":"0.00096384","status":1,"claimedTime":1681315099000},{"poolId":78,"poolName":"THETA/USDT","assetRewards":"THETA","claimAmount":"0.00085073","status":1,"claimedTime":1681315099000},{"poolId":78,"poolName":"THETA/USDT","assetRewards":"USDT","claimAmount":"0.00179144","status":1,"claimedTime":1681297621000},{"poolId":78,"poolName":"THETA/USDT","assetRewards":"THETA","claimAmount":"0.00218499","status":1,"claimedTime":1681297621000},{"poolId":78,"poolName":"THETA/USDT","assetRewards":"BNB","claimAmount":"0.00000897","status":1,"claimedTime":1681297621000},{"poolId":78,"poolName":"THETA/USDT","assetRewards":"USDT","claimAmount":"0.00448715","status":1,"claimedTime":1681253090000},{"poolId":78,"poolName":"THETA/USDT","assetRewards":"THETA","claimAmount":"0.0039993","status":1,"claimedTime":1681253090000},{"poolId":78,"poolName":"THETA/USDT","assetRewards":"BNB","claimAmount":"0.00002139","status":1,"claimedTime":1681253090000},{"poolId":78,"poolName":"THETA/USDT","assetRewards":"BNB","claimAmount":"0.0000207","status":1,"claimedTime":1681141566000},{"poolId":78,"poolName":"THETA/USDT","assetRewards":"THETA","claimAmount":"0.00319931","status":1,"claimedTime":1681141566000},{"poolId":78,"poolName":"THETA/USDT","assetRewards":"USDT","claimAmount":"0.0034743","status":1,"claimedTime":1681141566000},{"poolId":78,"poolName":"THETA/USDT","assetRewards":"THETA","claimAmount":"0.00116301","status":1,"claimedTime":1681032361000},{"poolId":78,"poolName":"THETA/USDT","assetRewards":"THETA","claimAmount":"0.00348619","status":1,"claimedTime":1685556359000},{"poolId":78,"poolName":"THETA/USDT","assetRewards":"BNB","claimAmount":"0.00001659","status":1,"claimedTime":1685556359000},{"poolId":78,"poolName":"THETA/USDT","assetRewards":"USDT","claimAmount":"0.0023405","status":1,"claimedTime":1685556359000},{"poolId":78,"poolName":"THETA/USDT","assetRewards":"THETA","claimAmount":"0.00088943","status":1,"claimedTime":1685483670000},{"poolId":78,"poolName":"THETA/USDT","assetRewards":"USDT","claimAmount":"0.00067641","status":1,"claimedTime":1685483670000},{"poolId":78,"poolName":"THETA/USDT","assetRewards":"BNB","claimAmount":"0.00000711","status":1,"claimedTime":1685483670000},{"poolId":78,"poolName":"THETA/USDT","assetRewards":"THETA","claimAmount":"0.00153697","status":1,"claimedTime":1685451525000},{"poolId":78,"poolName":"THETA/USDT","assetRewards":"USDT","claimAmount":"0.0015359","status":1,"claimedTime":1685451525000},{"poolId":78,"poolName":"THETA/USDT","assetRewards":"BNB","claimAmount":"0.00001896","status":1,"claimedTime":1685451525000},{"poolId":78,"poolName":"THETA/USDT","assetRewards":"THETA","claimAmount":"0.00194986","status":1,"claimedTime":1685365008000},{"poolId":78,"poolName":"THETA/USDT","assetRewards":"BNB","claimAmount":"0.00002279","status":1,"claimedTime":1685365008000},{"poolId":78,"poolName":"THETA/USDT","assetRewards":"USDT","claimAmount":"0.00171739","status":1,"claimedTime":1685365008000},{"poolId":78,"poolName":"THETA/USDT","assetRewards":"BNB","claimAmount":"0.00001794","status":1,"claimedTime":1685260935000},{"poolId":78,"poolName":"THETA/USDT","assetRewards":"THETA","claimAmount":"0.00076733","status":1,"claimedTime":1685260935000},{"poolId":78,"poolName":"THETA/USDT","assetRewards":"USDT","claimAmount":"0.00102148","status":1,"claimedTime":1685260935000},{"poolId":78,"poolName":"THETA/USDT","assetRewards":"BNB","claimAmount":"0.00001872","status":1,"claimedTime":1685176600000},{"poolId":78,"poolName":"THETA/USDT","assetRewards":"THETA","claimAmount":"0.00092099","status":1,"claimedTime":1685176600000},{"poolId":78,"poolName":"THETA/USDT","assetRewards":"USDT","claimAmount":"0.00086517","status":1,"claimedTime":1685176600000},{"poolId":78,"poolName":"THETA/USDT","assetRewards":"USDT","claimAmount":"0.00130784","status":1,"claimedTime":1685091462000},{"poolId":78,"poolName":"THETA/USDT","assetRewards":"BNB","claimAmount":"0.00002195","status":1,"claimedTime":1685091462000},{"poolId":78,"poolName":"THETA/USDT","assetRewards":"THETA","claimAmount":"0.00187569","status":1,"claimedTime":1685091462000},{"poolId":78,"poolName":"THETA/USDT","assetRewards":"THETA","claimAmount":"0.00079979","status":1,"claimedTime":1684989641000},{"poolId":78,"poolName":"THETA/USDT","assetRewards":"USDT","claimAmount":"0.0005587","status":1,"claimedTime":1684989641000},{"poolId":78,"poolName":"THETA/USDT","assetRewards":"BNB","claimAmount":"0.00000553","status":1,"claimedTime":1684989641000},{"poolId":78,"poolName":"THETA/USDT","assetRewards":"USDT","claimAmount":"0.00116376","status":1,"claimedTime":1684963285000},{"poolId":78,"poolName":"THETA/USDT","assetRewards":"BNB","claimAmount":"0.00000711","status":1,"claimedTime":1684963285000},{"poolId":78,"poolName":"THETA/USDT","assetRewards":"THETA","claimAmount":"0.00135594","status":1,"claimedTime":1684963285000},{"poolId":78,"poolName":"THETA/USDT","assetRewards":"USDT","claimAmount":"0.00213218","status":1,"claimedTime":1684931951000},{"poolId":78,"poolName":"THETA/USDT","assetRewards":"THETA","claimAmount":"0.00300988","status":1,"claimedTime":1684931951000},{"poolId":78,"poolName":"THETA/USDT","assetRewards":"BNB","claimAmount":"0.00002291","status":1,"claimedTime":1684931951000},{"poolId":78,"poolName":"THETA/USDT","assetRewards":"THETA","claimAmount":"0.00144376","status":1,"claimedTime":1684828045000},{"poolId":78,"poolName":"THETA/USDT","assetRewards":"USDT","claimAmount":"0.0014522","status":1,"claimedTime":1684828045000},{"poolId":78,"poolName":"THETA/USDT","assetRewards":"BNB","claimAmount":"0.00001817","status":1,"claimedTime":1684828045000},{"poolId":78,"poolName":"THETA/USDT","assetRewards":"THETA","claimAmount":"0.00377037","status":1,"claimedTime":1684745220000},{"poolId":78,"poolName":"THETA/USDT","assetRewards":"USDT","claimAmount":"0.00266729","status":1,"claimedTime":1684745220000},{"poolId":78,"poolName":"THETA/USDT","assetRewards":"BNB","claimAmount":"0.00001896","status":1,"claimedTime":1684745220000},{"poolId":78,"poolName":"THETA/USDT","assetRewards":"BNB","claimAmount":"0.00000869","status":1,"claimedTime":1684658716000},{"poolId":78,"poolName":"THETA/USDT","assetRewards":"USDT","claimAmount":"0.00035414","status":1,"claimedTime":1684658716000},{"poolId":78,"poolName":"THETA/USDT","assetRewards":"THETA","claimAmount":"0.00073623","status":1,"claimedTime":1684658716000},{"poolId":78,"poolName":"THETA/USDT","assetRewards":"USDT","claimAmount":"0.00050075","status":1,"claimedTime":1684617421000},{"poolId":78,"poolName":"THETA/USDT","assetRewards":"BNB","claimAmount":"0.00001027","status":1,"claimedTime":1684617421000},{"poolId":78,"poolName":"THETA/USDT","assetRewards":"THETA","claimAmount":"0.00070787","status":1,"claimedTime":1684617421000},{"poolId":78,"poolName":"THETA/USDT","assetRewards":"USDT","claimAmount":"0.00107654","status":1,"claimedTime":1684570840000},{"poolId":78,"poolName":"THETA/USDT","assetRewards":"THETA","claimAmount":"0.00139291","status":1,"claimedTime":1684570840000},{"poolId":78,"poolName":"THETA/USDT","assetRewards":"BNB","claimAmount":"0.00001408","status":1,"claimedTime":1684570840000},{"poolId":78,"poolName":"THETA/USDT","assetRewards":"USDT","claimAmount":"0.00241491","status":1,"claimedTime":1684507388000},{"poolId":78,"poolName":"THETA/USDT","assetRewards":"THETA","claimAmount":"0.00291495","status":1,"claimedTime":1684507388000},{"poolId":78,"poolName":"THETA/USDT","assetRewards":"BNB","claimAmount":"0.00002088","status":1,"claimedTime":1684507388000},{"poolId":78,"poolName":"THETA/USDT","assetRewards":"THETA","claimAmount":"0.00241727","status":1,"claimedTime":1684407951000},{"poolId":78,"poolName":"THETA/USDT","assetRewards":"BNB","claimAmount":"0.00001925","status":1,"claimedTime":1684407951000},{"poolId":78,"poolName":"THETA/USDT","assetRewards":"USDT","claimAmount":"0.00234091","status":1,"claimedTime":1684407951000},{"poolId":78,"poolName":"THETA/USDT","assetRewards":"USDT","claimAmount":"0.00155378","status":1,"claimedTime":1684318513000},{"poolId":78,"poolName":"THETA/USDT","assetRewards":"THETA","claimAmount":"0.0013544","status":1,"claimedTime":1684318513000},{"poolId":78,"poolName":"THETA/USDT","assetRewards":"BNB","claimAmount":"0.00001386","status":1,"claimedTime":1684318513000},{"poolId":78,"poolName":"THETA/USDT","assetRewards":"USDT","claimAmount":"0.00189931","status":1,"claimedTime":1684253184000},{"poolId":78,"poolName":"THETA/USDT","assetRewards":"THETA","claimAmount":"0.00227416","status":1,"claimedTime":1684253184000},{"poolId":78,"poolName":"THETA/USDT","assetRewards":"BNB","claimAmount":"0.00001617","status":1,"claimedTime":1684253184000},{"poolId":78,"poolName":"THETA/USDT","assetRewards":"THETA","claimAmount":"0.00070448","status":1,"claimedTime":1684180513000},{"poolId":78,"poolName":"THETA/USDT","assetRewards":"BNB","claimAmount":"0.00000462","status":1,"claimedTime":1684180513000},{"poolId":78,"poolName":"THETA/USDT","assetRewards":"USDT","claimAmount":"0.00061478","status":1,"claimedTime":1684180513000},{"poolId":78,"poolName":"THETA/USDT","assetRewards":"USDT","claimAmount":"0.00240698","status":1,"claimedTime":1684157653000},{"poolId":78,"poolName":"THETA/USDT","assetRewards":"THETA","claimAmount":"0.00246725","status":1,"claimedTime":1684157653000},{"poolId":78,"poolName":"THETA/USDT","assetRewards":"BNB","claimAmount":"0.00001848","status":1,"claimedTime":1684157653000},{"poolId":78,"poolName":"THETA/USDT","assetRewards":"USDT","claimAmount":"0.00020476","status":1,"claimedTime":1684070017000},{"poolId":78,"poolName":"THETA/USDT","assetRewards":"THETA","claimAmount":"0.00021867","status":1,"claimedTime":1684070017000},{"poolId":78,"poolName":"THETA/USDT","assetRewards":"BNB","claimAmount":"0.00000385","status":1,"claimedTime":1684070017000},{"poolId":78,"poolName":"THETA/USDT","assetRewards":"USDT","claimAmount":"0.00172683","status":1,"claimedTime":1684053898000},{"poolId":78,"poolName":"THETA/USDT","assetRewards":"THETA","claimAmount":"0.00200741","status":1,"claimedTime":1684053898000},{"poolId":78,"poolName":"THETA/USDT","assetRewards":"BNB","claimAmount":"0.00001848","status":1,"claimedTime":1684053898000},{"poolId":78,"poolName":"THETA/USDT","assetRewards":"THETA","claimAmount":"0.00105743","status":1,"claimedTime":1683966128000},{"poolId":78,"poolName":"THETA/USDT","assetRewards":"USDT","claimAmount":"0.00114977","status":1,"claimedTime":1683966128000},{"poolId":78,"poolName":"THETA/USDT","assetRewards":"BNB","claimAmount":"0.00000847","status":1,"claimedTime":1683966128000},{"poolId":78,"poolName":"THETA/USDT","assetRewards":"USDT","claimAmount":"0.001794","status":1,"claimedTime":1683926079000},{"poolId":78,"poolName":"THETA/USDT","assetRewards":"BNB","claimAmount":"0.00000693","status":1,"claimedTime":1683926079000},{"poolId":78,"poolName":"THETA/USDT","assetRewards":"THETA","claimAmount":"0.00189604","status":1,"claimedTime":1683926079000},{"poolId":78,"poolName":"THETA/USDT","assetRewards":"USDT","claimAmount":"0.00050218","status":1,"claimedTime":1683896618000},{"poolId":78,"poolName":"THETA/USDT","assetRewards":"THETA","claimAmount":"0.00039986","status":1,"claimedTime":1683896618000},{"poolId":78,"poolName":"THETA/USDT","assetRewards":"BNB","claimAmount":"0.00000308","status":1,"claimedTime":1683896618000},{"poolId":78,"poolName":"THETA/USDT","assetRewards":"THETA","claimAmount":"0.00437527","status":1,"claimedTime":1683881667000},{"poolId":78,"poolName":"THETA/USDT","assetRewards":"USDT","claimAmount":"0.00356965","status":1,"claimedTime":1683881667000},{"poolId":78,"poolName":"THETA/USDT","assetRewards":"BNB","claimAmount":"0.00001229","status":1,"claimedTime":1683881667000},{"poolId":78,"poolName":"THETA/USDT","assetRewards":"THETA","claimAmount":"0.00485863","status":1,"claimedTime":1683822494000},{"poolId":78,"poolName":"THETA/USDT","assetRewards":"BNB","claimAmount":"0.00001444","status":1,"claimedTime":1683822494000},{"poolId":78,"poolName":"THETA/USDT","assetRewards":"USDT","claimAmount":"0.00393705","status":1,"claimedTime":1683822494000},{"poolId":78,"poolName":"THETA/USDT","assetRewards":"THETA","claimAmount":"0.00857151","status":1,"claimedTime":1683755422000},{"poolId":78,"poolName":"THETA/USDT","assetRewards":"BNB","claimAmount":"0.00001925","status":1,"claimedTime":1683755422000},{"poolId":78,"poolName":"THETA/USDT","assetRewards":"USDT","claimAmount":"0.00818173","status":1,"claimedTime":1683755422000},{"poolId":78,"poolName":"THETA/USDT","assetRewards":"USDT","claimAmount":"0.00286151","status":1,"claimedTime":1683662842000},{"poolId":78,"poolName":"THETA/USDT","assetRewards":"BNB","claimAmount":"0.00001766","status":1,"claimedTime":1683662842000},{"poolId":78,"poolName":"THETA/USDT","assetRewards":"THETA","claimAmount":"0.00304811","status":1,"claimedTime":1683662842000},{"poolId":78,"poolName":"THETA/USDT","assetRewards":"USDT","claimAmount":"0.00330265","status":1,"claimedTime":1683581876000},{"poolId":78,"poolName":"THETA/USDT","assetRewards":"BNB","claimAmount":"0.00000836","status":1,"claimedTime":1683581876000},{"poolId":78,"poolName":"THETA/USDT","assetRewards":"THETA","claimAmount":"0.00410986","status":1,"claimedTime":1683581876000},{"poolId":78,"poolName":"THETA/USDT","assetRewards":"THETA","claimAmount":"0.00417403","status":1,"claimedTime":1683541678000},{"poolId":78,"poolName":"THETA/USDT","assetRewards":"BNB","claimAmount":"0.0000114","status":1,"claimedTime":1683541678000},{"poolId":78,"poolName":"THETA/USDT","assetRewards":"USDT","claimAmount":"0.00290709","status":1,"claimedTime":1683541678000},{"poolId":78,"poolName":"THETA/USDT","assetRewards":"BNB","claimAmount":"0.00002584","status":1,"claimedTime":1683488635000},{"poolId":78,"poolName":"THETA/USDT","assetRewards":"USDT","claimAmount":"0.00341451","status":1,"claimedTime":1683488635000},{"poolId":78,"poolName":"THETA/USDT","assetRewards":"THETA","claimAmount":"0.00402771","status":1,"claimedTime":1683488635000},{"poolId":78,"poolName":"THETA/USDT","assetRewards":"THETA","claimAmount":"0.00136479","status":1,"claimedTime":1683365451000},{"poolId":78,"poolName":"THETA/USDT","assetRewards":"BNB","claimAmount":"0.0000376","status":1,"claimedTime":1685904929000},{"poolId":78,"poolName":"THETA/USDT","assetRewards":"USDT","claimAmount":"0.00061129","status":1,"claimedTime":1685904929000},{"poolId":78,"poolName":"THETA/USDT","assetRewards":"THETA","claimAmount":"0.00085847","status":1,"claimedTime":1685904929000},{"poolId":78,"poolName":"THETA/USDT","assetRewards":"BNB","claimAmount":"0.00003901","status":1,"claimedTime":1685735343000},{"poolId":78,"poolName":"THETA/USDT","assetRewards":"USDT","claimAmount":"0.00401286","status":1,"claimedTime":1685735343000},{"poolId":78,"poolName":"THETA/USDT","assetRewards":"THETA","claimAmount":"0.00450137","status":1,"claimedTime":1685735343000},{"poolId":78,"poolName":"THETA/USDT","assetRewards":"THETA","claimAmount":"0.00348619","status":1,"claimedTime":1685556359000},{"poolId":78,"poolName":"THETA/USDT","assetRewards":"BNB","claimAmount":"0.00001659","status":1,"claimedTime":1685556359000},{"poolId":78,"poolName":"THETA/USDT","assetRewards":"USDT","claimAmount":"0.0023405","status":1,"claimedTime":1685556359000}]
