[{"operationId":7170978,"poolId":78,"poolName":"THETA/USDT","operation":"ADD","status":1,"updateTime":1680546763000,"shareAmount":"48.72641885","liquidityAmount":[{"asset":"THETA","amount":"47.2954234"},{"asset":"USDT","amount":"50.3566185"}]},{"operationId":4896956,"poolId":78,"poolName":"THETA/USDT","operation":"REMOVE","status":1,"updateTime":1680546682000,"shareAmount":"38.8127473","liquidityAmount":[{"asset":"THETA","amount":"37.71045824"},{"asset":"USDT","amount":"40.07131992"}]},{"operationId":6977595,"poolId":78,"poolName":"THETA/USDT","operation":"ADD","status":1,"updateTime":1675601282000,"shareAmount":"38.8127473","liquidityAmount":[{"asset":"THETA","amount":"36.06625403"},{"asset":"USDT","amount":"41.8981084"}]},{"operationId":4717874,"poolId":78,"poolName":"THETA/USDT","operation":"REMOVE","status":1,"updateTime":1675601259000,"shareAmount":"31.43104116","liquidityAmount":[{"asset":"THETA","amount":"29.22870917"},{"asset":"USDT","amount":"33.9042844"}]},{"operationId":6942161,"poolId":78,"poolName":"THETA/USDT","operation":"ADD","status":1,"updateTime":1674997815000,"shareAmount":"31.43104116","liquidityAmount":[{"asset":"THETA","amount":"29.87899994"},{"asset":"USDT","amount":"33.16638677"}]},{"operationId":4682943,"poolId":78,"poolName":"THETA/USDT","operation":"REMOVE","status":1,"updateTime":1674689419000,"shareAmount":"28.99042297","liquidityAmount":[{"asset":"THETA","amount":"28.41145623"},{"asset":"USDT","amount":"29.67305703"}]},{"operationId":6812721,"poolId":78,"poolName":"THETA/USDT","operation":"ADD","status":1,"updateTime":1672091636000,"shareAmount":"28.99042297","liquidityAmount":[{"asset":"THETA","amount":"33.06882639"},{"asset":"USDT","amount":"25.49394238"}]}]
