[{"poolId":85,"poolName":"VET/USDT","assetRewards":"USDT","claimAmount":"0.00016964","status":1,"claimedTime":1686000848000},{"poolId":85,"poolName":"VET/USDT","assetRewards":"VET","claimAmount":"0.00850487","status":1,"claimedTime":1686000848000},{"poolId":85,"poolName":"VET/USDT","assetRewards":"BNB","claimAmount":"0.00000148","status":1,"claimedTime":1686000848000},{"poolId":85,"poolName":"VET/USDT","assetRewards":"VET","claimAmount":"0.03741919","status":1,"claimedTime":1685985812000},{"poolId":85,"poolName":"VET/USDT","assetRewards":"USDT","claimAmount":"0.00059299","status":1,"claimedTime":1685985812000},{"poolId":85,"poolName":"VET/USDT","assetRewards":"BNB","claimAmount":"0.00000851","status":1,"claimedTime":1685985812000},{"poolId":85,"poolName":"VET/USDT","assetRewards":"USDT","claimAmount":"0.00038702","status":1,"claimedTime":1685904929000},{"poolId":85,"poolName":"VET/USDT","assetRewards":"BNB","claimAmount":"0.00001739","status":1,"claimedTime":1685904929000},{"poolId":85,"poolName":"VET/USDT","assetRewards":"VET","claimAmount":"0.0195676","status":1,"claimedTime":1685904929000},{"poolId":85,"poolName":"VET/USDT","assetRewards":"BNB","claimAmount":"0.00001813","status":1,"claimedTime":1685735343000},{"poolId":85,"poolName":"VET/USDT","assetRewards":"VET","claimAmount":"0.0284311","status":1,"claimedTime":1685735343000},{"poolId":85,"poolName":"VET/USDT","assetRewards":"USDT","claimAmount":"0.00054065","status":1,"claimedTime":1685735343000},{"poolId":85,"poolName":"VET/USDT","assetRewards":"USDT","claimAmount":"0.00031625","status":1,"claimedTime":1685556359000},{"poolId":85,"poolName":"VET/USDT","assetRewards":"VET","claimAmount":"0.0162233","status":1,"claimedTime":1685556359000},{"poolId":85,"poolName":"VET/USDT","assetRewards":"BNB","claimAmount":"0.00000777","status":1,"claimedTime":1685556359000},{"poolId":85,"poolName":"VET/USDT","assetRewards":"USDT","claimAmount":"0.00012937","status":1,"claimedTime":1685483670000},{"poolId":85,"poolName":"VET/USDT","assetRewards":"VET","claimAmount":"0.00581025","status":1,"claimedTime":1685483670000},{"poolId":85,"poolName":"VET/USDT","assetRewards":"BNB","claimAmount":"0.00000333","status":1,"claimedTime":1685483670000},{"poolId":85,"poolName":"VET/USDT","assetRewards":"VET","claimAmount":"0.01369523","status":1,"claimedTime":1685451525000},{"poolId":85,"poolName":"VET/USDT","assetRewards":"USDT","claimAmount":"0.00029145","status":1,"claimedTime":1685451525000},{"poolId":85,"poolName":"VET/USDT","assetRewards":"BNB","claimAmount":"0.00000888","status":1,"claimedTime":1685451525000},{"poolId":85,"poolName":"VET/USDT","assetRewards":"BNB","claimAmount":"0.00001073","status":1,"claimedTime":1685365008000},{"poolId":85,"poolName":"VET/USDT","assetRewards":"USDT","claimAmount":"0.00039138","status":1,"claimedTime":1685365008000},{"poolId":85,"poolName":"VET/USDT","assetRewards":"VET","claimAmount":"0.01778651","status":1,"claimedTime":1685365008000},{"poolId":85,"poolName":"VET/USDT","assetRewards":"BNB","claimAmount":"0.00000851","status":1,"claimedTime":1685260935000},{"poolId":85,"poolName":"VET/USDT","assetRewards":"USDT","claimAmount":"0.00029541","status":1,"claimedTime":1685260935000},{"poolId":85,"poolName":"VET/USDT","assetRewards":"VET","claimAmount":"0.01193144","status":1,"claimedTime":1685260935000},{"poolId":85,"poolName":"VET/USDT","assetRewards":"USDT","claimAmount":"0.00013555","status":1,"claimedTime":1685176600000},{"poolId":85,"poolName":"VET/USDT","assetRewards":"VET","claimAmount":"0.00611493","status":1,"claimedTime":1685176600000},{"poolId":85,"poolName":"VET/USDT","assetRewards":"BNB","claimAmount":"0.00000888","status":1,"claimedTime":1685176600000},{"poolId":85,"poolName":"VET/USDT","assetRewards":"USDT","claimAmount":"0.00020409","status":1,"claimedTime":1685091462000},{"poolId":85,"poolName":"VET/USDT","assetRewards":"VET","claimAmount":"0.0114261","status":1,"claimedTime":1685091462000},{"poolId":85,"poolName":"VET/USDT","assetRewards":"BNB","claimAmount":"0.00001036","status":1,"claimedTime":1685091462000},{"poolId":85,"poolName":"VET/USDT","assetRewards":"USDT","claimAmount":"0.00011554","status":1,"claimedTime":1684989641000},{"poolId":85,"poolName":"VET/USDT","assetRewards":"VET","claimAmount":"0.00542297","status":1,"claimedTime":1684989641000},{"poolId":85,"poolName":"VET/USDT","assetRewards":"BNB","claimAmount":"0.00000259","status":1,"claimedTime":1684989641000},{"poolId":85,"poolName":"VET/USDT","assetRewards":"BNB","claimAmount":"0.00000333","status":1,"claimedTime":1684963285000},{"poolId":85,"poolName":"VET/USDT","assetRewards":"USDT","claimAmount":"0.00013843","status":1,"claimedTime":1684963285000},{"poolId":85,"poolName":"VET/USDT","assetRewards":"VET","claimAmount":"0.00714369","status":1,"claimedTime":1684963285000},{"poolId":85,"poolName":"VET/USDT","assetRewards":"VET","claimAmount":"0.01126759","status":1,"claimedTime":1684931951000},{"poolId":85,"poolName":"VET/USDT","assetRewards":"USDT","claimAmount":"0.00020845","status":1,"claimedTime":1684931951000},{"poolId":85,"poolName":"VET/USDT","assetRewards":"BNB","claimAmount":"0.00001073","status":1,"claimedTime":1684931951000},{"poolId":85,"poolName":"VET/USDT","assetRewards":"VET","claimAmount":"0.00992747","status":1,"claimedTime":1684828045000},{"poolId":85,"poolName":"VET/USDT","assetRewards":"BNB","claimAmount":"0.00000851","status":1,"claimedTime":1684828045000},{"poolId":85,"poolName":"VET/USDT","assetRewards":"USDT","claimAmount":"0.00022741","status":1,"claimedTime":1684828045000},{"poolId":85,"poolName":"VET/USDT","assetRewards":"BNB","claimAmount":"0.00000888","status":1,"claimedTime":1684745220000},{"poolId":85,"poolName":"VET/USDT","assetRewards":"USDT","claimAmount":"0.00020817","status":1,"claimedTime":1684745220000},{"poolId":85,"poolName":"VET/USDT","assetRewards":"VET","claimAmount":"0.01261833","status":1,"claimedTime":1684745220000},{"poolId":85,"poolName":"VET/USDT","assetRewards":"BNB","claimAmount":"0.00000407","status":1,"claimedTime":1684658716000},{"poolId":85,"poolName":"VET/USDT","assetRewards":"VET","claimAmount":"0.00248807","status":1,"claimedTime":1684658716000},{"poolId":85,"poolName":"VET/USDT","assetRewards":"USDT","claimAmount":"0.00004462","status":1,"claimedTime":1684658716000},{"poolId":85,"poolName":"VET/USDT","assetRewards":"BNB","claimAmount":"0.00000481","status":1,"claimedTime":1684617421000},{"poolId":85,"poolName":"VET/USDT","assetRewards":"VET","claimAmount":"0.00296989","status":1,"claimedTime":1684617421000},{"poolId":85,"poolName":"VET/USDT","assetRewards":"USDT","claimAmount":"0.00005604","status":1,"claimedTime":1684617421000},{"poolId":85,"poolName":"VET/USDT","assetRewards":"VET","claimAmount":"0.00735031","status":1,"claimedTime":1684570840000},{"poolId":85,"poolName":"VET/USDT","assetRewards":"BNB","claimAmount":"0.00000666","status":1,"claimedTime":1684570840000},{"poolId":85,"poolName":"VET/USDT","assetRewards":"USDT","claimAmount":"0.00013281","status":1,"claimedTime":1684570840000},{"poolId":85,"poolName":"VET/USDT","assetRewards":"VET","claimAmount":"0.01455571","status":1,"claimedTime":1684507388000},{"poolId":85,"poolName":"VET/USDT","assetRewards":"USDT","claimAmount":"0.00027475","status":1,"claimedTime":1684507388000},{"poolId":85,"poolName":"VET/USDT","assetRewards":"BNB","claimAmount":"0.00000999","status":1,"claimedTime":1684507388000},{"poolId":85,"poolName":"VET/USDT","assetRewards":"BNB","claimAmount":"0.00000925","status":1,"claimedTime":1684407951000},{"poolId":85,"poolName":"VET/USDT","assetRewards":"USDT","claimAmount":"0.00037677","status":1,"claimedTime":1684407951000},{"poolId":85,"poolName":"VET/USDT","assetRewards":"VET","claimAmount":"0.01584009","status":1,"claimedTime":1684407951000},{"poolId":85,"poolName":"VET/USDT","assetRewards":"BNB","claimAmount":"0.00000666","status":1,"claimedTime":1684318513000},{"poolId":85,"poolName":"VET/USDT","assetRewards":"VET","claimAmount":"0.0119044","status":1,"claimedTime":1684318513000},{"poolId":85,"poolName":"VET/USDT","assetRewards":"USDT","claimAmount":"0.00018886","status":1,"claimedTime":1684318513000},{"poolId":85,"poolName":"VET/USDT","assetRewards":"VET","claimAmount":"0.01338527","status":1,"claimedTime":1684253184000},{"poolId":85,"poolName":"VET/USDT","assetRewards":"BNB","claimAmount":"0.00000777","status":1,"claimedTime":1684253184000},{"poolId":85,"poolName":"VET/USDT","assetRewards":"USDT","claimAmount":"0.00026434","status":1,"claimedTime":1684253184000},{"poolId":85,"poolName":"VET/USDT","assetRewards":"BNB","claimAmount":"0.00000222","status":1,"claimedTime":1684180513000},{"poolId":85,"poolName":"VET/USDT","assetRewards":"USDT","claimAmount":"0.00007741","status":1,"claimedTime":1684180513000},{"poolId":85,"poolName":"VET/USDT","assetRewards":"VET","claimAmount":"0.00364727","status":1,"claimedTime":1684180513000},{"poolId":85,"poolName":"VET/USDT","assetRewards":"BNB","claimAmount":"0.00000888","status":1,"claimedTime":1684157653000},{"poolId":85,"poolName":"VET/USDT","assetRewards":"VET","claimAmount":"0.01312211","status":1,"claimedTime":1684157653000},{"poolId":85,"poolName":"VET/USDT","assetRewards":"USDT","claimAmount":"0.00025163","status":1,"claimedTime":1684157653000},{"poolId":85,"poolName":"VET/USDT","assetRewards":"USDT","claimAmount":"0.00004247","status":1,"claimedTime":1684070017000},{"poolId":85,"poolName":"VET/USDT","assetRewards":"BNB","claimAmount":"0.00000185","status":1,"claimedTime":1684070017000},{"poolId":85,"poolName":"VET/USDT","assetRewards":"VET","claimAmount":"0.00193223","status":1,"claimedTime":1684070017000},{"poolId":85,"poolName":"VET/USDT","assetRewards":"BNB","claimAmount":"0.00000888","status":1,"claimedTime":1684053898000},{"poolId":85,"poolName":"VET/USDT","assetRewards":"VET","claimAmount":"0.01149131","status":1,"claimedTime":1684053898000},{"poolId":85,"poolName":"VET/USDT","assetRewards":"USDT","claimAmount":"0.00022625","status":1,"claimedTime":1684053898000},{"poolId":85,"poolName":"VET/USDT","assetRewards":"USDT","claimAmount":"0.00010844","status":1,"claimedTime":1683966128000},{"poolId":85,"poolName":"VET/USDT","assetRewards":"BNB","claimAmount":"0.00000407","status":1,"claimedTime":1683966128000},{"poolId":85,"poolName":"VET/USDT","assetRewards":"VET","claimAmount":"0.00478462","status":1,"claimedTime":1683966128000},{"poolId":85,"poolName":"VET/USDT","assetRewards":"VET","claimAmount":"0.00938834","status":1,"claimedTime":1683926079000},{"poolId":85,"poolName":"VET/USDT","assetRewards":"BNB","claimAmount":"0.00000333","status":1,"claimedTime":1683926079000},{"poolId":85,"poolName":"VET/USDT","assetRewards":"USDT","claimAmount":"0.00018564","status":1,"claimedTime":1683926079000},{"poolId":85,"poolName":"VET/USDT","assetRewards":"VET","claimAmount":"0.00215264","status":1,"claimedTime":1683896618000},{"poolId":85,"poolName":"VET/USDT","assetRewards":"BNB","claimAmount":"0.00000148","status":1,"claimedTime":1683896618000},{"poolId":85,"poolName":"VET/USDT","assetRewards":"USDT","claimAmount":"0.00003869","status":1,"claimedTime":1683896618000},{"poolId":85,"poolName":"VET/USDT","assetRewards":"USDT","claimAmount":"0.00043272","status":1,"claimedTime":1683881667000},{"poolId":85,"poolName":"VET/USDT","assetRewards":"VET","claimAmount":"0.02472558","status":1,"claimedTime":1683881667000},{"poolId":85,"poolName":"VET/USDT","assetRewards":"BNB","claimAmount":"0.00000592","status":1,"claimedTime":1683881667000},{"poolId":85,"poolName":"VET/USDT","assetRewards":"USDT","claimAmount":"0.00040485","status":1,"claimedTime":1683822494000},{"poolId":85,"poolName":"VET/USDT","assetRewards":"VET","claimAmount":"0.02291881","status":1,"claimedTime":1683822494000},{"poolId":85,"poolName":"VET/USDT","assetRewards":"BNB","claimAmount":"0.00000703","status":1,"claimedTime":1683822494000},{"poolId":85,"poolName":"VET/USDT","assetRewards":"VET","claimAmount":"0.03345833","status":1,"claimedTime":1683755422000},{"poolId":85,"poolName":"VET/USDT","assetRewards":"BNB","claimAmount":"0.00000925","status":1,"claimedTime":1683755422000},{"poolId":85,"poolName":"VET/USDT","assetRewards":"USDT","claimAmount":"0.00067139","status":1,"claimedTime":1683755422000},{"poolId":85,"poolName":"VET/USDT","assetRewards":"USDT","claimAmount":"0.00040733","status":1,"claimedTime":1683662842000},{"poolId":85,"poolName":"VET/USDT","assetRewards":"USDT","claimAmount":"0.00040733","status":1,"claimedTime":1683662842000},{"poolId":85,"poolName":"VET/USDT","assetRewards":"BNB","claimAmount":"0.00000851","status":1,"claimedTime":1683662842000},{"poolId":85,"poolName":"VET/USDT","assetRewards":"VET","claimAmount":"0.02072075","status":1,"claimedTime":1683662842000},{"poolId":85,"poolName":"VET/USDT","assetRewards":"BNB","claimAmount":"0.00000407","status":1,"claimedTime":1683581876000},{"poolId":85,"poolName":"VET/USDT","assetRewards":"VET","claimAmount":"0.03091271","status":1,"claimedTime":1683581876000},{"poolId":85,"poolName":"VET/USDT","assetRewards":"USDT","claimAmount":"0.00054663","status":1,"claimedTime":1683581876000},{"poolId":85,"poolName":"VET/USDT","assetRewards":"USDT","claimAmount":"0.00046814","status":1,"claimedTime":1683541678000},{"poolId":85,"poolName":"VET/USDT","assetRewards":"VET","claimAmount":"0.02778701","status":1,"claimedTime":1683541678000},{"poolId":85,"poolName":"VET/USDT","assetRewards":"BNB","claimAmount":"0.00000555","status":1,"claimedTime":1683541678000},{"poolId":85,"poolName":"VET/USDT","assetRewards":"USDT","claimAmount":"0.00049281","status":1,"claimedTime":1683488635000},{"poolId":85,"poolName":"VET/USDT","assetRewards":"VET","claimAmount":"0.0268812","status":1,"claimedTime":1683488635000},{"poolId":85,"poolName":"VET/USDT","assetRewards":"BNB","claimAmount":"0.00001258","status":1,"claimedTime":1683488635000},{"poolId":85,"poolName":"VET/USDT","assetRewards":"VET","claimAmount":"0.00870904","status":1,"claimedTime":1683365451000},{"poolId":85,"poolName":"VET/USDT","assetRewards":"BNB","claimAmount":"0.00000444","status":1,"claimedTime":1683365451000},{"poolId":85,"poolName":"VET/USDT","assetRewards":"USDT","claimAmount":"0.0001616","status":1,"claimedTime":1683365451000},{"poolId":85,"poolName":"VET/USDT","assetRewards":"USDT","claimAmount":"0.00037868","status":1,"claimedTime":1683321390000},{"poolId":85,"poolName":"VET/USDT","assetRewards":"BNB","claimAmount":"0.00000481","status":1,"claimedTime":1683321390000},{"poolId":85,"poolName":"VET/USDT","assetRewards":"VET","claimAmount":"0.01663541","status":1,"claimedTime":1683321390000},{"poolId":85,"poolName":"VET/USDT","assetRewards":"VET","claimAmount":"0.01531282","status":1,"claimedTime":1683277438000},{"poolId":85,"poolName":"VET/USDT","assetRewards":"USDT","claimAmount":"0.0003063","status":1,"claimedTime":1683277438000},{"poolId":85,"poolName":"VET/USDT","assetRewards":"BNB","claimAmount":"0.00000888","status":1,"claimedTime":1683277438000},{"poolId":85,"poolName":"VET/USDT","assetRewards":"USDT","claimAmount":"0.0001869","status":1,"claimedTime":1683188168000},{"poolId":85,"poolName":"VET/USDT","assetRewards":"VET","claimAmount":"0.00691475","status":1,"claimedTime":1683188168000},{"poolId":85,"poolName":"VET/USDT","assetRewards":"BNB","claimAmount":"0.0000037","status":1,"claimedTime":1683188168000},{"poolId":85,"poolName":"VET/USDT","assetRewards":"BNB","claimAmount":"0.00000222","status":1,"claimedTime":1683152076000},{"poolId":85,"poolName":"VET/USDT","assetRewards":"VET","claimAmount":"0.00995722","status":1,"claimedTime":1683152076000},{"poolId":85,"poolName":"VET/USDT","assetRewards":"USDT","claimAmount":"0.00025219","status":1,"claimedTime":1683152076000},{"poolId":85,"poolName":"VET/USDT","assetRewards":"USDT","claimAmount":"0.00073444","status":1,"claimedTime":1683131421000},{"poolId":85,"poolName":"VET/USDT","assetRewards":"BNB","claimAmount":"0.00000703","status":1,"claimedTime":1683131421000},{"poolId":85,"poolName":"VET/USDT","assetRewards":"VET","claimAmount":"0.0405196","status":1,"claimedTime":1683131421000},{"poolId":85,"poolName":"VET/USDT","assetRewards":"VET","claimAmount":"0.06134447","status":1,"claimedTime":1683063079000},{"poolId":85,"poolName":"VET/USDT","assetRewards":"BNB","claimAmount":"0.00001406","status":1,"claimedTime":1683063079000},{"poolId":85,"poolName":"VET/USDT","assetRewards":"USDT","claimAmount":"0.00115053","status":1,"claimedTime":1683063079000},{"poolId":85,"poolName":"VET/USDT","assetRewards":"VET","claimAmount":"0.02703484","status":1,"claimedTime":1682926198000},{"poolId":85,"poolName":"VET/USDT","assetRewards":"USDT","claimAmount":"0.00054828","status":1,"claimedTime":1682926198000},{"poolId":85,"poolName":"VET/USDT","assetRewards":"BNB","claimAmount":"0.00000851","status":1,"claimedTime":1682926198000},{"poolId":85,"poolName":"VET/USDT","assetRewards":"BNB","claimAmount":"0.00000925","status":1,"claimedTime":1682844681000},{"poolId":85,"poolName":"VET/USDT","assetRewards":"VET","claimAmount":"0.01406588","status":1,"claimedTime":1682844681000},{"poolId":85,"poolName":"VET/USDT","assetRewards":"USDT","claimAmount":"0.00031676","status":1,"claimedTime":1682844681000},{"poolId":85,"poolName":"VET/USDT","assetRewards":"BNB","claimAmount":"0.00000925","status":1,"claimedTime":1682754226000},{"poolId":85,"poolName":"VET/USDT","assetRewards":"VET","claimAmount":"0.01779057","status":1,"claimedTime":1682754226000},{"poolId":85,"poolName":"VET/USDT","assetRewards":"USDT","claimAmount":"0.00039179","status":1,"claimedTime":1682754226000},{"poolId":85,"poolName":"VET/USDT","assetRewards":"VET","claimAmount":"0.0088171","status":1,"claimedTime":1682664233000},{"poolId":85,"poolName":"VET/USDT","assetRewards":"USDT","claimAmount":"0.00016379","status":1,"claimedTime":1682664233000},{"poolId":85,"poolName":"VET/USDT","assetRewards":"BNB","claimAmount":"0.00000333","status":1,"claimedTime":1682664233000},{"poolId":85,"poolName":"VET/USDT","assetRewards":"VET","claimAmount":"0.01238188","status":1,"claimedTime":1682631100000},{"poolId":85,"poolName":"VET/USDT","assetRewards":"BNB","claimAmount":"0.00000259","status":1,"claimedTime":1682631100000},{"poolId":85,"poolName":"VET/USDT","assetRewards":"USDT","claimAmount":"0.00030824","status":1,"claimedTime":1682631100000},{"poolId":85,"poolName":"VET/USDT","assetRewards":"BNB","claimAmount":"0.00000962","status":1,"claimedTime":1682607190000},{"poolId":85,"poolName":"VET/USDT","assetRewards":"VET","claimAmount":"0.07655773","status":1,"claimedTime":1682607190000},{"poolId":85,"poolName":"VET/USDT","assetRewards":"USDT","claimAmount":"0.00167949","status":1,"claimedTime":1682607190000},{"poolId":85,"poolName":"VET/USDT","assetRewards":"BNB","claimAmount":"0.00000148","status":1,"claimedTime":1682514259000},{"poolId":85,"poolName":"VET/USDT","assetRewards":"USDT","claimAmount":"0.00011157","status":1,"claimedTime":1682514259000},{"poolId":85,"poolName":"VET/USDT","assetRewards":"VET","claimAmount":"0.00387441","status":1,"claimedTime":1682514259000},{"poolId":85,"poolName":"VET/USDT","assetRewards":"BNB","claimAmount":"0.00000037","status":1,"claimedTime":1682496343000},{"poolId":85,"poolName":"VET/USDT","assetRewards":"USDT","claimAmount":"0.00001808","status":1,"claimedTime":1681939984000},{"poolId":85,"poolName":"VET/USDT","assetRewards":"BNB","claimAmount":"0.00000033","status":1,"claimedTime":1681939984000},{"poolId":85,"poolName":"VET/USDT","assetRewards":"VET","claimAmount":"0.000905","status":1,"claimedTime":1681939984000},{"poolId":85,"poolName":"VET/USDT","assetRewards":"USDT","claimAmount":"0.00090328","status":1,"claimedTime":1681936862000},{"poolId":85,"poolName":"VET/USDT","assetRewards":"BNB","claimAmount":"0.00000792","status":1,"claimedTime":1681936862000},{"poolId":85,"poolName":"VET/USDT","assetRewards":"VET","claimAmount":"0.04279198","status":1,"claimedTime":1681936862000},{"poolId":85,"poolName":"VET/USDT","assetRewards":"VET","claimAmount":"0.0167481","status":1,"claimedTime":1681850008000},{"poolId":85,"poolName":"VET/USDT","assetRewards":"BNB","claimAmount":"0.00000726","status":1,"claimedTime":1681850008000},{"poolId":85,"poolName":"VET/USDT","assetRewards":"USDT","claimAmount":"0.00044603","status":1,"claimedTime":1681850008000},{"poolId":85,"poolName":"VET/USDT","assetRewards":"VET","claimAmount":"0.00871543","status":1,"claimedTime":1681771185000},{"poolId":85,"poolName":"VET/USDT","assetRewards":"USDT","claimAmount":"0.00022599","status":1,"claimedTime":1681771185000},{"poolId":85,"poolName":"VET/USDT","assetRewards":"BNB","claimAmount":"0.0000033","status":1,"claimedTime":1681771185000},{"poolId":85,"poolName":"VET/USDT","assetRewards":"VET","claimAmount":"0.01541097","status":1,"claimedTime":1681733497000},{"poolId":85,"poolName":"VET/USDT","assetRewards":"BNB","claimAmount":"0.00000396","status":1,"claimedTime":1681733497000},{"poolId":85,"poolName":"VET/USDT","assetRewards":"USDT","claimAmount":"0.00033454","status":1,"claimedTime":1681733497000},{"poolId":85,"poolName":"VET/USDT","assetRewards":"BNB","claimAmount":"0.00000363","status":1,"claimedTime":1681690912000},{"poolId":85,"poolName":"VET/USDT","assetRewards":"VET","claimAmount":"0.01127173","status":1,"claimedTime":1681690912000},{"poolId":85,"poolName":"VET/USDT","assetRewards":"USDT","claimAmount":"0.00027929","status":1,"claimedTime":1681690912000},{"poolId":85,"poolName":"VET/USDT","assetRewards":"VET","claimAmount":"0.01461621","status":1,"claimedTime":1681652755000},{"poolId":85,"poolName":"VET/USDT","assetRewards":"USDT","claimAmount":"0.00039399","status":1,"claimedTime":1681652755000},{"poolId":85,"poolName":"VET/USDT","assetRewards":"BNB","claimAmount":"0.00000495","status":1,"claimedTime":1681652755000},{"poolId":85,"poolName":"VET/USDT","assetRewards":"BNB","claimAmount":"0.00000396","status":1,"claimedTime":1681597170000},{"poolId":85,"poolName":"VET/USDT","assetRewards":"VET","claimAmount":"0.00933429","status":1,"claimedTime":1681597170000},{"poolId":85,"poolName":"VET/USDT","assetRewards":"USDT","claimAmount":"0.00021293","status":1,"claimedTime":1681597170000},{"poolId":85,"poolName":"VET/USDT","assetRewards":"USDT","claimAmount":"0.0007969","status":1,"claimedTime":1681556252000},{"poolId":85,"poolName":"VET/USDT","assetRewards":"VET","claimAmount":"0.03300706","status":1,"claimedTime":1681556252000},{"poolId":85,"poolName":"VET/USDT","assetRewards":"BNB","claimAmount":"0.00000792","status":1,"claimedTime":1681556252000},{"poolId":85,"poolName":"VET/USDT","assetRewards":"VET","claimAmount":"0.01680123","status":1,"claimedTime":1681470004000},{"poolId":85,"poolName":"VET/USDT","assetRewards":"BNB","claimAmount":"0.00000396","status":1,"claimedTime":1681470004000},{"poolId":85,"poolName":"VET/USDT","assetRewards":"USDT","claimAmount":"0.00048859","status":1,"claimedTime":1681470004000},{"poolId":85,"poolName":"VET/USDT","assetRewards":"VET","claimAmount":"0.01886516","status":1,"claimedTime":1681426895000},{"poolId":85,"poolName":"VET/USDT","assetRewards":"USDT","claimAmount":"0.0005128","status":1,"claimedTime":1681426895000},{"poolId":85,"poolName":"VET/USDT","assetRewards":"BNB","claimAmount":"0.00000396","status":1,"claimedTime":1681426895000},{"poolId":85,"poolName":"VET/USDT","assetRewards":"VET","claimAmount":"0.02029454","status":1,"claimedTime":1681381222000},{"poolId":85,"poolName":"VET/USDT","assetRewards":"USDT","claimAmount":"0.00049683","status":1,"claimedTime":1681381222000},{"poolId":85,"poolName":"VET/USDT","assetRewards":"BNB","claimAmount":"0.00000627","status":1,"claimedTime":1681381222000},{"poolId":85,"poolName":"VET/USDT","assetRewards":"BNB","claimAmount":"0.00000132","status":1,"claimedTime":1681315099000},{"poolId":85,"poolName":"VET/USDT","assetRewards":"USDT","claimAmount":"0.00021315","status":1,"claimedTime":1681315099000},{"poolId":85,"poolName":"VET/USDT","assetRewards":"VET","claimAmount":"0.00753459","status":1,"claimedTime":1681315099000},{"poolId":85,"poolName":"VET/USDT","assetRewards":"BNB","claimAmount":"0.00000429","status":1,"claimedTime":1681297621000},{"poolId":85,"poolName":"VET/USDT","assetRewards":"VET","claimAmount":"0.01966454","status":1,"claimedTime":1681297621000},{"poolId":85,"poolName":"VET/USDT","assetRewards":"USDT","claimAmount":"0.00039968","status":1,"claimedTime":1681297621000},{"poolId":85,"poolName":"VET/USDT","assetRewards":"USDT","claimAmount":"0.00091855","status":1,"claimedTime":1681253090000},{"poolId":85,"poolName":"VET/USDT","assetRewards":"BNB","claimAmount":"0.00001023","status":1,"claimedTime":1681253090000},{"poolId":85,"poolName":"VET/USDT","assetRewards":"VET","claimAmount":"0.03464009","status":1,"claimedTime":1681253090000},{"poolId":85,"poolName":"VET/USDT","assetRewards":"USDT","claimAmount":"0.00091855","status":1,"claimedTime":1681253090000},{"poolId":85,"poolName":"VET/USDT","assetRewards":"BNB","claimAmount":"0.00001023","status":1,"claimedTime":1681253090000},{"poolId":85,"poolName":"VET/USDT","assetRewards":"VET","claimAmount":"0.03464009","status":1,"claimedTime":1681253090000},{"poolId":85,"poolName":"VET/USDT","assetRewards":"VET","claimAmount":"0.01804044","status":1,"claimedTime":1681141566000},{"poolId":85,"poolName":"VET/USDT","assetRewards":"USDT","claimAmount":"0.00042427","status":1,"claimedTime":1681141566000},{"poolId":85,"poolName":"VET/USDT","assetRewards":"BNB","claimAmount":"0.0000099","status":1,"claimedTime":1681141566000},{"poolId":85,"poolName":"VET/USDT","assetRewards":"USDT","claimAmount":"0.0002092","status":1,"claimedTime":1681032361000},{"poolId":85,"poolName":"VET/USDT","assetRewards":"BNB","claimAmount":"0.00000363","status":1,"claimedTime":1681032361000},{"poolId":85,"poolName":"VET/USDT","assetRewards":"VET","claimAmount":"0.00951301","status":1,"claimedTime":1681032361000},{"poolId":85,"poolName":"VET/USDT","assetRewards":"VET","claimAmount":"0.00755007","status":1,"claimedTime":1680992772000},{"poolId":85,"poolName":"VET/USDT","assetRewards":"USDT","claimAmount":"0.00015226","status":1,"claimedTime":1680992772000},{"poolId":85,"poolName":"VET/USDT","assetRewards":"BNB","claimAmount":"0.00000363","status":1,"claimedTime":1680992772000},{"poolId":85,"poolName":"VET/USDT","assetRewards":"VET","claimAmount":"0.02496184","status":1,"claimedTime":1680953654000},{"poolId":85,"poolName":"VET/USDT","assetRewards":"USDT","claimAmount":"0.00057426","status":1,"claimedTime":1680953654000},{"poolId":85,"poolName":"VET/USDT","assetRewards":"BNB","claimAmount":"0.00000924","status":1,"claimedTime":1680953654000},{"poolId":85,"poolName":"VET/USDT","assetRewards":"VET","claimAmount":"0.03537405","status":1,"claimedTime":1680851854000},{"poolId":85,"poolName":"VET/USDT","assetRewards":"BNB","claimAmount":"0.00000363","status":1,"claimedTime":1680851854000},{"poolId":85,"poolName":"VET/USDT","assetRewards":"USDT","claimAmount":"0.00081027","status":1,"claimedTime":1680851854000},{"poolId":85,"poolName":"VET/USDT","assetRewards":"VET","claimAmount":"0.00429068","status":1,"claimedTime":1680814838000},{"poolId":85,"poolName":"VET/USDT","assetRewards":"USDT","claimAmount":"0.00008447","status":1,"claimedTime":1680814838000},{"poolId":85,"poolName":"VET/USDT","assetRewards":"BNB","claimAmount":"0.00000132","status":1,"claimedTime":1680814838000},{"poolId":85,"poolName":"VET/USDT","assetRewards":"VET","claimAmount":"0.00076484","status":1,"claimedTime":1680799217000},{"poolId":85,"poolName":"VET/USDT","assetRewards":"USDT","claimAmount":"0.00001663","status":1,"claimedTime":1680799217000},{"poolId":85,"poolName":"VET/USDT","assetRewards":"BNB","claimAmount":"0.00000033","status":1,"claimedTime":1680799217000},{"poolId":85,"poolName":"VET/USDT","assetRewards":"USDT","claimAmount":"0.00020458","status":1,"claimedTime":1680794103000},{"poolId":85,"poolName":"VET/USDT","assetRewards":"BNB","claimAmount":"0.00000099","status":1,"claimedTime":1680794103000},{"poolId":85,"poolName":"VET/USDT","assetRewards":"VET","claimAmount":"0.00916162","status":1,"claimedTime":1680794103000},{"poolId":85,"poolName":"VET/USDT","assetRewards":"USDT","claimAmount":"0.00008908","status":1,"claimedTime":1680782978000},{"poolId":85,"poolName":"VET/USDT","assetRewards":"BNB","claimAmount":"0.00000066","status":1,"claimedTime":1680782978000},{"poolId":85,"poolName":"VET/USDT","assetRewards":"VET","claimAmount":"0.00440501","status":1,"claimedTime":1680782978000},{"poolId":85,"poolName":"VET/USDT","assetRewards":"USDT","claimAmount":"0.00089523","status":1,"claimedTime":1680776732000},{"poolId":85,"poolName":"VET/USDT","assetRewards":"VET","claimAmount":"0.04546195","status":1,"claimedTime":1680776732000},{"poolId":85,"poolName":"VET/USDT","assetRewards":"BNB","claimAmount":"0.00000825","status":1,"claimedTime":1680776732000},{"poolId":85,"poolName":"VET/USDT","assetRewards":"BNB","claimAmount":"0.00000429","status":1,"claimedTime":1680686522000},{"poolId":85,"poolName":"VET/USDT","assetRewards":"VET","claimAmount":"0.02301038","status":1,"claimedTime":1680686522000},{"poolId":85,"poolName":"VET/USDT","assetRewards":"USDT","claimAmount":"0.00053951","status":1,"claimedTime":1680686522000},{"poolId":85,"poolName":"VET/USDT","assetRewards":"BNB","claimAmount":"0.0000033","status":1,"claimedTime":1680641878000},{"poolId":85,"poolName":"VET/USDT","assetRewards":"VET","claimAmount":"0.0265202","status":1,"claimedTime":1680641878000},{"poolId":85,"poolName":"VET/USDT","assetRewards":"USDT","claimAmount":"0.00065109","status":1,"claimedTime":1680641878000},{"poolId":85,"poolName":"VET/USDT","assetRewards":"BNB","claimAmount":"0.00000495","status":1,"claimedTime":1680602777000},{"poolId":85,"poolName":"VET/USDT","assetRewards":"USDT","claimAmount":"0.00077296","status":1,"claimedTime":1680602777000},{"poolId":85,"poolName":"VET/USDT","assetRewards":"VET","claimAmount":"0.03506892","status":1,"claimedTime":1680602777000},{"poolId":85,"poolName":"VET/USDT","assetRewards":"USDT","claimAmount":"0.00010662","status":1,"claimedTime":1680551457000},{"poolId":85,"poolName":"VET/USDT","assetRewards":"VET","claimAmount":"0.00387009","status":1,"claimedTime":1680551457000},{"poolId":85,"poolName":"VET/USDT","assetRewards":"BNB","claimAmount":"0.00000033","status":1,"claimedTime":1680551457000},{"poolId":85,"poolName":"VET/USDT","assetRewards":"VET","claimAmount":"0.0049962","status":1,"claimedTime":1680545384000},{"poolId":85,"poolName":"VET/USDT","assetRewards":"BNB","claimAmount":"0.00000078","status":1,"claimedTime":1680545384000},{"poolId":85,"poolName":"VET/USDT","assetRewards":"USDT","claimAmount":"0.00011658","status":1,"claimedTime":1680545384000},{"poolId":85,"poolName":"VET/USDT","assetRewards":"VET","claimAmount":"0.02950087","status":1,"claimedTime":1680536388000},{"poolId":85,"poolName":"VET/USDT","assetRewards":"BNB","claimAmount":"0.00000494","status":1,"claimedTime":1680536388000},{"poolId":85,"poolName":"VET/USDT","assetRewards":"USDT","claimAmount":"0.00068105","status":1,"claimedTime":1680536388000},{"poolId":85,"poolName":"VET/USDT","assetRewards":"BNB","claimAmount":"0.00000572","status":1,"claimedTime":1680466432000},{"poolId":85,"poolName":"VET/USDT","assetRewards":"VET","claimAmount":"0.02561936","status":1,"claimedTime":1680466432000},{"poolId":85,"poolName":"VET/USDT","assetRewards":"USDT","claimAmount":"0.00055114","status":1,"claimedTime":1680466432000},{"poolId":85,"poolName":"VET/USDT","assetRewards":"BNB","claimAmount":"0.0000065","status":1,"claimedTime":1680388352000},{"poolId":85,"poolName":"VET/USDT","assetRewards":"USDT","claimAmount":"0.00056953","status":1,"claimedTime":1680388352000},{"poolId":85,"poolName":"VET/USDT","assetRewards":"VET","claimAmount":"0.02534735","status":1,"claimedTime":1680388352000},{"poolId":85,"poolName":"VET/USDT","assetRewards":"VET","claimAmount":"0.03587173","status":1,"claimedTime":1680300199000},{"poolId":85,"poolName":"VET/USDT","assetRewards":"BNB","claimAmount":"0.00000663","status":1,"claimedTime":1680300199000},{"poolId":85,"poolName":"VET/USDT","assetRewards":"USDT","claimAmount":"0.00086867","status":1,"claimedTime":1680300199000},{"poolId":85,"poolName":"VET/USDT","assetRewards":"BNB","claimAmount":"0.00000525","status":1,"claimedTime":1680204585000},{"poolId":85,"poolName":"VET/USDT","assetRewards":"VET","claimAmount":"0.04255788","status":1,"claimedTime":1680204585000},{"poolId":85,"poolName":"VET/USDT","assetRewards":"USDT","claimAmount":"0.00092408","status":1,"claimedTime":1680204585000},{"poolId":85,"poolName":"VET/USDT","assetRewards":"VET","claimAmount":"0.00082875","status":1,"claimedTime":1680128126000},{"poolId":85,"poolName":"VET/USDT","assetRewards":"USDT","claimAmount":"0.00001007","status":1,"claimedTime":1680128126000},{"poolId":85,"poolName":"VET/USDT","assetRewards":"BNB","claimAmount":"0.00000025","status":1,"claimedTime":1680128126000},{"poolId":85,"poolName":"VET/USDT","assetRewards":"USDT","claimAmount":"0.00038532","status":1,"claimedTime":1680127323000},{"poolId":85,"poolName":"VET/USDT","assetRewards":"BNB","claimAmount":"0.000003","status":1,"claimedTime":1680127323000},{"poolId":85,"poolName":"VET/USDT","assetRewards":"VET","claimAmount":"0.01793723","status":1,"claimedTime":1680127323000},{"poolId":85,"poolName":"VET/USDT","assetRewards":"VET","claimAmount":"0.02394524","status":1,"claimedTime":1680083332000},{"poolId":85,"poolName":"VET/USDT","assetRewards":"BNB","claimAmount":"0.000004","status":1,"claimedTime":1680083332000},{"poolId":85,"poolName":"VET/USDT","assetRewards":"USDT","claimAmount":"0.00059593","status":1,"claimedTime":1680083332000},{"poolId":85,"poolName":"VET/USDT","assetRewards":"VET","claimAmount":"0.02794913","status":1,"claimedTime":1680024083000},{"poolId":85,"poolName":"VET/USDT","assetRewards":"USDT","claimAmount":"0.00063681","status":1,"claimedTime":1680024083000},{"poolId":85,"poolName":"VET/USDT","assetRewards":"BNB","claimAmount":"0.00000475","status":1,"claimedTime":1680024083000},{"poolId":85,"poolName":"VET/USDT","assetRewards":"USDT","claimAmount":"0.00127906","status":1,"claimedTime":1679956293000},{"poolId":85,"poolName":"VET/USDT","assetRewards":"BNB","claimAmount":"0.00000615","status":1,"claimedTime":1679956293000},{"poolId":85,"poolName":"VET/USDT","assetRewards":"VET","claimAmount":"0.05908534","status":1,"claimedTime":1679956293000},{"poolId":85,"poolName":"VET/USDT","assetRewards":"VET","claimAmount":"0.01872365","status":1,"claimedTime":1679865874000},{"poolId":85,"poolName":"VET/USDT","assetRewards":"BNB","claimAmount":"0.00000515","status":1,"claimedTime":1679865874000},{"poolId":85,"poolName":"VET/USDT","assetRewards":"USDT","claimAmount":"0.00041996","status":1,"claimedTime":1679865874000},{"poolId":85,"poolName":"VET/USDT","assetRewards":"USDT","claimAmount":"0.00036177","status":1,"claimedTime":1679789336000},{"poolId":85,"poolName":"VET/USDT","assetRewards":"VET","claimAmount":"0.01684488","status":1,"claimedTime":1679789336000},{"poolId":85,"poolName":"VET/USDT","assetRewards":"BNB","claimAmount":"0.00000325","status":1,"claimedTime":1679789336000},{"poolId":85,"poolName":"VET/USDT","assetRewards":"USDT","claimAmount":"0.00083475","status":1,"claimedTime":1679744976000},{"poolId":85,"poolName":"VET/USDT","assetRewards":"VET","claimAmount":"0.03765351","status":1,"claimedTime":1679744976000},{"poolId":85,"poolName":"VET/USDT","assetRewards":"BNB","claimAmount":"0.00000498","status":1,"claimedTime":1679744976000},{"poolId":85,"poolName":"VET/USDT","assetRewards":"VET","claimAmount":"0.0304251","status":1,"claimedTime":1679670805000},{"poolId":85,"poolName":"VET/USDT","assetRewards":"BNB","claimAmount":"0.00000432","status":1,"claimedTime":1679670805000},{"poolId":85,"poolName":"VET/USDT","assetRewards":"USDT","claimAmount":"0.00068462","status":1,"claimedTime":1679670805000},{"poolId":85,"poolName":"VET/USDT","assetRewards":"BNB","claimAmount":"0.00000528","status":1,"claimedTime":1679607873000},{"poolId":85,"poolName":"VET/USDT","assetRewards":"USDT","claimAmount":"0.00125833","status":1,"claimedTime":1679607873000},{"poolId":85,"poolName":"VET/USDT","assetRewards":"VET","claimAmount":"0.05151626","status":1,"claimedTime":1679607873000},{"poolId":85,"poolName":"VET/USDT","assetRewards":"VET","claimAmount":"0.08561751","status":1,"claimedTime":1679529731000},{"poolId":85,"poolName":"VET/USDT","assetRewards":"BNB","claimAmount":"0.00000264","status":1,"claimedTime":1679529731000},{"poolId":85,"poolName":"VET/USDT","assetRewards":"USDT","claimAmount":"0.00192646","status":1,"claimedTime":1679529731000},{"poolId":85,"poolName":"VET/USDT","assetRewards":"VET","claimAmount":"0.02994517","status":1,"claimedTime":1679486739000},{"poolId":85,"poolName":"VET/USDT","assetRewards":"BNB","claimAmount":"0.00000384","status":1,"claimedTime":1679486739000},{"poolId":85,"poolName":"VET/USDT","assetRewards":"USDT","claimAmount":"0.00067018","status":1,"claimedTime":1679486739000},{"poolId":85,"poolName":"VET/USDT","assetRewards":"USDT","claimAmount":"0.00090195","status":1,"claimedTime":1679431471000},{"poolId":85,"poolName":"VET/USDT","assetRewards":"USDT","claimAmount":"0.00090195","status":1,"claimedTime":1679431471000},{"poolId":85,"poolName":"VET/USDT","assetRewards":"BNB","claimAmount":"0.00000216","status":1,"claimedTime":1679431471000},{"poolId":85,"poolName":"VET/USDT","assetRewards":"VET","claimAmount":"0.03591559","status":1,"claimedTime":1679431471000},{"poolId":85,"poolName":"VET/USDT","assetRewards":"USDT","claimAmount":"0.00076207","status":1,"claimedTime":1679397961000},{"poolId":85,"poolName":"VET/USDT","assetRewards":"VET","claimAmount":"0.03522356","status":1,"claimedTime":1679397961000},{"poolId":85,"poolName":"VET/USDT","assetRewards":"BNB","claimAmount":"0.00000336","status":1,"claimedTime":1679397961000},{"poolId":85,"poolName":"VET/USDT","assetRewards":"BNB","claimAmount":"0.00000168","status":1,"claimedTime":1679348093000},{"poolId":85,"poolName":"VET/USDT","assetRewards":"VET","claimAmount":"0.03123081","status":1,"claimedTime":1679348093000},{"poolId":85,"poolName":"VET/USDT","assetRewards":"USDT","claimAmount":"0.00069887","status":1,"claimedTime":1679348093000},{"poolId":85,"poolName":"VET/USDT","assetRewards":"BNB","claimAmount":"0.00000384","status":1,"claimedTime":1679324621000},{"poolId":85,"poolName":"VET/USDT","assetRewards":"USDT","claimAmount":"0.00163615","status":1,"claimedTime":1679324621000},{"poolId":85,"poolName":"VET/USDT","assetRewards":"VET","claimAmount":"0.06801852","status":1,"claimedTime":1679324621000},{"poolId":85,"poolName":"VET/USDT","assetRewards":"USDT","claimAmount":"0.00154257","status":1,"claimedTime":1679266674000},{"poolId":85,"poolName":"VET/USDT","assetRewards":"VET","claimAmount":"0.06418845","status":1,"claimedTime":1679266674000},{"poolId":85,"poolName":"VET/USDT","assetRewards":"BNB","claimAmount":"0.00000576","status":1,"claimedTime":1679266674000},{"poolId":85,"poolName":"VET/USDT","assetRewards":"BNB","claimAmount":"0.00000312","status":1,"claimedTime":1679179653000},{"poolId":85,"poolName":"VET/USDT","assetRewards":"USDT","claimAmount":"0.00102998","status":1,"claimedTime":1679179653000},{"poolId":85,"poolName":"VET/USDT","assetRewards":"VET","claimAmount":"0.04487834","status":1,"claimedTime":1679179653000},{"poolId":85,"poolName":"VET/USDT","assetRewards":"BNB","claimAmount":"0.00000024","status":1,"claimedTime":1679132986000},{"poolId":85,"poolName":"VET/USDT","assetRewards":"USDT","claimAmount":"0.0000912","status":1,"claimedTime":1679132986000},{"poolId":85,"poolName":"VET/USDT","assetRewards":"VET","claimAmount":"0.00445475","status":1,"claimedTime":1679132986000},{"poolId":85,"poolName":"VET/USDT","assetRewards":"VET","claimAmount":"0.02348598","status":1,"claimedTime":1679127016000},{"poolId":85,"poolName":"VET/USDT","assetRewards":"USDT","claimAmount":"0.0005694","status":1,"claimedTime":1679127016000},{"poolId":85,"poolName":"VET/USDT","assetRewards":"BNB","claimAmount":"0.00000197","status":1,"claimedTime":1679127016000},{"poolId":85,"poolName":"VET/USDT","assetRewards":"VET","claimAmount":"0.00701442","status":1,"claimedTime":1679098748000},{"poolId":85,"poolName":"VET/USDT","assetRewards":"USDT","claimAmount":"0.00018519","status":1,"claimedTime":1679098748000},{"poolId":85,"poolName":"VET/USDT","assetRewards":"USDT","claimAmount":"0.00215684","status":1,"claimedTime":1679098125000},{"poolId":85,"poolName":"VET/USDT","assetRewards":"VET","claimAmount":"0.08605208","status":1,"claimedTime":1679098125000},{"poolId":85,"poolName":"VET/USDT","assetRewards":"BNB","claimAmount":"0.00000666","status":1,"claimedTime":1679098125000},{"poolId":85,"poolName":"VET/USDT","assetRewards":"BNB","claimAmount":"0.00000333","status":1,"claimedTime":1679034534000},{"poolId":85,"poolName":"VET/USDT","assetRewards":"USDT","claimAmount":"0.0009931","status":1,"claimedTime":1679034534000},{"poolId":85,"poolName":"VET/USDT","assetRewards":"VET","claimAmount":"0.04354845","status":1,"claimedTime":1679034534000},{"poolId":85,"poolName":"VET/USDT","assetRewards":"USDT","claimAmount":"0.00073921","status":1,"claimedTime":1679003407000},{"poolId":85,"poolName":"VET/USDT","assetRewards":"VET","claimAmount":"0.0336095","status":1,"claimedTime":1679003407000},{"poolId":85,"poolName":"VET/USDT","assetRewards":"BNB","claimAmount":"0.00000222","status":1,"claimedTime":1679003407000},{"poolId":85,"poolName":"VET/USDT","assetRewards":"USDT","claimAmount":"0.00205109","status":1,"claimedTime":1678982193000},{"poolId":85,"poolName":"VET/USDT","assetRewards":"BNB","claimAmount":"0.00000629","status":1,"claimedTime":1678982193000},{"poolId":85,"poolName":"VET/USDT","assetRewards":"VET","claimAmount":"0.08979042","status":1,"claimedTime":1678982193000},{"poolId":85,"poolName":"VET/USDT","assetRewards":"USDT","claimAmount":"0.00020418","status":1,"claimedTime":1678398431000},{"poolId":85,"poolName":"VET/USDT","assetRewards":"BNB","claimAmount":"0.00000035","status":1,"claimedTime":1678398431000},{"poolId":85,"poolName":"VET/USDT","assetRewards":"VET","claimAmount":"0.01448271","status":1,"claimedTime":1678398431000},{"poolId":85,"poolName":"VET/USDT","assetRewards":"BNB","claimAmount":"0.00000735","status":1,"claimedTime":1678395635000},{"poolId":85,"poolName":"VET/USDT","assetRewards":"VET","claimAmount":"0.06401656","status":1,"claimedTime":1678395635000},{"poolId":85,"poolName":"VET/USDT","assetRewards":"USDT","claimAmount":"0.00127966","status":1,"claimedTime":1678395635000},{"poolId":85,"poolName":"VET/USDT","assetRewards":"BNB","claimAmount":"0.00000525","status":1,"claimedTime":1678319605000},{"poolId":85,"poolName":"VET/USDT","assetRewards":"USDT","claimAmount":"0.00083646","status":1,"claimedTime":1678319605000},{"poolId":85,"poolName":"VET/USDT","assetRewards":"VET","claimAmount":"0.03876629","status":1,"claimedTime":1678319605000},{"poolId":85,"poolName":"VET/USDT","assetRewards":"BNB","claimAmount":"0.00000665","status":1,"claimedTime":1678265557000},{"poolId":85,"poolName":"VET/USDT","assetRewards":"VET","claimAmount":"0.05590429","status":1,"claimedTime":1678265557000},{"poolId":85,"poolName":"VET/USDT","assetRewards":"USDT","claimAmount":"0.00122367","status":1,"claimedTime":1678265557000},{"poolId":85,"poolName":"VET/USDT","assetRewards":"VET","claimAmount":"0.03211659","status":1,"claimedTime":1678194816000},{"poolId":85,"poolName":"VET/USDT","assetRewards":"BNB","claimAmount":"0.00000805","status":1,"claimedTime":1678194816000},{"poolId":85,"poolName":"VET/USDT","assetRewards":"USDT","claimAmount":"0.00072493","status":1,"claimedTime":1678194816000},{"poolId":85,"poolName":"VET/USDT","assetRewards":"BNB","claimAmount":"0.0000007","status":1,"claimedTime":1678112411000},{"poolId":85,"poolName":"VET/USDT","assetRewards":"USDT","claimAmount":"0.00006771","status":1,"claimedTime":1678112411000},{"poolId":85,"poolName":"VET/USDT","assetRewards":"VET","claimAmount":"0.00206011","status":1,"claimedTime":1678112411000},{"poolId":85,"poolName":"VET/USDT","assetRewards":"VET","claimAmount":"0.02803761","status":1,"claimedTime":1678106873000},{"poolId":85,"poolName":"VET/USDT","assetRewards":"USDT","claimAmount":"0.00059237","status":1,"claimedTime":1678106873000},{"poolId":85,"poolName":"VET/USDT","assetRewards":"BNB","claimAmount":"0.0000049","status":1,"claimedTime":1678106873000},{"poolId":85,"poolName":"VET/USDT","assetRewards":"USDT","claimAmount":"0.0011241","status":1,"claimedTime":1678054482000},{"poolId":85,"poolName":"VET/USDT","assetRewards":"BNB","claimAmount":"0.00000875","status":1,"claimedTime":1678054482000},{"poolId":85,"poolName":"VET/USDT","assetRewards":"VET","claimAmount":"0.04577182","status":1,"claimedTime":1678054482000},{"poolId":85,"poolName":"VET/USDT","assetRewards":"VET","claimAmount":"0.05203166","status":1,"claimedTime":1677964156000},{"poolId":85,"poolName":"VET/USDT","assetRewards":"USDT","claimAmount":"0.00120858","status":1,"claimedTime":1677964156000},{"poolId":85,"poolName":"VET/USDT","assetRewards":"BNB","claimAmount":"0.0000119","status":1,"claimedTime":1677964156000},{"poolId":85,"poolName":"VET/USDT","assetRewards":"USDT","claimAmount":"0.00261114","status":1,"claimedTime":1677842367000},{"poolId":85,"poolName":"VET/USDT","assetRewards":"BNB","claimAmount":"0.00001295","status":1,"claimedTime":1677842367000},{"poolId":85,"poolName":"VET/USDT","assetRewards":"VET","claimAmount":"0.1062534","status":1,"claimedTime":1677842367000},{"poolId":85,"poolName":"VET/USDT","assetRewards":"BNB","claimAmount":"0.0000035","status":1,"claimedTime":1677711164000},{"poolId":85,"poolName":"VET/USDT","assetRewards":"VET","claimAmount":"0.01575496","status":1,"claimedTime":1677711164000},{"poolId":85,"poolName":"VET/USDT","assetRewards":"USDT","claimAmount":"0.00042047","status":1,"claimedTime":1677711164000},{"poolId":85,"poolName":"VET/USDT","assetRewards":"VET","claimAmount":"0.02165574","status":1,"claimedTime":1677673348000},{"poolId":85,"poolName":"VET/USDT","assetRewards":"BNB","claimAmount":"0.0000049","status":1,"claimedTime":1677673348000},{"poolId":85,"poolName":"VET/USDT","assetRewards":"USDT","claimAmount":"0.00066647","status":1,"claimedTime":1677673348000},{"poolId":85,"poolName":"VET/USDT","assetRewards":"USDT","claimAmount":"0.00054656","status":1,"claimedTime":1677622556000},{"poolId":85,"poolName":"VET/USDT","assetRewards":"BNB","claimAmount":"0.00000385","status":1,"claimedTime":1677622556000},{"poolId":85,"poolName":"VET/USDT","assetRewards":"VET","claimAmount":"0.02233134","status":1,"claimedTime":1677622556000}]
