[{"operationId":7243289,"poolId":85,"poolName":"VET/USDT","operation":"ADD","status":1,"updateTime":1682492755000,"shareAmount":"180.57267778","liquidityAmount":[{"asset":"VET","amount":"1207.76459169"},{"asset":"USDT","amount":"27.1252634"}]},{"operationId":4946347,"poolId":85,"poolName":"VET/USDT","operation":"REMOVE","status":1,"updateTime":1681940023000,"shareAmount":"163.8489117","liquidityAmount":[{"asset":"VET","amount":"1059.65476358"},{"asset":"USDT","amount":"25.45510579"}]},{"operationId":7170954,"poolId":85,"poolName":"VET/USDT","operation":"ADD","status":1,"updateTime":1680546220000,"shareAmount":"163.8489117","liquidityAmount":[{"asset":"VET","amount":"1078.94495856"},{"asset":"USDT","amount":"25"}]},{"operationId":4896937,"poolId":85,"poolName":"VET/USDT","operation":"REMOVE","status":1,"updateTime":1680546164000,"shareAmount":"129.08498272","liquidityAmount":[{"asset":"VET","amount":"850.55857941"},{"asset":"USDT","amount":"19.68336694"}]},{"operationId":7117323,"poolId":85,"poolName":"VET/USDT","operation":"ADD","status":1,"updateTime":1679098816000,"shareAmount":"129.08498272","liquidityAmount":[{"asset":"VET","amount":"837.0928185"},{"asset":"USDT","amount":"20"}]},{"operationId":4836164,"poolId":85,"poolName":"VET/USDT","operation":"REMOVE","status":1,"updateTime":1679098756000,"shareAmount":"191.68672576","liquidityAmount":[{"asset":"VET","amount":"1240.72194351"},{"asset":"USDT","amount":"29.7551254"}]},{"operationId":7107969,"poolId":85,"poolName":"VET/USDT","operation":"ADD","status":1,"updateTime":1678920205000,"shareAmount":"191.68672576","liquidityAmount":[{"asset":"VET","amount":"1302.77045558"},{"asset":"USDT","amount":"28.33794461"}]},{"operationId":4809927,"poolId":85,"poolName":"VET/USDT","operation":"REMOVE","status":1,"updateTime":1678396951000,"shareAmount":"181.75178346","liquidityAmount":[{"asset":"VET","amount":"1275.12302498"},{"asset":"USDT","amount":"26.02899726"}]},{"operationId":7065785,"poolId":85,"poolName":"VET/USDT","operation":"ADD","status":1,"updateTime":1677583813000,"shareAmount":"181.75178346","liquidityAmount":[{"asset":"VET","amount":"1098.58563726"},{"asset":"USDT","amount":"30.21173095"}]}]
