[{"poolId":86,"poolName":"MATIC/USDT","assetRewards":"BNB","claimAmount":"0.00000046","status":1,"claimedTime":1686000848000},{"poolId":86,"poolName":"MATIC/USDT","assetRewards":"MATIC","claimAmount":"0.00047138","status":1,"claimedTime":1686000848000},{"poolId":86,"poolName":"MATIC/USDT","assetRewards":"USDT","claimAmount":"0.00034582","status":1,"claimedTime":1686000848000},{"poolId":86,"poolName":"MATIC/USDT","assetRewards":"MATIC","claimAmount":"0.00228361","status":1,"claimedTime":1685985812000},{"poolId":86,"poolName":"MATIC/USDT","assetRewards":"USDT","claimAmount":"0.00172689","status":1,"claimedTime":1685985812000},{"poolId":86,"poolName":"MATIC/USDT","assetRewards":"BNB","claimAmount":"0.00000299","status":1,"claimedTime":1685985812000},{"poolId":86,"poolName":"MATIC/USDT","assetRewards":"MATIC","claimAmount":"0.00097608","status":1,"claimedTime":1685904929000},{"poolId":86,"poolName":"MATIC/USDT","assetRewards":"USDT","claimAmount":"0.00082633","status":1,"claimedTime":1685904929000},{"poolId":86,"poolName":"MATIC/USDT","assetRewards":"BNB","claimAmount":"0.00000611","status":1,"claimedTime":1685904929000},{"poolId":86,"poolName":"MATIC/USDT","assetRewards":"BNB","claimAmount":"0.0000065","status":1,"claimedTime":1685735343000},{"poolId":86,"poolName":"MATIC/USDT","assetRewards":"MATIC","claimAmount":"0.00212705","status":1,"claimedTime":1685735343000},{"poolId":86,"poolName":"MATIC/USDT","assetRewards":"USDT","claimAmount":"0.00199936","status":1,"claimedTime":1685735343000},{"poolId":86,"poolName":"MATIC/USDT","assetRewards":"BNB","claimAmount":"0.0000026","status":1,"claimedTime":1685556359000},{"poolId":86,"poolName":"MATIC/USDT","assetRewards":"USDT","claimAmount":"0.00108033","status":1,"claimedTime":1685556359000},{"poolId":86,"poolName":"MATIC/USDT","assetRewards":"MATIC","claimAmount":"0.00136278","status":1,"claimedTime":1685556359000},{"poolId":86,"poolName":"MATIC/USDT","assetRewards":"USDT","claimAmount":"0.00075056","status":1,"claimedTime":1685483670000},{"poolId":86,"poolName":"MATIC/USDT","assetRewards":"BNB","claimAmount":"0.00000117","status":1,"claimedTime":1685483670000},{"poolId":86,"poolName":"MATIC/USDT","assetRewards":"MATIC","claimAmount":"0.00089836","status":1,"claimedTime":1685483670000},{"poolId":86,"poolName":"MATIC/USDT","assetRewards":"MATIC","claimAmount":"0.00111784","status":1,"claimedTime":1685451525000},{"poolId":86,"poolName":"MATIC/USDT","assetRewards":"BNB","claimAmount":"0.00000312","status":1,"claimedTime":1685451525000},{"poolId":86,"poolName":"MATIC/USDT","assetRewards":"USDT","claimAmount":"0.00094541","status":1,"claimedTime":1685451525000},{"poolId":86,"poolName":"MATIC/USDT","assetRewards":"MATIC","claimAmount":"0.0014598","status":1,"claimedTime":1685365008000},{"poolId":86,"poolName":"MATIC/USDT","assetRewards":"BNB","claimAmount":"0.00000377","status":1,"claimedTime":1685365008000},{"poolId":86,"poolName":"MATIC/USDT","assetRewards":"USDT","claimAmount":"0.00136715","status":1,"claimedTime":1685365008000},{"poolId":86,"poolName":"MATIC/USDT","assetRewards":"USDT","claimAmount":"0.00080424","status":1,"claimedTime":1685260935000},{"poolId":86,"poolName":"MATIC/USDT","assetRewards":"BNB","claimAmount":"0.00000299","status":1,"claimedTime":1685260935000},{"poolId":86,"poolName":"MATIC/USDT","assetRewards":"MATIC","claimAmount":"0.00078008","status":1,"claimedTime":1685260935000},{"poolId":86,"poolName":"MATIC/USDT","assetRewards":"USDT","claimAmount":"0.00273622","status":1,"claimedTime":1685176600000},{"poolId":86,"poolName":"MATIC/USDT","assetRewards":"BNB","claimAmount":"0.00000312","status":1,"claimedTime":1685176600000},{"poolId":86,"poolName":"MATIC/USDT","assetRewards":"MATIC","claimAmount":"0.00282551","status":1,"claimedTime":1685176600000},{"poolId":86,"poolName":"MATIC/USDT","assetRewards":"USDT","claimAmount":"0.0014114","status":1,"claimedTime":1685091462000},{"poolId":86,"poolName":"MATIC/USDT","assetRewards":"BNB","claimAmount":"0.00000364","status":1,"claimedTime":1685091462000},{"poolId":86,"poolName":"MATIC/USDT","assetRewards":"MATIC","claimAmount":"0.00142476","status":1,"claimedTime":1685091462000},{"poolId":86,"poolName":"MATIC/USDT","assetRewards":"USDT","claimAmount":"0.00035262","status":1,"claimedTime":1684989641000},{"poolId":86,"poolName":"MATIC/USDT","assetRewards":"MATIC","claimAmount":"0.00041174","status":1,"claimedTime":1684989641000},{"poolId":86,"poolName":"MATIC/USDT","assetRewards":"BNB","claimAmount":"0.00000091","status":1,"claimedTime":1684989641000},{"poolId":86,"poolName":"MATIC/USDT","assetRewards":"BNB","claimAmount":"0.00000117","status":1,"claimedTime":1684963285000},{"poolId":86,"poolName":"MATIC/USDT","assetRewards":"USDT","claimAmount":"0.0005802","status":1,"claimedTime":1684963285000},{"poolId":86,"poolName":"MATIC/USDT","assetRewards":"MATIC","claimAmount":"0.00063187","status":1,"claimedTime":1684963285000},{"poolId":86,"poolName":"MATIC/USDT","assetRewards":"BNB","claimAmount":"0.00000377","status":1,"claimedTime":1684931951000},{"poolId":86,"poolName":"MATIC/USDT","assetRewards":"MATIC","claimAmount":"0.00109478","status":1,"claimedTime":1684931951000},{"poolId":86,"poolName":"MATIC/USDT","assetRewards":"USDT","claimAmount":"0.00083395","status":1,"claimedTime":1684931951000},{"poolId":86,"poolName":"MATIC/USDT","assetRewards":"MATIC","claimAmount":"0.00100716","status":1,"claimedTime":1684828045000},{"poolId":86,"poolName":"MATIC/USDT","assetRewards":"BNB","claimAmount":"0.00000299","status":1,"claimedTime":1684828045000},{"poolId":86,"poolName":"MATIC/USDT","assetRewards":"USDT","claimAmount":"0.00105469","status":1,"claimedTime":1684828045000},{"poolId":86,"poolName":"MATIC/USDT","assetRewards":"USDT","claimAmount":"0.00064008","status":1,"claimedTime":1684745220000},{"poolId":86,"poolName":"MATIC/USDT","assetRewards":"MATIC","claimAmount":"0.00087178","status":1,"claimedTime":1684745220000},{"poolId":86,"poolName":"MATIC/USDT","assetRewards":"BNB","claimAmount":"0.00000312","status":1,"claimedTime":1684745220000},{"poolId":86,"poolName":"MATIC/USDT","assetRewards":"BNB","claimAmount":"0.00000143","status":1,"claimedTime":1684658716000},{"poolId":86,"poolName":"MATIC/USDT","assetRewards":"MATIC","claimAmount":"0.00013601","status":1,"claimedTime":1684658716000},{"poolId":86,"poolName":"MATIC/USDT","assetRewards":"USDT","claimAmount":"0.00013109","status":1,"claimedTime":1684658716000},{"poolId":86,"poolName":"MATIC/USDT","assetRewards":"BNB","claimAmount":"0.00000169","status":1,"claimedTime":1684617421000},{"poolId":86,"poolName":"MATIC/USDT","assetRewards":"USDT","claimAmount":"0.00027882","status":1,"claimedTime":1684617421000},{"poolId":86,"poolName":"MATIC/USDT","assetRewards":"MATIC","claimAmount":"0.00029277","status":1,"claimedTime":1684617421000},{"poolId":86,"poolName":"MATIC/USDT","assetRewards":"BNB","claimAmount":"0.00000234","status":1,"claimedTime":1684570840000},{"poolId":86,"poolName":"MATIC/USDT","assetRewards":"USDT","claimAmount":"0.00066921","status":1,"claimedTime":1684570840000},{"poolId":86,"poolName":"MATIC/USDT","assetRewards":"MATIC","claimAmount":"0.00078103","status":1,"claimedTime":1684570840000},{"poolId":86,"poolName":"MATIC/USDT","assetRewards":"USDT","claimAmount":"0.00198375","status":1,"claimedTime":1684507388000},{"poolId":86,"poolName":"MATIC/USDT","assetRewards":"MATIC","claimAmount":"0.0022468","status":1,"claimedTime":1684507388000},{"poolId":86,"poolName":"MATIC/USDT","assetRewards":"BNB","claimAmount":"0.00000351","status":1,"claimedTime":1684507388000},{"poolId":86,"poolName":"MATIC/USDT","assetRewards":"USDT","claimAmount":"0.00204621","status":1,"claimedTime":1684407951000},{"poolId":86,"poolName":"MATIC/USDT","assetRewards":"MATIC","claimAmount":"0.00217927","status":1,"claimedTime":1684407951000},{"poolId":86,"poolName":"MATIC/USDT","assetRewards":"BNB","claimAmount":"0.00000325","status":1,"claimedTime":1684407951000},{"poolId":86,"poolName":"MATIC/USDT","assetRewards":"MATIC","claimAmount":"0.00090841","status":1,"claimedTime":1684318513000},{"poolId":86,"poolName":"MATIC/USDT","assetRewards":"BNB","claimAmount":"0.00000247","status":1,"claimedTime":1684318513000},{"poolId":86,"poolName":"MATIC/USDT","assetRewards":"USDT","claimAmount":"0.00087655","status":1,"claimedTime":1684318513000},{"poolId":86,"poolName":"MATIC/USDT","assetRewards":"USDT","claimAmount":"0.00076372","status":1,"claimedTime":1684253184000},{"poolId":86,"poolName":"MATIC/USDT","assetRewards":"MATIC","claimAmount":"0.00109929","status":1,"claimedTime":1684253184000},{"poolId":86,"poolName":"MATIC/USDT","assetRewards":"BNB","claimAmount":"0.0000026","status":1,"claimedTime":1684253184000},{"poolId":86,"poolName":"MATIC/USDT","assetRewards":"BNB","claimAmount":"0.00000078","status":1,"claimedTime":1684180513000},{"poolId":86,"poolName":"MATIC/USDT","assetRewards":"MATIC","claimAmount":"0.00029501","status":1,"claimedTime":1684180513000},{"poolId":86,"poolName":"MATIC/USDT","assetRewards":"USDT","claimAmount":"0.00024957","status":1,"claimedTime":1684180513000},{"poolId":86,"poolName":"MATIC/USDT","assetRewards":"BNB","claimAmount":"0.00000312","status":1,"claimedTime":1684157653000},{"poolId":86,"poolName":"MATIC/USDT","assetRewards":"MATIC","claimAmount":"0.00116593","status":1,"claimedTime":1684157653000},{"poolId":86,"poolName":"MATIC/USDT","assetRewards":"USDT","claimAmount":"0.00098443","status":1,"claimedTime":1684157653000},{"poolId":86,"poolName":"MATIC/USDT","assetRewards":"MATIC","claimAmount":"0.00008557","status":1,"claimedTime":1684070017000},{"poolId":86,"poolName":"MATIC/USDT","assetRewards":"BNB","claimAmount":"0.00000065","status":1,"claimedTime":1684070017000},{"poolId":86,"poolName":"MATIC/USDT","assetRewards":"USDT","claimAmount":"0.00008154","status":1,"claimedTime":1684070017000},{"poolId":86,"poolName":"MATIC/USDT","assetRewards":"USDT","claimAmount":"0.00077163","status":1,"claimedTime":1684053898000},{"poolId":86,"poolName":"MATIC/USDT","assetRewards":"BNB","claimAmount":"0.00000312","status":1,"claimedTime":1684053898000},{"poolId":86,"poolName":"MATIC/USDT","assetRewards":"MATIC","claimAmount":"0.00088869","status":1,"claimedTime":1684053898000},{"poolId":86,"poolName":"MATIC/USDT","assetRewards":"USDT","claimAmount":"0.00044538","status":1,"claimedTime":1683966128000},{"poolId":86,"poolName":"MATIC/USDT","assetRewards":"BNB","claimAmount":"0.00000143","status":1,"claimedTime":1683966128000},{"poolId":86,"poolName":"MATIC/USDT","assetRewards":"MATIC","claimAmount":"0.00041792","status":1,"claimedTime":1683966128000},{"poolId":86,"poolName":"MATIC/USDT","assetRewards":"MATIC","claimAmount":"0.00124112","status":1,"claimedTime":1683926079000},{"poolId":86,"poolName":"MATIC/USDT","assetRewards":"USDT","claimAmount":"0.00110485","status":1,"claimedTime":1683926079000},{"poolId":86,"poolName":"MATIC/USDT","assetRewards":"BNB","claimAmount":"0.00000117","status":1,"claimedTime":1683926079000},{"poolId":86,"poolName":"MATIC/USDT","assetRewards":"MATIC","claimAmount":"0.00052087","status":1,"claimedTime":1683896618000},{"poolId":86,"poolName":"MATIC/USDT","assetRewards":"USDT","claimAmount":"0.0005608","status":1,"claimedTime":1683896618000},{"poolId":86,"poolName":"MATIC/USDT","assetRewards":"BNB","claimAmount":"0.00000052","status":1,"claimedTime":1683896618000},{"poolId":86,"poolName":"MATIC/USDT","assetRewards":"USDT","claimAmount":"0.00123454","status":1,"claimedTime":1683881667000},{"poolId":86,"poolName":"MATIC/USDT","assetRewards":"BNB","claimAmount":"0.00000208","status":1,"claimedTime":1683881667000},{"poolId":86,"poolName":"MATIC/USDT","assetRewards":"MATIC","claimAmount":"0.00158906","status":1,"claimedTime":1683881667000},{"poolId":86,"poolName":"MATIC/USDT","assetRewards":"MATIC","claimAmount":"0.00156851","status":1,"claimedTime":1683822494000},{"poolId":86,"poolName":"MATIC/USDT","assetRewards":"USDT","claimAmount":"0.00113583","status":1,"claimedTime":1683822494000},{"poolId":86,"poolName":"MATIC/USDT","assetRewards":"BNB","claimAmount":"0.00000247","status":1,"claimedTime":1683822494000},{"poolId":86,"poolName":"MATIC/USDT","assetRewards":"BNB","claimAmount":"0.00000338","status":1,"claimedTime":1683755422000},{"poolId":86,"poolName":"MATIC/USDT","assetRewards":"USDT","claimAmount":"0.00314229","status":1,"claimedTime":1683755422000},{"poolId":86,"poolName":"MATIC/USDT","assetRewards":"MATIC","claimAmount":"0.00354457","status":1,"claimedTime":1683755422000},{"poolId":86,"poolName":"MATIC/USDT","assetRewards":"USDT","claimAmount":"0.00145115","status":1,"claimedTime":1683662842000},{"poolId":86,"poolName":"MATIC/USDT","assetRewards":"USDT","claimAmount":"0.00145115","status":1,"claimedTime":1683662842000},{"poolId":86,"poolName":"MATIC/USDT","assetRewards":"MATIC","claimAmount":"0.00173223","status":1,"claimedTime":1683662842000},{"poolId":86,"poolName":"MATIC/USDT","assetRewards":"BNB","claimAmount":"0.00000286","status":1,"claimedTime":1683662842000},{"poolId":86,"poolName":"MATIC/USDT","assetRewards":"BNB","claimAmount":"0.00000134","status":1,"claimedTime":1683581876000},{"poolId":86,"poolName":"MATIC/USDT","assetRewards":"MATIC","claimAmount":"0.00214733","status":1,"claimedTime":1683581876000},{"poolId":86,"poolName":"MATIC/USDT","assetRewards":"USDT","claimAmount":"0.00138579","status":1,"claimedTime":1683581876000},{"poolId":86,"poolName":"MATIC/USDT","assetRewards":"USDT","claimAmount":"0.0010651","status":1,"claimedTime":1683541678000},{"poolId":86,"poolName":"MATIC/USDT","assetRewards":"MATIC","claimAmount":"0.00131938","status":1,"claimedTime":1683541678000},{"poolId":86,"poolName":"MATIC/USDT","assetRewards":"BNB","claimAmount":"0.0000018","status":1,"claimedTime":1683541678000},{"poolId":86,"poolName":"MATIC/USDT","assetRewards":"BNB","claimAmount":"0.00000414","status":1,"claimedTime":1683488635000},{"poolId":86,"poolName":"MATIC/USDT","assetRewards":"MATIC","claimAmount":"0.0015762","status":1,"claimedTime":1683488635000},{"poolId":86,"poolName":"MATIC/USDT","assetRewards":"USDT","claimAmount":"0.00148905","status":1,"claimedTime":1683488635000},{"poolId":86,"poolName":"MATIC/USDT","assetRewards":"MATIC","claimAmount":"0.0004723","status":1,"claimedTime":1683365451000},{"poolId":86,"poolName":"MATIC/USDT","assetRewards":"USDT","claimAmount":"0.00037413","status":1,"claimedTime":1683365451000},{"poolId":86,"poolName":"MATIC/USDT","assetRewards":"BNB","claimAmount":"0.00000144","status":1,"claimedTime":1683365451000},{"poolId":86,"poolName":"MATIC/USDT","assetRewards":"MATIC","claimAmount":"0.0008611","status":1,"claimedTime":1683321390000},{"poolId":86,"poolName":"MATIC/USDT","assetRewards":"USDT","claimAmount":"0.00089512","status":1,"claimedTime":1683321390000},{"poolId":86,"poolName":"MATIC/USDT","assetRewards":"BNB","claimAmount":"0.00000156","status":1,"claimedTime":1683321390000},{"poolId":86,"poolName":"MATIC/USDT","assetRewards":"BNB","claimAmount":"0.00000288","status":1,"claimedTime":1683277438000},{"poolId":86,"poolName":"MATIC/USDT","assetRewards":"USDT","claimAmount":"0.000969","status":1,"claimedTime":1683277438000},{"poolId":86,"poolName":"MATIC/USDT","assetRewards":"MATIC","claimAmount":"0.00096263","status":1,"claimedTime":1683277438000},{"poolId":86,"poolName":"MATIC/USDT","assetRewards":"USDT","claimAmount":"0.00040059","status":1,"claimedTime":1683188168000},{"poolId":86,"poolName":"MATIC/USDT","assetRewards":"MATIC","claimAmount":"0.00046183","status":1,"claimedTime":1683188168000},{"poolId":86,"poolName":"MATIC/USDT","assetRewards":"BNB","claimAmount":"0.0000012","status":1,"claimedTime":1683188168000},{"poolId":86,"poolName":"MATIC/USDT","assetRewards":"USDT","claimAmount":"0.00111876","status":1,"claimedTime":1683152076000},{"poolId":86,"poolName":"MATIC/USDT","assetRewards":"BNB","claimAmount":"0.00000072","status":1,"claimedTime":1683152076000},{"poolId":86,"poolName":"MATIC/USDT","assetRewards":"MATIC","claimAmount":"0.00099412","status":1,"claimedTime":1683152076000},{"poolId":86,"poolName":"MATIC/USDT","assetRewards":"MATIC","claimAmount":"0.00106811","status":1,"claimedTime":1683131421000},{"poolId":86,"poolName":"MATIC/USDT","assetRewards":"BNB","claimAmount":"0.00000236","status":1,"claimedTime":1683131421000},{"poolId":86,"poolName":"MATIC/USDT","assetRewards":"USDT","claimAmount":"0.00106081","status":1,"claimedTime":1683131421000},{"poolId":86,"poolName":"MATIC/USDT","assetRewards":"MATIC","claimAmount":"0.00227655","status":1,"claimedTime":1683063079000},{"poolId":86,"poolName":"MATIC/USDT","assetRewards":"USDT","claimAmount":"0.00220265","status":1,"claimedTime":1683063079000},{"poolId":86,"poolName":"MATIC/USDT","assetRewards":"BNB","claimAmount":"0.00000458","status":1,"claimedTime":1683063079000},{"poolId":86,"poolName":"MATIC/USDT","assetRewards":"USDT","claimAmount":"0.00139726","status":1,"claimedTime":1682926198000},{"poolId":86,"poolName":"MATIC/USDT","assetRewards":"MATIC","claimAmount":"0.0015376","status":1,"claimedTime":1682926198000},{"poolId":86,"poolName":"MATIC/USDT","assetRewards":"BNB","claimAmount":"0.00000276","status":1,"claimedTime":1682926198000},{"poolId":86,"poolName":"MATIC/USDT","assetRewards":"USDT","claimAmount":"0.00083572","status":1,"claimedTime":1682844681000},{"poolId":86,"poolName":"MATIC/USDT","assetRewards":"BNB","claimAmount":"0.00000294","status":1,"claimedTime":1682844681000},{"poolId":86,"poolName":"MATIC/USDT","assetRewards":"MATIC","claimAmount":"0.00084449","status":1,"claimedTime":1682844681000},{"poolId":86,"poolName":"MATIC/USDT","assetRewards":"MATIC","claimAmount":"0.00069994","status":1,"claimedTime":1682754226000},{"poolId":86,"poolName":"MATIC/USDT","assetRewards":"USDT","claimAmount":"0.00069681","status":1,"claimedTime":1682754226000},{"poolId":86,"poolName":"MATIC/USDT","assetRewards":"BNB","claimAmount":"0.0000015","status":1,"claimedTime":1682754226000},{"poolId":86,"poolName":"MATIC/USDT","assetRewards":"BNB","claimAmount":"0.00000062","status":1,"claimedTime":1682664233000},{"poolId":86,"poolName":"MATIC/USDT","assetRewards":"MATIC","claimAmount":"0.00024406","status":1,"claimedTime":1682664233000},{"poolId":86,"poolName":"MATIC/USDT","assetRewards":"USDT","claimAmount":"0.00023415","status":1,"claimedTime":1682664233000},{"poolId":86,"poolName":"MATIC/USDT","assetRewards":"BNB","claimAmount":"0.00000049","status":1,"claimedTime":1682631100000},{"poolId":86,"poolName":"MATIC/USDT","assetRewards":"USDT","claimAmount":"0.00063788","status":1,"claimedTime":1682631100000},{"poolId":86,"poolName":"MATIC/USDT","assetRewards":"MATIC","claimAmount":"0.00057898","status":1,"claimedTime":1682631100000},{"poolId":86,"poolName":"MATIC/USDT","assetRewards":"BNB","claimAmount":"0.00000182","status":1,"claimedTime":1682607190000},{"poolId":86,"poolName":"MATIC/USDT","assetRewards":"MATIC","claimAmount":"0.00297119","status":1,"claimedTime":1682607190000},{"poolId":86,"poolName":"MATIC/USDT","assetRewards":"USDT","claimAmount":"0.00284058","status":1,"claimedTime":1682607190000},{"poolId":86,"poolName":"MATIC/USDT","assetRewards":"BNB","claimAmount":"0.00000035","status":1,"claimedTime":1682514259000},{"poolId":86,"poolName":"MATIC/USDT","assetRewards":"USDT","claimAmount":"0.00034566","status":1,"claimedTime":1682514259000},{"poolId":86,"poolName":"MATIC/USDT","assetRewards":"MATIC","claimAmount":"0.00027535","status":1,"claimedTime":1682514259000},{"poolId":86,"poolName":"MATIC/USDT","assetRewards":"USDT","claimAmount":"0.00042785","status":1,"claimedTime":1682496343000},{"poolId":86,"poolName":"MATIC/USDT","assetRewards":"MATIC","claimAmount":"0.00038074","status":1,"claimedTime":1682496343000},{"poolId":86,"poolName":"MATIC/USDT","assetRewards":"BNB","claimAmount":"0.0000007","status":1,"claimedTime":1682496343000},{"poolId":86,"poolName":"MATIC/USDT","assetRewards":"BNB","claimAmount":"0.00000056","status":1,"claimedTime":1682457957000},{"poolId":86,"poolName":"MATIC/USDT","assetRewards":"USDT","claimAmount":"0.00054796","status":1,"claimedTime":1682457957000},{"poolId":86,"poolName":"MATIC/USDT","assetRewards":"MATIC","claimAmount":"0.00053464","status":1,"claimedTime":1682457957000},{"poolId":86,"poolName":"MATIC/USDT","assetRewards":"USDT","claimAmount":"0.00050097","status":1,"claimedTime":1682429126000},{"poolId":86,"poolName":"MATIC/USDT","assetRewards":"BNB","claimAmount":"0.00000112","status":1,"claimedTime":1682429126000},{"poolId":86,"poolName":"MATIC/USDT","assetRewards":"MATIC","claimAmount":"0.00062113","status":1,"claimedTime":1682429126000},{"poolId":86,"poolName":"MATIC/USDT","assetRewards":"MATIC","claimAmount":"0.000688","status":1,"claimedTime":1682372060000},{"poolId":86,"poolName":"MATIC/USDT","assetRewards":"USDT","claimAmount":"0.00072523","status":1,"claimedTime":1682372060000},{"poolId":86,"poolName":"MATIC/USDT","assetRewards":"BNB","claimAmount":"0.00000084","status":1,"claimedTime":1682372060000},{"poolId":86,"poolName":"MATIC/USDT","assetRewards":"USDT","claimAmount":"0.00117057","status":1,"claimedTime":1682330463000},{"poolId":86,"poolName":"MATIC/USDT","assetRewards":"MATIC","claimAmount":"0.00133424","status":1,"claimedTime":1682330463000},{"poolId":86,"poolName":"MATIC/USDT","assetRewards":"BNB","claimAmount":"0.0000014","status":1,"claimedTime":1682330463000},{"poolId":86,"poolName":"MATIC/USDT","assetRewards":"MATIC","claimAmount":"0.00096224","status":1,"claimedTime":1682255554000},{"poolId":86,"poolName":"MATIC/USDT","assetRewards":"USDT","claimAmount":"0.0008558","status":1,"claimedTime":1682255554000},{"poolId":86,"poolName":"MATIC/USDT","assetRewards":"BNB","claimAmount":"0.00000273","status":1,"claimedTime":1682255554000},{"poolId":86,"poolName":"MATIC/USDT","assetRewards":"BNB","claimAmount":"0.00000175","status":1,"claimedTime":1682115557000},{"poolId":86,"poolName":"MATIC/USDT","assetRewards":"MATIC","claimAmount":"0.00146402","status":1,"claimedTime":1682115557000},{"poolId":86,"poolName":"MATIC/USDT","assetRewards":"USDT","claimAmount":"0.00144188","status":1,"claimedTime":1682115557000},{"poolId":86,"poolName":"MATIC/USDT","assetRewards":"USDT","claimAmount":"0.001765","status":1,"claimedTime":1682025935000},{"poolId":86,"poolName":"MATIC/USDT","assetRewards":"MATIC","claimAmount":"0.00183096","status":1,"claimedTime":1682025935000},{"poolId":86,"poolName":"MATIC/USDT","assetRewards":"BNB","claimAmount":"0.00000144","status":1,"claimedTime":1682025935000},{"poolId":86,"poolName":"MATIC/USDT","assetRewards":"BNB","claimAmount":"0.00000006","status":1,"claimedTime":1681939984000},{"poolId":86,"poolName":"MATIC/USDT","assetRewards":"USDT","claimAmount":"0.00004164","status":1,"claimedTime":1681939984000},{"poolId":86,"poolName":"MATIC/USDT","assetRewards":"MATIC","claimAmount":"0.00004382","status":1,"claimedTime":1681939984000},{"poolId":86,"poolName":"MATIC/USDT","assetRewards":"MATIC","claimAmount":"0.00163002","status":1,"claimedTime":1681936862000},{"poolId":86,"poolName":"MATIC/USDT","assetRewards":"USDT","claimAmount":"0.00154745","status":1,"claimedTime":1681936862000},{"poolId":86,"poolName":"MATIC/USDT","assetRewards":"BNB","claimAmount":"0.00000144","status":1,"claimedTime":1681936862000},{"poolId":86,"poolName":"MATIC/USDT","assetRewards":"USDT","claimAmount":"0.00050227","status":1,"claimedTime":1681850008000},{"poolId":86,"poolName":"MATIC/USDT","assetRewards":"MATIC","claimAmount":"0.00051545","status":1,"claimedTime":1681850008000},{"poolId":86,"poolName":"MATIC/USDT","assetRewards":"BNB","claimAmount":"0.00000132","status":1,"claimedTime":1681850008000},{"poolId":86,"poolName":"MATIC/USDT","assetRewards":"MATIC","claimAmount":"0.00046123","status":1,"claimedTime":1681771185000},{"poolId":86,"poolName":"MATIC/USDT","assetRewards":"USDT","claimAmount":"0.000405","status":1,"claimedTime":1681771185000},{"poolId":86,"poolName":"MATIC/USDT","assetRewards":"BNB","claimAmount":"0.0000006","status":1,"claimedTime":1681771185000},{"poolId":86,"poolName":"MATIC/USDT","assetRewards":"USDT","claimAmount":"0.00037654","status":1,"claimedTime":1681733497000},{"poolId":86,"poolName":"MATIC/USDT","assetRewards":"MATIC","claimAmount":"0.00051476","status":1,"claimedTime":1681733497000},{"poolId":86,"poolName":"MATIC/USDT","assetRewards":"BNB","claimAmount":"0.00000072","status":1,"claimedTime":1681733497000},{"poolId":86,"poolName":"MATIC/USDT","assetRewards":"BNB","claimAmount":"0.00000054","status":1,"claimedTime":1681690912000},{"poolId":86,"poolName":"MATIC/USDT","assetRewards":"USDT","claimAmount":"0.00037323","status":1,"claimedTime":1681690912000},{"poolId":86,"poolName":"MATIC/USDT","assetRewards":"MATIC","claimAmount":"0.00032407","status":1,"claimedTime":1681690912000},{"poolId":86,"poolName":"MATIC/USDT","assetRewards":"MATIC","claimAmount":"0.00005729","status":1,"claimedTime":1681657982000},{"poolId":86,"poolName":"MATIC/USDT","assetRewards":"BNB","claimAmount":"0.00000024","status":1,"claimedTime":1681657982000},{"poolId":86,"poolName":"MATIC/USDT","assetRewards":"USDT","claimAmount":"0.00004162","status":1,"claimedTime":1681657982000},{"poolId":86,"poolName":"MATIC/USDT","assetRewards":"MATIC","claimAmount":"0.00057281","status":1,"claimedTime":1681652755000},{"poolId":86,"poolName":"MATIC/USDT","assetRewards":"MATIC","claimAmount":"0.00057281","status":1,"claimedTime":1681652755000},{"poolId":86,"poolName":"MATIC/USDT","assetRewards":"USDT","claimAmount":"0.00046431","status":1,"claimedTime":1681652755000},{"poolId":86,"poolName":"MATIC/USDT","assetRewards":"BNB","claimAmount":"0.0000018","status":1,"claimedTime":1681652755000},{"poolId":86,"poolName":"MATIC/USDT","assetRewards":"BNB","claimAmount":"0.00000144","status":1,"claimedTime":1681597170000},{"poolId":86,"poolName":"MATIC/USDT","assetRewards":"MATIC","claimAmount":"0.00078841","status":1,"claimedTime":1681597170000},{"poolId":86,"poolName":"MATIC/USDT","assetRewards":"USDT","claimAmount":"0.00078596","status":1,"claimedTime":1681597170000},{"poolId":86,"poolName":"MATIC/USDT","assetRewards":"USDT","claimAmount":"0.00184384","status":1,"claimedTime":1681556252000},{"poolId":86,"poolName":"MATIC/USDT","assetRewards":"MATIC","claimAmount":"0.00194947","status":1,"claimedTime":1681556252000},{"poolId":86,"poolName":"MATIC/USDT","assetRewards":"BNB","claimAmount":"0.00000288","status":1,"claimedTime":1681556252000},{"poolId":86,"poolName":"MATIC/USDT","assetRewards":"USDT","claimAmount":"0.00125073","status":1,"claimedTime":1681470004000},{"poolId":86,"poolName":"MATIC/USDT","assetRewards":"BNB","claimAmount":"0.00000144","status":1,"claimedTime":1681470004000},{"poolId":86,"poolName":"MATIC/USDT","assetRewards":"MATIC","claimAmount":"0.00103312","status":1,"claimedTime":1681470004000},{"poolId":86,"poolName":"MATIC/USDT","assetRewards":"USDT","claimAmount":"0.00068143","status":1,"claimedTime":1681426895000},{"poolId":86,"poolName":"MATIC/USDT","assetRewards":"MATIC","claimAmount":"0.0007762","status":1,"claimedTime":1681426895000},{"poolId":86,"poolName":"MATIC/USDT","assetRewards":"BNB","claimAmount":"0.00000144","status":1,"claimedTime":1681426895000},{"poolId":86,"poolName":"MATIC/USDT","assetRewards":"BNB","claimAmount":"0.00000228","status":1,"claimedTime":1681381222000},{"poolId":86,"poolName":"MATIC/USDT","assetRewards":"USDT","claimAmount":"0.00123352","status":1,"claimedTime":1681381222000},{"poolId":86,"poolName":"MATIC/USDT","assetRewards":"MATIC","claimAmount":"0.00120186","status":1,"claimedTime":1681381222000},{"poolId":86,"poolName":"MATIC/USDT","assetRewards":"USDT","claimAmount":"0.00061247","status":1,"claimedTime":1681315099000},{"poolId":86,"poolName":"MATIC/USDT","assetRewards":"MATIC","claimAmount":"0.00054275","status":1,"claimedTime":1681315099000},{"poolId":86,"poolName":"MATIC/USDT","assetRewards":"BNB","claimAmount":"0.0000006","status":1,"claimedTime":1681315099000},{"poolId":86,"poolName":"MATIC/USDT","assetRewards":"MATIC","claimAmount":"0.00085267","status":1,"claimedTime":1681297621000},{"poolId":86,"poolName":"MATIC/USDT","assetRewards":"USDT","claimAmount":"0.00074064","status":1,"claimedTime":1681297621000},{"poolId":86,"poolName":"MATIC/USDT","assetRewards":"BNB","claimAmount":"0.00000144","status":1,"claimedTime":1681297621000},{"poolId":86,"poolName":"MATIC/USDT","assetRewards":"USDT","claimAmount":"0.00169952","status":1,"claimedTime":1681253090000},{"poolId":86,"poolName":"MATIC/USDT","assetRewards":"MATIC","claimAmount":"0.00173395","status":1,"claimedTime":1681253090000},{"poolId":86,"poolName":"MATIC/USDT","assetRewards":"BNB","claimAmount":"0.00000372","status":1,"claimedTime":1681253090000},{"poolId":86,"poolName":"MATIC/USDT","assetRewards":"BNB","claimAmount":"0.0000036","status":1,"claimedTime":1681141566000},{"poolId":86,"poolName":"MATIC/USDT","assetRewards":"MATIC","claimAmount":"0.00116014","status":1,"claimedTime":1681141566000},{"poolId":86,"poolName":"MATIC/USDT","assetRewards":"USDT","claimAmount":"0.00093066","status":1,"claimedTime":1681141566000},{"poolId":86,"poolName":"MATIC/USDT","assetRewards":"BNB","claimAmount":"0.00000132","status":1,"claimedTime":1681032361000},{"poolId":86,"poolName":"MATIC/USDT","assetRewards":"USDT","claimAmount":"0.00029883","status":1,"claimedTime":1681032361000},{"poolId":86,"poolName":"MATIC/USDT","assetRewards":"MATIC","claimAmount":"0.00037046","status":1,"claimedTime":1681032361000},{"poolId":86,"poolName":"MATIC/USDT","assetRewards":"USDT","claimAmount":"0.0003313","status":1,"claimedTime":1680992772000},{"poolId":86,"poolName":"MATIC/USDT","assetRewards":"MATIC","claimAmount":"0.00032164","status":1,"claimedTime":1680992772000},{"poolId":86,"poolName":"MATIC/USDT","assetRewards":"BNB","claimAmount":"0.00000132","status":1,"claimedTime":1680992772000},{"poolId":86,"poolName":"MATIC/USDT","assetRewards":"MATIC","claimAmount":"0.00121471","status":1,"claimedTime":1680953654000},{"poolId":86,"poolName":"MATIC/USDT","assetRewards":"USDT","claimAmount":"0.00116319","status":1,"claimedTime":1680953654000},{"poolId":86,"poolName":"MATIC/USDT","assetRewards":"BNB","claimAmount":"0.00000336","status":1,"claimedTime":1680953654000},{"poolId":86,"poolName":"MATIC/USDT","assetRewards":"MATIC","claimAmount":"0.00055374","status":1,"claimedTime":1680851854000},{"poolId":86,"poolName":"MATIC/USDT","assetRewards":"USDT","claimAmount":"0.00047023","status":1,"claimedTime":1680851854000},{"poolId":86,"poolName":"MATIC/USDT","assetRewards":"BNB","claimAmount":"0.00000132","status":1,"claimedTime":1680851854000},{"poolId":86,"poolName":"MATIC/USDT","assetRewards":"MATIC","claimAmount":"0.00018018","status":1,"claimedTime":1680814838000},{"poolId":86,"poolName":"MATIC/USDT","assetRewards":"USDT","claimAmount":"0.00016072","status":1,"claimedTime":1680814838000},{"poolId":86,"poolName":"MATIC/USDT","assetRewards":"BNB","claimAmount":"0.00000048","status":1,"claimedTime":1680814838000},{"poolId":86,"poolName":"MATIC/USDT","assetRewards":"USDT","claimAmount":"0.00007661","status":1,"claimedTime":1680799217000},{"poolId":86,"poolName":"MATIC/USDT","assetRewards":"MATIC","claimAmount":"0.00005626","status":1,"claimedTime":1680799217000},{"poolId":86,"poolName":"MATIC/USDT","assetRewards":"BNB","claimAmount":"0.00000012","status":1,"claimedTime":1680799217000},{"poolId":86,"poolName":"MATIC/USDT","assetRewards":"USDT","claimAmount":"0.00029078","status":1,"claimedTime":1680794103000},{"poolId":86,"poolName":"MATIC/USDT","assetRewards":"BNB","claimAmount":"0.00000048","status":1,"claimedTime":1680794103000},{"poolId":86,"poolName":"MATIC/USDT","assetRewards":"MATIC","claimAmount":"0.00029641","status":1,"claimedTime":1680794103000},{"poolId":86,"poolName":"MATIC/USDT","assetRewards":"MATIC","claimAmount":"0.00014005","status":1,"claimedTime":1680782978000},{"poolId":86,"poolName":"MATIC/USDT","assetRewards":"BNB","claimAmount":"0.00000012","status":1,"claimedTime":1680782978000},{"poolId":86,"poolName":"MATIC/USDT","assetRewards":"USDT","claimAmount":"0.0001367","status":1,"claimedTime":1680782978000},{"poolId":86,"poolName":"MATIC/USDT","assetRewards":"USDT","claimAmount":"0.00186008","status":1,"claimedTime":1680776732000},{"poolId":86,"poolName":"MATIC/USDT","assetRewards":"MATIC","claimAmount":"0.0019765","status":1,"claimedTime":1680776732000},{"poolId":86,"poolName":"MATIC/USDT","assetRewards":"BNB","claimAmount":"0.000003","status":1,"claimedTime":1680776732000},{"poolId":86,"poolName":"MATIC/USDT","assetRewards":"MATIC","claimAmount":"0.00109626","status":1,"claimedTime":1680686522000},{"poolId":86,"poolName":"MATIC/USDT","assetRewards":"USDT","claimAmount":"0.00118288","status":1,"claimedTime":1680686522000},{"poolId":86,"poolName":"MATIC/USDT","assetRewards":"BNB","claimAmount":"0.00000156","status":1,"claimedTime":1680686522000},{"poolId":86,"poolName":"MATIC/USDT","assetRewards":"BNB","claimAmount":"0.00000132","status":1,"claimedTime":1680641878000},{"poolId":86,"poolName":"MATIC/USDT","assetRewards":"MATIC","claimAmount":"0.00132156","status":1,"claimedTime":1680641878000},{"poolId":86,"poolName":"MATIC/USDT","assetRewards":"USDT","claimAmount":"0.00143189","status":1,"claimedTime":1680641878000},{"poolId":86,"poolName":"MATIC/USDT","assetRewards":"MATIC","claimAmount":"0.00135042","status":1,"claimedTime":1680602777000},{"poolId":86,"poolName":"MATIC/USDT","assetRewards":"USDT","claimAmount":"0.00135917","status":1,"claimedTime":1680602777000},{"poolId":86,"poolName":"MATIC/USDT","assetRewards":"BNB","claimAmount":"0.00000168","status":1,"claimedTime":1680602777000},{"poolId":86,"poolName":"MATIC/USDT","assetRewards":"MATIC","claimAmount":"0.00020461","status":1,"claimedTime":1680551457000},{"poolId":86,"poolName":"MATIC/USDT","assetRewards":"BNB","claimAmount":"0.00000012","status":1,"claimedTime":1680551457000},{"poolId":86,"poolName":"MATIC/USDT","assetRewards":"USDT","claimAmount":"0.00027585","status":1,"claimedTime":1680551457000}]
