[{"operationId":7253075,"poolId":86,"poolName":"MATIC/USDT","operation":"ADD","status":1,"updateTime":1682756099000,"shareAmount":"24.91085439","liquidityAmount":[{"asset":"MATIC","amount":"24.9056121"},{"asset":"USDT","amount":"25"}]},{"operationId":4969679,"poolId":86,"poolName":"MATIC/USDT","operation":"REMOVE","status":1,"updateTime":1682755941000,"shareAmount":"13.45890914","liquidityAmount":[{"asset":"MATIC","amount":"13.44813799"},{"asset":"USDT","amount":"13.5150466"}]},{"operationId":7214169,"poolId":86,"poolName":"MATIC/USDT","operation":"ADD","status":1,"updateTime":1681658068000,"shareAmount":"13.45890914","liquidityAmount":[{"asset":"MATIC","amount":"12.52585452"},{"asset":"USDT","amount":"14.51016453"}]},{"operationId":4935698,"poolId":86,"poolName":"MATIC/USDT","operation":"REMOVE","status":1,"updateTime":1681657994000,"shareAmount":"23.85192222","liquidityAmount":[{"asset":"MATIC","amount":"22.19647845"},{"asset":"USDT","amount":"25.71713998"}]},{"operationId":7170940,"poolId":86,"poolName":"MATIC/USDT","operation":"ADD","status":1,"updateTime":1680546035000,"shareAmount":"23.85192222","liquidityAmount":[{"asset":"MATIC","amount":"22.820695"},{"asset":"USDT","amount":"25.0136966"}]}]
