[{"poolId":98,"poolName":"TRX/USDT","assetRewards":"BNB","claimAmount":"0.0000004","status":1,"claimedTime":1686000848000},{"poolId":98,"poolName":"TRX/USDT","assetRewards":"TRX","claimAmount":"0.00130379","status":1,"claimedTime":1686000848000},{"poolId":98,"poolName":"TRX/USDT","assetRewards":"USDT","claimAmount":"0.00008188","status":1,"claimedTime":1686000848000},{"poolId":98,"poolName":"TRX/USDT","assetRewards":"TRX","claimAmount":"0.00776672","status":1,"claimedTime":1685985812000},{"poolId":98,"poolName":"TRX/USDT","assetRewards":"BNB","claimAmount":"0.0000023","status":1,"claimedTime":1685985812000},{"poolId":98,"poolName":"TRX/USDT","assetRewards":"USDT","claimAmount":"0.00054784","status":1,"claimedTime":1685985812000},{"poolId":98,"poolName":"TRX/USDT","assetRewards":"USDT","claimAmount":"0.00264228","status":1,"claimedTime":1685904929000},{"poolId":98,"poolName":"TRX/USDT","assetRewards":"BNB","claimAmount":"0.0000047","status":1,"claimedTime":1685904929000},{"poolId":98,"poolName":"TRX/USDT","assetRewards":"TRX","claimAmount":"0.03016839","status":1,"claimedTime":1685904929000},{"poolId":98,"poolName":"TRX/USDT","assetRewards":"TRX","claimAmount":"0.01778446","status":1,"claimedTime":1685735343000},{"poolId":98,"poolName":"TRX/USDT","assetRewards":"USDT","claimAmount":"0.00081155","status":1,"claimedTime":1685735343000},{"poolId":98,"poolName":"TRX/USDT","assetRewards":"BNB","claimAmount":"0.00000518","status":1,"claimedTime":1685735343000},{"poolId":98,"poolName":"TRX/USDT","assetRewards":"BNB","claimAmount":"0.00000231","status":1,"claimedTime":1685556359000},{"poolId":98,"poolName":"TRX/USDT","assetRewards":"TRX","claimAmount":"0.00319547","status":1,"claimedTime":1685556359000},{"poolId":98,"poolName":"TRX/USDT","assetRewards":"USDT","claimAmount":"0.00019315","status":1,"claimedTime":1685556359000},{"poolId":98,"poolName":"TRX/USDT","assetRewards":"BNB","claimAmount":"0.00000099","status":1,"claimedTime":1685483670000},{"poolId":98,"poolName":"TRX/USDT","assetRewards":"USDT","claimAmount":"0.00010337","status":1,"claimedTime":1685483670000},{"poolId":98,"poolName":"TRX/USDT","assetRewards":"TRX","claimAmount":"0.00126674","status":1,"claimedTime":1685483670000},{"poolId":98,"poolName":"TRX/USDT","assetRewards":"TRX","claimAmount":"0.00242705","status":1,"claimedTime":1685451525000},{"poolId":98,"poolName":"TRX/USDT","assetRewards":"BNB","claimAmount":"0.00000264","status":1,"claimedTime":1685451525000},{"poolId":98,"poolName":"TRX/USDT","assetRewards":"USDT","claimAmount":"0.00020227","status":1,"claimedTime":1685451525000},{"poolId":98,"poolName":"TRX/USDT","assetRewards":"USDT","claimAmount":"0.00055332","status":1,"claimedTime":1685365008000},{"poolId":98,"poolName":"TRX/USDT","assetRewards":"TRX","claimAmount":"0.00536685","status":1,"claimedTime":1685365008000},{"poolId":98,"poolName":"TRX/USDT","assetRewards":"BNB","claimAmount":"0.00000308","status":1,"claimedTime":1685365008000},{"poolId":98,"poolName":"TRX/USDT","assetRewards":"USDT","claimAmount":"0.00021542","status":1,"claimedTime":1685260935000},{"poolId":98,"poolName":"TRX/USDT","assetRewards":"TRX","claimAmount":"0.00256558","status":1,"claimedTime":1685260935000},{"poolId":98,"poolName":"TRX/USDT","assetRewards":"BNB","claimAmount":"0.00000264","status":1,"claimedTime":1685260935000},{"poolId":98,"poolName":"TRX/USDT","assetRewards":"BNB","claimAmount":"0.00000264","status":1,"claimedTime":1685176600000},{"poolId":98,"poolName":"TRX/USDT","assetRewards":"USDT","claimAmount":"0.00025966","status":1,"claimedTime":1685176600000},{"poolId":98,"poolName":"TRX/USDT","assetRewards":"TRX","claimAmount":"0.00283367","status":1,"claimedTime":1685176600000},{"poolId":98,"poolName":"TRX/USDT","assetRewards":"TRX","claimAmount":"0.00621637","status":1,"claimedTime":1685091462000},{"poolId":98,"poolName":"TRX/USDT","assetRewards":"USDT","claimAmount":"0.00052107","status":1,"claimedTime":1685091462000},{"poolId":98,"poolName":"TRX/USDT","assetRewards":"BNB","claimAmount":"0.00000282","status":1,"claimedTime":1685091462000},{"poolId":98,"poolName":"TRX/USDT","assetRewards":"USDT","claimAmount":"0.00021776","status":1,"claimedTime":1684989641000},{"poolId":98,"poolName":"TRX/USDT","assetRewards":"TRX","claimAmount":"0.00343472","status":1,"claimedTime":1684989641000},{"poolId":98,"poolName":"TRX/USDT","assetRewards":"BNB","claimAmount":"0.0000007","status":1,"claimedTime":1684989641000},{"poolId":98,"poolName":"TRX/USDT","assetRewards":"BNB","claimAmount":"0.0000009","status":1,"claimedTime":1684963285000},{"poolId":98,"poolName":"TRX/USDT","assetRewards":"USDT","claimAmount":"0.00048106","status":1,"claimedTime":1684963285000},{"poolId":98,"poolName":"TRX/USDT","assetRewards":"TRX","claimAmount":"0.00603251","status":1,"claimedTime":1684963285000},{"poolId":98,"poolName":"TRX/USDT","assetRewards":"BNB","claimAmount":"0.0000029","status":1,"claimedTime":1684931951000},{"poolId":98,"poolName":"TRX/USDT","assetRewards":"TRX","claimAmount":"0.01997678","status":1,"claimedTime":1684931951000},{"poolId":98,"poolName":"TRX/USDT","assetRewards":"USDT","claimAmount":"0.00127608","status":1,"claimedTime":1684931951000},{"poolId":98,"poolName":"TRX/USDT","assetRewards":"TRX","claimAmount":"0.04605622","status":1,"claimedTime":1684828045000},{"poolId":98,"poolName":"TRX/USDT","assetRewards":"USDT","claimAmount":"0.00388642","status":1,"claimedTime":1684828045000},{"poolId":98,"poolName":"TRX/USDT","assetRewards":"BNB","claimAmount":"0.0000023","status":1,"claimedTime":1684828045000},{"poolId":98,"poolName":"TRX/USDT","assetRewards":"USDT","claimAmount":"0.00495523","status":1,"claimedTime":1684745220000},{"poolId":98,"poolName":"TRX/USDT","assetRewards":"BNB","claimAmount":"0.0000024","status":1,"claimedTime":1684745220000},{"poolId":98,"poolName":"TRX/USDT","assetRewards":"TRX","claimAmount":"0.05586503","status":1,"claimedTime":1684745220000},{"poolId":98,"poolName":"TRX/USDT","assetRewards":"USDT","claimAmount":"0.00043837","status":1,"claimedTime":1684658716000},{"poolId":98,"poolName":"TRX/USDT","assetRewards":"TRX","claimAmount":"0.00448929","status":1,"claimedTime":1684658716000},{"poolId":98,"poolName":"TRX/USDT","assetRewards":"BNB","claimAmount":"0.0000011","status":1,"claimedTime":1684658716000},{"poolId":98,"poolName":"TRX/USDT","assetRewards":"BNB","claimAmount":"0.0000013","status":1,"claimedTime":1684617421000},{"poolId":98,"poolName":"TRX/USDT","assetRewards":"USDT","claimAmount":"0.00110003","status":1,"claimedTime":1684617421000},{"poolId":98,"poolName":"TRX/USDT","assetRewards":"TRX","claimAmount":"0.01103878","status":1,"claimedTime":1684617421000},{"poolId":98,"poolName":"TRX/USDT","assetRewards":"USDT","claimAmount":"0.00012897","status":1,"claimedTime":1684570840000},{"poolId":98,"poolName":"TRX/USDT","assetRewards":"BNB","claimAmount":"0.0000011","status":1,"claimedTime":1684570840000},{"poolId":98,"poolName":"TRX/USDT","assetRewards":"TRX","claimAmount":"0.00125363","status":1,"claimedTime":1684570840000}]
