[{"operationId":7306385,"poolId":98,"poolName":"TRX/USDT","operation":"ADD","status":1,"updateTime":1684532749000,"shareAmount":"56.48380433","liquidityAmount":[{"asset":"TRX","amount":"212.69434"},{"asset":"USDT","amount":"15"}]},{"operationId":4921848,"poolId":98,"poolName":"TRX/USDT","operation":"REMOVE","status":1,"updateTime":1681316019000,"shareAmount":"97.55585895","liquidityAmount":[{"asset":"TRX","amount":"383.24447485"},{"asset":"USDT","amount":"24.83305326"}]},{"operationId":7170923,"poolId":98,"poolName":"TRX/USDT","operation":"ADD","status":1,"updateTime":1680545695000,"shareAmount":"97.55585895","liquidityAmount":[{"asset":"TRX","amount":"380.68521814"},{"asset":"USDT","amount":"25"}]}]
